{
  "overall_success": 0.5897435897435898,
  "transfer": 0.7419354838709677,
  "n_items": 39
}