{
  "overall_success": 0.5897435897435898,
  "transfer": 0.7931034482758621,
  "n_items": 39
}