{
  "overall_success": 0.46153846153846156,
  "transfer": 0.6428571428571429,
  "n_items": 39
}