{
  "overall_success": 0.4358974358974359,
  "transfer": 0.5483870967741935,
  "n_items": 39
}