{
  "overall_success": 0.5384615384615384,
  "transfer": 0.6774193548387096,
  "n_items": 39
}