{
  "overall_success": 0.5128205128205128,
  "transfer": 0.6451612903225806,
  "n_items": 39
}