{
  "overall_success": 0.46153846153846156,
  "transfer": 0.5806451612903226,
  "n_items": 39
}