{
  "overall_success": 0.6410256410256411,
  "transfer": 0.8064516129032258,
  "n_items": 39
}