{
  "overall_success": 0.48717948717948717,
  "transfer": 0.6129032258064516,
  "n_items": 39
}