q_id,source_lang,target_lang,q_src,q_tgt,a_src,a_tgt,correct_target,language_version_count,qa_topic,question_type,cooc_num_pairs,cooc_total_pairs,cooc_coverage_ratio,cooc_unseen_keywords_count,cooc_unseen_keywords_ratio,cooc_avg_pmi,cooc_max_pmi,cooc_min_pmi,cooc_std_pmi,target_avg_dep_depth,target_max_tree_depth,target_num_clauses,source_avg_dep_depth,source_max_tree_depth,source_num_clauses,source_lang_name,target_lang_name,source_family,source_genus,target_family,target_genus,source_script,source_syllables,source_wiki_size,target_script,target_syllables,target_wiki_size
33,en,de,In which country was AFN Bremerhaven located?,In welchem Land befand sich AFN Bremerhaven?,"AFN Bremerhaven was located in Germany. AFN stands for American Forces Network, and AFN Bremerhaven was one of the network's broadcasting stations serving U.S. military personnel stationed in and around Bremerhaven, Germany.","AFN Bremerhaven befand sich in Deutschland. AFN steht für American Forces Network, und der Sender diente als Unterhaltungs- und Nachrichtenquelle für die in Deutschland stationierten US-Streitkräfte. Bremerhaven war einer der Standorte in Deutschland, an denen AFN vertreten war.",True,1,geography,location,5,10.0,0.5,0,0.0,-1.9666122733012852,-1.0120893160103897,-2.595184839536732,0.5557363950097747,1.25,2,0,1.375,2,1,english,german,Indo-European,Germanic,Indo-European,Germanic,LATIN,6949,7087876,LATIN,5100,3067614
30,en,de,What was the position of August Joseph Donatelli's plane during World War II when it was shot down?,"Welche Position hatte August Joseph Donatelli im Flugzeug während des Zweiten Weltkriegs, als es abgeschossen wurde?","August Joseph Donatelli served as a waist gunner on a B-17 bomber during World War II. When his plane was shot down, he occupied this position, which is located on the side of the aircraft, typically midway between the nose and the tail. Waist gunners were responsible for defending the aircraft from enemy fighters approaching from the sides.",August Joseph Donatelli war während des Zweiten Weltkriegs ein Funker und Bordschütze in einem Bomberflugzeug.,False,1,history,event,84,120.0,0.7,2,0.125,-0.6587104905659074,3.2633148184163967,-2.1607048339282966,0.8243268065933339,1.5789473684210529,2,1,0.9473684210526316,1,0,english,german,Indo-European,Germanic,Indo-European,Germanic,LATIN,6949,7087876,LATIN,5100,3067614
55,en,de,What was the television network that aired The Greatest Canadian Invention?,Welcher Fernsehsender strahlte Die größte kanadische Erfindung aus?,"The television network that aired ""The Greatest Canadian Invention"" was CBC Television.","Die Dokumentarserie ""Die größte kanadische Erfindung"" wurde von CBC Television ausgestrahlt.",False,1,culture,organization,19,36.0,0.5277777777777778,0,0.0,-0.2606796564054874,5.947451410409971,-3.389955041841555,2.1315701248989773,0.8888888888888888,2,0,1.8333333333333333,3,0,english,german,Indo-European,Germanic,Indo-European,Germanic,LATIN,6949,7087876,LATIN,5100,3067614
39,en,de,Since which decade did bowl games start counting toward single-season and career statistics?,Ab welchem Jahrzehnt wurden Bowl-Spiele in die Statistiken für einzelne Saisons und Karrieren einbezogen?,"Bowl games started counting toward single-season and career statistics beginning in the 2002 season. Prior to that, statistics from bowl games were not included in a player’s season or career totals.","Bowl-Spiele wurden ab den 2000er Jahren in die Statistiken für einzelne Saisons und Karrieren im College Football einbezogen. Vor dieser Änderung zählten Statistiken aus Bowl-Spielen nicht zu den offiziellen Saison- oder Karrierewerten der Spieler. Die NCAA änderte ihre Regelung ab der Saison 2002, sodass nun auch Leistungen aus Bowl-Spielen berücksichtigt werden.",True,1,sports,date_time,45,66.0,0.6818181818181818,0,0.0,-0.6701433787344987,2.113454311840561,-2.264115749172983,0.9918930761933206,1.9411764705882353,4,0,1.0,2,0,english,german,Indo-European,Germanic,Indo-European,Germanic,LATIN,6949,7087876,LATIN,5100,3067614
63,en,de,What is the original name of Entebbe General Hospital?,Wie lautete der ursprüngliche Name des Allgemeinen Krankenhauses Entebbe?,The original name of Entebbe General Hospital is Entebbe Military Hospital.,"Der ursprüngliche Name des Allgemeinen Krankenhauses Entebbe war ""Kaiserlich Deutsches Krankenhaus.""",False,2,health,definition,43,55.0,0.7818181818181819,0,0.0,-1.161178658015581,2.9382966552017473,-3.223969524486228,0.9756316397862592,1.8,3,0,0.9,1,0,english,german,Indo-European,Germanic,Indo-European,Germanic,LATIN,6949,7087876,LATIN,5100,3067614
56,en,de,What was the name of the University of Detroit's halfback in the 1929 football season?,Wie hieß der Halfback der University of Detroit in der Football-Saison 1929?,The University of Detroit's halfback in the 1929 football season was Lloyd Brazil. He was a standout player and is well remembered in the history of the university's football program.,Der Halfback der University of Detroit in der Football-Saison 1929 hieß Lloyd Brazil. Er war einer der herausragenden Spieler des Teams und trug maßgeblich zum Erfolg der Mannschaft in jener Saison bei.,True,1,sports,person,29,55.0,0.5272727272727272,1,0.0909090909090909,-1.7201437524282157,0.9488622323993235,-3.6261031266788297,1.2198243175848884,2.6666666666666665,5,0,0.9411764705882352,1,0,english,german,Indo-European,Germanic,Indo-European,Germanic,LATIN,6949,7087876,LATIN,5100,3067614
42,en,de,What is the original name of the Flood Modeller software?,Wie hieß die Flood Modeller-Software ursprünglich?,The Flood Modeller software was originally known as ISIS. It was developed by HR Wallingford and has been used for hydrodynamic modeling and flood risk management.,"Die Flood Modeller-Software hieß ursprünglich ""ISIS"". Diese Software war bekannt für die Modellierung von Hochwasserszenarien und wurde später in Flood Modeller umbenannt, um moderne Ansprüche und Entwicklungen im Bereich der Wasserwirtschaft besser widerzuspiegeln.",True,1,technology,work_creation,10,21.0,0.4761904761904761,0,0.0,-0.5414528869641455,5.856551055586123,-2.302966426851617,2.385629189676131,1.4444444444444444,3,0,1.0909090909090908,2,0,english,german,Indo-European,Germanic,Indo-European,Germanic,LATIN,6949,7087876,LATIN,5100,3067614
46,en,de,What religious practice did the Magars follow?,Welche religiöse Praxis befolgten die Magars?,"The Magars, who are an indigenous ethnic group primarily residing in Nepal, have traditionally practiced a blend of religions and spiritual beliefs. Historically, their religious practices have included elements of shamanism and animism, with a strong emphasis on nature worship and the veneration of ancestors. Shamans, known locally as ""Bijuwa"" or ""Dhami,"" play a crucial role in their spiritual and community life, performing rituals to appease spirits and seek guidance.

In contemporary times, many Magars have also adopted Hinduism and Buddhism, reflecting the broader religious landscape of Nepal. As a result, their religious practices today may incorporate Hindu and Buddhist customs alongside their indigenous traditions. This syncretism allows the Magars to maintain their cultural identity while also being part of the larger religious communities in Nepal.","Die Magars, eine ethnische Gruppe aus Nepal, befolgen traditionell eine Mischung aus animistischen und buddhistischen Praktiken. Sie verehren Naturgeister und Ahnengeister, ein Glaube, der eng mit ihrer animistischen Tradition verbunden ist. Der Buddhismus, insbesondere der tibetische Vajrayana-Buddhismus, hat ebenfalls Einfluss auf ihre religiösen Praktiken. In jüngerer Zeit haben sich einige Magars auch zum Hinduismus bekannt, was auf den Einfluss der größeren hinduistischen Gesellschaft in Nepal zurückzuführen ist. Diese synkretistische Kombination von Glaubensrichtungen spiegelt die Vielfalt und den kulturellen Reichtum der Magar-Gemeinschaft wider.",False,1,culture,other,5,21.0,0.238095238095238,3,0.4285714285714285,-1.591317076960711,0.6691763235205196,-2.6908350639293612,1.2983519850116347,1.2857142857142858,2,0,1.5,2,0,english,german,Indo-European,Germanic,Indo-European,Germanic,LATIN,6949,7087876,LATIN,5100,3067614
57,en,de,What does the lowest part of the Espiritu Santo Formation consist of?,Was ist der unterste Teil der Espiritu-Santo-Formation?,"The Espiritu Santo Formation, primarily located in Panama, is a geological formation known for its fossil-rich deposits. The lowest part of the Espiritu Santo Formation commonly consists of marine sediments, primarily composed of sandstone, siltstone, and shale. These sedimentary rocks were deposited in a marine environment, suggesting that the area was once underwater. The precise composition can vary slightly depending on the specific location within the formation, but the presence of marine fossils is typical, indicating the ancient marine conditions during the time of deposition.","Der unterste Teil der Espiritu-Santo-Formation ist die San-Lorenzo-Formation. Diese geologische Formation besteht hauptsächlich aus Sedimentgesteinen und ist ein wichtiger Bestandteil der geologischen Struktur in bestimmten Regionen, insbesondere in Teilen Mexikos. Sie ist bekannt für ihre Fossilienfunde, die wichtige Informationen über die Erdgeschichte liefern.",False,1,science,definition,20,45.0,0.4444444444444444,1,0.1,-0.6602681869441056,7.158698919052616,-2.2912089057016156,2.2402235803187724,1.5,3,0,0.9230769230769232,1,0,english,german,Indo-European,Germanic,Indo-European,Germanic,LATIN,6949,7087876,LATIN,5100,3067614
66,en,de,In which year was the Toronto edition of Ming Pao Daily News launched?,In welchem Jahr wurde die Toronto-Ausgabe der Ming Pao Daily News ins Leben gerufen?,The Toronto edition of Ming Pao Daily News was launched in 1993.,Die Toronto-Ausgabe der Ming Pao Daily News wurde im Jahr 1993 ins Leben gerufen.,True,1,history,date_time,43,66.0,0.6515151515151515,0,0.0,-1.65267399811165,1.230381808730734,-4.475292835488071,1.044203087134083,1.8888888888888888,3,0,1.7142857142857142,2,0,english,german,Indo-European,Germanic,Indo-European,Germanic,LATIN,6949,7087876,LATIN,5100,3067614
31,en,de,In what year was the NIH MERIT Award first created?,In welchem Jahr wurde der NIH MERIT Award erstmals verliehen?,The National Institutes of Health (NIH) MERIT (Method to Extend Research in Time) Award was first established in 1986.,Der NIH MERIT Award wurde erstmals im Jahr 1986 verliehen.,False,1,health,date_time,20,28.0,0.7142857142857143,0,0.0,-1.1356488061616312,1.4854388408193395,-3.5600943931281934,1.0338567164436985,1.3636363636363635,2,0,0.9090909090909092,1,0,english,german,Indo-European,Germanic,Indo-European,Germanic,LATIN,6949,7087876,LATIN,5100,3067614
45,en,de,What was the name of the military base established in the Vedder Crossing area in 1941?,Wie hieß der 1941 im Gebiet Vedder Crossing errichtete Militärstützpunkt?,The military base established in the Vedder Crossing area in 1941 was named Camp Chilliwack.,Der 1941 im Gebiet Vedder Crossing errichtete Militärstützpunkt hieß Camp Chilliwack.,True,1,history,entity_object,10,45.0,0.2222222222222222,1,0.1,-0.6591213900492292,2.4310858369893675,-1.9208947054256391,1.4197406183077443,2.5,5,0,1.0,2,0,english,german,Indo-European,Germanic,Indo-European,Germanic,LATIN,6949,7087876,LATIN,5100,3067614
60,en,de,"In the 1999 New Zealand general election, which party did Helen Clark lead to victory?",Welche Partei führte Helen Clark bei den Parlamentswahlen in Neuseeland 1999 zum Sieg?,"In the 1999 New Zealand general election, Helen Clark led the Labour Party to victory.",Helen Clark führte bei den Parlamentswahlen in Neuseeland 1999 die Labour Party zum Sieg.,True,2,politics,person,73,91.0,0.8021978021978022,0,0.0,-0.5152508436785938,4.097392304627926,-3.853728872360569,1.3386833175463526,1.6,3,0,0.9411764705882352,1,0,english,german,Indo-European,Germanic,Indo-European,Germanic,LATIN,6949,7087876,LATIN,5100,3067614
29,en,de,What kind of systems does International Road Dynamics provide to ensure that vehicles depart terminals within acceptable weight limits?,"Welche Art von Systemen bietet International Road Dynamics an, um sicherzustellen, dass Fahrzeuge die Terminals innerhalb der zulässigen Gewichtsgrenzen verlassen?","International Road Dynamics (IRD) provides a range of systems that help ensure vehicles depart terminals within acceptable weight limits. These systems typically include:

1. **Weigh-in-Motion (WIM) Systems**: These are used to measure the weight of vehicles as they move over sensors embedded in the road surface. It helps to accurately and efficiently ensure that vehicles comply with legal weight limits without stopping them.

2. **Static Weighing Systems**: These systems require vehicles to stop on a scale to measure their weight. They are generally used for precise weight measurements and are often found at loading docks or terminal exits.

3. **Overload Detection Systems**: These systems identify vehicles that exceed the weight limits and can trigger alerts or notifications for enforcement action or vehicle re-routing.

4. **Vehicle Classification Systems**: By classifying vehicles into categories, these systems can apply different weight limits and ensure compliance according to the vehicle type.

5. **Integrated Software Solutions**: IRD often pairs its physical systems with software for data collection, analysis, and reporting. This software helps monitor and manage vehicle weights and loads over time.

These systems collectively help in automating the process of weight compliance, reducing delays, and maintaining safety and regulatory compliance at terminals.","International Road Dynamics (IRD) bietet eine Vielzahl von Systemen an, um sicherzustellen, dass Fahrzeuge die Terminals innerhalb der zulässigen Gewichtsgrenzen verlassen. Zu den wichtigsten Systemen gehören:

1. **Wiege-in-Bewegung (Weigh-in-Motion, WIM):** Diese Systeme erfassen das Gewicht von Fahrzeugen, während sie in Bewegung sind. Sie ermöglichen effiziente Gewichtskontrollen ohne die Notwendigkeit von Stopps oder Verzögerungen.

2. **On-Board-Wiegesysteme:** Diese werden direkt in den Fahrzeugen installiert und helfen Fahrern und Betreibern, das Fahrzeuggewicht in Echtzeit zu überwachen.

3. **Statische Waagen:** Diese traditionellen Waagen befinden sich an Kontrollpunkten und ermöglichen genaue Gewichtsbestimmungen, wenn das Fahrzeug stillsteht.

4. **Automatisierte Fahrzeugklassifizierungssysteme:** Diese Systeme erfassen und klassifizieren Fahrzeuge anhand ihrer Größe, Achsenzahl und Gewicht, wodurch sie die Einhaltung der Gewichtsbeschränkungen sicherstellen.

5. **Verkehrsmanagement-Systeme:** Diese helfen, den Verkehrsfluss zu steuern und Engpässe zu vermeiden, die bei der Gewichtskontrolle auftreten könnten.

Durch die Kombination dieser Technologien stellt IRD sicher, dass Terminals effizient arbeiten und die gesetzlichen Gewichtsbeschränkungen eingehalten werden.",False,1,technology,other,170,231.0,0.7359307359307359,0,0.0,-0.601955640893285,2.750679235909778,-2.962091503991344,0.8333354159566696,2.4782608695652173,5,2,0.95,1,0,english,german,Indo-European,Germanic,Indo-European,Germanic,LATIN,6949,7087876,LATIN,5100,3067614
67,en,de,What was artistic swimming previously known as?,Wie wurde Kunstturnen früher genannt?,Artistic swimming was previously known as synchronized swimming. The name change was made to better reflect the sport's artistic elements and to align with other artistic sports. The International Swimming Federation (FINA) officially adopted the new name in 2017.,"Kunstturnen wurde früher oft als „Geräteturnen“ bezeichnet. Der Begriff beschreibt die Sportart, bei der Turner und Turnerinnen an verschiedenen Turngeräten wie Boden, Barren, Balken, Ringe, und Pferd Übungen vorführen, die Kraft, Beweglichkeit und Körperbeherrschung erfordern. Der Begriff „Kunstturnen“ hebt zudem den künstlerischen Aspekt der Bewegungen und Choreographien hervor.",False,1,sports,definition,11,15.0,0.7333333333333333,0,0.0,-0.2298334054174507,7.455757604739526,-2.354964675115506,2.512397026151267,0.8333333333333334,1,0,0.875,1,0,english,german,Indo-European,Germanic,Indo-European,Germanic,LATIN,6949,7087876,LATIN,5100,3067614
36,en,de,In which year did the Great Canadian flag debate officially begin?,In welchem Jahr begann die Große Kanadische Flaggendiskussion offiziell?,"The Great Canadian Flag Debate officially began in 1964. This debate led to the adoption of the current national flag of Canada, which was inaugurated on February 15, 1965.","Die Große Kanadische Flaggendiskussion begann offiziell im Jahr 1964. Sie führte zur Einführung der heutigen Nationalflagge Kanadas, die am 15. Februar 1965 erstmals gehisst wurde.",True,3,history,date_time,12,21.0,0.5714285714285714,1,0.1428571428571428,-1.335007381717979,-0.1902532269199268,-3.874555587360719,0.9181430024052416,1.4,2,0,1.75,2,0,english,german,Indo-European,Germanic,Indo-European,Germanic,LATIN,6949,7087876,LATIN,5100,3067614
59,en,de,In which year did the Whitehaven School become the Whitehaven Academy?,In welchem Jahr wurde die Whitehaven School zur Whitehaven Academy?,Whitehaven School became the Whitehaven Academy in 2014 when it transitioned to academy status under the sponsorship of Bright Tribe Trust.,Die Whitehaven School wurde im Jahr 2014 zur Whitehaven Academy.,True,1,history,date_time,16,21.0,0.7619047619047619,0,0.0,-1.5294274881399754,1.6540321627279195,-2.6539756691401526,0.9113231419021702,1.75,3,0,0.9166666666666666,1,0,english,german,Indo-European,Germanic,Indo-European,Germanic,LATIN,6949,7087876,LATIN,5100,3067614
38,en,de,When was the Uniform Residential Landlord and Tenant Act created?,Wann wurde der Uniform Residential Landlord and Tenant Act ausgearbeitet?,"The Uniform Residential Landlord and Tenant Act (URLTA) was created in 1972 by the National Conference of Commissioners on Uniform State Laws, now known as the Uniform Law Commission. The act was designed to standardize and improve the legal relationship between landlords and tenants across different states.","Der Uniform Residential Landlord and Tenant Act wurde 1972 ausgearbeitet. Dieses Gesetz wurde von der Uniform Law Commission entwickelt, um die rechtlichen Beziehungen zwischen Vermietern und Mietern zu standardisieren und zu regeln.",True,1,law,date_time,20,45.0,0.4444444444444444,0,0.0,-1.6320276231502313,1.7729736196737096,-4.563208957248922,1.531637969488854,2.272727272727273,5,0,1.181818181818182,2,0,english,german,Indo-European,Germanic,Indo-European,Germanic,LATIN,6949,7087876,LATIN,5100,3067614
37,en,de,Who was the first female mayor in Turkey?,Wer war die erste Bürgermeisterin in der Türkei?,"The first female mayor in Turkey was Müfide İlhan. She was elected as the mayor of Mersin in 1950, becoming the first woman to hold such a position in Turkey.","Die erste Bürgermeisterin in der Türkei war Sadiye Hanım, die 1930 zur Bürgermeisterin des Bezirks Mersin gewählt wurde. Sie war damit eine der ersten Frauen in der Türkei, die ein solches Amt innehatte. Dies geschah im Kontext der Reformen, die in der frühen türkischen Republik unter Mustafa Kemal Atatürk durchgeführt wurden, um Frauenrechte zu stärken und die politische Beteiligung von Frauen zu fördern.",False,1,politics,person,15,28.0,0.5357142857142857,1,0.125,-1.9816688182700324,0.4432089086455237,-5.332377298139661,1.3612804380018686,1.1111111111111112,2,0,1.0,2,0,english,german,Indo-European,Germanic,Indo-European,Germanic,LATIN,6949,7087876,LATIN,5100,3067614
44,en,de,What was the specific purpose of a bulk material analyzer located just upstream of the raw mill in cement production?,"Was war der spezifische Zweck eines Schüttgutanalysators, der unmittelbar vor der Rohmühle in der Zementproduktion platziert war?","In cement production, the specific purpose of locating a bulk material analyzer just upstream of the raw mill is to ensure the consistent quality and composition of the raw material mix before it enters the raw mill for grinding. The bulk material analyzer provides real-time analysis of the elemental composition of the raw materials, typically using technologies such as prompt gamma neutron activation analysis (PGNAA) or X-ray fluorescence (XRF).

This real-time data allows plant operators to make immediate adjustments to the raw material mix, optimizing the blending of different materials such as limestone, clay, sand, and iron ore. By ensuring the precise and consistent composition of these inputs, the analyzer helps maintain the desired chemical proportions necessary for producing clinker with the desired properties, leading to higher quality cement. Additionally, this optimization contributes to increased efficiency in the kiln, reduced energy consumption, and minimized emissions by avoiding over- or underuse of corrective materials.","Ein Schüttgutanalysator, der unmittelbar vor der Rohmühle in der Zementproduktion platziert wird, dient in erster Linie der Überwachung und Optimierung der Zusammensetzung der Rohmaterialien, die in die Mühle gelangen. Der spezifische Zweck eines solchen Analysators umfasst folgende Aspekte:

1. **Qualitätskontrolle**: Sicherstellung, dass die chemische Zusammensetzung der Rohmaterialien innerhalb der vorgegebenen Spezifikationen liegt.

2. **Prozessoptimierung**: Durch genaue Informationen über die Zusammensetzung der Materialien kann der Produktionsprozess in Echtzeit angepasst werden, um die Effizienz der Mühle zu maximieren.

3. **Ressourceneffizienz**: Minimierung von Materialverschwendung und Energieverbrauch, indem nur die erforderlichen Korrekturen vorgenommen werden.

4. **Konsistente Zementqualität**: Unterstützung bei der Herstellung eines Zements mit gleichbleibender Qualität, was für die weiteren Schritte der Zementherstellung und die Zufriedenheit der Endkunden entscheidend ist.

5. **Vorausschauende Wartung**: Identifizierung von Abweichungen, die auf mögliche Probleme im Produktionsprozess hindeuten könnten, und damit Reduzierung von Ausfallzeiten.

Insgesamt trägt der Schüttgutanalysator erheblich zur Effizienz und Kosteneffektivität der Zementproduktion bei.",False,1,technology,scientific_technical,107,190.0,0.5631578947368421,3,0.15,-0.5893280159241928,3.5092131059679184,-2.401153658544051,0.94554280972009,2.3684210526315788,4,1,0.9523809523809524,1,0,english,german,Indo-European,Germanic,Indo-European,Germanic,LATIN,6949,7087876,LATIN,5100,3067614
65,en,de,In what year was Greg Brown's album One More Goodnight Kiss released?,In welchem Jahr wurde Greg Browns Album Ein letzter Gute-Nacht-Kuss veröffentlicht?,"Greg Brown's album ""One More Goodnight Kiss"" was released in 1988.","Greg Browns Album ""Ein letzter Gute-Nacht-Kuss"" wurde im Jahr 1997 veröffentlicht.",False,1,arts,date_time,47,55.0,0.8545454545454545,0,0.0,-1.6895119970722885,1.0270068319062555,-3.3763493687868005,0.8675334034341489,1.75,3,0,1.6428571428571428,3,0,english,german,Indo-European,Germanic,Indo-European,Germanic,LATIN,6949,7087876,LATIN,5100,3067614
35,en,de,What was the name of Nellie McKay's record label when Pretty Little Head was released?,"Wie hieß Nellie McKays Plattenlabel, als Pretty Little Head veröffentlicht wurde?","Nellie McKay released ""Pretty Little Head"" on her own record label, titled Hungry Mouse.","Als Nellie McKay ihr Album ""Pretty Little Head"" veröffentlichte, geschah dies letztendlich auf ihrem eigenen Label namens Hungry Mouse, nachdem sie sich von Columbia Records getrennt hatte.",True,1,history,organization,42,78.0,0.5384615384615384,1,0.0769230769230769,-0.9884434631749912,3.2303959839532097,-3.193373858957589,1.4317139828851857,1.6923076923076923,3,1,0.9411764705882352,1,0,english,german,Indo-European,Germanic,Indo-European,Germanic,LATIN,6949,7087876,LATIN,5100,3067614
51,en,de,How long does a Rector of Università Cattolica del Sacro Cuore remain in office?,Wie lange bleibt ein Rektor der Università Cattolica del Sacro Cuore im Amt?,"The Rector of the Università Cattolica del Sacro Cuore typically serves a four-year term. However, the exact terms can vary based on the university's statutes or any amendments made to the governing rules, so it's always a good idea to check the latest guidelines from the university for the most accurate information.","Der Rektor der Università Cattolica del Sacro Cuore bleibt üblicherweise für eine Amtszeit von vier Jahren im Amt. Eine Wiederwahl ist möglich, sodass ein Rektor mehrere Amtszeiten hintereinander dienen kann, abhängig von den Statuten der Universität und den internen Wahlprozessen.",True,1,education,other,36,66.0,0.5454545454545454,0,0.0,-1.0329810931070338,1.9921264476737663,-3.847596394682177,1.372157678279851,2.3333333333333335,4,0,0.9333333333333332,1,0,english,german,Indo-European,Germanic,Indo-European,Germanic,LATIN,6949,7087876,LATIN,5100,3067614
41,en,de,What was the name of the conference Campbell University's women's basketball team played in from 1994 to 2011?,In welcher Conference spielte die Frauenbasketballmannschaft der Campbell University von 1994 bis 2011?,"From 1994 to 2011, Campbell University's women's basketball team played in the Atlantic Sun Conference.",Die Frauenbasketballmannschaft der Campbell University spielte von 1994 bis 2011 in der Atlantic Sun Conference.,True,1,sports,event,50,91.0,0.5494505494505495,2,0.1428571428571428,-1.0155188243929296,1.8805179892126185,-6.26891275780475,1.371478245046334,1.6428571428571428,3,0,0.9523809523809524,1,0,english,german,Indo-European,Germanic,Indo-European,Germanic,LATIN,6949,7087876,LATIN,5100,3067614
61,en,de,"What is the name of the album that the song ""That's What Love Is For"" was released on?","Wie heißt das Album, auf dem der Song „That’s What Love Is For“ veröffentlicht wurde?","The song ""That's What Love Is For"" is by Amy Grant and it was released on the album ""Heart in Motion"" in 1991.",Der Song „That’s What Love Is For“ von Amy Grant wurde auf dem Album „Heart in Motion“ veröffentlicht.,True,1,culture,work_creation,118,120.0,0.9833333333333332,0,0.0,-0.653365849483178,2.48054428796035,-2.756437607017312,1.1778035916992566,3.3,5,1,2.772727272727273,5,0,english,german,Indo-European,Germanic,Indo-European,Germanic,LATIN,6949,7087876,LATIN,5100,3067614
47,en,de,When was the men's javelin throw event held at the 2010 Asian Games?,Wann fand der Speerwurf-Wettbewerb der Männer bei den Asienspielen 2010 statt?,"The men's javelin throw event at the 2010 Asian Games was held on November 22, 2010.",Der Speerwurf-Wettbewerb der Männer bei den Asienspielen 2010 fand am 25. November 2010 statt.,False,1,sports,event,52,66.0,0.7878787878787878,0,0.0,-0.8280890448354428,2.1635188822390634,-2.4865864098629915,0.7809081943533044,1.6428571428571428,3,0,1.0714285714285714,2,0,english,german,Indo-European,Germanic,Indo-European,Germanic,LATIN,6949,7087876,LATIN,5100,3067614
32,en,de,"On which date was David Nail's album ""Fighter"" released?",An welchem ​​Datum wurde David Nails Album „Fighter“ veröffentlicht?,"David Nail's album ""Fighter"" was released on July 15, 2016.",David Nails Album „Fighter“ wurde am 15. Juli 2016 veröffentlicht.,True,1,arts,date_time,53,55.0,0.9636363636363636,0,0.0,-1.4402514340758623,0.0460497833816661,-3.539444829162405,0.6951375445186317,1.6153846153846154,3,0,2.25,4,0,english,german,Indo-European,Germanic,Indo-European,Germanic,LATIN,6949,7087876,LATIN,5100,3067614
62,en,de,Which data protection regulation in Brazil requires subject access requests to be fulfilled within a specific time frame?,"Welche Datenschutzverordnung in Brasilien verlangt, dass Auskunftsersuchen der betroffenen Person innerhalb eines bestimmten Zeitrahmens erfüllt werden?","In Brazil, the data protection regulation that mandates fulfilling subject access requests within a specific time frame is the Lei Geral de Proteção de Dados (LGPD), or General Data Protection Law. According to the LGPD, data controllers must respond to subject access requests within 15 days from the date of the request. This regulation is designed to ensure individuals have timely access to their personal data and to uphold their rights regarding data privacy.","Die Datenschutzverordnung in Brasilien, die verlangt, dass Auskunftsersuchen von betroffenen Personen innerhalb eines bestimmten Zeitrahmens erfüllt werden, ist das ""Lei Geral de Proteção de Dados Pessoais"" (LGPD). Diese Verordnung legt fest, dass Anfragen betroffener Personen in Bezug auf ihre personenbezogenen Daten in einer klaren und zugänglichen Form und innerhalb eines angemessenen Zeitrahmens beantwortet werden müssen. Der genaue Zeitrahmen wird von der nationalen Datenschutzbehörde oder im spezifischen Kontext der Anfrage bestimmt. Die LGPD ist vergleichbar mit der Europäischen Datenschutz-Grundverordnung (DSGVO) und zielt darauf ab, den Schutz von personenbezogenen Daten und die Privatsphäre der Bürger zu gewährleisten.",True,1,law,definition,80,136.0,0.5882352941176471,1,0.0588235294117647,-0.6877939182632449,3.0553227328061743,-4.315883710629855,1.0566941238137462,2.2777777777777777,4,1,0.9473684210526316,1,0,english,german,Indo-European,Germanic,Indo-European,Germanic,LATIN,6949,7087876,LATIN,5100,3067614
64,en,de,In which decade did Harry F. Sinclair purchase Rancocas Stable?,In welchem Jahrzehnt kaufte Harry F. Sinclair den Rancocas-Stall?,Harry F. Sinclair purchased Rancocas Stable in the 1910s.,Harry F. Sinclair kaufte den Rancocas-Stall in den 1920er Jahren.,False,1,history,date_time,21,45.0,0.4666666666666667,1,0.1,-1.075074644899235,0.8391190903194613,-2.348338730854492,0.8648060381768847,1.5833333333333333,3,0,1.7272727272727273,2,0,english,german,Indo-European,Germanic,Indo-European,Germanic,LATIN,6949,7087876,LATIN,5100,3067614
40,en,de,Who contributed to the album Keys to the Kingdom by North Mississippi Allstars?,Wer wirkte an dem Album Keys to the Kingdom von North Mississippi Allstars mit?,"""Keys to the Kingdom"" by North Mississippi Allstars features contributions from several artists. The core members of the band, Luther Dickinson, Cody Dickinson, and Chris Chew, are central to the album. Additionally, the album includes guest appearances by a number of renowned musicians. Some of these contributors are Mavis Staples, Ry Cooder, Spooner Oldham, and Alvin Youngblood Hart. These artists helped enrich the album with their distinctive styles and talents.","Das Album „Keys to the Kingdom“ der North Mississippi Allstars wurde von mehreren Künstlern unterstützt. Zu den Gastmusikern gehören in der Regel bekannte Namen wie Mavis Staples, Ry Cooder, Spooner Oldham und Alvin Youngblood Hart. Bitte beachten Sie, dass die genauen Mitwirkenden je nach Track variieren können.",True,1,culture,work_creation,173,406.0,0.4261083743842364,1,0.0344827586206896,-0.3267114199740459,9.375785684570902,-2.8506578861680376,1.5707514443723218,2.2666666666666666,4,0,0.9285714285714286,1,0,english,german,Indo-European,Germanic,Indo-European,Germanic,LATIN,6949,7087876,LATIN,5100,3067614
43,en,de,What term is used in South Africa to describe someone who obtains government contracts to facilitate outsourced services?,"Welcher Begriff wird in Südafrika verwendet, um jemanden zu bezeichnen, der Regierungsaufträge erhält, um ausgelagerte Dienstleistungen zu ermöglichen?","In South Africa, the term ""tenderpreneur"" is used to describe someone who obtains government contracts, often to facilitate outsourced services, typically through leveraging political connections. It is a portmanteau of ""tender"" (referring to the bidding process for government contracts) and ""entrepreneur."" This term often carries a negative connotation, suggesting that the individual might be exploiting their connections for personal gain rather than through genuine entrepreneurship or merit.","In Südafrika wird der Begriff ""Tenderpreneur"" verwendet, um jemanden zu bezeichnen, der Regierungsaufträge erhält, um ausgelagerte Dienstleistungen zu ermöglichen. Dieser Begriff ist eine Kombination aus ""Tender"" (Ausschreibung) und ""Entrepreneur"" (Unternehmer) und wird oft in einem negativen Kontext verwendet, um auf Korruption oder Vetternwirtschaft hinzuweisen.",True,2,technology,definition,51,91.0,0.5604395604395604,2,0.1428571428571428,-1.0103428438620972,1.4808073129022403,-2.680083887974274,0.7437068822957121,2.8181818181818183,6,3,0.9473684210526316,1,0,english,german,Indo-European,Germanic,Indo-European,Germanic,LATIN,6949,7087876,LATIN,5100,3067614
53,en,de,What type of health care group is St John of God Health Care?,Welche Art von Gesundheitsorganisation ist St John of God Health Care?,"St John of God Health Care is a not-for-profit Catholic healthcare organization. It operates a range of services including hospitals, home nursing, disability services, and social outreach programs across Australia and New Zealand. The organization is committed to providing holistic care that aligns with its values based on the teachings of the Catholic Church.","St John of God Health Care ist eine nicht-kommerzielle, katholische Gesundheitsorganisation. Sie gehört zu den größten Gesundheitsdienstleistern in Australien und bietet eine Vielzahl von medizinischen und pflegerischen Dienstleistungen an, darunter Krankenhäuser, psychiatrische Dienste und ambulante Versorgung. Gegründet von den Sisters of St John of God, leitet die Organisation ihre Werte und ihren Auftrag von der katholischen Tradition ab und strebt danach, umfassende und einfühlsame Pflege zu leisten.",True,1,health,organization,54,78.0,0.6923076923076923,0,0.0,-0.9479112447370982,3.8491742538959626,-3.3148255650011063,1.0660592405878175,1.25,3,0,1.3571428571428572,2,0,english,german,Indo-European,Germanic,Indo-European,Germanic,LATIN,6949,7087876,LATIN,5100,3067614
49,en,de,What did Archer Capital purchase in partnership with the management of Australian Geographic in 1998?,Was hat Archer Capital 1998 in Partnerschaft mit dem Management von Australian Geographic gekauft?,"In 1998, Archer Capital, in partnership with the management of Australian Geographic, purchased the Australian Geographic business. This acquisition included the Australian Geographic journal and its related retail chain.",Archer Capital hat 1998 in Partnerschaft mit dem Management die Einzelhandels- und Verlagssparte von Australian Geographic erworben.,False,1,geography,work_creation,65,78.0,0.8333333333333334,0,0.0,-0.6232798830254489,2.333259903498093,-2.4936537911012304,0.8693441979763751,1.9333333333333331,4,0,1.0,2,0,english,german,Indo-European,Germanic,Indo-European,Germanic,LATIN,6949,7087876,LATIN,5100,3067614
34,en,de,"According to some writers, which ancient city is equated with Parrhasia?",Welche antike Stadt wird laut einigen Autoren mit Parrhasia gleichgesetzt?,"According to some writers, the ancient city of Parrhasia is equated with the city of Lycosura. Lycosura is often considered one of the oldest cities in Arcadia, Greece, and is sometimes linked to Parrhasia in various historical texts.","Die antike Stadt, die von einigen Autoren mit Parrhasia gleichgesetzt wird, ist Lykosura. Lykosura war eine der ältesten Städte in Arkadien, einer Region auf der Peloponnes in Griechenland. Die genaue Identifizierung der antiken Städte kann allerdings variieren, daher gibt es manchmal unterschiedliche Theorien und Interpretationen in der historischen Forschung.",True,1,history,location,34,55.0,0.6181818181818182,2,0.1818181818181818,-0.6850297219412083,0.8212130728882522,-1.8682378633706884,0.577857817784815,1.3636363636363635,2,0,0.9230769230769232,1,0,english,german,Indo-European,Germanic,Indo-European,Germanic,LATIN,6949,7087876,LATIN,5100,3067614
52,en,de,What is the Planck mass denoted by in the equation for the Vainshtein radius?,Was bezeichnet in der Gleichung für den Vainshtein-Radius die Planck-Masse?,"The Planck mass in the equation for the Vainshtein radius is typically denoted by \( M_{\text{Pl}} \). The Vainshtein radius is a concept used in modified gravity theories, like massive gravity, to describe a scale below which modifications to gravity (such as those introduced by a massive graviton) become negligible. The Planck mass is a central constant in these equations, often appearing in the context of comparing gravitational interaction strengths.","In der Gleichung für den Vainshtein-Radius bezieht sich die Planck-Masse auf eine fundamentale physikalische Konstante, die in Theorien der Gravitation eine wesentliche Rolle spielt, insbesondere in der Modifizierung der allgemeinen Relativitätstheorie, wie in der Theorie des skalar-tensorischen Vainshtein-Mechanismus. Die Planck-Masse \((M_{\text{Pl}})\) ist eine Einheit, die eng mit der Planck-Skala verknüpft ist, welche durch grundlegende physikalische Konstanten wie die Lichtgeschwindigkeit \(c\), das Planck'sche Wirkungsquantum \(h\) (oder die reduzierte Form \(\hbar\)), und die Gravitationskonstante \(G\) bestimmt wird. Mathematisch kann die Planck-Masse durch die Gleichung

\[
M_{\text{Pl}} = \sqrt{\frac{\hbar c}{G}}
\]

definiert werden. In der Vainshtein-Theorie beeinflusst die Planck-Masse die Stärke der Gravitationswechselwirkung und spielt eine wichtige Rolle dabei, wie modifizierte Gravitationsgesetze im Vergleich zur allgemeinen Relativitätstheorie formuliert werden, insbesondere wenn es darum geht, die Reichweite des Vainshtein-Mechanismus zu berechnen, der unter bestimmten Umständen die Modifikationen der Gravitation in der Nähe massereicher Objekte unterdrückt.",False,1,science,scientific_technical,34,55.0,0.6181818181818182,1,0.0909090909090909,-0.5119841683103344,3.2457646094195685,-1.6760367141744112,1.092088134849189,1.6666666666666667,3,0,0.9333333333333332,1,0,english,german,Indo-European,Germanic,Indo-European,Germanic,LATIN,6949,7087876,LATIN,5100,3067614
54,en,de,What month did the K-1: K’Festa 3 event take place in?,In welchem Monat fand die Veranstaltung K-1: K'Festa 3 statt?,The K-1: K’Festa 3 event took place in March 2020.,Die Veranstaltung K-1: K'Festa 3 fand im März 2020 statt.,True,1,history,event,32,36.0,0.8888888888888888,0,0.0,-0.9987838024769904,2.493249809253958,-2.4581060647957993,1.2865612024231523,1.5,2,0,1.5384615384615383,2,0,english,german,Indo-European,Germanic,Indo-European,Germanic,LATIN,6949,7087876,LATIN,5100,3067614
50,en,de,What medal did Nguyễn Thị Mỹ Đức win in women's changquan at the 2002 Asian Games?,Welche Medaille gewann Nguyễn Thị Mỹ Đức im Changquan der Frauen bei den Asienspielen 2002?,Nguyễn Thị Mỹ Đức won the bronze medal in women's changquan at the 2002 Asian Games.,Nguyễn Thị Mỹ Đức gewann die Goldmedaille im Changquan der Frauen bei den Asienspielen 2002.,False,1,sports,other,29,91.0,0.3186813186813186,5,0.3571428571428571,-0.6595260372927786,3.871101133939745,-2.43640675589548,1.4171602586959642,1.6470588235294117,3,0,0.9411764705882352,1,0,english,german,Indo-European,Germanic,Indo-European,Germanic,LATIN,6949,7087876,LATIN,5100,3067614
58,en,de,In what city did the 1984 Summer Olympics men's 100 metre butterfly final take place?,In welcher Stadt fand das Finale des 100-Meter-Schmetterlingsschwimmens der Männer bei den Olympischen Sommerspielen 1984 statt?,The 1984 Summer Olympics men's 100 metre butterfly final took place in Los Angeles.,Das Finale des 100-Meter-Schmetterlingsschwimmens der Männer bei den Olympischen Sommerspielen 1984 fand in Los Angeles statt.,True,1,sports,location,112,136.0,0.8235294117647058,1,0.0588235294117647,-0.6605885316375517,5.922691205199702,-3.0456530740585177,1.1791693048904686,2.142857142857143,4,0,1.7647058823529411,2,0,english,german,Indo-European,Germanic,Indo-European,Germanic,LATIN,6949,7087876,LATIN,5100,3067614
48,en,de,What was the name of the protagonist in the Prizzi novels?,Wie hieß der Protagonist in den Prizzi-Romanen?,"The protagonist in the Prizzi novels, written by Richard Condon, is Charlie Partanna. He is a key character in the series, starting with ""Prizzi's Honor.""",Der Protagonist in den Prizzi-Romanen von Richard Condon heißt Charley Partanna.,True,1,law,work_creation,10,28.0,0.3571428571428571,2,0.25,-0.6837588592593818,0.6866564667741762,-1.289878456925361,0.529088296241068,1.5,3,0,1.0833333333333333,2,0,english,german,Indo-European,Germanic,Indo-European,Germanic,LATIN,6949,7087876,LATIN,5100,3067614
33,en,en,In which country was AFN Bremerhaven located?,In which country was AFN Bremerhaven located?,"AFN Bremerhaven was located in Germany. AFN stands for American Forces Network, and AFN Bremerhaven was one of the network's broadcasting stations serving U.S. military personnel stationed in and around Bremerhaven, Germany.","AFN Bremerhaven was located in Germany. AFN stands for American Forces Network, and AFN Bremerhaven was one of the network's broadcasting stations serving U.S. military personnel stationed in and around Bremerhaven, Germany.",True,1,geography,location,5,10.0,0.5,0,0.0,-2.1659168298501106,-0.4344699282762821,-3.4645148708439595,0.9748609200796324,1.25,2,0,1.25,2,0,english,english,Indo-European,Germanic,Indo-European,Germanic,LATIN,6949,7087876,LATIN,6949,7087876
30,en,en,What was the position of August Joseph Donatelli's plane during World War II when it was shot down?,What was the position of August Joseph Donatelli's plane during World War II when it was shot down?,"August Joseph Donatelli served as a waist gunner on a B-17 bomber during World War II. When his plane was shot down, he occupied this position, which is located on the side of the aircraft, typically midway between the nose and the tail. Waist gunners were responsible for defending the aircraft from enemy fighters approaching from the sides.","August Joseph Donatelli served as a waist gunner on a B-17 bomber during World War II. When his plane was shot down, he occupied this position, which is located on the side of the aircraft, typically midway between the nose and the tail. Waist gunners were responsible for defending the aircraft from enemy fighters approaching from the sides.",False,1,history,event,91,120.0,0.7583333333333333,2,0.125,-0.8414375529583146,2.00215011371559,-1.9651216710775008,0.6223031701665152,2.45,4,1,2.45,4,1,english,english,Indo-European,Germanic,Indo-European,Germanic,LATIN,6949,7087876,LATIN,6949,7087876
55,en,en,What was the television network that aired The Greatest Canadian Invention?,What was the television network that aired The Greatest Canadian Invention?,"The television network that aired ""The Greatest Canadian Invention"" was CBC Television.","The television network that aired ""The Greatest Canadian Invention"" was CBC Television.",False,1,culture,organization,30,36.0,0.8333333333333334,0,0.0,-0.8920720842986455,2.773878807810098,-2.985790031904125,1.235800036485889,2.25,4,0,2.25,4,0,english,english,Indo-European,Germanic,Indo-European,Germanic,LATIN,6949,7087876,LATIN,6949,7087876
39,en,en,Since which decade did bowl games start counting toward single-season and career statistics?,Since which decade did bowl games start counting toward single-season and career statistics?,"Bowl games started counting toward single-season and career statistics beginning in the 2002 season. Prior to that, statistics from bowl games were not included in a player’s season or career totals.","Bowl games started counting toward single-season and career statistics beginning in the 2002 season. Prior to that, statistics from bowl games were not included in a player’s season or career totals.",True,1,sports,date_time,77,78.0,0.9871794871794872,0,0.0,-1.622863627673115,1.8111041158040464,-5.613020581329137,0.9888375538724749,2.1875,5,0,2.1875,5,0,english,english,Indo-European,Germanic,Indo-European,Germanic,LATIN,6949,7087876,LATIN,6949,7087876
63,en,en,What is the original name of Entebbe General Hospital?,What is the original name of Entebbe General Hospital?,The original name of Entebbe General Hospital is Entebbe Military Hospital.,The original name of Entebbe General Hospital is Entebbe Military Hospital.,False,2,health,definition,21,28.0,0.75,0,0.0,-2.3247428263645085,-0.2464543596763306,-3.806771312309332,0.8184966897741349,1.8,3,0,1.8,3,0,english,english,Indo-European,Germanic,Indo-European,Germanic,LATIN,6949,7087876,LATIN,6949,7087876
56,en,en,What was the name of the University of Detroit's halfback in the 1929 football season?,What was the name of the University of Detroit's halfback in the 1929 football season?,The University of Detroit's halfback in the 1929 football season was Lloyd Brazil. He was a standout player and is well remembered in the history of the university's football program.,The University of Detroit's halfback in the 1929 football season was Lloyd Brazil. He was a standout player and is well remembered in the history of the university's football program.,True,1,sports,person,45,55.0,0.8181818181818182,0,0.0,-1.2642920990378417,2.530233714986392,-3.3210820763485764,1.0599911840461274,2.8823529411764706,5,0,2.8823529411764706,5,0,english,english,Indo-European,Germanic,Indo-European,Germanic,LATIN,6949,7087876,LATIN,6949,7087876
42,en,en,What is the original name of the Flood Modeller software?,What is the original name of the Flood Modeller software?,The Flood Modeller software was originally known as ISIS. It was developed by HR Wallingford and has been used for hydrodynamic modeling and flood risk management.,The Flood Modeller software was originally known as ISIS. It was developed by HR Wallingford and has been used for hydrodynamic modeling and flood risk management.,True,1,technology,work_creation,15,21.0,0.7142857142857143,0,0.0,-2.473084716131957,0.8860163398541634,-5.39166789931834,1.3056606992418751,2.0,4,0,2.0,4,0,english,english,Indo-European,Germanic,Indo-European,Germanic,LATIN,6949,7087876,LATIN,6949,7087876
46,en,en,What religious practice did the Magars follow?,What religious practice did the Magars follow?,"The Magars, who are an indigenous ethnic group primarily residing in Nepal, have traditionally practiced a blend of religions and spiritual beliefs. Historically, their religious practices have included elements of shamanism and animism, with a strong emphasis on nature worship and the veneration of ancestors. Shamans, known locally as ""Bijuwa"" or ""Dhami,"" play a crucial role in their spiritual and community life, performing rituals to appease spirits and seek guidance.

In contemporary times, many Magars have also adopted Hinduism and Buddhism, reflecting the broader religious landscape of Nepal. As a result, their religious practices today may incorporate Hindu and Buddhist customs alongside their indigenous traditions. This syncretism allows the Magars to maintain their cultural identity while also being part of the larger religious communities in Nepal.","The Magars, who are an indigenous ethnic group primarily residing in Nepal, have traditionally practiced a blend of religions and spiritual beliefs. Historically, their religious practices have included elements of shamanism and animism, with a strong emphasis on nature worship and the veneration of ancestors. Shamans, known locally as ""Bijuwa"" or ""Dhami,"" play a crucial role in their spiritual and community life, performing rituals to appease spirits and seek guidance.

In contemporary times, many Magars have also adopted Hinduism and Buddhism, reflecting the broader religious landscape of Nepal. As a result, their religious practices today may incorporate Hindu and Buddhist customs alongside their indigenous traditions. This syncretism allows the Magars to maintain their cultural identity while also being part of the larger religious communities in Nepal.",True,1,culture,other,12,28.0,0.4285714285714285,2,0.25,-1.208841460908562,2.5240973902781114,-2.21758246369205,1.184064444798261,1.25,2,0,1.25,2,0,english,english,Indo-European,Germanic,Indo-European,Germanic,LATIN,6949,7087876,LATIN,6949,7087876
57,en,en,What does the lowest part of the Espiritu Santo Formation consist of?,What does the lowest part of the Espiritu Santo Formation consist of?,"The Espiritu Santo Formation, primarily located in Panama, is a geological formation known for its fossil-rich deposits. The lowest part of the Espiritu Santo Formation commonly consists of marine sediments, primarily composed of sandstone, siltstone, and shale. These sedimentary rocks were deposited in a marine environment, suggesting that the area was once underwater. The precise composition can vary slightly depending on the specific location within the formation, but the presence of marine fossils is typical, indicating the ancient marine conditions during the time of deposition.","The Espiritu Santo Formation, primarily located in Panama, is a geological formation known for its fossil-rich deposits. The lowest part of the Espiritu Santo Formation commonly consists of marine sediments, primarily composed of sandstone, siltstone, and shale. These sedimentary rocks were deposited in a marine environment, suggesting that the area was once underwater. The precise composition can vary slightly depending on the specific location within the formation, but the presence of marine fossils is typical, indicating the ancient marine conditions during the time of deposition.",True,1,science,definition,30,55.0,0.5454545454545454,0,0.0,-0.9749355747845284,6.5182055269704735,-3.9683690747454463,2.6537709970640737,1.8461538461538465,3,0,1.8461538461538465,3,0,english,english,Indo-European,Germanic,Indo-European,Germanic,LATIN,6949,7087876,LATIN,6949,7087876
66,en,en,In which year was the Toronto edition of Ming Pao Daily News launched?,In which year was the Toronto edition of Ming Pao Daily News launched?,The Toronto edition of Ming Pao Daily News was launched in 1993.,The Toronto edition of Ming Pao Daily News was launched in 1993.,True,1,history,date_time,29,36.0,0.8055555555555556,0,0.0,-2.177398873320516,1.9016307632713252,-3.8879578649158257,1.279924548195224,2.0,4,0,2.0,4,0,english,english,Indo-European,Germanic,Indo-European,Germanic,LATIN,6949,7087876,LATIN,6949,7087876
31,en,en,In what year was the NIH MERIT Award first created?,In what year was the NIH MERIT Award first created?,The National Institutes of Health (NIH) MERIT (Method to Extend Research in Time) Award was first established in 1986.,The National Institutes of Health (NIH) MERIT (Method to Extend Research in Time) Award was first established in 1986.,True,1,health,date_time,27,28.0,0.9642857142857144,0,0.0,-1.7109154540408278,0.738857811279454,-5.895923833275394,1.123766923183512,1.7272727272727273,3,1,1.7272727272727273,3,1,english,english,Indo-European,Germanic,Indo-European,Germanic,LATIN,6949,7087876,LATIN,6949,7087876
45,en,en,What was the name of the military base established in the Vedder Crossing area in 1941?,What was the name of the military base established in the Vedder Crossing area in 1941?,The military base established in the Vedder Crossing area in 1941 was named Camp Chilliwack.,The military base established in the Vedder Crossing area in 1941 was named Camp Chilliwack.,True,1,history,entity_object,34,55.0,0.6181818181818182,0,0.0,-1.6732219033093108,7.210732871511907,-3.91802251697531,1.7850405531339824,3.1176470588235294,6,1,3.1176470588235294,6,1,english,english,Indo-European,Germanic,Indo-European,Germanic,LATIN,6949,7087876,LATIN,6949,7087876
60,en,en,"In the 1999 New Zealand general election, which party did Helen Clark lead to victory?","In the 1999 New Zealand general election, which party did Helen Clark lead to victory?","In the 1999 New Zealand general election, Helen Clark led the Labour Party to victory.","In the 1999 New Zealand general election, Helen Clark led the Labour Party to victory.",True,2,politics,person,66,66.0,1.0,0,0.0,-1.7750919689648887,0.3643446313061542,-3.7327193766271134,0.9164199193363776,1.7058823529411764,3,0,1.7058823529411764,3,0,english,english,Indo-European,Germanic,Indo-European,Germanic,LATIN,6949,7087876,LATIN,6949,7087876
29,en,en,What kind of systems does International Road Dynamics provide to ensure that vehicles depart terminals within acceptable weight limits?,What kind of systems does International Road Dynamics provide to ensure that vehicles depart terminals within acceptable weight limits?,"International Road Dynamics (IRD) provides a range of systems that help ensure vehicles depart terminals within acceptable weight limits. These systems typically include:

1. **Weigh-in-Motion (WIM) Systems**: These are used to measure the weight of vehicles as they move over sensors embedded in the road surface. It helps to accurately and efficiently ensure that vehicles comply with legal weight limits without stopping them.

2. **Static Weighing Systems**: These systems require vehicles to stop on a scale to measure their weight. They are generally used for precise weight measurements and are often found at loading docks or terminal exits.

3. **Overload Detection Systems**: These systems identify vehicles that exceed the weight limits and can trigger alerts or notifications for enforcement action or vehicle re-routing.

4. **Vehicle Classification Systems**: By classifying vehicles into categories, these systems can apply different weight limits and ensure compliance according to the vehicle type.

5. **Integrated Software Solutions**: IRD often pairs its physical systems with software for data collection, analysis, and reporting. This software helps monitor and manage vehicle weights and loads over time.

These systems collectively help in automating the process of weight compliance, reducing delays, and maintaining safety and regulatory compliance at terminals.","International Road Dynamics (IRD) provides a range of systems that help ensure vehicles depart terminals within acceptable weight limits. These systems typically include:

1. **Weigh-in-Motion (WIM) Systems**: These are used to measure the weight of vehicles as they move over sensors embedded in the road surface. It helps to accurately and efficiently ensure that vehicles comply with legal weight limits without stopping them.

2. **Static Weighing Systems**: These systems require vehicles to stop on a scale to measure their weight. They are generally used for precise weight measurements and are often found at loading docks or terminal exits.

3. **Overload Detection Systems**: These systems identify vehicles that exceed the weight limits and can trigger alerts or notifications for enforcement action or vehicle re-routing.

4. **Vehicle Classification Systems**: By classifying vehicles into categories, these systems can apply different weight limits and ensure compliance according to the vehicle type.

5. **Integrated Software Solutions**: IRD often pairs its physical systems with software for data collection, analysis, and reporting. This software helps monitor and manage vehicle weights and loads over time.

These systems collectively help in automating the process of weight compliance, reducing delays, and maintaining safety and regulatory compliance at terminals.",False,1,technology,other,166,190.0,0.8736842105263158,0,0.0,-0.9624648203970828,3.700914716736393,-3.726530764558871,0.8785590855168146,2.2,4,2,2.2,4,2,english,english,Indo-European,Germanic,Indo-European,Germanic,LATIN,6949,7087876,LATIN,6949,7087876
67,en,en,What was artistic swimming previously known as?,What was artistic swimming previously known as?,Artistic swimming was previously known as synchronized swimming. The name change was made to better reflect the sport's artistic elements and to align with other artistic sports. The International Swimming Federation (FINA) officially adopted the new name in 2017.,Artistic swimming was previously known as synchronized swimming. The name change was made to better reflect the sport's artistic elements and to align with other artistic sports. The International Swimming Federation (FINA) officially adopted the new name in 2017.,True,1,sports,definition,19,21.0,0.9047619047619048,0,0.0,-1.0368473376181606,2.169901329327093,-2.5491300611807235,0.9221683758190116,1.625,3,1,1.625,3,1,english,english,Indo-European,Germanic,Indo-European,Germanic,LATIN,6949,7087876,LATIN,6949,7087876
36,en,en,In which year did the Great Canadian flag debate officially begin?,In which year did the Great Canadian flag debate officially begin?,"The Great Canadian Flag Debate officially began in 1964. This debate led to the adoption of the current national flag of Canada, which was inaugurated on February 15, 1965.","The Great Canadian Flag Debate officially began in 1964. This debate led to the adoption of the current national flag of Canada, which was inaugurated on February 15, 1965.",True,3,history,date_time,33,36.0,0.9166666666666666,0,0.0,-1.6391569019946826,0.3234154606224216,-3.3109813161410537,0.7299249281917761,1.5,3,0,1.5,3,0,english,english,Indo-European,Germanic,Indo-European,Germanic,LATIN,6949,7087876,LATIN,6949,7087876
59,en,en,In which year did the Whitehaven School become the Whitehaven Academy?,In which year did the Whitehaven School become the Whitehaven Academy?,Whitehaven School became the Whitehaven Academy in 2014 when it transitioned to academy status under the sponsorship of Bright Tribe Trust.,Whitehaven School became the Whitehaven Academy in 2014 when it transitioned to academy status under the sponsorship of Bright Tribe Trust.,True,1,history,date_time,18,21.0,0.8571428571428571,0,0.0,-1.7854262878843024,-0.362073896703981,-3.2073762518494235,0.7103449792526519,1.4166666666666667,2,0,1.4166666666666667,2,0,english,english,Indo-European,Germanic,Indo-European,Germanic,LATIN,6949,7087876,LATIN,6949,7087876
38,en,en,When was the Uniform Residential Landlord and Tenant Act created?,When was the Uniform Residential Landlord and Tenant Act created?,"The Uniform Residential Landlord and Tenant Act (URLTA) was created in 1972 by the National Conference of Commissioners on Uniform State Laws, now known as the Uniform Law Commission. The act was designed to standardize and improve the legal relationship between landlords and tenants across different states.","The Uniform Residential Landlord and Tenant Act (URLTA) was created in 1972 by the National Conference of Commissioners on Uniform State Laws, now known as the Uniform Law Commission. The act was designed to standardize and improve the legal relationship between landlords and tenants across different states.",True,1,law,date_time,24,28.0,0.8571428571428571,0,0.0,-1.750857256286274,2.9408495559513317,-2.733766418670393,1.1882606803934574,1.818181818181818,4,0,1.818181818181818,4,0,english,english,Indo-European,Germanic,Indo-European,Germanic,LATIN,6949,7087876,LATIN,6949,7087876
37,en,en,Who was the first female mayor in Turkey?,Who was the first female mayor in Turkey?,"The first female mayor in Turkey was Müfide İlhan. She was elected as the mayor of Mersin in 1950, becoming the first woman to hold such a position in Turkey.","The first female mayor in Turkey was Müfide İlhan. She was elected as the mayor of Mersin in 1950, becoming the first woman to hold such a position in Turkey.",True,1,politics,person,15,28.0,0.5357142857142857,2,0.25,-1.3265999550830074,0.1050694861075439,-3.377365424298902,0.907395676865986,1.5555555555555556,3,0,1.5555555555555556,3,0,english,english,Indo-European,Germanic,Indo-European,Germanic,LATIN,6949,7087876,LATIN,6949,7087876
44,en,en,What was the specific purpose of a bulk material analyzer located just upstream of the raw mill in cement production?,What was the specific purpose of a bulk material analyzer located just upstream of the raw mill in cement production?,"In cement production, the specific purpose of locating a bulk material analyzer just upstream of the raw mill is to ensure the consistent quality and composition of the raw material mix before it enters the raw mill for grinding. The bulk material analyzer provides real-time analysis of the elemental composition of the raw materials, typically using technologies such as prompt gamma neutron activation analysis (PGNAA) or X-ray fluorescence (XRF).

This real-time data allows plant operators to make immediate adjustments to the raw material mix, optimizing the blending of different materials such as limestone, clay, sand, and iron ore. By ensuring the precise and consistent composition of these inputs, the analyzer helps maintain the desired chemical proportions necessary for producing clinker with the desired properties, leading to higher quality cement. Additionally, this optimization contributes to increased efficiency in the kiln, reduced energy consumption, and minimized emissions by avoiding over- or underuse of corrective materials.","In cement production, the specific purpose of locating a bulk material analyzer just upstream of the raw mill is to ensure the consistent quality and composition of the raw material mix before it enters the raw mill for grinding. The bulk material analyzer provides real-time analysis of the elemental composition of the raw materials, typically using technologies such as prompt gamma neutron activation analysis (PGNAA) or X-ray fluorescence (XRF).

This real-time data allows plant operators to make immediate adjustments to the raw material mix, optimizing the blending of different materials such as limestone, clay, sand, and iron ore. By ensuring the precise and consistent composition of these inputs, the analyzer helps maintain the desired chemical proportions necessary for producing clinker with the desired properties, leading to higher quality cement. Additionally, this optimization contributes to increased efficiency in the kiln, reduced energy consumption, and minimized emissions by avoiding over- or underuse of corrective materials.",True,1,technology,scientific_technical,171,190.0,0.9,0,0.0,-1.396969079513002,1.7905646981618693,-4.465194901185158,0.9303271832839536,3.6666666666666665,7,1,3.6666666666666665,7,1,english,english,Indo-European,Germanic,Indo-European,Germanic,LATIN,6949,7087876,LATIN,6949,7087876
65,en,en,In what year was Greg Brown's album One More Goodnight Kiss released?,In what year was Greg Brown's album One More Goodnight Kiss released?,"Greg Brown's album ""One More Goodnight Kiss"" was released in 1988.","Greg Brown's album ""One More Goodnight Kiss"" was released in 1988.",True,1,arts,date_time,62,66.0,0.9393939393939394,0,0.0,-0.8166133017962803,4.946786711821216,-2.2165572304952423,1.0372405064665726,1.8571428571428572,3,0,1.8571428571428572,3,0,english,english,Indo-European,Germanic,Indo-European,Germanic,LATIN,6949,7087876,LATIN,6949,7087876
35,en,en,What was the name of Nellie McKay's record label when Pretty Little Head was released?,What was the name of Nellie McKay's record label when Pretty Little Head was released?,"Nellie McKay released ""Pretty Little Head"" on her own record label, titled Hungry Mouse.","Nellie McKay released ""Pretty Little Head"" on her own record label, titled Hungry Mouse.",True,1,history,organization,80,91.0,0.8791208791208791,0,0.0,-1.1913516557761283,0.9186741981638992,-3.9231697177148384,0.7468097298751474,2.176470588235294,4,1,2.176470588235294,4,1,english,english,Indo-European,Germanic,Indo-European,Germanic,LATIN,6949,7087876,LATIN,6949,7087876
51,en,en,How long does a Rector of Università Cattolica del Sacro Cuore remain in office?,How long does a Rector of Università Cattolica del Sacro Cuore remain in office?,"The Rector of the Università Cattolica del Sacro Cuore typically serves a four-year term. However, the exact terms can vary based on the university's statutes or any amendments made to the governing rules, so it's always a good idea to check the latest guidelines from the university for the most accurate information.","The Rector of the Università Cattolica del Sacro Cuore typically serves a four-year term. However, the exact terms can vary based on the university's statutes or any amendments made to the governing rules, so it's always a good idea to check the latest guidelines from the university for the most accurate information.",True,1,education,other,36,78.0,0.4615384615384615,2,0.1538461538461538,-1.3488510156886226,3.310824317614513,-3.2936731418484695,1.1500754213972717,1.9333333333333331,4,0,1.9333333333333331,4,0,english,english,Indo-European,Germanic,Indo-European,Germanic,LATIN,6949,7087876,LATIN,6949,7087876
41,en,en,What was the name of the conference Campbell University's women's basketball team played in from 1994 to 2011?,What was the name of the conference Campbell University's women's basketball team played in from 1994 to 2011?,"From 1994 to 2011, Campbell University's women's basketball team played in the Atlantic Sun Conference.","From 1994 to 2011, Campbell University's women's basketball team played in the Atlantic Sun Conference.",False,1,sports,event,118,136.0,0.8676470588235294,1,0.0588235294117647,-1.0166241259062088,1.9188571976194888,-2.6647821562274494,0.7690352502078202,2.238095238095238,4,0,2.238095238095238,4,0,english,english,Indo-European,Germanic,Indo-European,Germanic,LATIN,6949,7087876,LATIN,6949,7087876
61,en,en,"What is the name of the album that the song ""That's What Love Is For"" was released on?","What is the name of the album that the song ""That's What Love Is For"" was released on?","The song ""That's What Love Is For"" is by Amy Grant and it was released on the album ""Heart in Motion"" in 1991.","The song ""That's What Love Is For"" is by Amy Grant and it was released on the album ""Heart in Motion"" in 1991.",True,1,culture,work_creation,66,66.0,1.0,0,0.0,-0.5852335881028422,2.44946660512958,-1.737374300054652,0.7085353473457012,2.4545454545454546,4,0,2.4545454545454546,4,0,english,english,Indo-European,Germanic,Indo-European,Germanic,LATIN,6949,7087876,LATIN,6949,7087876
47,en,en,When was the men's javelin throw event held at the 2010 Asian Games?,When was the men's javelin throw event held at the 2010 Asian Games?,"The men's javelin throw event at the 2010 Asian Games was held on November 22, 2010.","The men's javelin throw event at the 2010 Asian Games was held on November 22, 2010.",False,1,sports,event,76,78.0,0.9743589743589745,0,0.0,-1.0624750015051525,2.4311384308707247,-2.2843309486293313,0.7323322781288566,2.142857142857143,4,1,2.142857142857143,4,1,english,english,Indo-European,Germanic,Indo-European,Germanic,LATIN,6949,7087876,LATIN,6949,7087876
32,en,en,"On which date was David Nail's album ""Fighter"" released?","On which date was David Nail's album ""Fighter"" released?","David Nail's album ""Fighter"" was released on July 15, 2016.","David Nail's album ""Fighter"" was released on July 15, 2016.",True,1,arts,date_time,54,55.0,0.9818181818181818,0,0.0,-1.1186475987689497,1.8838457577091292,-3.934887426172254,0.7519259812283631,2.3846153846153846,4,1,2.3846153846153846,4,1,english,english,Indo-European,Germanic,Indo-European,Germanic,LATIN,6949,7087876,LATIN,6949,7087876
62,en,en,Which data protection regulation in Brazil requires subject access requests to be fulfilled within a specific time frame?,Which data protection regulation in Brazil requires subject access requests to be fulfilled within a specific time frame?,"In Brazil, the data protection regulation that mandates fulfilling subject access requests within a specific time frame is the Lei Geral de Proteção de Dados (LGPD), or General Data Protection Law. According to the LGPD, data controllers must respond to subject access requests within 15 days from the date of the request. This regulation is designed to ensure individuals have timely access to their personal data and to uphold their rights regarding data privacy.","In Brazil, the data protection regulation that mandates fulfilling subject access requests within a specific time frame is the Lei Geral de Proteção de Dados (LGPD), or General Data Protection Law. According to the LGPD, data controllers must respond to subject access requests within 15 days from the date of the request. This regulation is designed to ensure individuals have timely access to their personal data and to uphold their rights regarding data privacy.",True,1,law,definition,118,136.0,0.8676470588235294,1,0.0588235294117647,-1.1840004388999406,0.7622559829345449,-3.3003869874117893,0.7490511358245505,2.473684210526316,4,1,2.473684210526316,4,1,english,english,Indo-European,Germanic,Indo-European,Germanic,LATIN,6949,7087876,LATIN,6949,7087876
64,en,en,In which decade did Harry F. Sinclair purchase Rancocas Stable?,In which decade did Harry F. Sinclair purchase Rancocas Stable?,Harry F. Sinclair purchased Rancocas Stable in the 1910s.,Harry F. Sinclair purchased Rancocas Stable in the 1910s.,True,1,history,date_time,19,36.0,0.5277777777777778,0,0.0,-2.466549154834331,3.781672439922076,-4.5442442979548465,1.8573444074316927,1.3636363636363635,2,0,1.3636363636363635,2,0,english,english,Indo-European,Germanic,Indo-European,Germanic,LATIN,6949,7087876,LATIN,6949,7087876
40,en,en,Who contributed to the album Keys to the Kingdom by North Mississippi Allstars?,Who contributed to the album Keys to the Kingdom by North Mississippi Allstars?,"""Keys to the Kingdom"" by North Mississippi Allstars features contributions from several artists. The core members of the band, Luther Dickinson, Cody Dickinson, and Chris Chew, are central to the album. Additionally, the album includes guest appearances by a number of renowned musicians. Some of these contributors are Mavis Staples, Ry Cooder, Spooner Oldham, and Alvin Youngblood Hart. These artists helped enrich the album with their distinctive styles and talents.","""Keys to the Kingdom"" by North Mississippi Allstars features contributions from several artists. The core members of the band, Luther Dickinson, Cody Dickinson, and Chris Chew, are central to the album. Additionally, the album includes guest appearances by a number of renowned musicians. Some of these contributors are Mavis Staples, Ry Cooder, Spooner Oldham, and Alvin Youngblood Hart. These artists helped enrich the album with their distinctive styles and talents.",False,1,culture,work_creation,113,276.0,0.4094202898550724,0,0.0,-0.9896236498658282,7.451759207233208,-3.988817130039863,1.6784903915609946,1.7142857142857142,3,0,1.7142857142857142,3,0,english,english,Indo-European,Germanic,Indo-European,Germanic,LATIN,6949,7087876,LATIN,6949,7087876
43,en,en,What term is used in South Africa to describe someone who obtains government contracts to facilitate outsourced services?,What term is used in South Africa to describe someone who obtains government contracts to facilitate outsourced services?,"In South Africa, the term ""tenderpreneur"" is used to describe someone who obtains government contracts, often to facilitate outsourced services, typically through leveraging political connections. It is a portmanteau of ""tender"" (referring to the bidding process for government contracts) and ""entrepreneur."" This term often carries a negative connotation, suggesting that the individual might be exploiting their connections for personal gain rather than through genuine entrepreneurship or merit.","In South Africa, the term ""tenderpreneur"" is used to describe someone who obtains government contracts, often to facilitate outsourced services, typically through leveraging political connections. It is a portmanteau of ""tender"" (referring to the bidding process for government contracts) and ""entrepreneur."" This term often carries a negative connotation, suggesting that the individual might be exploiting their connections for personal gain rather than through genuine entrepreneurship or merit.",True,2,technology,definition,84,105.0,0.8,1,0.0666666666666666,-1.2967118227479428,1.4476972187652988,-3.276691680961214,1.0043290765693873,2.6842105263157894,6,2,2.6842105263157894,6,2,english,english,Indo-European,Germanic,Indo-European,Germanic,LATIN,6949,7087876,LATIN,6949,7087876
53,en,en,What type of health care group is St John of God Health Care?,What type of health care group is St John of God Health Care?,"St John of God Health Care is a not-for-profit Catholic healthcare organization. It operates a range of services including hospitals, home nursing, disability services, and social outreach programs across Australia and New Zealand. The organization is committed to providing holistic care that aligns with its values based on the teachings of the Catholic Church.","St John of God Health Care is a not-for-profit Catholic healthcare organization. It operates a range of services including hospitals, home nursing, disability services, and social outreach programs across Australia and New Zealand. The organization is committed to providing holistic care that aligns with its values based on the teachings of the Catholic Church.",True,1,health,organization,66,66.0,1.0,0,0.0,-1.131127243153242,1.4865390424974574,-2.625705959802346,0.7411287342737247,1.7857142857142858,3,0,1.7857142857142858,3,0,english,english,Indo-European,Germanic,Indo-European,Germanic,LATIN,6949,7087876,LATIN,6949,7087876
49,en,en,What did Archer Capital purchase in partnership with the management of Australian Geographic in 1998?,What did Archer Capital purchase in partnership with the management of Australian Geographic in 1998?,"In 1998, Archer Capital, in partnership with the management of Australian Geographic, purchased the Australian Geographic business. This acquisition included the Australian Geographic journal and its related retail chain.","In 1998, Archer Capital, in partnership with the management of Australian Geographic, purchased the Australian Geographic business. This acquisition included the Australian Geographic journal and its related retail chain.",True,1,geography,work_creation,53,55.0,0.9636363636363636,0,0.0,-1.2724189251201443,0.7269788789494286,-2.6729284913760316,0.6965973430397395,1.9375,4,0,1.9375,4,0,english,english,Indo-European,Germanic,Indo-European,Germanic,LATIN,6949,7087876,LATIN,6949,7087876
34,en,en,"According to some writers, which ancient city is equated with Parrhasia?","According to some writers, which ancient city is equated with Parrhasia?","According to some writers, the ancient city of Parrhasia is equated with the city of Lycosura. Lycosura is often considered one of the oldest cities in Arcadia, Greece, and is sometimes linked to Parrhasia in various historical texts.","According to some writers, the ancient city of Parrhasia is equated with the city of Lycosura. Lycosura is often considered one of the oldest cities in Arcadia, Greece, and is sometimes linked to Parrhasia in various historical texts.",True,1,history,location,18,36.0,0.5,2,0.2222222222222222,-0.9322794188942912,0.1448206943216183,-1.7119483128121105,0.4956769078825936,1.4615384615384617,3,0,1.4615384615384617,3,0,english,english,Indo-European,Germanic,Indo-European,Germanic,LATIN,6949,7087876,LATIN,6949,7087876
52,en,en,What is the Planck mass denoted by in the equation for the Vainshtein radius?,What is the Planck mass denoted by in the equation for the Vainshtein radius?,"The Planck mass in the equation for the Vainshtein radius is typically denoted by \( M_{\text{Pl}} \). The Vainshtein radius is a concept used in modified gravity theories, like massive gravity, to describe a scale below which modifications to gravity (such as those introduced by a massive graviton) become negligible. The Planck mass is a central constant in these equations, often appearing in the context of comparing gravitational interaction strengths.","The Planck mass in the equation for the Vainshtein radius is typically denoted by \( M_{\text{Pl}} \). The Vainshtein radius is a concept used in modified gravity theories, like massive gravity, to describe a scale below which modifications to gravity (such as those introduced by a massive graviton) become negligible. The Planck mass is a central constant in these equations, often appearing in the context of comparing gravitational interaction strengths.",False,1,science,scientific_technical,34,55.0,0.6181818181818182,1,0.0909090909090909,-0.8430195099256254,1.8161350000553529,-3.0367083882745316,0.965589753739369,1.7333333333333334,3,0,1.7333333333333334,3,0,english,english,Indo-European,Germanic,Indo-European,Germanic,LATIN,6949,7087876,LATIN,6949,7087876
54,en,en,What month did the K-1: K’Festa 3 event take place in?,What month did the K-1: K’Festa 3 event take place in?,The K-1: K’Festa 3 event took place in March 2020.,The K-1: K’Festa 3 event took place in March 2020.,True,1,history,event,48,55.0,0.8727272727272727,0,0.0,-1.3750597916435414,0.6182877382480287,-2.7910600605240985,0.842247357456616,1.5333333333333334,3,0,1.5333333333333334,3,0,english,english,Indo-European,Germanic,Indo-European,Germanic,LATIN,6949,7087876,LATIN,6949,7087876
50,en,en,What medal did Nguyễn Thị Mỹ Đức win in women's changquan at the 2002 Asian Games?,What medal did Nguyễn Thị Mỹ Đức win in women's changquan at the 2002 Asian Games?,Nguyễn Thị Mỹ Đức won the bronze medal in women's changquan at the 2002 Asian Games.,Nguyễn Thị Mỹ Đức won the bronze medal in women's changquan at the 2002 Asian Games.,True,1,sports,other,65,120.0,0.5416666666666666,1,0.0625,-0.8315509990139333,9.142632729156738,-4.935590057078352,2.082918858247112,1.8888888888888888,3,0,1.8888888888888888,3,0,english,english,Indo-European,Germanic,Indo-European,Germanic,LATIN,6949,7087876,LATIN,6949,7087876
58,en,en,In what city did the 1984 Summer Olympics men's 100 metre butterfly final take place?,In what city did the 1984 Summer Olympics men's 100 metre butterfly final take place?,The 1984 Summer Olympics men's 100 metre butterfly final took place in Los Angeles.,The 1984 Summer Olympics men's 100 metre butterfly final took place in Los Angeles.,True,1,sports,location,113,120.0,0.9416666666666668,0,0.0,-1.269794281169104,3.5669586442134236,-2.8546978479407152,0.8679786004507034,2.125,4,0,2.125,4,0,english,english,Indo-European,Germanic,Indo-European,Germanic,LATIN,6949,7087876,LATIN,6949,7087876
48,en,en,What was the name of the protagonist in the Prizzi novels?,What was the name of the protagonist in the Prizzi novels?,"The protagonist in the Prizzi novels, written by Richard Condon, is Charlie Partanna. He is a key character in the series, starting with ""Prizzi's Honor.""","The protagonist in the Prizzi novels, written by Richard Condon, is Charlie Partanna. He is a key character in the series, starting with ""Prizzi's Honor.""",True,1,law,work_creation,8,21.0,0.3809523809523809,2,0.2857142857142857,-1.5958885031439594,2.1256675453163973,-2.927330244946644,1.5424957443499614,2.3333333333333335,4,0,2.3333333333333335,4,0,english,english,Indo-European,Germanic,Indo-European,Germanic,LATIN,6949,7087876,LATIN,6949,7087876
33,en,es,In which country was AFN Bremerhaven located?,¿En qué país estaba ubicado AFN Bremerhaven?,"AFN Bremerhaven was located in Germany. AFN stands for American Forces Network, and AFN Bremerhaven was one of the network's broadcasting stations serving U.S. military personnel stationed in and around Bremerhaven, Germany.",AFN Bremerhaven estaba ubicado en Alemania. Era una de las estaciones de la American Forces Network (AFN) que servía a las fuerzas estadounidenses en el extranjero.,True,1,geography,location,7,15.0,0.4666666666666667,0,0.0,-1.9901176616736789,-1.4940516303211993,-2.859526625327943,0.4705773873417874,1.2222222222222223,2,0,0.875,1,0,english,spanish,Indo-European,Germanic,Indo-European,Romance,LATIN,6949,7087876,LATIN,2778,2073043
30,en,es,What was the position of August Joseph Donatelli's plane during World War II when it was shot down?,¿Cuál era la posición del avión de August Joseph Donatelli durante la Segunda Guerra Mundial cuando fue derribado?,"August Joseph Donatelli served as a waist gunner on a B-17 bomber during World War II. When his plane was shot down, he occupied this position, which is located on the side of the aircraft, typically midway between the nose and the tail. Waist gunners were responsible for defending the aircraft from enemy fighters approaching from the sides.","August Joseph Donatelli fue un árbitro de béisbol conocido en las Grandes Ligas, pero también sirvió como artillero en un bombardero durante la Segunda Guerra Mundial. El avión en el que servía fue derribado en 1944. Donatelli volaba en un B-17 Flying Fortress, un bombardero pesado utilizado principalmente en misiones de bombardeo estratégico sobre Europa.

En diciembre de 1944, el avión de Donatelli fue derribado sobre Alemania. Como artillero, Donatelli habría estado en una de las posiciones de tiro, que podrían incluir la torreta superior, la torreta de cola, las ametralladoras de los costados o la posición de artillero de proa. Fueron rescatados y se convirtió en prisionero de guerra, pasando varios meses en un campo de prisioneros antes del fin de la guerra.",False,1,history,event,93,120.0,0.775,1,0.0625,-1.1940028548786177,2.423377700168927,-3.3657366657495187,0.8853198553970643,1.6666666666666667,3,1,0.9473684210526316,1,0,english,spanish,Indo-European,Germanic,Indo-European,Romance,LATIN,6949,7087876,LATIN,2778,2073043
55,en,es,What was the television network that aired The Greatest Canadian Invention?,"¿Cuál fue la cadena de televisión que emitió ""The Greatest Canadian Invention""?","The television network that aired ""The Greatest Canadian Invention"" was CBC Television.","""The Greatest Canadian Invention"" fue emitido por CBC Television.",False,1,culture,organization,30,55.0,0.5454545454545454,0,0.0,-1.3100536142979788,2.242628749144737,-4.082929927593372,1.504751142381773,1.75,3,1,0.9166666666666666,1,0,english,spanish,Indo-European,Germanic,Indo-European,Romance,LATIN,6949,7087876,LATIN,2778,2073043
39,en,es,Since which decade did bowl games start counting toward single-season and career statistics?,¿Desde qué década comenzaron a contar los juegos de tazón para las estadísticas de una sola temporada y de carrera?,"Bowl games started counting toward single-season and career statistics beginning in the 2002 season. Prior to that, statistics from bowl games were not included in a player’s season or career totals.","Los juegos de tazón comenzaron a contarse para las estadísticas de una sola temporada y de carrera a partir de la década de 2000. La NCAA decidió incluir las estadísticas de los juegos de tazón en las estadísticas oficiales a partir de la temporada 2002. Antes de eso, las estadísticas de los juegos de tazón se consideraban por separado de las estadísticas de temporada regular.",True,1,sports,date_time,73,78.0,0.935897435897436,0,0.0,-0.5772522321499882,1.5265284476702738,-2.147213190903458,0.6837510588241847,2.5,5,0,0.9285714285714286,1,0,english,spanish,Indo-European,Germanic,Indo-European,Romance,LATIN,6949,7087876,LATIN,2778,2073043
63,en,es,What is the original name of Entebbe General Hospital?,¿Cuál es el nombre original del Hospital General de Entebbe?,The original name of Entebbe General Hospital is Entebbe Military Hospital.,"El nombre original del Hospital General de Entebbe es ""Entebbe Grade A Hospital"".",False,2,health,definition,29,36.0,0.8055555555555556,0,0.0,-1.3153090766954945,0.4375627049462397,-2.6678822634727615,0.5756740763545224,1.3846153846153846,3,0,0.9,1,0,english,spanish,Indo-European,Germanic,Indo-European,Romance,LATIN,6949,7087876,LATIN,2778,2073043
56,en,es,What was the name of the University of Detroit's halfback in the 1929 football season?,¿Cuál era el nombre del corredor rápido de la Universidad de Detroit en la temporada de fútbol americano de 1929?,The University of Detroit's halfback in the 1929 football season was Lloyd Brazil. He was a standout player and is well remembered in the history of the university's football program.,El corredor rápido de la Universidad de Detroit en la temporada de fútbol americano de 1929 era Lloyd Brazil. Fue conocido por su velocidad y habilidades excepcionales en el campo de juego.,True,1,sports,person,63,78.0,0.8076923076923077,0,0.0,-1.8974225203632595,2.216577467526499,-5.8893127867851875,1.3037112787490197,1.9130434782608696,4,0,1.0,2,0,english,spanish,Indo-European,Germanic,Indo-European,Romance,LATIN,6949,7087876,LATIN,2778,2073043
42,en,es,What is the original name of the Flood Modeller software?,¿Cuál es el nombre original del software Flood Modeller?,The Flood Modeller software was originally known as ISIS. It was developed by HR Wallingford and has been used for hydrodynamic modeling and flood risk management.,El nombre original del software Flood Modeller era ISIS.,True,1,technology,work_creation,18,28.0,0.6428571428571429,0,0.0,-1.1352735914431926,2.4787486164730264,-2.0785492303131137,1.0201485299560331,1.3333333333333333,3,0,0.9090909090909092,1,0,english,spanish,Indo-European,Germanic,Indo-European,Romance,LATIN,6949,7087876,LATIN,2778,2073043
46,en,es,What religious practice did the Magars follow?,¿Qué prácticas religiosas seguían los magares?,"The Magars, who are an indigenous ethnic group primarily residing in Nepal, have traditionally practiced a blend of religions and spiritual beliefs. Historically, their religious practices have included elements of shamanism and animism, with a strong emphasis on nature worship and the veneration of ancestors. Shamans, known locally as ""Bijuwa"" or ""Dhami,"" play a crucial role in their spiritual and community life, performing rituals to appease spirits and seek guidance.

In contemporary times, many Magars have also adopted Hinduism and Buddhism, reflecting the broader religious landscape of Nepal. As a result, their religious practices today may incorporate Hindu and Buddhist customs alongside their indigenous traditions. This syncretism allows the Magars to maintain their cultural identity while also being part of the larger religious communities in Nepal.","Los magares, también conocidos como gurungs, son un grupo étnico que principalmente habita en Nepal. Sus prácticas religiosas son diversas y están influenciadas por una combinación de hinduismo, budismo y animismo, reflejando la rica tapestry cultural de la región del Himalaya.

1. **Hinduismo**: Muchos magares practican el hinduismo, que es una de las religiones predominantes en Nepal. Celebran festivales hindúes como Dashain y Tihar y adoran a deidades del panteón hindú.

2. **Budismo**: En ciertas comunidades magares, especialmente aquellas que han estado en contacto más cercano con los tibetanos, el budismo tiene una presencia significativa. Pueden participar en rituales budistas y seguir enseñanzas budistas.

3. **Animismo y Chamanismo**: Tradicionalmente, las creencias animistas y prácticas chamánicas han sido fundamentales en la cultura magar. Creen en la presencia de espíritus de la naturaleza y ancestrales, y los chamanes (conocidos como ""Jhankris"") desempeñan un papel importante en la comunidad, realizando ceremonias para curar enfermedades, apaciguar espíritus y ofrecer consejos espirituales.

Estas prácticas religiosas coexistentes muestran la adaptabilidad y sincretismo cultural de los magares, permitiéndoles preservar su identidad cultural mientras incorporan elementos de religiones predominantes en la región.",False,1,culture,other,3,15.0,0.2,2,0.3333333333333333,-1.3093600927834224,-0.580562600360528,-1.7111776201148114,0.5162425165894586,1.25,2,0,0.875,1,0,english,spanish,Indo-European,Germanic,Indo-European,Romance,LATIN,6949,7087876,LATIN,2778,2073043
57,en,es,What does the lowest part of the Espiritu Santo Formation consist of?,¿De qué está compuesta la parte más inferior de la Formación Espíritu Santo?,"The Espiritu Santo Formation, primarily located in Panama, is a geological formation known for its fossil-rich deposits. The lowest part of the Espiritu Santo Formation commonly consists of marine sediments, primarily composed of sandstone, siltstone, and shale. These sedimentary rocks were deposited in a marine environment, suggesting that the area was once underwater. The precise composition can vary slightly depending on the specific location within the formation, but the presence of marine fossils is typical, indicating the ancient marine conditions during the time of deposition.","La Formación Espíritu Santo, que se encuentra en América Central, especialmente en países como Costa Rica, es una secuencia geológica que varía en su composición dependiendo de la ubicación específica. Generalmente, las formaciones geológicas como esta pueden estar compuestas de una variedad de rocas sedimentarias, incluyendo limolitas, areniscas, y conglomerados, así como materiales volcánicos en algunas zonas. Para la parte más inferior específicamente, en general, puede estar compuesta de rocas más antiguas y consolidadas, potencialmente con una presencia de conglomerados o materiales volcánicos antiguos, pero esto puede variar localmente. Para obtener una descripción precisa y detallada, sería necesario consultar estudios geológicos específicos de la región.",False,1,science,definition,38,55.0,0.6909090909090909,1,0.0909090909090909,-0.8122090731401419,5.76856241145818,-3.2104081306733065,1.4483509314125698,1.8666666666666667,3,0,0.9230769230769232,1,0,english,spanish,Indo-European,Germanic,Indo-European,Romance,LATIN,6949,7087876,LATIN,2778,2073043
66,en,es,In which year was the Toronto edition of Ming Pao Daily News launched?,¿En qué año se lanzó la edición de Toronto de Ming Pao Daily News?,The Toronto edition of Ming Pao Daily News was launched in 1993.,La edición de Toronto de Ming Pao Daily News se lanzó en 1993.,True,1,history,date_time,34,45.0,0.7555555555555555,0,0.0,-0.2715958881587123,4.05739757257118,-1.9559527829092245,1.3669856521548327,1.875,3,0,0.9285714285714286,1,0,english,spanish,Indo-European,Germanic,Indo-European,Romance,LATIN,6949,7087876,LATIN,2778,2073043
31,en,es,In what year was the NIH MERIT Award first created?,¿En qué año se creó por primera vez el Premio MERIT de los NIH?,The National Institutes of Health (NIH) MERIT (Method to Extend Research in Time) Award was first established in 1986.,"El Premio MERIT de los Institutos Nacionales de Salud (NIH) se estableció por primera vez en 1986. Este premio está diseñado para proporcionar un apoyo a largo plazo a investigadores destacados, permitiéndoles enfocarse en sus investigaciones con menos solicitudes de renovaciones de subvenciones.",True,1,health,date_time,37,45.0,0.8222222222222222,0,0.0,-0.6801751310765589,1.0749661958376548,-2.464160549119257,0.7308703940199062,1.625,3,0,1.3636363636363635,2,0,english,spanish,Indo-European,Germanic,Indo-European,Romance,LATIN,6949,7087876,LATIN,2778,2073043
45,en,es,What was the name of the military base established in the Vedder Crossing area in 1941?,¿Cuál era el nombre de la base militar establecida en el área de Vedder Crossing en 1941?,The military base established in the Vedder Crossing area in 1941 was named Camp Chilliwack.,La base militar establecida en el área de Vedder Crossing en 1941 se llamaba Camp Chilliwack. Esta base fue utilizada por el ejército canadiense durante la Segunda Guerra Mundial y posteriormente para diversos propósitos de entrenamiento militar.,True,1,history,entity_object,28,66.0,0.4242424242424242,2,0.1666666666666666,-1.553788086300095,0.276214629601617,-2.782950916366186,0.8347777335025748,2.4210526315789473,5,0,1.0588235294117647,2,0,english,spanish,Indo-European,Germanic,Indo-European,Romance,LATIN,6949,7087876,LATIN,2778,2073043
60,en,es,"In the 1999 New Zealand general election, which party did Helen Clark lead to victory?","En las elecciones generales de Nueva Zelanda de 1999, ¿a qué partido llevó Helen Clark a la victoria?","In the 1999 New Zealand general election, Helen Clark led the Labour Party to victory.","En las elecciones generales de Nueva Zelanda de 1999, Helen Clark llevó al Partido Laborista a la victoria. Esta victoria marcó el inicio de su mandato como Primera Ministra de Nueva Zelanda, un cargo que ocupó hasta 2008.",True,2,politics,person,51,66.0,0.7727272727272727,0,0.0,-0.13547942777076,3.2616203848669465,-2.0011142044196437,1.2253275240889328,1.761904761904762,3,0,1.0588235294117647,2,0,english,spanish,Indo-European,Germanic,Indo-European,Romance,LATIN,6949,7087876,LATIN,2778,2073043
29,en,es,What kind of systems does International Road Dynamics provide to ensure that vehicles depart terminals within acceptable weight limits?,¿Qué tipo de sistemas proporciona International Road Dynamics para asegurarse de que los vehículos salgan de las terminales dentro de los límites de peso aceptables?,"International Road Dynamics (IRD) provides a range of systems that help ensure vehicles depart terminals within acceptable weight limits. These systems typically include:

1. **Weigh-in-Motion (WIM) Systems**: These are used to measure the weight of vehicles as they move over sensors embedded in the road surface. It helps to accurately and efficiently ensure that vehicles comply with legal weight limits without stopping them.

2. **Static Weighing Systems**: These systems require vehicles to stop on a scale to measure their weight. They are generally used for precise weight measurements and are often found at loading docks or terminal exits.

3. **Overload Detection Systems**: These systems identify vehicles that exceed the weight limits and can trigger alerts or notifications for enforcement action or vehicle re-routing.

4. **Vehicle Classification Systems**: By classifying vehicles into categories, these systems can apply different weight limits and ensure compliance according to the vehicle type.

5. **Integrated Software Solutions**: IRD often pairs its physical systems with software for data collection, analysis, and reporting. This software helps monitor and manage vehicle weights and loads over time.

These systems collectively help in automating the process of weight compliance, reducing delays, and maintaining safety and regulatory compliance at terminals.","International Road Dynamics (IRD) ofrece sistemas de pesaje en movimiento (Weigh-In-Motion, WIM) para asegurarse de que los vehículos salgan de las terminales dentro de los límites de peso aceptables. Estos sistemas permiten medir el peso de los vehículos en tiempo real mientras están en movimiento, lo que ayuda a garantizar que no excedan los límites legales de peso. Además, IRD proporciona soluciones integradas que incluyen sensores, software y servicios de gestión de datos que permiten monitorear y controlar el flujo de tráfico y el cumplimiento de las normativas. Estos sistemas son utilizados para optimizar la eficiencia operativa y mejorar la seguridad en las terminales de carga y transporte.",True,1,technology,other,107,153.0,0.6993464052287581,0,0.0,-0.7669804448030352,2.0102022194390763,-3.752276974746037,0.9449321098742194,2.8214285714285716,6,2,0.95,1,0,english,spanish,Indo-European,Germanic,Indo-European,Romance,LATIN,6949,7087876,LATIN,2778,2073043
67,en,es,What was artistic swimming previously known as?,¿Cómo se llamaba anteriormente la natación artística?,Artistic swimming was previously known as synchronized swimming. The name change was made to better reflect the sport's artistic elements and to align with other artistic sports. The International Swimming Federation (FINA) officially adopted the new name in 2017.,"La natación artística se conocía anteriormente como ""nado sincronizado"". En 2017, la Federación Internacional de Natación (FINA) decidió cambiar el nombre a ""natación artística"" para reflejar mejor la combinación de arte y deporte que caracteriza a esta disciplina.",True,1,sports,definition,23,28.0,0.8214285714285714,0,0.0,0.1447205858464748,6.1325857775123565,-1.896490574973836,2.0775630366257967,1.1111111111111112,2,0,0.875,1,0,english,spanish,Indo-European,Germanic,Indo-European,Romance,LATIN,6949,7087876,LATIN,2778,2073043
36,en,es,In which year did the Great Canadian flag debate officially begin?,¿En qué año comenzó oficialmente el Gran Debate sobre la Bandera Canadiense?,"The Great Canadian Flag Debate officially began in 1964. This debate led to the adoption of the current national flag of Canada, which was inaugurated on February 15, 1965.","El Gran Debate sobre la Bandera Canadiense comenzó oficialmente en 1964. Este proceso culminó con la adopción de la actual bandera de Canadá, que presenta una hoja de arce roja en un fondo blanco con franjas rojas a los lados, y fue oficialmente izada por primera vez el 15 de febrero de 1965.",True,3,history,date_time,34,36.0,0.9444444444444444,0,0.0,-1.094267123597105,0.7799097185510526,-2.0434100531033184,0.6773009605225686,1.7142857142857142,3,0,1.4166666666666667,2,0,english,spanish,Indo-European,Germanic,Indo-European,Romance,LATIN,6949,7087876,LATIN,2778,2073043
59,en,es,In which year did the Whitehaven School become the Whitehaven Academy?,¿En qué año se convirtió la Escuela Whitehaven en la Academia Whitehaven?,Whitehaven School became the Whitehaven Academy in 2014 when it transitioned to academy status under the sponsorship of Bright Tribe Trust.,La Escuela Whitehaven se convirtió en la Academia Whitehaven en el año 2011.,False,1,history,date_time,15,21.0,0.7142857142857143,0,0.0,-1.0179476973293176,0.7031768945402832,-2.1963712277808187,0.6329464819098776,1.4285714285714286,2,0,1.4166666666666667,2,0,english,spanish,Indo-European,Germanic,Indo-European,Romance,LATIN,6949,7087876,LATIN,2778,2073043
38,en,es,When was the Uniform Residential Landlord and Tenant Act created?,¿Cuándo se creó la Ley Uniforme Residencial de Arrendadores e Inquilinos?,"The Uniform Residential Landlord and Tenant Act (URLTA) was created in 1972 by the National Conference of Commissioners on Uniform State Laws, now known as the Uniform Law Commission. The act was designed to standardize and improve the legal relationship between landlords and tenants across different states.","La Ley Uniforme Residencial de Arrendadores e Inquilinos (Uniform Residential Landlord and Tenant Act, URLTA) fue creada en 1972 por la Conferencia Nacional de Comisionados sobre Leyes Estatales Uniformes en los Estados Unidos. Esta ley fue diseñada para estandarizar las relaciones entre arrendadores e inquilinos y ha sido adoptada, en su totalidad o en parte, por varios estados en los EE. UU.",True,1,law,date_time,31,45.0,0.6888888888888889,0,0.0,-0.5034588720693449,5.38636162185761,-2.5165226891408627,1.5461120529941128,1.6153846153846154,3,0,0.9090909090909092,1,0,english,spanish,Indo-European,Germanic,Indo-European,Romance,LATIN,6949,7087876,LATIN,2778,2073043
37,en,es,Who was the first female mayor in Turkey?,¿Quién fue la primera alcaldesa de Turquía?,"The first female mayor in Turkey was Müfide İlhan. She was elected as the mayor of Mersin in 1950, becoming the first woman to hold such a position in Turkey.","La primera mujer en ser elegida alcaldesa en Turquía fue Sadiye Hanım. En 1930, Sadiye Hanım fue elegida como alcaldesa de la ciudad de Mersin. Su elección se produjo poco después de que se otorgara el derecho al voto y a ser elegidas a las mujeres en Turquía en ese mismo año.",False,1,politics,person,14,28.0,0.5,2,0.25,-2.0536845406691753,-0.6317070278987691,-3.69903613321597,0.9999545968420296,1.0,2,0,1.0,2,0,english,spanish,Indo-European,Germanic,Indo-European,Romance,LATIN,6949,7087876,LATIN,2778,2073043
44,en,es,What was the specific purpose of a bulk material analyzer located just upstream of the raw mill in cement production?,¿Cuál era el propósito específico de un analizador de material a granel ubicado justo antes del molino de crudo en la producción de cemento?,"In cement production, the specific purpose of locating a bulk material analyzer just upstream of the raw mill is to ensure the consistent quality and composition of the raw material mix before it enters the raw mill for grinding. The bulk material analyzer provides real-time analysis of the elemental composition of the raw materials, typically using technologies such as prompt gamma neutron activation analysis (PGNAA) or X-ray fluorescence (XRF).

This real-time data allows plant operators to make immediate adjustments to the raw material mix, optimizing the blending of different materials such as limestone, clay, sand, and iron ore. By ensuring the precise and consistent composition of these inputs, the analyzer helps maintain the desired chemical proportions necessary for producing clinker with the desired properties, leading to higher quality cement. Additionally, this optimization contributes to increased efficiency in the kiln, reduced energy consumption, and minimized emissions by avoiding over- or underuse of corrective materials.","El propósito específico de un analizador de material a granel ubicado justo antes del molino de crudo en la producción de cemento es garantizar la calidad y consistencia de la materia prima que se alimenta al molino. Este dispositivo se utiliza para realizar un análisis en tiempo real de la composición química de los materiales crudos como la caliza, la arcilla y otros aditivos esenciales para la producción de cemento.

Estas son algunas de las funciones clave de un analizador de material a granel:

1. **Control de Calidad**: Permite monitorear y ajustar la proporción de los componentes químicos, como el calcio, sílice, aluminio y hierro, que son críticos para la calidad del clínker y, por ende, del cemento final.

2. **Optimización del Proceso**: Al conocer con precisión la composición del material, se pueden realizar ajustes oportunos en la mezcla cruda, lo que optimiza la eficiencia del proceso de producción, preserva la energía y reduce el desperdicio.

3. **Reducción de Costos**: Al asegurar que solo se procesan materiales conformes a las especificaciones deseadas, se minimizan las desviaciones y errores que podrían resultar costosos.

4. **Mejora en la Consistencia del Producto Final**: Al mantener una materia prima homogénea, se obtiene un producto final más consistente y de mayor calidad, lo que es crucial para el rendimiento del cemento en aplicaciones de construcción.

En resumen, un analizador de material a granel es fundamental para la gestión eficaz y eficiente del proceso de producción de cemento, asegurando que los materiales que ingresan al molino de crudo ya están dentro de las especificaciones requeridas.",True,1,technology,scientific_technical,207,253.0,0.8181818181818182,0,0.0,-0.4512605719537503,2.716029088087753,-3.265262022321825,1.1335631949125793,2.8518518518518516,6,0,1.0,2,0,english,spanish,Indo-European,Germanic,Indo-European,Romance,LATIN,6949,7087876,LATIN,2778,2073043
65,en,es,In what year was Greg Brown's album One More Goodnight Kiss released?,"¿En qué año se lanzó el álbum ""One More Goodnight Kiss"" de Greg Brown?","Greg Brown's album ""One More Goodnight Kiss"" was released in 1988.","El álbum ""One More Goodnight Kiss"" de Greg Brown fue lanzado en 1988.",True,1,arts,date_time,41,55.0,0.7454545454545455,0,0.0,-0.4197774499844817,4.397670178267631,-3.63871306788135,1.4003252546766265,2.0,3,0,1.1538461538461535,2,0,english,spanish,Indo-European,Germanic,Indo-European,Romance,LATIN,6949,7087876,LATIN,2778,2073043
35,en,es,What was the name of Nellie McKay's record label when Pretty Little Head was released?,"¿Cuál era el nombre del sello discográfico de Nellie McKay cuando se lanzó ""Pretty Little Head""?","Nellie McKay released ""Pretty Little Head"" on her own record label, titled Hungry Mouse.","El álbum ""Pretty Little Head"" de Nellie McKay fue lanzado bajo su propio sello discográfico, Hungry Mouse. Inicialmente, tenía un acuerdo con Columbia Records, pero se separaron antes del lanzamiento del álbum, lo que llevó a McKay a lanzarlo de manera independiente.",True,1,history,organization,67,105.0,0.638095238095238,0,0.0,-0.4783877660236155,6.111848984502158,-3.7948621397744247,1.6546990964987205,1.8571428571428572,3,1,0.9375,1,0,english,spanish,Indo-European,Germanic,Indo-European,Romance,LATIN,6949,7087876,LATIN,2778,2073043
51,en,es,How long does a Rector of Università Cattolica del Sacro Cuore remain in office?,¿Cuánto tiempo permanece en el cargo un rector de la Università Cattolica del Sacro Cuore?,"The Rector of the Università Cattolica del Sacro Cuore typically serves a four-year term. However, the exact terms can vary based on the university's statutes or any amendments made to the governing rules, so it's always a good idea to check the latest guidelines from the university for the most accurate information.","En la Università Cattolica del Sacro Cuore, el mandato del rector es generalmente de cuatro años. Sin embargo, este periodo puede variar, ya que las reglas internas o estatutos de la universidad pueden permitir la reelección para mandatos adicionales. Es recomendable consultar los estatutos específicos de la universidad para obtener información más precisa y actualizada.",False,1,education,other,28,55.0,0.509090909090909,1,0.0909090909090909,-1.7168196809272005,0.6016204581633687,-3.989768563185407,1.0927472710541903,2.111111111111111,4,0,1.125,2,0,english,spanish,Indo-European,Germanic,Indo-European,Romance,LATIN,6949,7087876,LATIN,2778,2073043
41,en,es,What was the name of the conference Campbell University's women's basketball team played in from 1994 to 2011?,¿En qué conferencia jugó el equipo de baloncesto femenino de la Universidad Campbell desde 1994 hasta el 2011?,"From 1994 to 2011, Campbell University's women's basketball team played in the Atlantic Sun Conference.",El equipo de baloncesto femenino de la Universidad Campbell jugó en la Atlantic Sun Conference desde 1994 hasta el 2011.,False,1,sports,event,94,120.0,0.7833333333333333,0,0.0,-1.6325572636628964,0.8744919252404598,-3.749476686844232,1.0113056340491593,1.8,3,0,1.0,2,0,english,spanish,Indo-European,Germanic,Indo-European,Romance,LATIN,6949,7087876,LATIN,2778,2073043
61,en,es,"What is the name of the album that the song ""That's What Love Is For"" was released on?","¿Cuál es el nombre del álbum en el que se lanzó la canción ""That's What Love Is For""?","The song ""That's What Love Is For"" is by Amy Grant and it was released on the album ""Heart in Motion"" in 1991.","La canción ""That's What Love Is For"" es de Amy Grant y fue lanzada en el álbum ""Heart in Motion"" en 1991.",True,1,culture,work_creation,115,120.0,0.9583333333333334,0,0.0,-0.4275146557959942,2.70599312772722,-3.1161599653484178,1.502462170102159,2.9130434782608696,5,1,1.0952380952380951,2,0,english,spanish,Indo-European,Germanic,Indo-European,Romance,LATIN,6949,7087876,LATIN,2778,2073043
47,en,es,When was the men's javelin throw event held at the 2010 Asian Games?,¿Cuándo se llevó a cabo el evento de lanzamiento de jabalina masculino en los Juegos Asiáticos del 2010?,"The men's javelin throw event at the 2010 Asian Games was held on November 22, 2010.",El evento de lanzamiento de jabalina masculino en los Juegos Asiáticos de 2010 se llevó a cabo el 25 de noviembre de 2010.,False,1,sports,event,85,91.0,0.934065934065934,0,0.0,-0.3863592983696424,4.428961779485635,-2.1901249996420593,1.1460538732537835,2.238095238095238,4,0,0.9285714285714286,1,0,english,spanish,Indo-European,Germanic,Indo-European,Romance,LATIN,6949,7087876,LATIN,2778,2073043
32,en,es,"On which date was David Nail's album ""Fighter"" released?","¿En qué fecha se lanzó el álbum ""Fighter"" de David Nail?","David Nail's album ""Fighter"" was released on July 15, 2016.","El álbum ""Fighter"" de David Nail fue lanzado el 15 de julio de 2016.",True,1,arts,date_time,39,45.0,0.8666666666666667,0,0.0,-1.1047487990586746,1.6629085159001649,-2.9530819637016257,0.7835085236799344,1.8,3,0,1.1666666666666667,2,0,english,spanish,Indo-European,Germanic,Indo-European,Romance,LATIN,6949,7087876,LATIN,2778,2073043
62,en,es,Which data protection regulation in Brazil requires subject access requests to be fulfilled within a specific time frame?,¿Qué normativa de protección de datos de Brasil exige que las solicitudes de acceso de los interesados se cumplan en un plazo de tiempo específico?,"In Brazil, the data protection regulation that mandates fulfilling subject access requests within a specific time frame is the Lei Geral de Proteção de Dados (LGPD), or General Data Protection Law. According to the LGPD, data controllers must respond to subject access requests within 15 days from the date of the request. This regulation is designed to ensure individuals have timely access to their personal data and to uphold their rights regarding data privacy.","La normativa de protección de datos en Brasil que establece requisitos para el cumplimiento de las solicitudes de acceso de los interesados es la Ley General de Protección de Datos Personales (LGPD), conocida oficialmente como Ley Nº 13.709/2018. La LGPD regula el tratamiento de datos personales y establece derechos para los titulares de los datos, incluyendo el derecho de acceso a sus datos personales.

Aunque la LGPD establece que los responsables del tratamiento deben responder a las solicitudes de los titulares de manera clara y completa, no especifica un plazo exacto de tiempo en días para responder a tales solicitudes. Sin embargo, se espera que las respuestas sean dadas de manera oportuna y dentro de un marco de tiempo razonable, siguiendo principios de transparencia y respeto a los derechos de los titulares. En algunos casos, regulaciones complementarias o interpretaciones de la Autoridad Nacional de Protección de Datos (ANPD) podrían proporcionar orientación adicional sobre los plazos.",False,1,law,definition,106,120.0,0.8833333333333333,0,0.0,-0.4982591956055619,2.561627657781735,-1.7773712932772223,0.8364324918859507,2.740740740740741,5,1,1.0,2,0,english,spanish,Indo-European,Germanic,Indo-European,Romance,LATIN,6949,7087876,LATIN,2778,2073043
64,en,es,In which decade did Harry F. Sinclair purchase Rancocas Stable?,¿En qué década compró Harry F. Sinclair el establo Rancocas?,Harry F. Sinclair purchased Rancocas Stable in the 1910s.,"Harry F. Sinclair compró el establo Rancocas en la década de 1910, específicamente en 1915.",False,1,history,date_time,6,28.0,0.2142857142857142,2,0.25,-2.9624542789743913,-1.2312198098293252,-4.752075711927371,1.2793047182128428,1.4166666666666667,2,0,1.181818181818182,2,0,english,spanish,Indo-European,Germanic,Indo-European,Romance,LATIN,6949,7087876,LATIN,2778,2073043
40,en,es,Who contributed to the album Keys to the Kingdom by North Mississippi Allstars?,"¿Quiénes colaboraron en el álbum ""Keys to the Kingdom"" de North Mississippi Allstars?","""Keys to the Kingdom"" by North Mississippi Allstars features contributions from several artists. The core members of the band, Luther Dickinson, Cody Dickinson, and Chris Chew, are central to the album. Additionally, the album includes guest appearances by a number of renowned musicians. Some of these contributors are Mavis Staples, Ry Cooder, Spooner Oldham, and Alvin Youngblood Hart. These artists helped enrich the album with their distinctive styles and talents.","El álbum ""Keys to the Kingdom"" de North Mississippi Allstars cuenta con varias colaboraciones notables. Entre los artistas que participaron se encuentran Mavis Staples, Ry Cooder, Spooner Oldham y Alvin Youngblood Hart. Estas contribuciones ayudan a enriquecer el sonido del álbum, aportando diversos matices a la mezcla de blues y rock característica de la banda.",False,1,culture,work_creation,67,300.0,0.2233333333333333,3,0.12,-1.0481880483262953,7.509915299663192,-4.045191431381028,2.185608257008958,2.1176470588235294,3,0,0.9285714285714286,1,0,english,spanish,Indo-European,Germanic,Indo-European,Romance,LATIN,6949,7087876,LATIN,2778,2073043
43,en,es,What term is used in South Africa to describe someone who obtains government contracts to facilitate outsourced services?,¿Qué término se utiliza en Sudáfrica para describir a alguien que obtiene contratos del Gobierno para facilitar servicios subcontratados?,"In South Africa, the term ""tenderpreneur"" is used to describe someone who obtains government contracts, often to facilitate outsourced services, typically through leveraging political connections. It is a portmanteau of ""tender"" (referring to the bidding process for government contracts) and ""entrepreneur."" This term often carries a negative connotation, suggesting that the individual might be exploiting their connections for personal gain rather than through genuine entrepreneurship or merit.","En Sudáfrica, el término ""tenderpreneur"" se utiliza para describir a alguien que obtiene contratos del gobierno para facilitar servicios subcontratados, a menudo mediante conexiones políticas o prácticas poco transparentes. Este término es una combinación de las palabras ""tender"" (oferta o licitación) y ""entrepreneur"" (emprendedor), y suele tener una connotación negativa, ya que implica el aprovechamiento de relaciones personales o políticas para obtener beneficios económicos de contratos gubernamentales.",True,2,technology,definition,83,105.0,0.7904761904761904,1,0.0666666666666666,-0.5050362253795854,2.4581434101433937,-4.2586028179341495,0.9117044550639826,2.9545454545454546,6,3,1.0,2,0,english,spanish,Indo-European,Germanic,Indo-European,Romance,LATIN,6949,7087876,LATIN,2778,2073043
53,en,es,What type of health care group is St John of God Health Care?,¿Qué tipo de grupo de atención médica es St John of God Health Care?,"St John of God Health Care is a not-for-profit Catholic healthcare organization. It operates a range of services including hospitals, home nursing, disability services, and social outreach programs across Australia and New Zealand. The organization is committed to providing holistic care that aligns with its values based on the teachings of the Catholic Church.","St John of God Health Care es un grupo de atención médica privado, sin fines de lucro, en Australia. Es uno de los principales proveedores de servicios de salud del país y es operado por la Iglesia Católica a través de los Hermanos de San Juan de Dios. La organización ofrece una amplia gama de servicios de salud, que incluyen hospitales, atención médica especializada, servicios comunitarios y de salud mental, y cuidado a domicilio. Se centra en brindar atención centrada en la persona, basada en los valores de hospitalidad, compasión, respeto, justicia y excelencia.",True,1,health,organization,92,105.0,0.8761904761904762,0,0.0,-0.9246458411570564,3.6321203793050967,-2.9592686979119582,1.23116232531695,1.6875,4,0,0.9285714285714286,1,0,english,spanish,Indo-European,Germanic,Indo-European,Romance,LATIN,6949,7087876,LATIN,2778,2073043
49,en,es,What did Archer Capital purchase in partnership with the management of Australian Geographic in 1998?,¿Qué compró Archer Capital en asociación con la dirección de Australian Geographic en 1998?,"In 1998, Archer Capital, in partnership with the management of Australian Geographic, purchased the Australian Geographic business. This acquisition included the Australian Geographic journal and its related retail chain.","En 1998, Archer Capital, en asociación con la dirección de Australian Geographic, compró la revista Australian Geographic. Esta adquisición incluía tanto la publicación de la revista como varios otros activos asociados con la marca.",False,1,geography,work_creation,23,36.0,0.6388888888888888,0,0.0,-0.4019244614298919,4.609502947482034,-1.3790473484831116,1.2492689920688955,1.9375,4,0,1.0625,2,0,english,spanish,Indo-European,Germanic,Indo-European,Romance,LATIN,6949,7087876,LATIN,2778,2073043
34,en,es,"According to some writers, which ancient city is equated with Parrhasia?","Según algunos escritores, ¿qué ciudad antigua se identifica con Parrasia?","According to some writers, the ancient city of Parrhasia is equated with the city of Lycosura. Lycosura is often considered one of the oldest cities in Arcadia, Greece, and is sometimes linked to Parrhasia in various historical texts.","Parrasia es un nombre que se encuentra en la mitología y la historia antigua de Grecia. Algunos escritores y estudiosos identifican la ciudad antigua de Parrasia con algunas localidades en la región de Arcadia, en el Peloponeso. Sin embargo, la identificación exacta de Parrasia no es completamente clara, ya que la descripción de sus ubicaciones puede variar en los textos antiguos. La región de Parrasia se menciona como una parte de Arcadia, conocida por su paisaje montañoso y su conexión con varios mitos griegos.",False,1,history,location,28,45.0,0.6222222222222222,2,0.2,-0.5807998127136912,0.6608976131182448,-1.0484075662718562,0.3944735136251396,1.3846153846153846,2,0,0.9230769230769232,1,0,english,spanish,Indo-European,Germanic,Indo-European,Romance,LATIN,6949,7087876,LATIN,2778,2073043
52,en,es,What is the Planck mass denoted by in the equation for the Vainshtein radius?,¿Con qué se denota la masa de Planck en la ecuación del radio de Vainshtein?,"The Planck mass in the equation for the Vainshtein radius is typically denoted by \( M_{\text{Pl}} \). The Vainshtein radius is a concept used in modified gravity theories, like massive gravity, to describe a scale below which modifications to gravity (such as those introduced by a massive graviton) become negligible. The Planck mass is a central constant in these equations, often appearing in the context of comparing gravitational interaction strengths.","En la ecuación del radio de Vainshtein, la masa de Planck se denota generalmente como \( M_{\text{Pl}} \). La masa de Planck es una constante fundamental en física teórica y es utilizada en diversas ecuaciones que involucran gravedad cuántica y relatividad general.",False,1,science,scientific_technical,26,45.0,0.5777777777777777,1,0.1,-0.8686665645651357,1.5135668073333743,-1.84653543871074,0.7390902522823697,1.8888888888888888,4,0,1.0,2,0,english,spanish,Indo-European,Germanic,Indo-European,Romance,LATIN,6949,7087876,LATIN,2778,2073043
54,en,es,What month did the K-1: K’Festa 3 event take place in?,¿En qué mes tuvo lugar el evento K-1: K'Festa 3?,The K-1: K’Festa 3 event took place in March 2020.,"K-1: K'Festa 3 tuvo lugar en el mes de marzo. Específicamente, el evento se celebró el 22 de marzo de 2020.",True,1,history,event,34,36.0,0.9444444444444444,0,0.0,-1.43750767813507,1.375547640352638,-2.7344234464643375,0.9672035194270582,1.6153846153846154,3,0,1.3076923076923077,2,0,english,spanish,Indo-European,Germanic,Indo-European,Romance,LATIN,6949,7087876,LATIN,2778,2073043
50,en,es,What medal did Nguyễn Thị Mỹ Đức win in women's changquan at the 2002 Asian Games?,¿Qué medalla ganó Nguyễn Thị Mỹ Đức en changquan femenino en los Juegos Asiáticos del 2002?,Nguyễn Thị Mỹ Đức won the bronze medal in women's changquan at the 2002 Asian Games.,Nguyễn Thị Mỹ Đức ganó la medalla de oro en changquan femenino en los Juegos Asiáticos de 2002.,False,1,sports,other,17,66.0,0.2575757575757575,5,0.4166666666666667,-1.7914535004017291,0.8233300167919059,-4.859974950109986,1.3416746157832553,1.6842105263157894,3,0,1.0,2,0,english,spanish,Indo-European,Germanic,Indo-European,Romance,LATIN,6949,7087876,LATIN,2778,2073043
58,en,es,In what city did the 1984 Summer Olympics men's 100 metre butterfly final take place?,¿En qué ciudad tuvo lugar la final de 100 metros mariposa masculina de los Juegos Olímpicos de Verano de 1984?,The 1984 Summer Olympics men's 100 metre butterfly final took place in Los Angeles.,"La final de 100 metros mariposa masculina de los Juegos Olímpicos de Verano de 1984 tuvo lugar en Los Ángeles, Estados Unidos.",True,1,sports,location,74,78.0,0.9487179487179488,0,0.0,-1.7368257755234908,0.5007918697515392,-3.559153055897578,0.8497063001572491,2.272727272727273,4,0,1.4375,2,0,english,spanish,Indo-European,Germanic,Indo-European,Romance,LATIN,6949,7087876,LATIN,2778,2073043
48,en,es,What was the name of the protagonist in the Prizzi novels?,¿Cuál era el nombre del protagonista de las novelas de los Prizzi?,"The protagonist in the Prizzi novels, written by Richard Condon, is Charlie Partanna. He is a key character in the series, starting with ""Prizzi's Honor.""","El protagonista de las novelas de los Prizzi, escritas por Richard Condon, es Charley Partanna. Charley es un sicario que trabaja para la familia mafiosa Prizzi y es un personaje central en la serie de libros, el más famoso de los cuales es ""Prizzi's Honor"".",True,1,law,work_creation,15,28.0,0.5357142857142857,2,0.25,-1.623659111321652,0.1680138839123666,-2.4648195970458784,0.682919052566257,1.9333333333333331,4,0,1.0,2,0,english,spanish,Indo-European,Germanic,Indo-European,Romance,LATIN,6949,7087876,LATIN,2778,2073043
33,en,fr,In which country was AFN Bremerhaven located?,Dans quel pays se trouvait l'AFN Bremerhaven ?,"AFN Bremerhaven was located in Germany. AFN stands for American Forces Network, and AFN Bremerhaven was one of the network's broadcasting stations serving U.S. military personnel stationed in and around Bremerhaven, Germany.","L'AFN (American Forces Network) Bremerhaven se trouvait en Allemagne. Bremerhaven est une ville portuaire située dans le nord de l'Allemagne, et elle a hébergé une base militaire américaine durant la période de la Guerre froide.",True,1,geography,location,5,10.0,0.5,0,0.0,-1.2375279740863458,0.9477646180800868,-2.6316979796932376,1.1925215730472123,1.3333333333333333,2,0,0.875,1,0,english,french,Indo-European,Germanic,Indo-European,Romance,LATIN,6949,7087876,LATIN,2949,2719280
30,en,fr,What was the position of August Joseph Donatelli's plane during World War II when it was shot down?,Quelle était la position de l'avion d'August Joseph Donatelli pendant la Seconde Guerre mondiale lorsqu'il a été abattu ?,"August Joseph Donatelli served as a waist gunner on a B-17 bomber during World War II. When his plane was shot down, he occupied this position, which is located on the side of the aircraft, typically midway between the nose and the tail. Waist gunners were responsible for defending the aircraft from enemy fighters approaching from the sides.","August Joseph Donatelli servait comme mitrailleur dans l'US Air Force pendant la Seconde Guerre mondiale. Son avion, un bombardier B-17, a été abattu lors d'une mission au-dessus de l'Europe. Malheureusement, les détails précis de l'emplacement où son avion a été abattu peuvent varier selon les sources. Pour obtenir une information précise et détaillée, il serait utile de consulter des archives militaires ou des récits historiques spécifiques concernant le groupe de bombardement auquel il appartenait.",False,1,history,event,143,171.0,0.8362573099415205,1,0.0526315789473684,-0.3962567905835452,5.549038952623143,-2.359058802508802,1.0479170331644336,2.090909090909091,4,1,0.9473684210526316,1,0,english,french,Indo-European,Germanic,Indo-European,Romance,LATIN,6949,7087876,LATIN,2949,2719280
55,en,fr,What was the television network that aired The Greatest Canadian Invention?,"Quelle chaîne de télévision a diffusé l'émission ""The Greatest Canadian Invention"" ?","The television network that aired ""The Greatest Canadian Invention"" was CBC Television.","L'émission ""The Greatest Canadian Invention"" a été diffusée par la chaîne de télévision CBC (Canadian Broadcasting Corporation).",False,1,culture,organization,52,66.0,0.7878787878787878,0,0.0,-0.4197466220264243,3.4953925557944205,-3.2275648421674488,1.496883475795059,2.0,3,0,0.9166666666666666,1,0,english,french,Indo-European,Germanic,Indo-European,Romance,LATIN,6949,7087876,LATIN,2949,2719280
39,en,fr,Since which decade did bowl games start counting toward single-season and career statistics?,"Au cours de quelle décennie les ""Bowl Games"" ont-ils commencé à être pris en compte dans les statistiques de saison et de carrière ?","Bowl games started counting toward single-season and career statistics beginning in the 2002 season. Prior to that, statistics from bowl games were not included in a player’s season or career totals.","Les ""Bowl Games"" ont commencé à être pris en compte dans les statistiques de saison et de carrière à partir de la saison 2002. Avant cela, les statistiques des matchs de bowl n'étaient pas incluses dans les totaux de saison ou de carrière des joueurs de football universitaire. Cette décision a été prise pour donner une image plus complète des performances des joueurs tout au long de la saison.",True,1,sports,date_time,131,136.0,0.9632352941176472,0,0.0,-0.5274738200497322,1.5482450827619985,-1.8715707267785997,0.6640248568284728,2.2857142857142856,5,0,0.9285714285714286,1,0,english,french,Indo-European,Germanic,Indo-European,Romance,LATIN,6949,7087876,LATIN,2949,2719280
63,en,fr,What is the original name of Entebbe General Hospital?,Quel est le nom d'origine de l'hôpital général d'Entebbe ?,The original name of Entebbe General Hospital is Entebbe Military Hospital.,"Le nom d'origine de l'hôpital général d'Entebbe est ""Entebbe Grade A Hospital"". Cet établissement se trouve à Entebbe, en Ouganda, et joue un rôle important dans le système de santé de la région.",False,2,health,definition,30,36.0,0.8333333333333334,0,0.0,-0.9496396009158776,0.5566703065691009,-3.0734538968542173,0.633807818190055,2.1538461538461537,4,0,0.9,1,0,english,french,Indo-European,Germanic,Indo-European,Romance,LATIN,6949,7087876,LATIN,2949,2719280
56,en,fr,What was the name of the University of Detroit's halfback in the 1929 football season?,Quel était le nom du demi-arrière de l'université de Détroit lors de la saison de football de 1929 ?,The University of Detroit's halfback in the 1929 football season was Lloyd Brazil. He was a standout player and is well remembered in the history of the university's football program.,Le demi-arrière de l'université de Détroit durant la saison de football de 1929 était Lloyd Brazil. Il a été un joueur remarquable et a grandement contribué au succès de l'équipe à cette époque.,True,1,sports,person,48,66.0,0.7272727272727273,0,0.0,-2.046658726722029,-0.4310834817712337,-4.740559460245142,0.8666756445177062,2.6666666666666665,5,0,0.9375,1,0,english,french,Indo-European,Germanic,Indo-European,Romance,LATIN,6949,7087876,LATIN,2949,2719280
42,en,fr,What is the original name of the Flood Modeller software?,Quel était le nom d'origine du logiciel Flood Modeller ?,The Flood Modeller software was originally known as ISIS. It was developed by HR Wallingford and has been used for hydrodynamic modeling and flood risk management.,"Le logiciel Flood Modeller était à l'origine connu sous le nom de ""ISIS"".",True,1,technology,work_creation,20,28.0,0.7142857142857143,0,0.0,-0.9114056368969322,1.5081580354747717,-1.993009564079523,0.7402895534027938,2.0833333333333335,4,0,0.9090909090909092,1,0,english,french,Indo-European,Germanic,Indo-European,Romance,LATIN,6949,7087876,LATIN,2949,2719280
46,en,fr,What religious practice did the Magars follow?,Quelle pratique religieuse les Magars suivaient-ils ?,"The Magars, who are an indigenous ethnic group primarily residing in Nepal, have traditionally practiced a blend of religions and spiritual beliefs. Historically, their religious practices have included elements of shamanism and animism, with a strong emphasis on nature worship and the veneration of ancestors. Shamans, known locally as ""Bijuwa"" or ""Dhami,"" play a crucial role in their spiritual and community life, performing rituals to appease spirits and seek guidance.

In contemporary times, many Magars have also adopted Hinduism and Buddhism, reflecting the broader religious landscape of Nepal. As a result, their religious practices today may incorporate Hindu and Buddhist customs alongside their indigenous traditions. This syncretism allows the Magars to maintain their cultural identity while also being part of the larger religious communities in Nepal.","Les Magars, un groupe ethnique du Népal, suivaient traditionnellement une combinaison de pratiques religieuses influencées par le bouddhisme, l'hindouisme et leurs propres croyances animistes et chamaniques indigènes. Historiquement, le chamanisme a joué un rôle important dans leur culture, où des chamans, appelés ""dangres"" ou ""phedangres"" chez les Magars, servaient d'intermédiaires entre le monde humain et le monde spirituel.

Avec le temps, l'hindouisme et le bouddhisme ont également pris une place importante dans la vie religieuse des Magars, avec certains qui adoptent principalement des pratiques hindoues, tandis que d'autres suivent le bouddhisme, notamment le bouddhisme tibétain. Cette diversité religieuse reflète la richesse culturelle et la capacité des Magars à intégrer différentes traditions spirituelles.",False,1,culture,other,9,28.0,0.3214285714285714,2,0.25,-1.4475279132374368,0.7235574738272275,-2.8027638384413827,1.232458588732029,1.25,2,0,0.875,1,0,english,french,Indo-European,Germanic,Indo-European,Romance,LATIN,6949,7087876,LATIN,2949,2719280
57,en,fr,What does the lowest part of the Espiritu Santo Formation consist of?,De quoi est constituée la partie la plus basse de la formation d'Espiritu Santo ?,"The Espiritu Santo Formation, primarily located in Panama, is a geological formation known for its fossil-rich deposits. The lowest part of the Espiritu Santo Formation commonly consists of marine sediments, primarily composed of sandstone, siltstone, and shale. These sedimentary rocks were deposited in a marine environment, suggesting that the area was once underwater. The precise composition can vary slightly depending on the specific location within the formation, but the presence of marine fossils is typical, indicating the ancient marine conditions during the time of deposition.","La formation d'Espiritu Santo est une formation géologique qui se trouve principalement au Vanuatu, dans l'océan Pacifique. Comme pour de nombreuses formations géologiques, la composition peut varier selon les localités et les périodes de dépôt. Néanmoins, les formations géologiques similaires sont généralement constituées de sédiments marins tels que des calcaires, des marnes, des argiles ou des grès. Pour obtenir des informations précises sur la constitution de la partie la plus basse de la formation d'Espiritu Santo, il serait idéal de consulter des études géologiques détaillées ou des relevés stratigraphiques spécifiques à cette région.",False,1,science,definition,48,78.0,0.6153846153846154,1,0.0769230769230769,-0.7539713643836334,8.099344152841923,-2.643653356155497,1.421351722795727,2.1875,4,0,0.9230769230769232,1,0,english,french,Indo-European,Germanic,Indo-European,Romance,LATIN,6949,7087876,LATIN,2949,2719280
66,en,fr,In which year was the Toronto edition of Ming Pao Daily News launched?,En quelle année l'édition torontoise du Ming Pao Daily News a-t-elle été lancée ?,The Toronto edition of Ming Pao Daily News was launched in 1993.,L'édition torontoise du Ming Pao Daily News a été lancée en 1993.,True,1,history,date_time,67,91.0,0.7362637362637363,0,0.0,-1.126211705684249,2.180546001287485,-3.218861740009949,0.890509638253362,1.8235294117647056,3,0,0.9285714285714286,1,0,english,french,Indo-European,Germanic,Indo-European,Romance,LATIN,6949,7087876,LATIN,2949,2719280
31,en,fr,In what year was the NIH MERIT Award first created?,En quelle année le prix MERIT des NIH a-t-il été créé pour la première fois ?,The National Institutes of Health (NIH) MERIT (Method to Extend Research in Time) Award was first established in 1986.,Le prix MERIT des National Institutes of Health (NIH) a été créé pour la première fois en 1986.,True,1,health,date_time,77,91.0,0.8461538461538461,0,0.0,-0.7625199923386076,1.204851224680365,-2.932206963579886,0.5735559218819587,1.6111111111111112,3,0,0.9090909090909092,1,0,english,french,Indo-European,Germanic,Indo-European,Romance,LATIN,6949,7087876,LATIN,2949,2719280
45,en,fr,What was the name of the military base established in the Vedder Crossing area in 1941?,Quel était le nom de la base militaire établie dans la région de Vedder Crossing en 1941 ?,The military base established in the Vedder Crossing area in 1941 was named Camp Chilliwack.,La base militaire établie dans la région de Vedder Crossing en 1941 était connue sous le nom de Camp Chilliwack.,True,1,history,entity_object,31,55.0,0.5636363636363636,1,0.0909090909090909,-1.4722749510720066,4.424397529998203,-3.8924475255293816,1.4075537169393073,3.2777777777777777,6,1,0.9411764705882352,1,0,english,french,Indo-European,Germanic,Indo-European,Romance,LATIN,6949,7087876,LATIN,2949,2719280
60,en,fr,"In the 1999 New Zealand general election, which party did Helen Clark lead to victory?","Aux élections générales néo-zélandaises de 1999, quel parti Helen Clark a-t-elle mené à la victoire ?","In the 1999 New Zealand general election, Helen Clark led the Labour Party to victory.",Helen Clark a mené le Parti travailliste néo-zélandais à la victoire lors des élections générales de 1999 en Nouvelle-Zélande.,True,2,politics,person,80,105.0,0.7619047619047619,0,0.0,-0.2351193226208772,6.833575936136482,-2.113247884645209,1.4904532829329875,1.6842105263157894,3,0,1.0,2,0,english,french,Indo-European,Germanic,Indo-European,Romance,LATIN,6949,7087876,LATIN,2949,2719280
29,en,fr,What kind of systems does International Road Dynamics provide to ensure that vehicles depart terminals within acceptable weight limits?,Quel type de systèmes International Road Dynamics fournit-il pour s'assurer que les véhicules quittent les terminaux dans les limites de poids acceptables ?,"International Road Dynamics (IRD) provides a range of systems that help ensure vehicles depart terminals within acceptable weight limits. These systems typically include:

1. **Weigh-in-Motion (WIM) Systems**: These are used to measure the weight of vehicles as they move over sensors embedded in the road surface. It helps to accurately and efficiently ensure that vehicles comply with legal weight limits without stopping them.

2. **Static Weighing Systems**: These systems require vehicles to stop on a scale to measure their weight. They are generally used for precise weight measurements and are often found at loading docks or terminal exits.

3. **Overload Detection Systems**: These systems identify vehicles that exceed the weight limits and can trigger alerts or notifications for enforcement action or vehicle re-routing.

4. **Vehicle Classification Systems**: By classifying vehicles into categories, these systems can apply different weight limits and ensure compliance according to the vehicle type.

5. **Integrated Software Solutions**: IRD often pairs its physical systems with software for data collection, analysis, and reporting. This software helps monitor and manage vehicle weights and loads over time.

These systems collectively help in automating the process of weight compliance, reducing delays, and maintaining safety and regulatory compliance at terminals.","International Road Dynamics fournit des systèmes de pesage en mouvement (Weigh-In-Motion, WIM) pour s'assurer que les véhicules quittent les terminaux dans les limites de poids acceptables. Ces systèmes permettent de peser les véhicules dynamiquement, c'est-à-dire sans qu'ils aient besoin de s'arrêter, ce qui facilite la gestion du trafic et contribue à la sécurité routière en veillant à ce que les véhicules ne dépassent pas les limites légales de poids.",True,1,technology,other,141,190.0,0.7421052631578947,0,0.0,-0.6313258287673702,2.3449376363102106,-3.045698505972073,0.8223408485694704,2.76,5,2,0.95,1,0,english,french,Indo-European,Germanic,Indo-European,Romance,LATIN,6949,7087876,LATIN,2949,2719280
67,en,fr,What was artistic swimming previously known as?,Comment s'appelait auparavant la natation artistique ?,Artistic swimming was previously known as synchronized swimming. The name change was made to better reflect the sport's artistic elements and to align with other artistic sports. The International Swimming Federation (FINA) officially adopted the new name in 2017.,La natation artistique était auparavant connue sous le nom de natation synchronisée.,True,1,sports,definition,17,21.0,0.8095238095238095,0,0.0,-0.8257646453576275,4.550548985903687,-2.613082466630773,1.6630825981531134,1.125,2,0,0.875,1,0,english,french,Indo-European,Germanic,Indo-European,Romance,LATIN,6949,7087876,LATIN,2949,2719280
36,en,fr,In which year did the Great Canadian flag debate officially begin?,En quelle année le grand débat sur le drapeau canadien a-t-il officiellement commencé ?,"The Great Canadian Flag Debate officially began in 1964. This debate led to the adoption of the current national flag of Canada, which was inaugurated on February 15, 1965.","Le grand débat sur le drapeau canadien a officiellement commencé en 1964. Ce débat a conduit à l'adoption du drapeau actuel du Canada, connu sous le nom de « l'Unifolié », qui a été inauguré le 15 février 1965.",True,3,history,date_time,75,78.0,0.9615384615384616,0,0.0,-0.7963738588544684,0.2740682769274353,-2.0124365725430855,0.4628204245553539,1.6666666666666667,3,0,0.9166666666666666,1,0,english,french,Indo-European,Germanic,Indo-European,Romance,LATIN,6949,7087876,LATIN,2949,2719280
59,en,fr,In which year did the Whitehaven School become the Whitehaven Academy?,En quelle année la Whitehaven School est-elle devenue la Whitehaven Academy ?,Whitehaven School became the Whitehaven Academy in 2014 when it transitioned to academy status under the sponsorship of Bright Tribe Trust.,La Whitehaven School est devenue la Whitehaven Academy en 2014.,True,1,history,date_time,26,36.0,0.7222222222222222,1,0.1111111111111111,-1.1073015001817963,1.8696822639084545,-2.138102598515355,0.7882332982463901,1.3846153846153846,2,0,0.9166666666666666,1,0,english,french,Indo-European,Germanic,Indo-European,Romance,LATIN,6949,7087876,LATIN,2949,2719280
38,en,fr,When was the Uniform Residential Landlord and Tenant Act created?,"Quand la loi ""Uniform Residential Landlord and Tenant Act"" a-t-elle été créée ?","The Uniform Residential Landlord and Tenant Act (URLTA) was created in 1972 by the National Conference of Commissioners on Uniform State Laws, now known as the Uniform Law Commission. The act was designed to standardize and improve the legal relationship between landlords and tenants across different states.","La ""Uniform Residential Landlord and Tenant Act"" (URLTA) a été créée en 1972 par la National Conference of Commissioners on Uniform State Laws aux États-Unis. Cette loi, conçue pour standardiser et clarifier les relations entre locataires et propriétaires, a servi de modèle pour de nombreuses législations étatiques concernant la location résidentielle.",True,1,law,date_time,68,91.0,0.7472527472527473,0,0.0,-1.227236438858058,4.747611509846066,-3.64658946514077,1.3361523979150334,1.9375,3,0,0.9090909090909092,1,0,english,french,Indo-European,Germanic,Indo-European,Romance,LATIN,6949,7087876,LATIN,2949,2719280
37,en,fr,Who was the first female mayor in Turkey?,Qui était la première femme maire en Turquie ?,"The first female mayor in Turkey was Müfide İlhan. She was elected as the mayor of Mersin in 1950, becoming the first woman to hold such a position in Turkey.","La première femme à être élue maire en Turquie est Sadiye Hanım. Elle a été élue maire de la ville de Mersin en 1950. Sa victoire a marqué un moment significatif dans l'histoire politique de la Turquie, car elle a ouvert la voie à une plus grande participation des femmes dans la politique locale et nationale du pays.",False,1,politics,person,24,36.0,0.6666666666666666,1,0.1111111111111111,-1.3256194243040251,3.131305532691976,-2.858714569967134,1.3711983782071824,1.0,2,0,0.8888888888888888,1,0,english,french,Indo-European,Germanic,Indo-European,Romance,LATIN,6949,7087876,LATIN,2949,2719280
44,en,fr,What was the specific purpose of a bulk material analyzer located just upstream of the raw mill in cement production?,Quel était l'objectif spécifique d'un analyseur de matériaux en vrac situé juste en amont du broyeur à cru dans la production de ciment ?,"In cement production, the specific purpose of locating a bulk material analyzer just upstream of the raw mill is to ensure the consistent quality and composition of the raw material mix before it enters the raw mill for grinding. The bulk material analyzer provides real-time analysis of the elemental composition of the raw materials, typically using technologies such as prompt gamma neutron activation analysis (PGNAA) or X-ray fluorescence (XRF).

This real-time data allows plant operators to make immediate adjustments to the raw material mix, optimizing the blending of different materials such as limestone, clay, sand, and iron ore. By ensuring the precise and consistent composition of these inputs, the analyzer helps maintain the desired chemical proportions necessary for producing clinker with the desired properties, leading to higher quality cement. Additionally, this optimization contributes to increased efficiency in the kiln, reduced energy consumption, and minimized emissions by avoiding over- or underuse of corrective materials.","Dans la production de ciment, un analyseur de matériaux en vrac situé juste en amont du broyeur à cru a pour objectif spécifique de fournir une analyse en temps réel de la composition chimique des matières premières qui alimentent le broyeur. Cela permet de contrôler et d'optimiser la composition de l'alimentation en ajustant les proportions des matériaux bruts comme le calcaire, l'argile, le sable et le minerai de fer.

Les objectifs spécifiques de cet analyseur incluent :

1. **Assurer une qualité homogène** : En maintenant une composition chimique constante, l'analyseur aide à produire un mélange brut homogène, essentiel pour la qualité finale du ciment.

2. **Optimiser le processus de broyage** : Une connaissance précise des matériaux alimentant le broyeur permet de régler les paramètres de broyage pour une efficacité accrue.

3. **Réduire les coûts de production** : En minimisant les écarts de qualité, l'analyseur contribue à réduire les ajustements coûteux en aval du processus de production.

4. **Prévenir les arrêts de production** : Des informations précises et en temps réel permettent de réagir rapidement aux variations de la qualité des matières premières, évitant ainsi des interruptions imprévues du processus.

5. **Améliorer la durabilité environnementale** : En optimisant l'utilisation des matières premières, l'analyseur aide également à minimiser les déchets et à améliorer l'efficacité énergétique du processus de production.

En résumé, l'analyseur contribue de manière cruciale à l'efficacité, la qualité et la rentabilité du processus de production de ciment.",True,1,technology,scientific_technical,218,253.0,0.8616600790513834,0,0.0,-0.4062606213700178,3.5246163929561423,-5.070018017431683,1.212768529133447,3.740740740740741,7,1,0.9523809523809524,1,0,english,french,Indo-European,Germanic,Indo-European,Romance,LATIN,6949,7087876,LATIN,2949,2719280
65,en,fr,In what year was Greg Brown's album One More Goodnight Kiss released?,"En quelle année est sorti l'album ""One More Goodnight Kiss"" de Greg Brown ?","Greg Brown's album ""One More Goodnight Kiss"" was released in 1988.","L'album ""One More Goodnight Kiss"" de Greg Brown est sorti en 1988.",True,1,arts,date_time,55,66.0,0.8333333333333334,0,0.0,-0.7407692461550989,6.573913564967362,-4.0655507461040665,1.7917324383646749,2.0588235294117645,3,0,0.9230769230769232,1,0,english,french,Indo-European,Germanic,Indo-European,Romance,LATIN,6949,7087876,LATIN,2949,2719280
35,en,fr,What was the name of Nellie McKay's record label when Pretty Little Head was released?,"Quel était le nom du label de Nellie McKay lorsque ""Pretty Little Head"" est sorti ?","Nellie McKay released ""Pretty Little Head"" on her own record label, titled Hungry Mouse.","Lorsque ""Pretty Little Head"" est sorti, Nellie McKay l'a publié sous son propre label appelé Hungry Mouse après avoir quitté Columbia Records.",True,1,history,organization,53,78.0,0.6794871794871795,0,0.0,-0.9363850332087668,4.359455980320621,-4.163996559369306,1.6006734572804429,2.263157894736842,4,1,0.9375,1,0,english,french,Indo-European,Germanic,Indo-European,Romance,LATIN,6949,7087876,LATIN,2949,2719280
51,en,fr,How long does a Rector of Università Cattolica del Sacro Cuore remain in office?,Pendant combien de temps un Recteur de l'Università Cattolica del Sacro Cuore reste-t-il en fonction ?,"The Rector of the Università Cattolica del Sacro Cuore typically serves a four-year term. However, the exact terms can vary based on the university's statutes or any amendments made to the governing rules, so it's always a good idea to check the latest guidelines from the university for the most accurate information.","Le mandat d'un Recteur de l'Università Cattolica del Sacro Cuore est généralement de quatre ans. Toutefois, un Recteur peut être réélu pour des mandats supplémentaires, bien que cela dépende des statuts de l'université et des décisions du conseil universitaire.",True,1,education,other,75,105.0,0.7142857142857143,0,0.0,-0.5301081571727045,9.408169836709291,-3.907802694150183,2.3993874306476104,2.0,3,0,0.9333333333333332,1,0,english,french,Indo-European,Germanic,Indo-European,Romance,LATIN,6949,7087876,LATIN,2949,2719280
41,en,fr,What was the name of the conference Campbell University's women's basketball team played in from 1994 to 2011?,Dans quelle conférence l'équipe féminine de basket-ball de l'université Campbell a-t-elle évolué de 1994 à 2011 ?,"From 1994 to 2011, Campbell University's women's basketball team played in the Atlantic Sun Conference.",L'équipe féminine de basket-ball de l'université Campbell a évolué dans la Atlantic Sun Conference de 1994 à 2011.,True,1,sports,event,149,190.0,0.7842105263157895,1,0.05,-0.6207637839337965,3.965376011281272,-2.117440161972385,1.050462822096638,1.85,3,0,0.9473684210526316,1,0,english,french,Indo-European,Germanic,Indo-European,Romance,LATIN,6949,7087876,LATIN,2949,2719280
61,en,fr,"What is the name of the album that the song ""That's What Love Is For"" was released on?","Quel est le nom de l'album sur lequel la chanson ""That's What Love Is For"" est sortie ?","The song ""That's What Love Is For"" is by Amy Grant and it was released on the album ""Heart in Motion"" in 1991.","La chanson ""That's What Love Is For"" est sortie sur l'album ""Heart in Motion"" d'Amy Grant. Cet album est sorti en 1991.",True,1,culture,work_creation,119,120.0,0.9916666666666668,0,0.0,-0.6698704455582436,2.5390729730393344,-5.6375907815683,1.421058223934663,3.761904761904762,6,0,1.238095238095238,2,0,english,french,Indo-European,Germanic,Indo-European,Romance,LATIN,6949,7087876,LATIN,2949,2719280
47,en,fr,When was the men's javelin throw event held at the 2010 Asian Games?,Quand l'épreuve masculine du lancer du javelot a-t-elle eu lieu aux Jeux asiatiques de 2010 ?,"The men's javelin throw event at the 2010 Asian Games was held on November 22, 2010.",L'épreuve masculine du lancer du javelot aux Jeux asiatiques de 2010 a eu lieu le 25 novembre 2010.,False,1,sports,event,96,105.0,0.9142857142857144,0,0.0,-1.079142322840423,3.465311950010699,-3.305807621158279,0.9295076881634804,1.9523809523809523,4,0,0.9285714285714286,1,0,english,french,Indo-European,Germanic,Indo-European,Romance,LATIN,6949,7087876,LATIN,2949,2719280
32,en,fr,"On which date was David Nail's album ""Fighter"" released?","À quelle date l'album ""Fighter"" de David Nail est-il sorti ?","David Nail's album ""Fighter"" was released on July 15, 2016.","L'album ""Fighter"" de David Nail est sorti le 15 juillet 2016.",True,1,arts,date_time,73,78.0,0.935897435897436,0,0.0,-0.7103449691690069,2.565261348954772,-2.422019413314904,0.7340320065133511,1.8,3,0,1.0833333333333333,2,0,english,french,Indo-European,Germanic,Indo-European,Romance,LATIN,6949,7087876,LATIN,2949,2719280
62,en,fr,Which data protection regulation in Brazil requires subject access requests to be fulfilled within a specific time frame?,Quelle réglementation brésilienne sur la protection des données exige que les demandes d'accès des personnes concernées soient satisfaites dans un délai précis ?,"In Brazil, the data protection regulation that mandates fulfilling subject access requests within a specific time frame is the Lei Geral de Proteção de Dados (LGPD), or General Data Protection Law. According to the LGPD, data controllers must respond to subject access requests within 15 days from the date of the request. This regulation is designed to ensure individuals have timely access to their personal data and to uphold their rights regarding data privacy.","La réglementation brésilienne sur la protection des données qui exige que les demandes d'accès des personnes concernées soient satisfaites dans un délai précis est la Lei Geral de Proteção de Dados (LGPD). Selon la LGPD, les organisations doivent répondre aux demandes des personnes concernées concernant l'accès à leurs données personnelles dans un délai raisonnable. Le délai spécifique pour répondre n'est pas fixé dans la loi, mais il est généralement interprété comme devant être prompt et raisonnable, souvent similaire à d'autres législations sur la protection des données comme le RGPD en Europe, qui prévoit généralement un délai d'un mois pour répondre. Cependant, les entreprises au Brésil doivent être prêtes à agir rapidement pour se conformer aux principes de la LGPD.",False,1,law,definition,158,190.0,0.8315789473684211,1,0.05,-0.2697611809444589,3.4565187835540616,-2.8558615258729083,0.7723830045316865,2.769230769230769,5,1,0.9473684210526316,1,0,english,french,Indo-European,Germanic,Indo-European,Romance,LATIN,6949,7087876,LATIN,2949,2719280
64,en,fr,In which decade did Harry F. Sinclair purchase Rancocas Stable?,Au cours de quelle décennie Harry F. Sinclair a-t-il acheté l'écurie Rancocas ?,Harry F. Sinclair purchased Rancocas Stable in the 1910s.,"Harry F. Sinclair a acheté l'écurie Rancocas dans les années 1910. Plus précisément, il a acquis l'écurie en 1915.",False,1,history,date_time,67,91.0,0.7362637362637363,1,0.0714285714285714,-0.8222267781899554,1.3343656332346572,-2.31079702613637,0.9207523082638734,1.625,3,0,0.9090909090909092,1,0,english,french,Indo-European,Germanic,Indo-European,Romance,LATIN,6949,7087876,LATIN,2949,2719280
40,en,fr,Who contributed to the album Keys to the Kingdom by North Mississippi Allstars?,"Qui a contribué à l'album ""Keys to the Kingdom"" de North Mississippi Allstars ?","""Keys to the Kingdom"" by North Mississippi Allstars features contributions from several artists. The core members of the band, Luther Dickinson, Cody Dickinson, and Chris Chew, are central to the album. Additionally, the album includes guest appearances by a number of renowned musicians. Some of these contributors are Mavis Staples, Ry Cooder, Spooner Oldham, and Alvin Youngblood Hart. These artists helped enrich the album with their distinctive styles and talents.","L'album ""Keys to the Kingdom"" de North Mississippi Allstars, sorti en 2011, présente plusieurs contributions notables. Les membres principaux du groupe, Luther Dickinson et Cody Dickinson, sont évidemment des contributeurs majeurs. En plus d'eux, l'album inclut des contributions de plusieurs artistes invités, tels que Mavis Staples, Ry Cooder, et Alvin Youngblood Hart. Ces collaborations ajoutent une diversité et une richesse au son de l'album.",False,1,culture,work_creation,133,351.0,0.3789173789173789,1,0.037037037037037,0.0310460552566829,9.49253590367606,-3.921697785196198,1.85448913238437,2.1176470588235294,3,0,0.9285714285714286,1,0,english,french,Indo-European,Germanic,Indo-European,Romance,LATIN,6949,7087876,LATIN,2949,2719280
43,en,fr,What term is used in South Africa to describe someone who obtains government contracts to facilitate outsourced services?,Quel terme est utilisé en Afrique du Sud pour décrire une personne qui obtient des contrats gouvernementaux pour faciliter les services externalisés ?,"In South Africa, the term ""tenderpreneur"" is used to describe someone who obtains government contracts, often to facilitate outsourced services, typically through leveraging political connections. It is a portmanteau of ""tender"" (referring to the bidding process for government contracts) and ""entrepreneur."" This term often carries a negative connotation, suggesting that the individual might be exploiting their connections for personal gain rather than through genuine entrepreneurship or merit.","En Afrique du Sud, le terme souvent utilisé pour décrire une personne qui obtient des contrats gouvernementaux pour faciliter les services externalisés est « tenderpreneur ». Ce mot est une combinaison de ""tender"" (appel d'offres) et ""entrepreneur"", et il est généralement utilisé dans un contexte critique pour désigner ceux qui profitent du système d'appels d'offres publics, parfois de manière peu éthique ou corrompue.",True,2,technology,definition,92,120.0,0.7666666666666667,1,0.0625,-0.577867190286948,4.292028854213198,-2.011867005834466,0.9423660811074236,2.9583333333333335,6,2,0.9473684210526316,1,0,english,french,Indo-European,Germanic,Indo-European,Romance,LATIN,6949,7087876,LATIN,2949,2719280
53,en,fr,What type of health care group is St John of God Health Care?,Quel type de groupe de soins de santé est St John of God Health Care ?,"St John of God Health Care is a not-for-profit Catholic healthcare organization. It operates a range of services including hospitals, home nursing, disability services, and social outreach programs across Australia and New Zealand. The organization is committed to providing holistic care that aligns with its values based on the teachings of the Catholic Church.","St John of God Health Care est un groupe de soins de santé catholique à but non lucratif basé en Australie. L'organisation fournit une variété de services de santé, y compris des hôpitaux publics et privés, des services de santé mentale, des soins à domicile ainsi que d'autres services de soutien communautaire. En tant qu'organisation catholique, elle intègre des valeurs basées sur la compassion, le respect et la justice dans ses pratiques de soins.",True,1,health,organization,113,120.0,0.9416666666666668,0,0.0,-0.5553344369671595,4.575410073910203,-2.8158611430822087,1.2431698438620442,1.9375,5,0,0.9285714285714286,1,0,english,french,Indo-European,Germanic,Indo-European,Romance,LATIN,6949,7087876,LATIN,2949,2719280
49,en,fr,What did Archer Capital purchase in partnership with the management of Australian Geographic in 1998?,Qu'est-ce qu'Archer Capital a acheté en partenariat avec la direction d'Australian Geographic en 1998 ?,"In 1998, Archer Capital, in partnership with the management of Australian Geographic, purchased the Australian Geographic business. This acquisition included the Australian Geographic journal and its related retail chain.","En 1998, Archer Capital, en partenariat avec la direction d'Australian Geographic, a acquis l'entreprise Australian Geographic elle-même. Cette société est connue pour son magazine emblématique ainsi que pour la vente de produits liés à l'exploration, à la science et à l'aventure via ses magasins de détail et en ligne.",True,1,geography,work_creation,79,91.0,0.8681318681318682,0,0.0,-0.6581320661838944,1.9167144666103768,-2.1841816683576702,0.6595074716878767,2.526315789473684,5,0,0.9375,1,0,english,french,Indo-European,Germanic,Indo-European,Romance,LATIN,6949,7087876,LATIN,2949,2719280
34,en,fr,"According to some writers, which ancient city is equated with Parrhasia?","Selon certains auteurs, quelle cité antique est identifiée à Parrhasia ?","According to some writers, the ancient city of Parrhasia is equated with the city of Lycosura. Lycosura is often considered one of the oldest cities in Arcadia, Greece, and is sometimes linked to Parrhasia in various historical texts.","Parrhasia est une région de l'Arcadie dans la Grèce antique, et elle est parfois mentionnée dans des textes anciens comme étant associée à certaines cités. Cependant, il n'y a pas de consensus clair parmi les auteurs anciens ou modernes pour identifier Parrhasia avec une cité spécifique. Dans certains récits, elle est plutôt décrite comme une région ou une aire géographique plutôt qu'une cité en elle-même. Les auteurs anciens, comme Pausanias, mentionnent Parrhasia dans le contexte de l'Arcadie, mais ils ne l'associent pas nécessairement à une cité spécifique et bien définie.",False,1,history,location,35,55.0,0.6363636363636364,2,0.1818181818181818,-0.5025312043870853,1.777932205706258,-1.297805244845286,0.5978264511481101,1.4166666666666667,2,0,1.0,2,0,english,french,Indo-European,Germanic,Indo-European,Romance,LATIN,6949,7087876,LATIN,2949,2719280
52,en,fr,What is the Planck mass denoted by in the equation for the Vainshtein radius?,Quelle est la masse de Planck indiquée dans l'équation du rayon de Vainshtein ?,"The Planck mass in the equation for the Vainshtein radius is typically denoted by \( M_{\text{Pl}} \). The Vainshtein radius is a concept used in modified gravity theories, like massive gravity, to describe a scale below which modifications to gravity (such as those introduced by a massive graviton) become negligible. The Planck mass is a central constant in these equations, often appearing in the context of comparing gravitational interaction strengths.","Le rayon de Vainshtein est une échelle caractéristique dans certaines théories de gravitation modifiée, comme les théories de gravité massive. Dans l'expression du rayon de Vainshtein, la masse de Planck joue un rôle crucial. La masse de Planck, notée \( M_{\text{Pl}} \), est une constante fondamentale en physique définie comme suit :

\[ M_{\text{Pl}} = \sqrt{\frac{\hbar c}{G}} \]

où :
- \(\hbar\) est la constante de Planck réduite (\(\hbar \approx 1.0545718 \times 10^{-34} \, \text{m}^2 \, \text{kg} \, \text{s}^{-1}\)),
- \(c\) est la vitesse de la lumière dans le vide (\(c \approx 2.998 \times 10^8 \, \text{m/s}\)),
- \(G\) est la constante gravitationnelle (\(G \approx 6.674 \times 10^{-11} \, \text{m}^3 \, \text{kg}^{-1} \, \text{s}^{-2}\)).

La valeur de la masse de Planck est donc :

\[ M_{\text{Pl}} \approx 2.176 \times 10^{-8} \, \text{kg} \]

Dans l'équation du rayon de Vainshtein, cette masse de Planck apparaît souvent dans des relations qui caractérisent des échelles de transition entre des régimes gravitationnels classiques et modifiés.",False,1,science,scientific_technical,23,45.0,0.5111111111111111,1,0.1,-0.5363036122939686,3.8202490372803024,-2.3885617488912185,1.5144140984422338,3.0,6,1,0.9333333333333332,1,0,english,french,Indo-European,Germanic,Indo-European,Romance,LATIN,6949,7087876,LATIN,2949,2719280
54,en,fr,What month did the K-1: K’Festa 3 event take place in?,En quel mois a eu lieu l'événement K-1: K'Festa 3 ?,The K-1: K’Festa 3 event took place in March 2020.,L'événement K-1: K'Festa 3 a eu lieu en mars 2020.,True,1,history,event,41,45.0,0.9111111111111112,0,0.0,-1.2700179389807973,1.0252689133988817,-2.646182408545805,0.805433587140414,1.5833333333333333,3,0,0.9166666666666666,1,0,english,french,Indo-European,Germanic,Indo-European,Romance,LATIN,6949,7087876,LATIN,2949,2719280
50,en,fr,What medal did Nguyễn Thị Mỹ Đức win in women's changquan at the 2002 Asian Games?,Quelle médaille Nguyễn Thị Mỹ Đức a-t-elle remportée en changquan féminin aux Jeux asiatiques de 2002 ?,Nguyễn Thị Mỹ Đức won the bronze medal in women's changquan at the 2002 Asian Games.,Nguyễn Thị Mỹ Đức a remporté la médaille de bronze en changquan féminin aux Jeux asiatiques de 2002.,True,1,sports,other,55,120.0,0.4583333333333333,4,0.25,-0.7713133988491824,3.68263654056677,-2.6874307856008204,1.233237650873982,1.7894736842105263,3,0,0.9411764705882352,1,0,english,french,Indo-European,Germanic,Indo-European,Romance,LATIN,6949,7087876,LATIN,2949,2719280
58,en,fr,In what city did the 1984 Summer Olympics men's 100 metre butterfly final take place?,Dans quelle ville la finale du 100 mètres papillon masculin aux Jeux olympiques d'été de 1984 a-t-elle eu lieu ?,The 1984 Summer Olympics men's 100 metre butterfly final took place in Los Angeles.,La finale du 100 mètres papillon masculin aux Jeux olympiques d'été de 1984 a eu lieu à Los Angeles.,True,1,sports,location,168,171.0,0.9824561403508772,0,0.0,-0.7846505382770569,5.295714078215563,-2.5704190088240706,0.8786966801243359,2.2916666666666665,4,0,0.9375,1,0,english,french,Indo-European,Germanic,Indo-European,Romance,LATIN,6949,7087876,LATIN,2949,2719280
48,en,fr,What was the name of the protagonist in the Prizzi novels?,Quel était le nom du protagoniste dans les romans des Prizzi ?,"The protagonist in the Prizzi novels, written by Richard Condon, is Charlie Partanna. He is a key character in the series, starting with ""Prizzi's Honor.""","Le protagoniste des romans des Prizzi, écrits par Richard Condon, est Charlie Partanna. Il est un membre de la famille criminelle Prizzi.",True,1,law,work_creation,8,21.0,0.3809523809523809,2,0.2857142857142857,-2.0839268967781983,-0.9054622004879036,-2.8310649221996873,0.5710158143575943,1.8571428571428572,3,0,0.9166666666666666,1,0,english,french,Indo-European,Germanic,Indo-European,Romance,LATIN,6949,7087876,LATIN,2949,2719280
33,en,he,In which country was AFN Bremerhaven located?,באיזו מדינה הייתה ממוקמת AFN ברמרהאפן?,"AFN Bremerhaven was located in Germany. AFN stands for American Forces Network, and AFN Bremerhaven was one of the network's broadcasting stations serving U.S. military personnel stationed in and around Bremerhaven, Germany.","תחנת הרדיו הכוחות המזוינים (AFN) ברמרהאפן הייתה ממוקמת בגרמניה. AFN הוא שירות שידור המיועד לכוחות הצבאיים של ארצות הברית המוצבים מחוץ לארצות הברית, ובמקרה זה, השירות סיפק תכנים לצבא ארצות הברית שהיה מוצב באזור זה שבגרמניה.",True,1,geography,location,10,21.0,0.4761904761904761,2,0.2857142857142857,-1.6566882723738126,-0.370753460271118,-2.9282368536787207,0.7723896130793021,1.3,2,0,0.875,1,0,english,hebrew,Indo-European,Germanic,Afro-Asiatic,Semitic,LATIN,6949,7087876,HEBREW,2000,385688
30,en,he,What was the position of August Joseph Donatelli's plane during World War II when it was shot down?,איזה תפקיד מילא אוגוסט ג'וזף דונאטלי במטוס שלו שהופל במהלך מלחמת העולם השנייה?,"August Joseph Donatelli served as a waist gunner on a B-17 bomber during World War II. When his plane was shot down, he occupied this position, which is located on the side of the aircraft, typically midway between the nose and the tail. Waist gunners were responsible for defending the aircraft from enemy fighters approaching from the sides.",אוגוסט ג'וזף דונאטלי שירת כמקלען במטוס שלו במהלך מלחמת העולם השנייה.,True,1,history,event,67,105.0,0.638095238095238,1,0.0666666666666666,-1.5255975943151394,3.3924595092284737,-5.1426024205934855,1.398379245922817,2.6,5,0,1.2105263157894737,3,0,english,hebrew,Indo-European,Germanic,Afro-Asiatic,Semitic,LATIN,6949,7087876,HEBREW,2000,385688
55,en,he,What was the television network that aired The Greatest Canadian Invention?,איזו רשת טלוויזיה שידרה את הסדרה The Greatest Canadian Invention?,"The television network that aired ""The Greatest Canadian Invention"" was CBC Television.","סדרת הטלוויזיה ""The Greatest Canadian Invention"" שודרה ברשת CBC (Canadian Broadcasting Corporation).",False,1,culture,organization,31,55.0,0.5636363636363636,0,0.0,-0.6951354014545367,2.16016608674235,-3.2306414375759864,1.4930820381949714,2.230769230769231,4,0,0.9166666666666666,1,0,english,hebrew,Indo-European,Germanic,Afro-Asiatic,Semitic,LATIN,6949,7087876,HEBREW,2000,385688
39,en,he,Since which decade did bowl games start counting toward single-season and career statistics?,באיזה עשור החלו משחקי קערה להיספר בסטטיסטיקה של עונה בודדת וקריירה?,"Bowl games started counting toward single-season and career statistics beginning in the 2002 season. Prior to that, statistics from bowl games were not included in a player’s season or career totals.","משחקי קערה החלו להיספר בסטטיסטיקה של עונה בודדת וקריירה בעונת 2002 של פוטבול המכללות. לפני כן, הסטטיסטיקות ממשחקי הקערה לא נחשבו לחלק מהסטטיסטיקות הרשמיות של השחקנים באותה עונה או בקריירה שלהם.",True,1,sports,date_time,49,78.0,0.6282051282051282,0,0.0,-0.8108685140310399,1.0700133858539254,-3.098573970460422,0.8969721908072756,2.3333333333333335,5,0,0.9285714285714286,1,0,english,hebrew,Indo-European,Germanic,Afro-Asiatic,Semitic,LATIN,6949,7087876,HEBREW,2000,385688
63,en,he,What is the original name of Entebbe General Hospital?,איך נקרא במקור בית החולים הכללי באנטבה?,The original name of Entebbe General Hospital is Entebbe Military Hospital.,"במקור, בית החולים הכללי באנטבה נקרא ""בית החולים קטבי"" (Kajjansi Hospital).",False,2,health,definition,28,36.0,0.7777777777777778,0,0.0,-1.7891553378827367,5.7773681691856025,-4.994272694493629,2.017942439933759,2.3333333333333335,4,0,0.9,1,0,english,hebrew,Indo-European,Germanic,Afro-Asiatic,Semitic,LATIN,6949,7087876,HEBREW,2000,385688
56,en,he,What was the name of the University of Detroit's halfback in the 1929 football season?,מה היה שמו של הרץ האחורי של אוניברסיטת דטרויט בעונת הפוטבול של 1929?,The University of Detroit's halfback in the 1929 football season was Lloyd Brazil. He was a standout player and is well remembered in the history of the university's football program.,הרץ האחורי של אוניברסיטת דטרויט בעונת הפוטבול של 1929 היה ג'ון פנג'לא. הוא היה אחד השחקנים המרכזיים בקבוצה באותה עונה.,False,1,sports,person,61,78.0,0.782051282051282,0,0.0,-0.4582512125972328,3.324093178788932,-2.7417516427525697,1.2626698287561724,1.8421052631578947,3,0,1.0625,2,0,english,hebrew,Indo-European,Germanic,Afro-Asiatic,Semitic,LATIN,6949,7087876,HEBREW,2000,385688
42,en,he,What is the original name of the Flood Modeller software?,מה היה השם המקורי של תוכנת Flood Modeller?,The Flood Modeller software was originally known as ISIS. It was developed by HR Wallingford and has been used for hydrodynamic modeling and flood risk management.,השם המקורי של תוכנת Flood Modeller היה ISIS.,True,1,technology,work_creation,22,36.0,0.6111111111111112,1,0.1111111111111111,-1.09423981807768,1.23547634205769,-3.4354688447319086,0.9528411276583084,1.3636363636363635,3,0,0.9090909090909092,1,0,english,hebrew,Indo-European,Germanic,Afro-Asiatic,Semitic,LATIN,6949,7087876,HEBREW,2000,385688
46,en,he,What religious practice did the Magars follow?,איזה מנהג דתי קיימו המגרים?,"The Magars, who are an indigenous ethnic group primarily residing in Nepal, have traditionally practiced a blend of religions and spiritual beliefs. Historically, their religious practices have included elements of shamanism and animism, with a strong emphasis on nature worship and the veneration of ancestors. Shamans, known locally as ""Bijuwa"" or ""Dhami,"" play a crucial role in their spiritual and community life, performing rituals to appease spirits and seek guidance.

In contemporary times, many Magars have also adopted Hinduism and Buddhism, reflecting the broader religious landscape of Nepal. As a result, their religious practices today may incorporate Hindu and Buddhist customs alongside their indigenous traditions. This syncretism allows the Magars to maintain their cultural identity while also being part of the larger religious communities in Nepal.","המגרבים, שהם יהודים ממדינות צפון אפריקה כגון מרוקו, תוניסיה, ואלג'יריה, קיימו מנהגים דתיים רבים המייחדים אותם. הנה כמה מהם:

1. **חגיגות המימונה**: מנהג ידוע בקרב יהודי מרוקו, הנחגג במוצאי פסח. זהו חג המסמל שמחה, הכנסת אורחים ותקווה לשפע בשנה הקרובה.

2. **פיוטים ותפילות**: לקהילות המגרביות מסורת עשירה של פיוטים ותפילות הנאמרים בבתי כנסת במהלך התפילות, בעיקר במהלך החגים ובשבתות.

3. **הילולה**: רבים מהמגרבים, במיוחד יהודי מרוקו, מציינים הילולות לזכר צדיקים וקברי צדיקים, כגון רבי שמעון בר יוחאי בל""ג בעומר או רבי מאיר בעל הנס.

4. **ברית מילה וחגים משפחתיים**: טקסי מעגל החיים, כמו ברית מילה ובר מצווה, מתקיימים עם מסורות ומנהגים ייחודיים.

5. **חגים ומועדים**: בנוסף למועדים המוכרים, לקהילות המגרב יש חגים ומועדים מקומיים, כמו ""חתונה של א-לוהים"" ביום שבת הגדול לפני פסח.

המסורות הללו הן חלק מהמורשת התרבותית והדתית של המגרבים, והן משמרות את הזהות הייחודית שלהם.",False,1,culture,other,6,21.0,0.2857142857142857,2,0.2857142857142857,-2.985803003443397,-1.5695151380634214,-3.961147902695741,0.9470960466776984,1.2857142857142858,2,0,0.875,1,0,english,hebrew,Indo-European,Germanic,Afro-Asiatic,Semitic,LATIN,6949,7087876,HEBREW,2000,385688
57,en,he,What does the lowest part of the Espiritu Santo Formation consist of?,ממה מורכב החלק התחתון של תצורת אספיריטו סנטו?,"The Espiritu Santo Formation, primarily located in Panama, is a geological formation known for its fossil-rich deposits. The lowest part of the Espiritu Santo Formation commonly consists of marine sediments, primarily composed of sandstone, siltstone, and shale. These sedimentary rocks were deposited in a marine environment, suggesting that the area was once underwater. The precise composition can vary slightly depending on the specific location within the formation, but the presence of marine fossils is typical, indicating the ancient marine conditions during the time of deposition.","תצורת אספיריטו סנטו, הממוקמת בנגב בישראל, מורכבת ממשקעים ימיים בעיקר. החלק התחתון של התצורה הזו מורכב בעיקר מאבני חול, לעיתים קרובות אלה מעורבים עם חרסית וגיר. תצורות כאלה מצביעות לרוב על סביבה ימית רדודה שבה סחף נהרות נשפך לים, מה שמוביל להצטברות של משקעים גסים יחסית בתחתית.",False,1,science,definition,37,66.0,0.5606060606060606,1,0.0833333333333333,-0.3259965269250773,2.2735570902564546,-1.4134210280627624,0.9621055010563376,2.0,4,0,0.9230769230769232,1,0,english,hebrew,Indo-European,Germanic,Afro-Asiatic,Semitic,LATIN,6949,7087876,HEBREW,2000,385688
66,en,he,In which year was the Toronto edition of Ming Pao Daily News launched?,באיזו שנה שודרה לראשונה מהדורת טורונטו של Ming Pao Daily News?,The Toronto edition of Ming Pao Daily News was launched in 1993.,מהדורת טורונטו של Ming Pao Daily News שודרה לראשונה בשנת 1993.,True,1,history,date_time,51,78.0,0.6538461538461539,0,0.0,-0.1993878861108191,3.9663024777479743,-2.05350270047926,1.3038278506793928,1.8,3,0,0.9285714285714286,1,0,english,hebrew,Indo-European,Germanic,Afro-Asiatic,Semitic,LATIN,6949,7087876,HEBREW,2000,385688
31,en,he,In what year was the NIH MERIT Award first created?,באיזו שנה הוכרז לראשונה על פרס NIH MERIT?,The National Institutes of Health (NIH) MERIT (Method to Extend Research in Time) Award was first established in 1986.,פרס NIH MERIT הוכרז לראשונה בשנת 1986.,True,1,health,date_time,24,36.0,0.6666666666666666,0,0.0,-0.5749503830886836,1.0791385748567557,-3.4960002991586476,1.0377888732106024,1.5,3,0,0.9090909090909092,1,0,english,hebrew,Indo-European,Germanic,Afro-Asiatic,Semitic,LATIN,6949,7087876,HEBREW,2000,385688
45,en,he,What was the name of the military base established in the Vedder Crossing area in 1941?,מה היה שמו של הבסיס הצבאי שהוקם באזור מעבר וודר בשנת 1941?,The military base established in the Vedder Crossing area in 1941 was named Camp Chilliwack.,הבסיס הצבאי שהוקם באזור מעבר וודר בשנת 1941 נקרא מחנה פילון.,False,1,history,entity_object,59,91.0,0.6483516483516484,1,0.0714285714285714,-0.5259891765187775,2.8238839059918868,-2.252469641066024,0.9468220214798284,2.4210526315789473,5,0,1.1176470588235294,2,0,english,hebrew,Indo-European,Germanic,Afro-Asiatic,Semitic,LATIN,6949,7087876,HEBREW,2000,385688
60,en,he,"In the 1999 New Zealand general election, which party did Helen Clark lead to victory?","בבחירות הכלליות של 1999 בניו זילנד, איזו מפלגה הובילה הלן קלארק לניצחון?","In the 1999 New Zealand general election, Helen Clark led the Labour Party to victory.","בבחירות הכלליות של 1999 בניו זילנד, הלן קלארק הובילה את מפלגת הלייבור לניצחון.",True,2,politics,person,72,91.0,0.7912087912087912,0,0.0,0.145009647426182,4.099988085629424,-3.7624859206553434,1.685779037267712,1.7647058823529411,3,0,1.3529411764705883,2,0,english,hebrew,Indo-European,Germanic,Afro-Asiatic,Semitic,LATIN,6949,7087876,HEBREW,2000,385688
29,en,he,What kind of systems does International Road Dynamics provide to ensure that vehicles depart terminals within acceptable weight limits?,אילו מערכות של International Road Dynamics מאפשרות להבטיח שכלי רכב יצאו ליעדם במשקל המותר?,"International Road Dynamics (IRD) provides a range of systems that help ensure vehicles depart terminals within acceptable weight limits. These systems typically include:

1. **Weigh-in-Motion (WIM) Systems**: These are used to measure the weight of vehicles as they move over sensors embedded in the road surface. It helps to accurately and efficiently ensure that vehicles comply with legal weight limits without stopping them.

2. **Static Weighing Systems**: These systems require vehicles to stop on a scale to measure their weight. They are generally used for precise weight measurements and are often found at loading docks or terminal exits.

3. **Overload Detection Systems**: These systems identify vehicles that exceed the weight limits and can trigger alerts or notifications for enforcement action or vehicle re-routing.

4. **Vehicle Classification Systems**: By classifying vehicles into categories, these systems can apply different weight limits and ensure compliance according to the vehicle type.

5. **Integrated Software Solutions**: IRD often pairs its physical systems with software for data collection, analysis, and reporting. This software helps monitor and manage vehicle weights and loads over time.

These systems collectively help in automating the process of weight compliance, reducing delays, and maintaining safety and regulatory compliance at terminals.","International Road Dynamics (IRD) מציעה מספר מערכות וטכנולוגיות שנועדו להבטיח שכלי רכב יוצאים ליעדם במשקל המותר. בין המערכות הללו ניתן למנות:

1. **מערכות שקילה בתנועה (Weigh-In-Motion - WIM):** מערכות אלו מאפשרות שקילה של כלי רכב בזמן תנועה ללא צורך בעצירה. זהו פתרון יעיל למדידה מהירה ומדויקת של משקלים ולטיפול בעומסי תנועה כבדים.

2. **מערכות זיהוי כלי רכב אוטומטיות (Automatic Vehicle Identification - AVI):** מערכות אלו מסייעות בזיהוי כלי רכב ומאפשרות מעקב אחר היסטוריית השקילות שלהם.

3. **תוכנות ניהול נתונים:** מערכות תוכנה המאפשרות ניתוח של הנתונים שנאספים ממערכות השקילה, כולל הפקת דוחות והתראות במידה ומזוהים כלי רכב עם משקל חורג.

4. **מערכות שקילת עומס צירי רכב:** מערכות אלו מודדות את המשקל של כל ציר בנפרד, מה שמאפשר הבנה מדויקת יותר של חלוקת העומס ואיתור חריגות.

באמצעות השילוב של טכנולוגיות מתקדמות אלו, IRD מסייעת ברגולציה ובשמירה על חוקי התעבורה לגבי משקל כלי רכב, תוך כדי שיפור הבטיחות בדרכים והפחתת שחיקת התשתיות.",False,1,technology,other,74,136.0,0.5441176470588235,0,0.0,-0.5484304243721472,3.193669179400752,-3.064362289165508,1.2470641391636907,2.15,4,1,1.25,3,0,english,hebrew,Indo-European,Germanic,Afro-Asiatic,Semitic,LATIN,6949,7087876,HEBREW,2000,385688
67,en,he,What was artistic swimming previously known as?,באיזה שם נודעה בעבר השחייה הצורנית?,Artistic swimming was previously known as synchronized swimming. The name change was made to better reflect the sport's artistic elements and to align with other artistic sports. The International Swimming Federation (FINA) officially adopted the new name in 2017.,"בעבר, השחייה הצורנית נודעה בשם ""שחייה אומנותית"".",False,1,sports,definition,14,28.0,0.5,1,0.125,-1.676684178386506,1.9196517118384184,-4.20392842086335,1.7431095496623177,1.5454545454545454,3,0,0.875,1,0,english,hebrew,Indo-European,Germanic,Afro-Asiatic,Semitic,LATIN,6949,7087876,HEBREW,2000,385688
36,en,he,In which year did the Great Canadian flag debate officially begin?,באילו שנה החל באופן רשמי הוויכוח הגדול על דגל קנדה?,"The Great Canadian Flag Debate officially began in 1964. This debate led to the adoption of the current national flag of Canada, which was inaugurated on February 15, 1965.",הוויכוח הגדול על דגל קנדה החל באופן רשמי בשנת 1964.,True,3,history,date_time,51,55.0,0.9272727272727272,0,0.0,-0.8417959358937729,1.2188307044831643,-4.329001950301678,0.8456774948480353,1.8666666666666667,3,0,0.9166666666666666,1,0,english,hebrew,Indo-European,Germanic,Afro-Asiatic,Semitic,LATIN,6949,7087876,HEBREW,2000,385688
59,en,he,In which year did the Whitehaven School become the Whitehaven Academy?,באיזו שנה בית הספר ווייטהייבן הפך לאקדמיית ווייטהייבן?,Whitehaven School became the Whitehaven Academy in 2014 when it transitioned to academy status under the sponsorship of Bright Tribe Trust.,בית הספר ווייטהייבן הפך לאקדמיית ווייטהייבן בשנת 1981.,False,1,history,date_time,15,28.0,0.5357142857142857,2,0.25,-1.6889451104031363,-0.3125689839043769,-3.4579626588326047,0.8122765574061711,1.4166666666666667,3,0,0.9166666666666666,1,0,english,hebrew,Indo-European,Germanic,Afro-Asiatic,Semitic,LATIN,6949,7087876,HEBREW,2000,385688
38,en,he,When was the Uniform Residential Landlord and Tenant Act created?,מתי נוצר החוק האחיד לשכירות ולהשכרה למגורים?,"The Uniform Residential Landlord and Tenant Act (URLTA) was created in 1972 by the National Conference of Commissioners on Uniform State Laws, now known as the Uniform Law Commission. The act was designed to standardize and improve the legal relationship between landlords and tenants across different states.","החוק האחיד לשכירות ולהשכרה למגורים, הידוע בישראל כחוק השכירות והשאילה, נחקק בשנת 1971. החוק עבר מספר תיקונים לאורך השנים כדי להתאים לשינויים בשוק הנדל""ן ובמדיניות החברתית בישראל.",False,1,law,date_time,16,28.0,0.5714285714285714,0,0.0,-2.5463046771197373,-0.383092128460591,-3.870782758808711,1.1316614717914126,2.3846153846153846,5,0,0.9090909090909092,1,0,english,hebrew,Indo-European,Germanic,Afro-Asiatic,Semitic,LATIN,6949,7087876,HEBREW,2000,385688
37,en,he,Who was the first female mayor in Turkey?,מי הייתה ראשת העיר הראשונה בטורקיה?,"The first female mayor in Turkey was Müfide İlhan. She was elected as the mayor of Mersin in 1950, becoming the first woman to hold such a position in Turkey.",ראשת העיר הראשונה בטורקיה הייתה לֵיילָה אַטַ'סוֹי. היא נבחרה לראשת עיר של העיר מַרְדִין בשנת 1930.,False,1,politics,person,17,28.0,0.6071428571428571,1,0.125,-1.3898388489057136,0.3066836620159967,-2.5546144255045404,0.9527549986918784,1.4,3,0,0.8888888888888888,1,0,english,hebrew,Indo-European,Germanic,Afro-Asiatic,Semitic,LATIN,6949,7087876,HEBREW,2000,385688
44,en,he,What was the specific purpose of a bulk material analyzer located just upstream of the raw mill in cement production?,מה הייתה המטרה הספציפית של מנתח חומרי גלם שהותקן בכיוון הזרימה של מתקן העיבוד בתהליך ייצור המלט?,"In cement production, the specific purpose of locating a bulk material analyzer just upstream of the raw mill is to ensure the consistent quality and composition of the raw material mix before it enters the raw mill for grinding. The bulk material analyzer provides real-time analysis of the elemental composition of the raw materials, typically using technologies such as prompt gamma neutron activation analysis (PGNAA) or X-ray fluorescence (XRF).

This real-time data allows plant operators to make immediate adjustments to the raw material mix, optimizing the blending of different materials such as limestone, clay, sand, and iron ore. By ensuring the precise and consistent composition of these inputs, the analyzer helps maintain the desired chemical proportions necessary for producing clinker with the desired properties, leading to higher quality cement. Additionally, this optimization contributes to increased efficiency in the kiln, reduced energy consumption, and minimized emissions by avoiding over- or underuse of corrective materials.","מנתח חומרי גלם שהותקן בכיוון הזרימה של מתקן העיבוד בתהליך ייצור המלט נועד בעיקר לשפר את יעילות ואיכות תהליך הייצור על ידי ניתוח בזמן אמת של הרכב חומרי הגלם שנכנסים לתהליך. המטרה הספציפית הייתה לוודא שהכמויות הנכונות של כל מרכיב, כמו סידן, סיליקה, אלומינה וברזל, נכנסות לתהליך הייצור. זאת כדי להבטיח שהכימיה של המלט תהיה נכונה ועקבית, מה שמשפיע ישירות על איכות המוצר הסופי. יתר על כן, הניתוח בזמן אמת מאפשר לבצע התאמות מיידיות בתהליך, להפחית טעויות ולייעל את צריכת האנרגיה.",True,1,technology,scientific_technical,210,300.0,0.7,0,0.0,-0.0781895262075961,4.03565122279524,-2.6459849355849725,1.231576790724166,3.1538461538461537,7,0,1.380952380952381,3,0,english,hebrew,Indo-European,Germanic,Afro-Asiatic,Semitic,LATIN,6949,7087876,HEBREW,2000,385688
65,en,he,In what year was Greg Brown's album One More Goodnight Kiss released?,"באיזו שנה יצא האלבום ""One More Goodnight Kiss"" של גרג בראון?","Greg Brown's album ""One More Goodnight Kiss"" was released in 1988.","האלבום ""One More Goodnight Kiss"" של גרג בראון יצא בשנת 1988.",True,1,arts,date_time,48,66.0,0.7272727272727273,0,0.0,-0.4677165824555364,4.284745551146926,-2.168359168102047,1.198436278254168,2.2941176470588234,4,0,0.9230769230769232,1,0,english,hebrew,Indo-European,Germanic,Afro-Asiatic,Semitic,LATIN,6949,7087876,HEBREW,2000,385688
35,en,he,What was the name of Nellie McKay's record label when Pretty Little Head was released?,מה היה שם הלייבל של נלי מקיי כאשר יצא האלבום Pretty Little Head?,"Nellie McKay released ""Pretty Little Head"" on her own record label, titled Hungry Mouse.","האלבום ""Pretty Little Head"" של נלי מקיי יצא בשנת 2006 תחת הלייבל Hungry Mouse.",True,1,history,organization,70,105.0,0.6666666666666666,0,0.0,-0.8736457098829526,4.5654881354615995,-4.047260874576813,1.4346644681299534,1.875,4,1,1.0,2,0,english,hebrew,Indo-European,Germanic,Afro-Asiatic,Semitic,LATIN,6949,7087876,HEBREW,2000,385688
51,en,he,How long does a Rector of Università Cattolica del Sacro Cuore remain in office?,כמה זמן נשאר רקטור Università Cattolica del Sacro Cuore בתפקידו?,"The Rector of the Università Cattolica del Sacro Cuore typically serves a four-year term. However, the exact terms can vary based on the university's statutes or any amendments made to the governing rules, so it's always a good idea to check the latest guidelines from the university for the most accurate information.","למיטב ידיעתי, נכון לאוקטובר 2023, פרנקו אניל היה הרקטור של Università Cattolica del Sacro Cuore. אורך כהונתו של רקטור יכול להשתנות בהתאם למדיניות האוניברסיטה והחלטות מועצת המנהלים שלה, אך בדרך כלל כהונה של רקטור נמשכת כ-4 עד 6 שנים. מומלץ לבדוק ישירות מול האוניברסיטה או באתר האינטרנט שלה למידע מעודכן ספציפית לגבי כהונתו הנוכחית וזמן סיומה.",False,1,education,other,24,66.0,0.3636363636363636,3,0.25,-1.4650853476770946,4.702432402106627,-3.8701936227825033,1.6931462379949984,1.6923076923076923,3,0,1.0666666666666669,2,0,english,hebrew,Indo-European,Germanic,Afro-Asiatic,Semitic,LATIN,6949,7087876,HEBREW,2000,385688
41,en,he,What was the name of the conference Campbell University's women's basketball team played in from 1994 to 2011?,באיזה קונפרנס שיחקה קבוצת כדורסל הנשים של אוניברסיטת קמפבל בשנים 1994 עד 2011?,"From 1994 to 2011, Campbell University's women's basketball team played in the Atlantic Sun Conference.",קבוצת כדורסל הנשים של אוניברסיטת קמפבל שיחקה בקונפרנס האנטלנטיק סאן (Atlantic Sun Conference) בין השנים 1994 עד 2011.,True,1,sports,event,95,153.0,0.6209150326797386,1,0.0555555555555555,-0.470867563948722,3.040119124841348,-3.9361449585332537,0.9700339231356104,2.1176470588235294,4,0,1.5263157894736843,4,0,english,hebrew,Indo-European,Germanic,Afro-Asiatic,Semitic,LATIN,6949,7087876,HEBREW,2000,385688
61,en,he,"What is the name of the album that the song ""That's What Love Is For"" was released on?","מהו שם האלבום שבו נכלל השיר ""That's What Love Is For""?","The song ""That's What Love Is For"" is by Amy Grant and it was released on the album ""Heart in Motion"" in 1991.","השיר ""That's What Love Is For"" נכלל באלבום ""Heart in Motion"" של איימי גרנט.",True,1,culture,work_creation,93,105.0,0.8857142857142857,0,0.0,-1.7261990262721731,0.9404176566417486,-5.460114515129095,1.6793389532410672,4.055555555555555,6,0,1.4761904761904765,3,0,english,hebrew,Indo-European,Germanic,Afro-Asiatic,Semitic,LATIN,6949,7087876,HEBREW,2000,385688
47,en,he,When was the men's javelin throw event held at the 2010 Asian Games?,מתי נערכה תחרות הטלת הכידון לגברים במשחקי אסיה 2010?,"The men's javelin throw event at the 2010 Asian Games was held on November 22, 2010.",תחרות הטלת הכידון לגברים במשחקי אסיה 2010 נערכה ב-21 בנובמבר 2010.,False,1,sports,event,46,55.0,0.8363636363636363,0,0.0,-1.997087055115992,1.4561498553389594,-4.532850037420649,1.3764291891265945,1.8461538461538465,4,0,1.0,2,0,english,hebrew,Indo-European,Germanic,Afro-Asiatic,Semitic,LATIN,6949,7087876,HEBREW,2000,385688
32,en,he,"On which date was David Nail's album ""Fighter"" released?","באיזה תאריך יצא האלבום ""Fighter"" של דיוויד נייל?","David Nail's album ""Fighter"" was released on July 15, 2016.","האלבום ""Fighter"" של דייוויד נייל יצא לאור ב-15 ביולי 2016.",True,1,arts,date_time,45,55.0,0.8181818181818182,0,0.0,-0.8145013784869815,1.533966522266695,-4.922169802447865,1.0886509794388115,1.9230769230769231,3,0,1.0833333333333333,2,0,english,hebrew,Indo-European,Germanic,Afro-Asiatic,Semitic,LATIN,6949,7087876,HEBREW,2000,385688
62,en,he,Which data protection regulation in Brazil requires subject access requests to be fulfilled within a specific time frame?,איזה חוק הגנת נתונים בברזיל מחייב לעמוד בבקשות גישה של אדם לנתונים שמתייחסים אליו בתוך מסגרת זמן ספציפית?,"In Brazil, the data protection regulation that mandates fulfilling subject access requests within a specific time frame is the Lei Geral de Proteção de Dados (LGPD), or General Data Protection Law. According to the LGPD, data controllers must respond to subject access requests within 15 days from the date of the request. This regulation is designed to ensure individuals have timely access to their personal data and to uphold their rights regarding data privacy.",החוק בברזיל שמחייב לעמוד בבקשות גישה של אדם לנתונים שמתייחסים אליו הוא ה-LGPD (Lei Geral de Proteção de Dados Pessoais). חוק זה קובע כי על ארגונים לספק מענה לבקשות גישה לנתונים של אנשים בתוך מסגרת זמן ספציפית של 15 ימים. החוק נועד להבטיח את זכויות הפרטיות והגנת המידע האישי של אזרחי ברזיל.,True,1,law,definition,168,210.0,0.8,1,0.0476190476190476,-0.6126212695335137,2.572769144718424,-3.082494052970759,0.8351077375260522,3.9583333333333335,8,0,1.1578947368421053,3,0,english,hebrew,Indo-European,Germanic,Afro-Asiatic,Semitic,LATIN,6949,7087876,HEBREW,2000,385688
64,en,he,In which decade did Harry F. Sinclair purchase Rancocas Stable?,באיזה עשור רכש הארי פ' סינקלייר את אורוות רנקוקאס?,Harry F. Sinclair purchased Rancocas Stable in the 1910s.,"הארי פ' סינקלייר רכש את אורוות רנקוקאס בשנות ה-20 של המאה ה-20, בשנת 1926.",False,1,history,date_time,22,45.0,0.4888888888888889,1,0.1,-0.6056855179357873,1.3588834750862755,-1.7029456568470671,0.7929102040914561,1.5,2,0,0.9090909090909092,1,0,english,hebrew,Indo-European,Germanic,Afro-Asiatic,Semitic,LATIN,6949,7087876,HEBREW,2000,385688
40,en,he,Who contributed to the album Keys to the Kingdom by North Mississippi Allstars?,מי תרם לאלבום ‏Keys to the Kingdom של North Mississippi Allstars?,"""Keys to the Kingdom"" by North Mississippi Allstars features contributions from several artists. The core members of the band, Luther Dickinson, Cody Dickinson, and Chris Chew, are central to the album. Additionally, the album includes guest appearances by a number of renowned musicians. Some of these contributors are Mavis Staples, Ry Cooder, Spooner Oldham, and Alvin Youngblood Hart. These artists helped enrich the album with their distinctive styles and talents.","האלבום ""Keys to the Kingdom"" של ה-North Mississippi Allstars כולל תרומות ממגוון אמנים. בין התורמים לאלבום ניתן למצוא את מייוויס סטייפלס (Mavis Staples), אל קלארק (Alvin Youngblood Hart), רוזאן קאש (Rosanne Cash) ורבים אחרים. האלבום מתאפיין בשילוב של סגנונות בלוז, רוקנרול ואמריקנה, והשתתפות האמנים השונים מוסיפה עושר וגיוון לצליל הכללי שלו.",False,1,culture,work_creation,101,325.0,0.3107692307692307,3,0.1153846153846153,-0.2856428708487024,5.649596425980168,-5.486668425843096,1.9099955497871333,2.3076923076923075,4,0,0.9285714285714286,1,0,english,hebrew,Indo-European,Germanic,Afro-Asiatic,Semitic,LATIN,6949,7087876,HEBREW,2000,385688
43,en,he,What term is used in South Africa to describe someone who obtains government contracts to facilitate outsourced services?,באיזה מונח משתמשים בדרום אפריקה כדי לתאר מישהו שמשיג חוזים ממשלתיים על מנת לקדם שירותים במיקור חוץ?,"In South Africa, the term ""tenderpreneur"" is used to describe someone who obtains government contracts, often to facilitate outsourced services, typically through leveraging political connections. It is a portmanteau of ""tender"" (referring to the bidding process for government contracts) and ""entrepreneur."" This term often carries a negative connotation, suggesting that the individual might be exploiting their connections for personal gain rather than through genuine entrepreneurship or merit.","בדרום אפריקה, המונח המשמש לתיאור מישהו שמשיג חוזים ממשלתיים על מנת לקדם שירותים במיקור חוץ, ולעיתים תוך ניצול קשרים פוליטיים, הוא ""tenderpreneur"". מונח זה משלב את המילים ""tender"" (מכרז) ו-""entrepreneur"" (יזם), והוא משקף את התופעה של אנשים או חברות המשפיעים על תהליכי המכרזים הציבוריים כדי להפיק מהם רווח אישי.",True,2,technology,definition,115,153.0,0.7516339869281046,1,0.0555555555555555,-0.6811360207561009,3.6095789459091434,-3.1642445002903288,1.0046145739372516,3.136363636363636,6,2,1.2105263157894737,2,0,english,hebrew,Indo-European,Germanic,Afro-Asiatic,Semitic,LATIN,6949,7087876,HEBREW,2000,385688
53,en,he,What type of health care group is St John of God Health Care?,איזה סוג של קבוצת בריאות היא St John of God Health Care?,"St John of God Health Care is a not-for-profit Catholic healthcare organization. It operates a range of services including hospitals, home nursing, disability services, and social outreach programs across Australia and New Zealand. The organization is committed to providing holistic care that aligns with its values based on the teachings of the Catholic Church.","St John of God Health Care היא קבוצה ללא כוונת רווח המספקת שירותי בריאות באוסטרליה. היא אחת מקבוצות שירותי הבריאות הקתוליות הגדולות במדינה. הקבוצה מפעילה בתי חולים, שירותי בריאות קהילתיים ושירותי טיפול נפשי. המחויבות שלה לטיפול באנשים מבוססת על הערכים והמסורת הקתוליים, תוך דגש על מתן טיפול באיכות גבוהה עם חמלה וכבוד.",True,1,health,organization,100,120.0,0.8333333333333334,0,0.0,-0.7949651294558469,4.585292562708595,-3.639030523335708,1.5222540376298417,1.3846153846153846,3,0,0.9285714285714286,1,0,english,hebrew,Indo-European,Germanic,Afro-Asiatic,Semitic,LATIN,6949,7087876,HEBREW,2000,385688
49,en,he,What did Archer Capital purchase in partnership with the management of Australian Geographic in 1998?,מה רכשה ארצ'ר קפיטל בשותפות עם הנהלת Australian Geographic ב-1998?,"In 1998, Archer Capital, in partnership with the management of Australian Geographic, purchased the Australian Geographic business. This acquisition included the Australian Geographic journal and its related retail chain.","בשנת 1998 רכשה ארצ'ר קפיטל, בשותפות עם הנהלת Australian Geographic, את המגזין Australian Geographic. הרכישה כללה את הפעילות העסקית הקשורה במגזין, אשר היה ידוע בהפצת תוכן על הטבע, הגאוגרפיה והתרבות של אוסטרליה.",False,1,geography,work_creation,32,66.0,0.4848484848484848,1,0.0833333333333333,-0.5012842044341624,7.094529344907738,-2.559567796341541,1.94615346085554,1.8571428571428572,4,0,1.0625,2,0,english,hebrew,Indo-European,Germanic,Afro-Asiatic,Semitic,LATIN,6949,7087876,HEBREW,2000,385688
34,en,he,"According to some writers, which ancient city is equated with Parrhasia?","על פי כמה סופרים, איזו עיר עתיקה מזוהה עם פרהסיה?","According to some writers, the ancient city of Parrhasia is equated with the city of Lycosura. Lycosura is often considered one of the oldest cities in Arcadia, Greece, and is sometimes linked to Parrhasia in various historical texts.","עיר עתיקה שמזוהה עם פרהסיה היא לרוב העיר פרגמוס (Pergamos) שביוון העתיקה. פרהסיה היתה מושג ביוונית שפירושו חופש הדיבור או אמירת האמת, ולעיתים מושג זה נקשר לעיר מסוימת שבה התקיימו דיונים פתוחים ודמוקרטיים. אם אתה מתעניין בהקשרים ספרותיים או היסטוריים מסוימים, אני ממליץ לבדוק את המקורות הספציפיים שדנים בנושא זה.",False,1,history,location,35,55.0,0.6363636363636364,1,0.0909090909090909,-0.6819911309258937,2.599867754781146,-1.549301954487639,0.7002518226534096,1.5833333333333333,3,0,1.3846153846153846,2,0,english,hebrew,Indo-European,Germanic,Afro-Asiatic,Semitic,LATIN,6949,7087876,HEBREW,2000,385688
52,en,he,What is the Planck mass denoted by in the equation for the Vainshtein radius?,מהי מסת פלאנק שמוזכרת במשוואה לרדיוס ויינשטיין?,"The Planck mass in the equation for the Vainshtein radius is typically denoted by \( M_{\text{Pl}} \). The Vainshtein radius is a concept used in modified gravity theories, like massive gravity, to describe a scale below which modifications to gravity (such as those introduced by a massive graviton) become negligible. The Planck mass is a central constant in these equations, often appearing in the context of comparing gravitational interaction strengths.","מסת פלאנק היא יחידת מידה טבעית אשר מוגדרת כחלק ממערכת יחידות פלאנק. מסת פלאנק נקבעת על ידי נוסחאות הכוללות את הקבועים הפיזיקליים המהותיים ביותר: קבוע פלאנק המצומצם (\(\hbar\)), מהירות האור (\(c\)), וקבוע הגרביטציה של ניוטון (\(G\)). הנוסחה לחישוב מסת פלאנק היא:

\[ 
m_p = \sqrt{\frac{\hbar c}{G}}
\]

מסת פלאנק היא בערך \(2.18 \times 10^{-8}\) קילוגרם. היא מייצגת סדרי גודל בהם האפקטים הקוונטיים וכוח הכבידה משמעותיים בו זמנית, ויש לה תפקיד חשוב בפיזיקה תיאורטית, בעיקר בתורת הקוונטים ותורת היחסות הכללית. 

לגבי המשוואה לרדיוס ויינשטיין, יש אפשרות שכוונתך הייתה לרדיוס אחר שמערב יחידות פלאנק או עוסקת בחורים שחורים - כמו רדיוס שוורצשילד - אך המונח המדויק ""רדיוס ויינשטיין"" לא מוכר לי מהספרות המדעית.",False,1,science,scientific_technical,12,36.0,0.3333333333333333,1,0.1111111111111111,-2.3167990986256486,1.5872720200727135,-6.265083454486803,2.340162689453219,2.4545454545454546,4,0,1.0,2,0,english,hebrew,Indo-European,Germanic,Afro-Asiatic,Semitic,LATIN,6949,7087876,HEBREW,2000,385688
54,en,he,What month did the K-1: K’Festa 3 event take place in?,באיזה חודש התקיים אירוע K-1: K’Festa 3?,The K-1: K’Festa 3 event took place in March 2020.,אירוע K-1: K’Festa 3 התקיים במרץ 2020.,True,1,history,event,28,36.0,0.7777777777777778,0,0.0,-1.5109785089290606,1.697342485712301,-4.901423326364415,1.458660268858423,1.7,3,0,1.3846153846153846,2,0,english,hebrew,Indo-European,Germanic,Afro-Asiatic,Semitic,LATIN,6949,7087876,HEBREW,2000,385688
50,en,he,What medal did Nguyễn Thị Mỹ Đức win in women's changquan at the 2002 Asian Games?,באיזו מדליה לנשים זכתה נגויין תי-מי-דוק במשחקי אסיה שנערכו בצ'אנגצ'ואן בשנת 2002?,Nguyễn Thị Mỹ Đức won the bronze medal in women's changquan at the 2002 Asian Games.,נגויין תי-מי-דוק זכתה במדליית זהב לנשים בטאקוונדו במשחקי אסיה שנערכו בצ'אנגצ'ואן בשנת 2002.,False,1,sports,other,93,153.0,0.6078431372549019,1,0.0555555555555555,-1.5008978354697238,3.006373699006232,-4.34222173089812,1.469805694866258,2.409090909090909,4,0,1.411764705882353,3,0,english,hebrew,Indo-European,Germanic,Afro-Asiatic,Semitic,LATIN,6949,7087876,HEBREW,2000,385688
58,en,he,In what city did the 1984 Summer Olympics men's 100 metre butterfly final take place?,באיזו עיר התקיים הגמר של מקצה פרפר 100 מטר לגברים באולימפיאדת הקיץ 1984?,The 1984 Summer Olympics men's 100 metre butterfly final took place in Los Angeles.,"גמר מקצה פרפר 100 מטר לגברים באולימפיאדת הקיץ 1984 התקיים בלוס אנג'לס, ארצות הברית.",True,1,sports,location,107,120.0,0.8916666666666667,0,0.0,-0.3399438873851355,4.908337384480367,-4.6684480140338,1.528854155172262,2.85,6,0,1.0625,2,0,english,hebrew,Indo-European,Germanic,Afro-Asiatic,Semitic,LATIN,6949,7087876,HEBREW,2000,385688
48,en,he,What was the name of the protagonist in the Prizzi novels?,איך נקרא הפרוטגוניסט ברומנים של פריצי?,"The protagonist in the Prizzi novels, written by Richard Condon, is Charlie Partanna. He is a key character in the series, starting with ""Prizzi's Honor.""","הפרוטגוניסט ברומנים של פריצי הוא המפקח מונטלבנו. סופר ספרי המתח האיטלקי, אנדראה קאמילרי, כתב סדרה של ספרים בהם מופיעה הדמות הזו.",False,1,law,work_creation,11,28.0,0.3928571428571428,1,0.125,-1.4591202722960157,-0.7758462070763104,-2.3514447929355224,0.5755306197490824,1.4444444444444444,3,0,0.9166666666666666,1,0,english,hebrew,Indo-European,Germanic,Afro-Asiatic,Semitic,LATIN,6949,7087876,HEBREW,2000,385688
33,en,hi,In which country was AFN Bremerhaven located?,AFN Bremerhaven किस देश में स्थित था?,"AFN Bremerhaven was located in Germany. AFN stands for American Forces Network, and AFN Bremerhaven was one of the network's broadcasting stations serving U.S. military personnel stationed in and around Bremerhaven, Germany.",AFN Bremerhaven जर्मनी में स्थित था। यह अमेरिकी सेना के ब्रॉडकास्टिंग नेटवर्क का एक स्टेशन था।,True,1,geography,location,6,15.0,0.4,2,0.3333333333333333,-1.941315400513061,-0.8365114365939388,-4.01889309069783,1.0083783801706847,1.25,2,0,0.875,1,0,english,hindi,Indo-European,Germanic,Indo-European,Indo-Aryan,LATIN,6949,7087876,DEVANAGARI,3500,167234
30,en,hi,What was the position of August Joseph Donatelli's plane during World War II when it was shot down?,द्वितीय विश्व युद्ध के दौरान ऑगस्ट जोसेफ़ डोनाटेली का हवाई जहाज़ किस जगह पर मार गिराया गया था?,"August Joseph Donatelli served as a waist gunner on a B-17 bomber during World War II. When his plane was shot down, he occupied this position, which is located on the side of the aircraft, typically midway between the nose and the tail. Waist gunners were responsible for defending the aircraft from enemy fighters approaching from the sides.",द्वितीय विश्व युद्ध के दौरान अमेरिकी पायलट ऑगस्ट जोसेफ़ डोनाटेली का हवाई जहाज़ जर्मनी में मार गिराया गया था।,True,1,history,event,101,153.0,0.6601307189542484,2,0.1111111111111111,-0.2747027265135892,4.552772400566223,-3.7625575927659183,1.1418521163985913,1.6842105263157894,3,0,1.380952380952381,2,0,english,hindi,Indo-European,Germanic,Indo-European,Indo-Aryan,LATIN,6949,7087876,DEVANAGARI,3500,167234
55,en,hi,What was the television network that aired The Greatest Canadian Invention?,द ग्रेटेस्ट कनेडियन इन्वेंशन को किस टेलीविजन नेटवर्क ने प्रसारित किया था?,"The television network that aired ""The Greatest Canadian Invention"" was CBC Television.","""द ग्रेटेस्ट कनेडियन इन्वेंशन"" को सीबीसी टेलीविजन नेटवर्क द्वारा प्रसारित किया गया था।",False,1,culture,organization,35,55.0,0.6363636363636364,0,0.0,-0.6433120251943508,3.139270379874851,-2.286744825386825,1.067564710313109,1.4615384615384617,2,0,1.25,2,0,english,hindi,Indo-European,Germanic,Indo-European,Indo-Aryan,LATIN,6949,7087876,DEVANAGARI,3500,167234
39,en,hi,Since which decade did bowl games start counting toward single-season and career statistics?,बाउल गेम को किस दशक से सिंगल-सीज़न और करियर के आंकड़ों में गिना जाने लगा?,"Bowl games started counting toward single-season and career statistics beginning in the 2002 season. Prior to that, statistics from bowl games were not included in a player’s season or career totals.","बाउल गेम के आंकड़े NCAA द्वारा 2002 के दशक से सिंगल-सीज़न और करियर के आंकड़ों में गिना जाने लगे। इससे पहले, बाउल गेम के प्रदर्शन को आधिकारिक रिकॉर्ड में शामिल नहीं किया जाता था। 2002 के बाद से, खिलाड़ियों के बाउल गेम में किए गए प्रदर्शन को उनके कुल सिंगल-सीज़न और करियर के आंकड़ों में जोड़ा जाने लगा।",False,1,sports,date_time,105,120.0,0.875,0,0.0,-0.5357286069554063,2.1388112283469325,-2.362336186746871,0.7026131821047897,1.75,4,0,0.9333333333333332,1,0,english,hindi,Indo-European,Germanic,Indo-European,Indo-Aryan,LATIN,6949,7087876,DEVANAGARI,3500,167234
63,en,hi,What is the original name of Entebbe General Hospital?,एंटेबे जनरल अस्पताल का मूल नाम क्या है?,The original name of Entebbe General Hospital is Entebbe Military Hospital.,"एंटेबे जनरल अस्पताल का मूल नाम ""एंटेबे हस्पिटल"" था।",False,2,health,definition,38,45.0,0.8444444444444444,0,0.0,-0.7158418580684957,4.028258668456122,-1.9191184045517444,1.0028176134603672,1.7777777777777777,3,0,0.9,1,0,english,hindi,Indo-European,Germanic,Indo-European,Indo-Aryan,LATIN,6949,7087876,DEVANAGARI,3500,167234
56,en,hi,What was the name of the University of Detroit's halfback in the 1929 football season?,साल 1929 के फ़ुटबॉल सीज़न में डेट्रॉइट यूनिवर्सिटी के हाफ़बैक का क्या नाम था?,The University of Detroit's halfback in the 1929 football season was Lloyd Brazil. He was a standout player and is well remembered in the history of the university's football program.,साल 1929 के फ़ुटबॉल सीज़न में डेट्रॉइट यूनिवर्सिटी के हाफ़बैक का नाम गुस डोरैस (Gus Dorais) था। गुस डोरैस एक प्रमुख खिलाड़ी और कोच थे और उन्होंने अपने समय में कॉलेज फ़ुटबॉल में महत्वपूर्ण योगदान दिया।,False,1,sports,person,48,78.0,0.6153846153846154,1,0.0769230769230769,-0.3506159751761737,4.3646807586330825,-3.3246181259597893,1.334666646543099,1.8,3,0,1.5,2,0,english,hindi,Indo-European,Germanic,Indo-European,Indo-Aryan,LATIN,6949,7087876,DEVANAGARI,3500,167234
42,en,hi,What is the original name of the Flood Modeller software?,फ़्लड मॉडलर सॉफ़्टवेयर का मूल नाम क्या है?,The Flood Modeller software was originally known as ISIS. It was developed by HR Wallingford and has been used for hydrodynamic modeling and flood risk management.,"फ़्लड मॉडलर सॉफ़्टवेयर का मूल नाम ""ISIS"" था। हालांकि, इसका नाम बदलकर अब ""Flood Modeller"" कर दिया गया है। यह सॉफ़्टवेयर बाढ़ के जोखिम और जल प्रबंधन के लिए व्यापक समाधान प्रदान करता है।",True,1,technology,work_creation,21,36.0,0.5833333333333334,1,0.1111111111111111,-0.8686976949967639,0.0752368338287283,-2.360796912266192,0.5161090508163259,1.7777777777777777,3,0,0.9090909090909092,1,0,english,hindi,Indo-European,Germanic,Indo-European,Indo-Aryan,LATIN,6949,7087876,DEVANAGARI,3500,167234
46,en,hi,What religious practice did the Magars follow?,मेगर लोग किस धार्मिक रीति-रिवाज का पालन करते थे?,"The Magars, who are an indigenous ethnic group primarily residing in Nepal, have traditionally practiced a blend of religions and spiritual beliefs. Historically, their religious practices have included elements of shamanism and animism, with a strong emphasis on nature worship and the veneration of ancestors. Shamans, known locally as ""Bijuwa"" or ""Dhami,"" play a crucial role in their spiritual and community life, performing rituals to appease spirits and seek guidance.

In contemporary times, many Magars have also adopted Hinduism and Buddhism, reflecting the broader religious landscape of Nepal. As a result, their religious practices today may incorporate Hindu and Buddhist customs alongside their indigenous traditions. This syncretism allows the Magars to maintain their cultural identity while also being part of the larger religious communities in Nepal.","मेगर समुदाय, जो मुख्यतः नेपाल, भारत और भूटान में पाए जाते हैं, विभिन्न धार्मिक रीति-रिवाजों का पालन करते हैं। पारंपरिक रूप से, मेगर लोग बौन धर्म के अनुयायी थे, जो एक प्रकार का आत्मवादी और प्रकृति-पूजक धर्म है। बौन धर्म में विभिन्न प्रकार के देवी-देवताओं और आत्माओं की पूजा की जाती है। 

समय के साथ, हिंदू धर्म और बौद्ध धर्म का इनके जीवन में प्रभाव बढ़ा, और आजकल अधिकांश मेगर समुदाय हिंदू धर्म का पालन करते हैं। वे विभिन्न हिंदू त्योहारों जैसे दशहरा, तीज और दिवाली को मनाते हैं। इसके अलावा, कई मेगर बौद्ध धर्म के प्रभाव में भी हैं और बुद्ध पूजा आदि का हिस्सा होते हैं।

हालांकि, इनका पारंपरिक रीति-रिवाज और संस्कृति अभी भी उनके धार्मिक त्योहारों और जीवन-शैली में दिखाई देते हैं, जहाँ ये लोग प्रकृति के विभिन्न तत्वों और अपने पूर्वजों की पूजा करते हैं।",False,1,culture,other,53,78.0,0.6794871794871795,0,0.0,-0.6405624340654422,5.410218558541605,-2.7699522934607796,1.4716114861376066,1.7,3,0,0.875,1,0,english,hindi,Indo-European,Germanic,Indo-European,Indo-Aryan,LATIN,6949,7087876,DEVANAGARI,3500,167234
57,en,hi,What does the lowest part of the Espiritu Santo Formation consist of?,एस्पिरिटु सैंटो फ़ॉर्मेशन का सबसे निचला हिस्सा किससे बना है?,"The Espiritu Santo Formation, primarily located in Panama, is a geological formation known for its fossil-rich deposits. The lowest part of the Espiritu Santo Formation commonly consists of marine sediments, primarily composed of sandstone, siltstone, and shale. These sedimentary rocks were deposited in a marine environment, suggesting that the area was once underwater. The precise composition can vary slightly depending on the specific location within the formation, but the presence of marine fossils is typical, indicating the ancient marine conditions during the time of deposition.","एस्पिरिटु सैंटो फॉर्मेशन का सबसे निचला हिस्सा मुख्य रूप से बलुआ पत्थर (सैंडस्टोन) और शेल (मृदाजीव शैल) से बना होता है। यह भूवैज्ञानिक संरचना विभिन्न वातावरणों में तलछटी प्रक्रियाओं द्वारा निर्मित होती है, और इसकी संरचनात्मक विशेषताएँ भौगोलिक स्थान के हिसाब से भिन्न हो सकती हैं। यदि आपके पास किसी विशेष क्षेत्र से संबंधित जानकारी है, तो वह विवरण और स्पष्ट किया जा सकता है।",False,1,science,definition,47,91.0,0.5164835164835165,2,0.1428571428571428,-0.5355294049950133,4.659273938662562,-4.137418512553223,1.1742061329696405,1.818181818181818,3,0,0.9230769230769232,1,0,english,hindi,Indo-European,Germanic,Indo-European,Indo-Aryan,LATIN,6949,7087876,DEVANAGARI,3500,167234
66,en,hi,In which year was the Toronto edition of Ming Pao Daily News launched?,टोरंटो में मिंग पाओ डेली न्यूज़ किस साल लॉन्च किया गया था?,The Toronto edition of Ming Pao Daily News was launched in 1993.,टोरंटो में मिंग पाओ डेली न्यूज़ 1993 में लॉन्च किया गया था।,True,1,history,date_time,41,55.0,0.7454545454545455,0,0.0,-1.1553568187709755,4.714030819054786,-4.400375990755235,1.438976224873775,1.3076923076923077,2,0,0.9285714285714286,1,0,english,hindi,Indo-European,Germanic,Indo-European,Indo-Aryan,LATIN,6949,7087876,DEVANAGARI,3500,167234
31,en,hi,In what year was the NIH MERIT Award first created?,एनआईएच मेरिट अवॉर्ड पहली बार किस साल शुरू किया गया था?,The National Institutes of Health (NIH) MERIT (Method to Extend Research in Time) Award was first established in 1986.,"एनआईएच मेरिट अवॉर्ड पहली बार 1987 में शुरू किया गया था। यह अवॉर्ड राष्ट्रीय स्वास्थ्य संस्थान (National Institutes of Health, NIH) द्वारा अनुसंधानकर्ताओं को दिया जाता है जो उनके क्षेत्र में महत्वपूर्ण योगदान और उत्कृष्टता के लिए पहचाने जाते हैं।",False,1,health,date_time,45,55.0,0.8181818181818182,0,0.0,-1.2703445301540015,0.7806874647728056,-5.345853815993496,1.080399654269279,1.25,2,0,0.9090909090909092,1,0,english,hindi,Indo-European,Germanic,Indo-European,Indo-Aryan,LATIN,6949,7087876,DEVANAGARI,3500,167234
45,en,hi,What was the name of the military base established in the Vedder Crossing area in 1941?,"साल 1941 में, वेडर क्रॉसिंग एरिया में कौनसा सैनिक अड्डा बनाया गया था?",The military base established in the Vedder Crossing area in 1941 was named Camp Chilliwack.,"साल 1941 में, वेडर क्रॉसिंग एरिया में ""चारबाग मिलिट्री कैंप"" नामक सैनिक अड्डा बनाया गया था। यह आधार स्थल ब्रिटिश भारतीय सेना द्वारा द्वितीय विश्व युद्ध के दौरान स्थापित किया गया था और इसका उद्देश्य सैन्य गतिविधियों और संचार के लिए केंद्रीय स्थान के रूप में काम करना था।",False,1,history,entity_object,26,66.0,0.3939393939393939,3,0.25,-1.1839676016377865,1.962471737503257,-3.7193735143888,1.0018232656446615,1.4666666666666666,2,0,1.7647058823529411,2,0,english,hindi,Indo-European,Germanic,Indo-European,Indo-Aryan,LATIN,6949,7087876,DEVANAGARI,3500,167234
60,en,hi,"In the 1999 New Zealand general election, which party did Helen Clark lead to victory?",न्यूज़ीलैंड में 1999 में हुए आम चुनाव में हेलेन क्लार्क की अगुवाई में किस पार्टी को जीत मिली?,"In the 1999 New Zealand general election, Helen Clark led the Labour Party to victory.",न्यूज़ीलैंड में 1999 में हुए आम चुनाव में हेलेन क्लार्क की अगुवाई में लेबर पार्टी को जीत मिली। हेलेन क्लार्क ने चुनाव जीतने के बाद देश की प्रधानमंत्री बनीं और उन्होंने कई वर्षों तक इस पद पर कार्य किया।,True,2,politics,person,86,105.0,0.819047619047619,0,0.0,-0.6403691094681785,2.710827383529243,-3.108469523269548,1.0380296564544056,2.0526315789473686,4,1,1.3529411764705883,2,0,english,hindi,Indo-European,Germanic,Indo-European,Indo-Aryan,LATIN,6949,7087876,DEVANAGARI,3500,167234
29,en,hi,What kind of systems does International Road Dynamics provide to ensure that vehicles depart terminals within acceptable weight limits?,International Road Dynamics यह पक्का करने के लिए कौनसे सिस्टम मुहैया कराता है कि टर्मिनल से तय सीमा में वज़न ढोने वाले वाहन ही गुज़र पाएं?,"International Road Dynamics (IRD) provides a range of systems that help ensure vehicles depart terminals within acceptable weight limits. These systems typically include:

1. **Weigh-in-Motion (WIM) Systems**: These are used to measure the weight of vehicles as they move over sensors embedded in the road surface. It helps to accurately and efficiently ensure that vehicles comply with legal weight limits without stopping them.

2. **Static Weighing Systems**: These systems require vehicles to stop on a scale to measure their weight. They are generally used for precise weight measurements and are often found at loading docks or terminal exits.

3. **Overload Detection Systems**: These systems identify vehicles that exceed the weight limits and can trigger alerts or notifications for enforcement action or vehicle re-routing.

4. **Vehicle Classification Systems**: By classifying vehicles into categories, these systems can apply different weight limits and ensure compliance according to the vehicle type.

5. **Integrated Software Solutions**: IRD often pairs its physical systems with software for data collection, analysis, and reporting. This software helps monitor and manage vehicle weights and loads over time.

These systems collectively help in automating the process of weight compliance, reducing delays, and maintaining safety and regulatory compliance at terminals.","International Road Dynamics (IRD) विभिन्न प्रकार के वज़न और निरीक्षण सिस्टम मुहैया कराता है जो सुनिश्चित करते हैं कि टर्मिनल से केवल वही वाहन गुजरें जो निर्धारित वज़न सीमाओं के भीतर हों। इनमें मुख्य रूप से Weigh-In-Motion (WIM) सिस्टम शामिल हैं, जो चलते हुए वाहनों का वज़न माप सकते हैं। इसके अलावा, IRD वाहन निरीक्षण सिस्टम, जैसे कि ऑटोमैटिक नंबर प्लेट रिकग्निशन (ANPR) और अन्य सेंसर इंटीग्रेशन प्रणाली भी प्रदान करता है। ये तकनीकी समाधान सुनिश्चित करते हैं कि वज़न नियमों का पालन किया जा रहा है और ओवरलोडेड वाहनों को रोका जा सकता है।",False,1,technology,other,266,378.0,0.7037037037037037,0,0.0,-0.2941769185078448,7.394127210863711,-3.2172951402379826,0.9996462000580466,3.142857142857143,7,2,1.55,3,0,english,hindi,Indo-European,Germanic,Indo-European,Indo-Aryan,LATIN,6949,7087876,DEVANAGARI,3500,167234
67,en,hi,What was artistic swimming previously known as?,कलात्मक तैराकी को पहले क्या कहा जाता था?,Artistic swimming was previously known as synchronized swimming. The name change was made to better reflect the sport's artistic elements and to align with other artistic sports. The International Swimming Federation (FINA) officially adopted the new name in 2017.,"कलात्मक तैराकी को पहले ""सिंक्रोनाइज़्ड स्विमिंग"" कहा जाता था। यह नाम 20वीं शताब्दी के अधिकांश हिस्से तक प्रचलित रहा। 2017 में, इस खेल के नाम को ""कलात्मक तैराकी"" के रूप में बदल दिया गया ताकि इसे बेहतर प्रतिनिधित्व मिले और इसकी विविध कलात्मक अभिव्यक्तियों पर जोर दिया जा सके।",True,1,sports,definition,26,36.0,0.7222222222222222,1,0.1111111111111111,-0.6745198706856053,5.0398090086149585,-1.672453274546626,1.1867741562150682,1.1111111111111112,2,0,0.875,1,0,english,hindi,Indo-European,Germanic,Indo-European,Indo-Aryan,LATIN,6949,7087876,DEVANAGARI,3500,167234
36,en,hi,In which year did the Great Canadian flag debate officially begin?,द ग्रेट कनेडियन फ़्लैग डिबेट आधिकारिक तौर पर किस साल शुरू हुआ था?,"The Great Canadian Flag Debate officially began in 1964. This debate led to the adoption of the current national flag of Canada, which was inaugurated on February 15, 1965.","द ग्रेट कनेडियन फ़्लैग डिबेट आधिकारिक तौर पर 1964 में शुरू हुआ था। यह बहस कनाडा के एक नए राष्ट्रीय ध्वज को अपनाने के प्रयास में थी, जो कि अंततः 15 फरवरी 1965 को मेपल लीफ डिज़ाइन के रूप में अपनाया गया।",True,3,history,date_time,43,66.0,0.6515151515151515,1,0.0833333333333333,-1.0480823722523382,3.1451927056702984,-3.370296293053719,1.2118006189996289,1.4285714285714286,2,0,0.9166666666666666,1,0,english,hindi,Indo-European,Germanic,Indo-European,Indo-Aryan,LATIN,6949,7087876,DEVANAGARI,3500,167234
59,en,hi,In which year did the Whitehaven School become the Whitehaven Academy?,व्हाइटहेवन स्कूल किस साल व्हाइटहेवन अकैडमी बन गया?,Whitehaven School became the Whitehaven Academy in 2014 when it transitioned to academy status under the sponsorship of Bright Tribe Trust.,व्हाइटहेवन स्कूल 2015 में व्हाइटहेवन अकैडमी बन गया।,False,1,history,date_time,19,28.0,0.6785714285714286,1,0.125,-1.4380088363250292,-0.096773550371849,-3.902257111026688,0.9589949713080328,1.2222222222222223,2,0,0.9166666666666666,1,0,english,hindi,Indo-European,Germanic,Indo-European,Indo-Aryan,LATIN,6949,7087876,DEVANAGARI,3500,167234
38,en,hi,When was the Uniform Residential Landlord and Tenant Act created?,यूनिफ़ॉर्म रेज़िडेंशियल लैंडलॉर्ड ऐंड टेनेंट ऐक्ट कब लाया गया था?,"The Uniform Residential Landlord and Tenant Act (URLTA) was created in 1972 by the National Conference of Commissioners on Uniform State Laws, now known as the Uniform Law Commission. The act was designed to standardize and improve the legal relationship between landlords and tenants across different states.","यूनिफ़ॉर्म रेज़िडेंशियल लैंडलॉर्ड एंड टेनेंट एक्ट (URLTA) 1972 में लाया गया था। यह कानून अमेरिका में किरायेदारों और मकान मालिकों के बीच संबंधों को नियमित करने और उनकी जिम्मेदारियों और अधिकारों को स्पष्ट करने के उद्देश्य से तैयार किया गया था। हालांकि यह एक मॉडल एक्ट है और इसे राज्यों द्वारा अपनाया जाता है, इसलिए सभी अमेरिकी राज्यों में इसका एक समान रूप में अनुपालन नहीं होता है।",True,1,law,date_time,11,45.0,0.2444444444444444,3,0.3,-0.8553081363936457,3.038933136283521,-2.583248571758648,1.3543384418964883,1.3636363636363635,2,0,0.9090909090909092,1,0,english,hindi,Indo-European,Germanic,Indo-European,Indo-Aryan,LATIN,6949,7087876,DEVANAGARI,3500,167234
37,en,hi,Who was the first female mayor in Turkey?,तुर्किये की पहली महिला मेयर कौन थीं?,"The first female mayor in Turkey was Müfide İlhan. She was elected as the mayor of Mersin in 1950, becoming the first woman to hold such a position in Turkey.","तुर्किये की पहली महिला मेयर बेदिर हंशेहिर थीं, जिन्हें 1930 में मेयर के रूप में चुना गया था। वह इसीके, आंटाल्या के नगर की मेयर थीं। उनका चुनाव तुर्किये के राजनीतिक और सामाजिक इतिहास में एक महत्वपूर्ण घटना थी।",False,1,politics,person,15,36.0,0.4166666666666667,3,0.3333333333333333,-0.7584484564068449,0.1861399425009139,-1.806064448429364,0.655232410758025,1.5,3,0,0.8888888888888888,1,0,english,hindi,Indo-European,Germanic,Indo-European,Indo-Aryan,LATIN,6949,7087876,DEVANAGARI,3500,167234
44,en,hi,What was the specific purpose of a bulk material analyzer located just upstream of the raw mill in cement production?,सीमेंट बनाने के दौरान कच्चा माल मिलाने वाली मशीन के ठीक ऊपर बल्क मटेरियल एनालाइज़र क्यों रखा जाता है?,"In cement production, the specific purpose of locating a bulk material analyzer just upstream of the raw mill is to ensure the consistent quality and composition of the raw material mix before it enters the raw mill for grinding. The bulk material analyzer provides real-time analysis of the elemental composition of the raw materials, typically using technologies such as prompt gamma neutron activation analysis (PGNAA) or X-ray fluorescence (XRF).

This real-time data allows plant operators to make immediate adjustments to the raw material mix, optimizing the blending of different materials such as limestone, clay, sand, and iron ore. By ensuring the precise and consistent composition of these inputs, the analyzer helps maintain the desired chemical proportions necessary for producing clinker with the desired properties, leading to higher quality cement. Additionally, this optimization contributes to increased efficiency in the kiln, reduced energy consumption, and minimized emissions by avoiding over- or underuse of corrective materials.","सीमेंट उत्पादन प्रक्रिया में, बल्क मटेरियल एनालाइज़र को कच्चे माल मिलाने वाली मशीन के ठीक ऊपर रखने का मुख्य उद्देश्य है कि कच्चे माल की गुणात्मक और रासायनिक संरचना का वास्तविक समय में सही-सही विश्लेषण किया जा सके। इस विश्लेषण से कई फायदे होते हैं:

1. **गुणवत्ता नियंत्रण**: यह सुनिश्चित करता है कि कच्चे माल में आवश्यक रासायनिक तत्व सही मात्रा में हैं। इससे सीमेंट की गुणवत्ता में स्थिरता बनी रहती है।

2. **समायोजन की सुविधा**: यदि मटेरियल एनालाइज़र किसी भी असामान्यता का पता लगाता है, तो तुरंत समायोजन किया जा सकता है। ये समायोजन कच्चे माल के अनुपात में परिवर्तन के माध्यम से किए जा सकते हैं ताकि अंतिम उत्पाद के गुण सुनिश्चित हों।

3. **खर्च की बचत**: सही मिश्रण सुनिश्चित करके, यह प्रक्रिया अपशिष्ट को न्यूनतम करने और लागत को नियंत्रित करने में मदद करती है।

4. **समय की बचत**: रियल-टाइम डेटा मिलने से उत्पादन प्रक्रिया में तेजी आती है, क्योंकि प्रयोगशाला में लिए गए लंबे परीक्षणों की आवश्यकता कम हो जाती है।

इस तरह, बल्क मटेरियल एनालाइज़र का उपयुक्त स्थान एक कुशल और प्रभावी सीमेंट उत्पादन प्रक्रिया को सुनिश्चित करता है।",True,1,technology,scientific_technical,419,465.0,0.9010752688172043,0,0.0,-0.139841998845535,4.40921247017528,-2.5493000019903875,0.9336302370469748,2.2,5,0,1.0476190476190477,2,0,english,hindi,Indo-European,Germanic,Indo-European,Indo-Aryan,LATIN,6949,7087876,DEVANAGARI,3500,167234
65,en,hi,In what year was Greg Brown's album One More Goodnight Kiss released?,"ग्रेग ब्राउन का एल्बम ""वन मोर गुडनाइट किस"" किस साल रिलीज़ हुआ था?","Greg Brown's album ""One More Goodnight Kiss"" was released in 1988.","ग्रेग ब्राउन का एल्बम ""वन मोर गुडनाइट किस"" 1988 में रिलीज़ हुआ था।",True,1,arts,date_time,43,66.0,0.6515151515151515,0,0.0,-0.9576096573729708,2.6256911307068367,-4.730931809597948,1.3392918803715936,1.75,3,0,1.0,2,0,english,hindi,Indo-European,Germanic,Indo-European,Indo-Aryan,LATIN,6949,7087876,DEVANAGARI,3500,167234
35,en,hi,What was the name of Nellie McKay's record label when Pretty Little Head was released?,"जब ""प्रिटी लिटिल हेड"" रिलीज़ हुआ था, उस समय नेली मैके के रिकॉर्ड लेबल का क्या नाम था?","Nellie McKay released ""Pretty Little Head"" on her own record label, titled Hungry Mouse.","जब नेली मैके का एल्बम ""प्रिटी लिटिल हेड"" रिलीज़ हुआ था, उस समय उनका रिकॉर्ड लेबल कोलंबिया रिकॉर्ड्स था। हालांकि, एल्बम के रिलीज़ के समय के आसपास कुछ विवाद हुए थे, जिसके कारण नेली ने कोलंबिया रिकॉर्ड्स से अलग होने का निर्णय लिया। इसके बाद उन्होंने एल्बम को स्वतंत्र रूप से रिलीज़ किया।",False,1,history,organization,106,153.0,0.6928104575163399,1,0.0555555555555555,-0.511196339328908,1.4315123049037048,-4.170723500398991,0.761092292847667,2.363636363636364,4,0,1.3333333333333333,2,0,english,hindi,Indo-European,Germanic,Indo-European,Indo-Aryan,LATIN,6949,7087876,DEVANAGARI,3500,167234
51,en,hi,How long does a Rector of Università Cattolica del Sacro Cuore remain in office?,यूनिवर्सिटा कैटोलिका डेल सैक्रो क्यूरोर में कोई व्यक्ति रेक्टर के पद पर कितने समय तक रह सकता है?,"The Rector of the Università Cattolica del Sacro Cuore typically serves a four-year term. However, the exact terms can vary based on the university's statutes or any amendments made to the governing rules, so it's always a good idea to check the latest guidelines from the university for the most accurate information.","यूनिवर्सिटा कैटोलिका डेल सैक्रो क्यूरोरे के रेक्टर का कार्यकाल आमतौर पर चार साल का होता है। एक व्यक्ति लगातार दो कार्यकालों तक इस पद पर रह सकता है, जिससे अधिकतम कार्यकाल आठ साल हो सकता है। फिर भी, सटीक विवरण के लिए विश्वविद्यालय के वर्तमान नियमों और विनियमों की जांच करना उचित होगा, क्योंकि ये समय-समय पर बदल सकते हैं।",True,1,education,other,99,171.0,0.5789473684210527,3,0.1578947368421052,-0.4847283581296708,1.5254869491341938,-2.088890573136464,0.548911599023795,1.5789473684210529,3,0,0.9333333333333332,1,0,english,hindi,Indo-European,Germanic,Indo-European,Indo-Aryan,LATIN,6949,7087876,DEVANAGARI,3500,167234
41,en,hi,What was the name of the conference Campbell University's women's basketball team played in from 1994 to 2011?,कैंपबेल यूनिवर्सिटी की महिला बास्केटबॉल टीम 1994 से 2011 तक किस कॉन्फ्रेंस में खेली थी?,"From 1994 to 2011, Campbell University's women's basketball team played in the Atlantic Sun Conference.",कैंपबेल यूनिवर्सिटी की महिला बास्केटबॉल टीम 1994 से 2011 तक एटलांटिक सन कॉन्फ्रेंस (Atlantic Sun Conference) में खेली थी।,True,1,sports,event,103,153.0,0.673202614379085,1,0.0555555555555555,-0.5242867524124385,6.330676951635704,-3.460442274689317,1.3474266429423896,1.75,3,0,1.9090909090909092,3,0,english,hindi,Indo-European,Germanic,Indo-European,Indo-Aryan,LATIN,6949,7087876,DEVANAGARI,3500,167234
61,en,hi,"What is the name of the album that the song ""That's What Love Is For"" was released on?","""दैट्स व्हाट लव इज़ फ़ॉर"" गाना किस एल्बम का है?","The song ""That's What Love Is For"" is by Amy Grant and it was released on the album ""Heart in Motion"" in 1991.","""दैट्स व्हाट लव इज़ फ़ॉर"" गाना ज्यॉर्ज माइकल का है और यह उनके एल्बम ""लिसन विदाउट प्रीजुडिस वॉल्यूम 1"" का हिस्सा है। यह एल्बम 1990 में रिलीज़ हुआ था।",False,1,culture,work_creation,57,78.0,0.7307692307692307,0,0.0,-0.1840242207823806,4.895972991484806,-3.1373113655977285,1.6584819062282423,1.0769230769230769,2,0,1.608695652173913,3,0,english,hindi,Indo-European,Germanic,Indo-European,Indo-Aryan,LATIN,6949,7087876,DEVANAGARI,3500,167234
47,en,hi,When was the men's javelin throw event held at the 2010 Asian Games?,साल 2010 के एशियाई खेलों में पुरुषों की भाला फेंक प्रतियोगिता कब आयोजित की गई थी?,"The men's javelin throw event at the 2010 Asian Games was held on November 22, 2010.",साल 2010 के एशियाई खेलों में पुरुषों की भाला फेंक प्रतियोगिता 21 नवंबर 2010 को आयोजित की गई थी।,False,1,sports,event,115,120.0,0.9583333333333334,0,0.0,-0.1953161842476346,5.1702078512961585,-2.6478312008049163,1.2189604914959071,1.6470588235294117,3,0,1.375,2,0,english,hindi,Indo-European,Germanic,Indo-European,Indo-Aryan,LATIN,6949,7087876,DEVANAGARI,3500,167234
32,en,hi,"On which date was David Nail's album ""Fighter"" released?","डेविड नेल का एल्बम ""फ़ाइटर"" किस तारीख को रिलीज़ हुआ था?","David Nail's album ""Fighter"" was released on July 15, 2016.","डेविड नेल का एल्बम ""फ़ाइटर"" 15 जुलाई 2016 को रिलीज़ हुआ था।",True,1,arts,date_time,65,78.0,0.8333333333333334,0,0.0,-0.7932445111710157,4.432799179332663,-4.368714669060983,1.2226766675095049,1.8571428571428572,4,0,2.2857142857142856,3,0,english,hindi,Indo-European,Germanic,Indo-European,Indo-Aryan,LATIN,6949,7087876,DEVANAGARI,3500,167234
62,en,hi,Which data protection regulation in Brazil requires subject access requests to be fulfilled within a specific time frame?,"ब्राज़ील में डेटा सुरक्षा से जुड़े किस कानून के तहत, डेटा से जुड़ी जानकारी के अनुरोधों को एक तय समय में पूरा करना ज़रूरी है?","In Brazil, the data protection regulation that mandates fulfilling subject access requests within a specific time frame is the Lei Geral de Proteção de Dados (LGPD), or General Data Protection Law. According to the LGPD, data controllers must respond to subject access requests within 15 days from the date of the request. This regulation is designed to ensure individuals have timely access to their personal data and to uphold their rights regarding data privacy.","ब्राज़ील में डेटा सुरक्षा से जुड़े कानून को ""जेनरल डेटा प्रोटेक्शन लॉ"" (Lei Geral de Proteção de Dados, LGPD) कहा जाता है। इस कानून के तहत, व्यक्तिगत डेटा से जुड़ी जानकारी के अनुरोधों को एक तय समय सीमा में पूरा करना ज़रूरी होता है। LGPD के अनुसार, डेटा नियंत्रणकर्ताओं को डेटा सब्जेक्ट्स के अनुरोधों का उत्तर देने के लिए 15 दिनों का समय दिया जाता है।",True,1,law,definition,236,276.0,0.855072463768116,1,0.0416666666666666,-0.3447969918374531,2.369102807584884,-3.098073554459429,0.7392725125096766,2.6666666666666665,6,2,1.3157894736842106,2,0,english,hindi,Indo-European,Germanic,Indo-European,Indo-Aryan,LATIN,6949,7087876,DEVANAGARI,3500,167234
64,en,hi,In which decade did Harry F. Sinclair purchase Rancocas Stable?,हैरी एफ़ सिनक्लेयर ने रैंकोकस स्टेबल (अस्तबल) किस दशक में खरीदा था?,Harry F. Sinclair purchased Rancocas Stable in the 1910s.,हैरी एफ़ सिनक्लेयर ने रैंकोकस स्टेबल 1920 के दशक में खरीदा था।,False,1,history,date_time,24,66.0,0.3636363636363636,2,0.1666666666666666,-1.063414501486597,1.0450317767903987,-3.103151589295491,0.8281483208038988,1.6666666666666667,3,0,0.9090909090909092,1,0,english,hindi,Indo-European,Germanic,Indo-European,Indo-Aryan,LATIN,6949,7087876,DEVANAGARI,3500,167234
40,en,hi,Who contributed to the album Keys to the Kingdom by North Mississippi Allstars?,"नॉर्थ मिसिसिपी ऑलस्टार्स के एल्बम ""कीज़ टू द किंगडम"" के लिए किन लोगों ने सहयोग किया?","""Keys to the Kingdom"" by North Mississippi Allstars features contributions from several artists. The core members of the band, Luther Dickinson, Cody Dickinson, and Chris Chew, are central to the album. Additionally, the album includes guest appearances by a number of renowned musicians. Some of these contributors are Mavis Staples, Ry Cooder, Spooner Oldham, and Alvin Youngblood Hart. These artists helped enrich the album with their distinctive styles and talents.","नॉर्थ मिसिसिपी ऑलस्टार्स के एल्बम ""कीज़ टू द किंगडम"" में कई अन्य कलाकारों ने सहयोग किया है। इसमें सबसे प्रमुख नाम माविस स्टेपल्स, रॉबर्ट प्लांट, और एल्विन यंगब्लड हार्ट जैसे महान कलाकार शामिल हैं। इन सहयोगों ने एल्बम को एक विशेष ध्वनि और गहराई प्रदान की है। एल्बम, जो बैंड के संस्थापक सदस्य जिम डिकिंस के निधन के बाद जारी किया गया था, एक श्रद्धांजलि के रूप में बनाया गया था और इसमें ब्लूज़, रॉक और जाम बैंड संगीत के तत्वों का मिश्रण है।",False,1,culture,work_creation,119,406.0,0.293103448275862,8,0.2758620689655172,-0.3735465049724386,2.7575817729654193,-2.5660374706036246,0.9243728024943286,2.0526315789473686,4,0,0.9285714285714286,1,0,english,hindi,Indo-European,Germanic,Indo-European,Indo-Aryan,LATIN,6949,7087876,DEVANAGARI,3500,167234
43,en,hi,What term is used in South Africa to describe someone who obtains government contracts to facilitate outsourced services?,"दक्षिण अफ़्रीका में, आउटसोर्स सेवाएं मुहैया कराने के लिए सरकार से समझौता करने वाले व्यक्ति को क्या कहा जाता है?","In South Africa, the term ""tenderpreneur"" is used to describe someone who obtains government contracts, often to facilitate outsourced services, typically through leveraging political connections. It is a portmanteau of ""tender"" (referring to the bidding process for government contracts) and ""entrepreneur."" This term often carries a negative connotation, suggesting that the individual might be exploiting their connections for personal gain rather than through genuine entrepreneurship or merit.","दक्षिण अफ़्रीका में, आउटसोर्स सेवाएं मुहैया कराने के लिए सरकार से समझौता करने वाले व्यक्ति को सामान्यतः ""ठेकेदार"" या ""कॉन्ट्रैक्टर"" कहा जाता है। यह व्यक्ति या कंपनी सरकार के साथ एक अनुबंध के तहत काम करती है ताकि विशेष सेवाएं या उत्पाद प्रदान किए जा सकें।",False,2,technology,definition,161,190.0,0.8473684210526315,1,0.05,-0.4233502792996363,4.23605011404351,-2.7359067718067345,0.755949657881803,1.8636363636363635,4,1,0.9473684210526316,1,0,english,hindi,Indo-European,Germanic,Indo-European,Indo-Aryan,LATIN,6949,7087876,DEVANAGARI,3500,167234
53,en,hi,What type of health care group is St John of God Health Care?,"सेंट जॉन ऑफ़ गॉड हेल्थ केयर, स्वास्थ्य से जुड़ा किस तरह का ग्रुप है?","St John of God Health Care is a not-for-profit Catholic healthcare organization. It operates a range of services including hospitals, home nursing, disability services, and social outreach programs across Australia and New Zealand. The organization is committed to providing holistic care that aligns with its values based on the teachings of the Catholic Church.","सेंट जॉन ऑफ़ गॉड हेल्थ केयर एक गैर-लाभकारी संगठन है जो स्वास्थ्य सेवा के क्षेत्र में काम करता है। यह समूह अस्पतालों, मानसिक स्वास्थ्य सेवाएं, विकलांगता सेवाएं, और बुजुर्गों की देखभाल जैसी विभिन्न स्वास्थ्य सेवाएं प्रदान करता है। इसका उद्देश्य लोगों को उच्च गुणवत्ता वाली और दयालु स्वास्थ्य सेवा उपलब्ध कराना है। संगठन कैथोलिक मूल्यों और परंपराओं पर आधारित है और इसका फोकस मानवीयता और सेवा के माध्यम से समुदायों की भलाई को बढ़ाना है।",True,1,health,organization,120,136.0,0.8823529411764706,0,0.0,-0.4028834969959412,3.856160989235752,-3.5239814386872212,1.1602270299249555,1.8125,4,1,0.9285714285714286,1,0,english,hindi,Indo-European,Germanic,Indo-European,Indo-Aryan,LATIN,6949,7087876,DEVANAGARI,3500,167234
49,en,hi,What did Archer Capital purchase in partnership with the management of Australian Geographic in 1998?,ऑस्ट्रेलियन जिओग्राफ़िक के मैनेजमेंट के साथ 1998 में हुई साझेदारी में आर्चर कैपिटल ने क्या खरीदा था?,"In 1998, Archer Capital, in partnership with the management of Australian Geographic, purchased the Australian Geographic business. This acquisition included the Australian Geographic journal and its related retail chain.","1998 में, आर्चर कैपिटल ने ऑस्ट्रेलियन जियोग्राफिक के साथ एक साझेदारी के हिस्से के रूप में ऑस्ट्रेलियन जियोग्राफिक कंपनी को खरीदा था। इस अधिग्रहण में कंपनी की पत्रिका और खुदरा दुकानों का व्यवसाय शामिल था, जो ऑस्ट्रेलिया की जियोग्राफिकल और नैचुरल हिस्ट्री को बढ़ावा देने के लिए जाना जाता है।",True,1,geography,work_creation,56,91.0,0.6153846153846154,1,0.0714285714285714,-0.5884169077683247,2.5797590131237764,-3.4837382018411187,0.9995227612181988,2.5,5,1,0.9375,1,0,english,hindi,Indo-European,Germanic,Indo-European,Indo-Aryan,LATIN,6949,7087876,DEVANAGARI,3500,167234
34,en,hi,"According to some writers, which ancient city is equated with Parrhasia?","कुछ लेखकों के अनुसार, किस प्राचीन नगर की तुलना पैरेशिया से की जाती है?","According to some writers, the ancient city of Parrhasia is equated with the city of Lycosura. Lycosura is often considered one of the oldest cities in Arcadia, Greece, and is sometimes linked to Parrhasia in various historical texts.","कुछ लेखकों के अनुसार, प्राचीन भारतीय नगर तक्षशिला की तुलना पैरेशिया से की जाती है। तक्षशिला, जिसका उल्लेख प्राचीन ग्रंथों में मिलता है, प्राचीन भारत के महत्वपूर्ण शैक्षिक और सांस्कृतिक केंद्रों में से एक था।",False,1,history,location,66,91.0,0.7252747252747253,2,0.1428571428571428,-0.616875782343626,1.357764304693214,-2.4120271131631954,0.5879442585761976,1.6875,3,0,1.3571428571428572,2,0,english,hindi,Indo-European,Germanic,Indo-European,Indo-Aryan,LATIN,6949,7087876,DEVANAGARI,3500,167234
52,en,hi,What is the Planck mass denoted by in the equation for the Vainshtein radius?,वैन्स्टाइन रैडियस के समीकरण में प्लैंक मास के लिए किस निशान का इस्तेमाल किया जाता है?,"The Planck mass in the equation for the Vainshtein radius is typically denoted by \( M_{\text{Pl}} \). The Vainshtein radius is a concept used in modified gravity theories, like massive gravity, to describe a scale below which modifications to gravity (such as those introduced by a massive graviton) become negligible. The Planck mass is a central constant in these equations, often appearing in the context of comparing gravitational interaction strengths.","वैन्स्टाइन रैडियस के समीकरण में प्लैंक मास के लिए ""m_p"" का निशान (symbol) प्रयोग किया जाता है। प्लैंक मास ब्रह्मांडीय और क्वांटम भौतिकी में एक मूलभूत इकाई है।",False,1,science,scientific_technical,80,120.0,0.6666666666666666,2,0.125,-0.7202032630745088,6.857117580559026,-3.132424511168154,1.1460493995668473,1.7647058823529411,3,0,0.9333333333333332,1,0,english,hindi,Indo-European,Germanic,Indo-European,Indo-Aryan,LATIN,6949,7087876,DEVANAGARI,3500,167234
54,en,hi,What month did the K-1: K’Festa 3 event take place in?,K-1: K’Festa 3 इवेंट किस महीने में हुआ था?,The K-1: K’Festa 3 event took place in March 2020.,K-1: K’Festa 3 इवेंट मार्च 2020 में हुआ था।,True,1,history,event,29,36.0,0.8055555555555556,0,0.0,-1.9935172697928925,1.383505463317526,-4.814714875896004,1.778905950975204,1.5384615384615383,2,0,0.9333333333333332,1,0,english,hindi,Indo-European,Germanic,Indo-European,Indo-Aryan,LATIN,6949,7087876,DEVANAGARI,3500,167234
50,en,hi,What medal did Nguyễn Thị Mỹ Đức win in women's changquan at the 2002 Asian Games?,नोयेन ती मे युंग ने 2002 के एशियाई खेलों में महिला चांगचेन (मार्शल आर्ट प्रतिस्पर्धा ) में कौनसा पदक जीता था?,Nguyễn Thị Mỹ Đức won the bronze medal in women's changquan at the 2002 Asian Games.,नोयेन ती मे युंग ने 2002 के एशियाई खेलों में महिला चांगक्वान (मार्शल आर्ट प्रतिस्पर्धा) में स्वर्ण पदक जीता था।,False,1,sports,other,96,153.0,0.6274509803921569,2,0.1111111111111111,0.019787734779259,5.026088039199211,-3.0369489617232928,1.6058647403439568,1.8695652173913044,3,0,1.736842105263158,2,0,english,hindi,Indo-European,Germanic,Indo-European,Indo-Aryan,LATIN,6949,7087876,DEVANAGARI,3500,167234
58,en,hi,In what city did the 1984 Summer Olympics men's 100 metre butterfly final take place?,साल 1984 के समर ओलंपिक में पुरुषों की 100 मीटर बटरफ़्लाई प्रतियोगिता का फ़ाइनल किस शहर में हुआ था?,The 1984 Summer Olympics men's 100 metre butterfly final took place in Los Angeles.,साल 1984 के समर ओलंपिक में पुरुषों की 100 मीटर बटरफ़्लाई प्रतियोगिता का फ़ाइनल लॉस एंजिल्स शहर में हुआ था।,True,1,sports,location,116,153.0,0.7581699346405228,1,0.0555555555555555,-0.3948975700228307,6.806259456408859,-3.5223515494217743,1.3222593114122567,2.15,4,0,0.9444444444444444,1,0,english,hindi,Indo-European,Germanic,Indo-European,Indo-Aryan,LATIN,6949,7087876,DEVANAGARI,3500,167234
48,en,hi,What was the name of the protagonist in the Prizzi novels?,प्रिज़ी उपन्यासों में मुख्य किरदार का क्या नाम था?,"The protagonist in the Prizzi novels, written by Richard Condon, is Charlie Partanna. He is a key character in the series, starting with ""Prizzi's Honor.""",प्रिज़ी उपन्यासों में मुख्य किरदार का नाम चार्ली पार्टाना है। यह उपन्यास रिचर्ड कॉन्डन द्वारा लिखे गए थे। चार्ली पार्टाना एक माफिया सदस्य है और यह कथानक उसकी कहानियों के इर्द-गिर्द घूमता है।,True,1,law,work_creation,19,36.0,0.5277777777777778,2,0.2222222222222222,-1.0694779806121826,0.6244805142434313,-2.0232382538036235,0.6053967167695552,1.3,2,0,1.6666666666666667,3,0,english,hindi,Indo-European,Germanic,Indo-European,Indo-Aryan,LATIN,6949,7087876,DEVANAGARI,3500,167234
33,en,id,In which country was AFN Bremerhaven located?,Di negara mana AFN Bremerhaven berlokasi?,"AFN Bremerhaven was located in Germany. AFN stands for American Forces Network, and AFN Bremerhaven was one of the network's broadcasting stations serving U.S. military personnel stationed in and around Bremerhaven, Germany.",AFN Bremerhaven berlokasi di Jerman.,True,1,geography,location,4,10.0,0.4,0,0.0,-1.1688345773696522,1.353408883276488,-2.495917971953609,1.4978094723808588,1.2857142857142858,2,0,1.5,3,0,english,indonesian,Indo-European,Germanic,Austronesian,Malayo-Polynesian,LATIN,6949,7087876,LATIN,2200,751190
30,en,id,What was the position of August Joseph Donatelli's plane during World War II when it was shot down?,Apa posisi pesawat August Joseph Donatelli pada Perang Dunia II saat ditembak jatuh?,"August Joseph Donatelli served as a waist gunner on a B-17 bomber during World War II. When his plane was shot down, he occupied this position, which is located on the side of the aircraft, typically midway between the nose and the tail. Waist gunners were responsible for defending the aircraft from enemy fighters approaching from the sides.","August Joseph Donatelli adalah seorang penerbang dalam Angkatan Udara Amerika Serikat selama Perang Dunia II. Ketika pesawatnya ditembak jatuh, dia menjabat sebagai penembak jitu di bagian belakang pesawat pengebom. Donatelli adalah anggota awak pesawat B-24 Liberator, jenis pesawat pengebom berat yang digunakan oleh Angkatan Udara Sekutu selama perang. Misinya biasanya melibatkan serangan atas target musuh di wilayah yang dikuasai oleh Nazi Jerman. Pada saat pesawatnya ditembak jatuh, dia sedang menjalankan salah satu misi semacam ini.",True,1,history,event,88,105.0,0.8380952380952381,0,0.0,-1.1598491828741917,3.437825979894036,-3.5137847297895894,1.03551515662616,2.357142857142857,5,2,3.0,7,0,english,indonesian,Indo-European,Germanic,Austronesian,Malayo-Polynesian,LATIN,6949,7087876,LATIN,2200,751190
55,en,id,What was the television network that aired The Greatest Canadian Invention?,Jaringan televisi apa yang menayangkan The Greatest Canadian Invention?,"The television network that aired ""The Greatest Canadian Invention"" was CBC Television.","""The Greatest Canadian Invention"" ditayangkan di jaringan televisi CBC Television.",False,1,culture,organization,24,45.0,0.5333333333333333,0,0.0,-1.4587436716136306,2.8697042494213334,-4.505612387682623,1.7941026674746223,2.1,5,0,1.8333333333333333,4,0,english,indonesian,Indo-European,Germanic,Austronesian,Malayo-Polynesian,LATIN,6949,7087876,LATIN,2200,751190
39,en,id,Since which decade did bowl games start counting toward single-season and career statistics?,Sejak dekade manakah pertandingan bowl mulai dihitung dalam statistik musim tunggal dan karir?,"Bowl games started counting toward single-season and career statistics beginning in the 2002 season. Prior to that, statistics from bowl games were not included in a player’s season or career totals.","Pertandingan bowl mulai dihitung dalam statistik musim tunggal dan karir sejak dekade 2000-an. Tepatnya, NCAA mulai memasukkan statistik dari pertandingan bowl dalam perhitungan musim tunggal dan karir pada tahun 2002. Sebelumnya, statistik dari pertandingan bowl tidak dimasukkan dalam catatan resmi untuk musim tersebut.",True,1,sports,date_time,83,91.0,0.912087912087912,0,0.0,-1.3514480978452077,0.6772575686869885,-4.424803474408487,0.8820612117145424,1.8666666666666667,4,0,1.5714285714285714,2,0,english,indonesian,Indo-European,Germanic,Austronesian,Malayo-Polynesian,LATIN,6949,7087876,LATIN,2200,751190
63,en,id,What is the original name of Entebbe General Hospital?,Apa nama asli Rumah Sakit Umum Entebbe?,The original name of Entebbe General Hospital is Entebbe Military Hospital.,"Rumah Sakit Umum Entebbe sebenarnya dikenal sebagai ""Entebbe General Hospital."" Nama asli ini digunakan dalam konteks bahasa Inggris. Rumah sakit ini terletak di kota Entebbe, Uganda.",False,2,health,definition,28,36.0,0.7777777777777778,1,0.1111111111111111,-2.479133282474117,-0.6214175815484905,-4.2908871222459135,0.8140278040755625,2.25,5,1,2.1,5,0,english,indonesian,Indo-European,Germanic,Austronesian,Malayo-Polynesian,LATIN,6949,7087876,LATIN,2200,751190
56,en,id,What was the name of the University of Detroit's halfback in the 1929 football season?,Siapa nama halfback University of Detroit di musim sepak bola 1929?,The University of Detroit's halfback in the 1929 football season was Lloyd Brazil. He was a standout player and is well remembered in the history of the university's football program.,Nama halfback University of Detroit Titans pada musim sepak bola tahun 1929 adalah Lloyd Brazil. Ia dikenal sebagai salah satu pemain bintang pada masa itu dan memberikan kontribusi signifikan bagi tim tersebut.,True,1,sports,person,39,66.0,0.5909090909090909,1,0.0833333333333333,-2.170745726636433,-0.1096747760730727,-5.275272403062519,1.336836941145367,2.75,5,1,4.125,7,0,english,indonesian,Indo-European,Germanic,Austronesian,Malayo-Polynesian,LATIN,6949,7087876,LATIN,2200,751190
42,en,id,What is the original name of the Flood Modeller software?,Apa nama asli dari perangkat lunak Flood Modeller?,The Flood Modeller software was originally known as ISIS. It was developed by HR Wallingford and has been used for hydrodynamic modeling and flood risk management.,Nama asli dari perangkat lunak Flood Modeller adalah ISIS. Nama tersebut kemudian diganti untuk mencerminkan fungsionalitas perangkat lunak tersebut dengan lebih baik serta untuk menghindari konotasi negatif yang tidak diinginkan.,True,1,technology,work_creation,13,28.0,0.4642857142857143,1,0.125,-2.7718107465934234,1.1712418624694805,-5.3267381459075045,1.461909969110013,2.111111111111111,4,1,2.272727272727273,5,0,english,indonesian,Indo-European,Germanic,Austronesian,Malayo-Polynesian,LATIN,6949,7087876,LATIN,2200,751190
46,en,id,What religious practice did the Magars follow?,Praktik keagamaan apa yang dianut oleh orang Magar?,"The Magars, who are an indigenous ethnic group primarily residing in Nepal, have traditionally practiced a blend of religions and spiritual beliefs. Historically, their religious practices have included elements of shamanism and animism, with a strong emphasis on nature worship and the veneration of ancestors. Shamans, known locally as ""Bijuwa"" or ""Dhami,"" play a crucial role in their spiritual and community life, performing rituals to appease spirits and seek guidance.

In contemporary times, many Magars have also adopted Hinduism and Buddhism, reflecting the broader religious landscape of Nepal. As a result, their religious practices today may incorporate Hindu and Buddhist customs alongside their indigenous traditions. This syncretism allows the Magars to maintain their cultural identity while also being part of the larger religious communities in Nepal.","Orang Magar, yang merupakan salah satu kelompok etnis di Nepal, umumnya menganut beragam kepercayaan dan praktik keagamaan, termasuk Hindu, Buddha, dan adat kepercayaan nenek moyang. Banyak dari mereka yang mempraktikkan sinkretisme, menggabungkan elemen-elemen dari berbagai agama tersebut.

1. **Hindu**: Sebagian besar orang Magar menganut Hindu. Mereka merayakan festival-festival Hindu seperti Dashain dan Tihar serta melakukan ritual-ritual yang terkait dengan agama tersebut.

2. **Buddha**: Terutama di wilayah yang lebih dekat dengan Tibet, beberapa orang Magar juga mempraktikkan agama Buddha. Tradisi dan ritual Buddha sering terjalin dengan praktik Hindu dan adat setempat.

3. **Adat Kepercayaan**: Selain Hindu dan Buddha, orang Magar juga menjalankan praktik kepercayaan animisme yang berfokus pada pemujaan roh leluhur dan roh alam. Mereka mungkin memanggil dukun atau shaman untuk melakukan upacara tertentu dalam kehidupan sehari-hari maupun acara-acara khusus.

Keanekaragaman praktik keagamaan ini mencerminkan adaptasi mereka terhadap pengaruh budaya dan geografis yang berbeda. Namun, penting diketahui bahwa praktik keagamaan bisa bervariasi antara komunitas dan individu.",False,1,culture,other,23,36.0,0.6388888888888888,1,0.1111111111111111,-0.4701813464799426,3.9851405888008737,-2.2757167038486714,1.72145050657747,1.6666666666666667,3,0,1.625,3,0,english,indonesian,Indo-European,Germanic,Austronesian,Malayo-Polynesian,LATIN,6949,7087876,LATIN,2200,751190
57,en,id,What does the lowest part of the Espiritu Santo Formation consist of?,Bagian paling bawah dari Formasi Espiritu Santo terdiri dari apa?,"The Espiritu Santo Formation, primarily located in Panama, is a geological formation known for its fossil-rich deposits. The lowest part of the Espiritu Santo Formation commonly consists of marine sediments, primarily composed of sandstone, siltstone, and shale. These sedimentary rocks were deposited in a marine environment, suggesting that the area was once underwater. The precise composition can vary slightly depending on the specific location within the formation, but the presence of marine fossils is typical, indicating the ancient marine conditions during the time of deposition.","Formasi Espiritu Santo adalah salah satu formasi geologis yang memiliki lapisan-lapisan berbeda tergantung dari lokasinya dan konteks geologi setempat. Secara umum, formasi geologis dapat terdiri dari berbagai jenis batuan seperti batuan sedimen, batuan beku, ataupun batuan metamorf. Untuk mengetahui secara spesifik bagian paling bawah dari Formasi Espiritu Santo, diperlukan data geologi setempat atau studi ilmiah yang mendetail mengenai formasi tersebut.

Biasanya, bagian bawah dari sebuah formasi sedimen dapat terdiri dari jenis batuan yang berbeda dibandingkan lapisan di atasnya, sering kali ditandai dengan perubahan jenis sedimen atau mineral yang mencerminkan perubahan lingkungan deposisi di masa lalu. Jika Anda mencari informasi yang lebih spesifik, saya sarankan untuk merujuk pada literatur geologi atau laporan geologi dari pakar yang telah mempelajari daerah tersebut.",False,1,science,definition,28,55.0,0.509090909090909,2,0.1818181818181818,-1.3541005385460854,1.792205165818494,-3.104740623338947,1.1399196718087596,2.0,4,0,3.692307692307693,8,0,english,indonesian,Indo-European,Germanic,Austronesian,Malayo-Polynesian,LATIN,6949,7087876,LATIN,2200,751190
66,en,id,In which year was the Toronto edition of Ming Pao Daily News launched?,Tahun berapakah Ming Pao Daily News edisi Toronto diluncurkan?,The Toronto edition of Ming Pao Daily News was launched in 1993.,Ming Pao Daily News edisi Toronto diluncurkan pada tahun 1993.,True,1,history,date_time,26,45.0,0.5777777777777777,0,0.0,-1.500581768700165,2.703871755028461,-5.313278358934237,1.5408689293839524,1.818181818181818,4,0,3.857142857142857,9,0,english,indonesian,Indo-European,Germanic,Austronesian,Malayo-Polynesian,LATIN,6949,7087876,LATIN,2200,751190
31,en,id,In what year was the NIH MERIT Award first created?,Pada tahun berapakah Penghargaan NIH MERIT pertama kali diciptakan?,The National Institutes of Health (NIH) MERIT (Method to Extend Research in Time) Award was first established in 1986.,Penghargaan NIH MERIT pertama kali diperkenalkan pada tahun 1986.,True,1,health,date_time,41,45.0,0.9111111111111112,0,0.0,-0.9468420463260574,0.8806108929596133,-2.9165175580742213,0.7536958974579206,1.4545454545454546,3,0,2.1818181818181817,4,0,english,indonesian,Indo-European,Germanic,Austronesian,Malayo-Polynesian,LATIN,6949,7087876,LATIN,2200,751190
45,en,id,What was the name of the military base established in the Vedder Crossing area in 1941?,Apa nama pangkalan militer yang didirikan di daerah Vedder Crossing pada tahun 1941?,The military base established in the Vedder Crossing area in 1941 was named Camp Chilliwack.,Pangkalan militer yang didirikan di daerah Vedder Crossing pada tahun 1941 adalah Camp Chilliwack.,False,1,history,entity_object,41,78.0,0.5256410256410257,1,0.0769230769230769,-1.2325943605908605,2.301265744614017,-3.583601045180647,1.031222572800465,3.4285714285714284,6,1,5.411764705882353,11,0,english,indonesian,Indo-European,Germanic,Austronesian,Malayo-Polynesian,LATIN,6949,7087876,LATIN,2200,751190
60,en,id,"In the 1999 New Zealand general election, which party did Helen Clark lead to victory?","Dalam pemilihan umum Selandia Baru tahun 1999, partai apa yang dipimpin Helen Clark yang meraih kemenangan?","In the 1999 New Zealand general election, Helen Clark led the Labour Party to victory.","Dalam pemilihan umum Selandia Baru tahun 1999, Partai Buruh (Labour Party) yang dipimpin oleh Helen Clark meraih kemenangan.",True,2,politics,person,96,105.0,0.9142857142857144,0,0.0,-1.1800053578504497,3.6034878365776946,-4.079019194621545,1.1104263817827351,2.111111111111111,4,0,2.9411764705882355,7,0,english,indonesian,Indo-European,Germanic,Austronesian,Malayo-Polynesian,LATIN,6949,7087876,LATIN,2200,751190
29,en,id,What kind of systems does International Road Dynamics provide to ensure that vehicles depart terminals within acceptable weight limits?,Jenis sistem apa yang disediakan International Road Dynamics untuk memastikan bahwa kendaraan berangkat dari terminal dalam batas berat yang dapat diterima?,"International Road Dynamics (IRD) provides a range of systems that help ensure vehicles depart terminals within acceptable weight limits. These systems typically include:

1. **Weigh-in-Motion (WIM) Systems**: These are used to measure the weight of vehicles as they move over sensors embedded in the road surface. It helps to accurately and efficiently ensure that vehicles comply with legal weight limits without stopping them.

2. **Static Weighing Systems**: These systems require vehicles to stop on a scale to measure their weight. They are generally used for precise weight measurements and are often found at loading docks or terminal exits.

3. **Overload Detection Systems**: These systems identify vehicles that exceed the weight limits and can trigger alerts or notifications for enforcement action or vehicle re-routing.

4. **Vehicle Classification Systems**: By classifying vehicles into categories, these systems can apply different weight limits and ensure compliance according to the vehicle type.

5. **Integrated Software Solutions**: IRD often pairs its physical systems with software for data collection, analysis, and reporting. This software helps monitor and manage vehicle weights and loads over time.

These systems collectively help in automating the process of weight compliance, reducing delays, and maintaining safety and regulatory compliance at terminals.","International Road Dynamics menyediakan sistem penimbangan kendaraan dinamis yang dikenal sebagai Weigh-In-Motion (WIM). Sistem ini dirancang untuk menimbang kendaraan secara otomatis saat mereka bergerak, memungkinkan identifikasi dan pemantauan berat kendaraan tanpa perlu berhenti. Ini membantu memastikan bahwa kendaraan berangkat dari terminal dalam batas berat yang dapat diterima, mematuhi peraturan dan mencegah kerusakan pada infrastruktur jalan.",True,1,technology,other,185,210.0,0.8809523809523809,0,0.0,-0.8593411645521289,2.4063234559151385,-2.85340131730661,0.7555911714885858,3.272727272727273,6,1,3.25,7,0,english,indonesian,Indo-European,Germanic,Austronesian,Malayo-Polynesian,LATIN,6949,7087876,LATIN,2200,751190
67,en,id,What was artistic swimming previously known as?,Apa sebutan lain untuk renang indah sebelumnya?,Artistic swimming was previously known as synchronized swimming. The name change was made to better reflect the sport's artistic elements and to align with other artistic sports. The International Swimming Federation (FINA) officially adopted the new name in 2017.,"Sebelum dikenal dengan sebutannya yang sekarang, ""renang indah"" disebut juga sebagai ""renang sinkronisasi"" atau ""synchronized swimming"" dalam bahasa Inggris. Olahraga ini menonjolkan perpaduan antara gerakan renang, tari, dan gimnastik yang dilakukan dengan iringan musik. Pada tahun 2017, Federasi Renang Internasional (FINA) mengganti nama cabang olahraga ini menjadi ""renang artistik"" atau ""artistic swimming"".",False,1,sports,definition,26,28.0,0.9285714285714286,0,0.0,-1.0065465248786636,0.4765130138104412,-2.3580364874097617,0.6692726810172482,1.875,3,1,1.375,3,0,english,indonesian,Indo-European,Germanic,Austronesian,Malayo-Polynesian,LATIN,6949,7087876,LATIN,2200,751190
36,en,id,In which year did the Great Canadian flag debate officially begin?,Pada tahun berapakah Debat Besar Bendera Kanada secara resmi dimulai?,"The Great Canadian Flag Debate officially began in 1964. This debate led to the adoption of the current national flag of Canada, which was inaugurated on February 15, 1965.","Debat Besar Bendera Kanada secara resmi dimulai pada tahun 1964. Debat ini berlangsung di Parlemen Kanada mengenai desain baru untuk bendera nasional Kanada, yang pada akhirnya menghasilkan pengadopsian ""Maple Leaf"" sebagai bendera resmi pada tahun 1965.",True,3,history,date_time,48,55.0,0.8727272727272727,0,0.0,-1.178687171254839,0.4469521893335429,-3.030388555923097,0.5828147975353347,1.8333333333333333,4,0,2.8333333333333335,6,0,english,indonesian,Indo-European,Germanic,Austronesian,Malayo-Polynesian,LATIN,6949,7087876,LATIN,2200,751190
59,en,id,In which year did the Whitehaven School become the Whitehaven Academy?,Tahun berapa Whitehaven School menjadi Whitehaven Academy?,Whitehaven School became the Whitehaven Academy in 2014 when it transitioned to academy status under the sponsorship of Bright Tribe Trust.,Whitehaven School menjadi Whitehaven Academy pada tahun 2014.,True,1,history,date_time,15,21.0,0.7142857142857143,1,0.1428571428571428,-1.9584164061301983,-0.1108621925647074,-3.2425416662681257,0.6984828947508738,1.25,2,0,2.0833333333333335,4,0,english,indonesian,Indo-European,Germanic,Austronesian,Malayo-Polynesian,LATIN,6949,7087876,LATIN,2200,751190
38,en,id,When was the Uniform Residential Landlord and Tenant Act created?,Kapan Uniform Residential Landlord and Tenant Act dibuat?,"The Uniform Residential Landlord and Tenant Act (URLTA) was created in 1972 by the National Conference of Commissioners on Uniform State Laws, now known as the Uniform Law Commission. The act was designed to standardize and improve the legal relationship between landlords and tenants across different states.",Uniform Residential Landlord and Tenant Act (URLTA) dibuat pada tahun 1972. Act ini dirancang oleh National Conference of Commissioners on Uniform State Laws untuk menyediakan kerangka hukum yang konsisten dan adil untuk hubungan antara pemilik dan penyewa properti perumahan.,True,1,law,date_time,18,36.0,0.5,0,0.0,-0.8612757562684094,5.804233240708614,-3.7894405661456094,2.1906439686941743,1.7777777777777777,3,0,2.0,4,0,english,indonesian,Indo-European,Germanic,Austronesian,Malayo-Polynesian,LATIN,6949,7087876,LATIN,2200,751190
37,en,id,Who was the first female mayor in Turkey?,Siapa nama walikota perempuan pertama di Turkiye?,"The first female mayor in Turkey was Müfide İlhan. She was elected as the mayor of Mersin in 1950, becoming the first woman to hold such a position in Turkey.",Walikota perempuan pertama di Turki adalah Müfide İlhan. Ia terpilih sebagai Walikota Mersin pada tahun 1950.,True,1,politics,person,15,36.0,0.4166666666666667,2,0.2222222222222222,-2.5241926235280845,-1.0594888710750403,-3.783543725860002,0.7201087460751066,2.25,4,1,1.7777777777777777,3,0,english,indonesian,Indo-European,Germanic,Austronesian,Malayo-Polynesian,LATIN,6949,7087876,LATIN,2200,751190
44,en,id,What was the specific purpose of a bulk material analyzer located just upstream of the raw mill in cement production?,Apa tujuan khusus dari penganalisis material curah yang terletak tepat di hulu penggilingan bahan baku dalam produksi semen?,"In cement production, the specific purpose of locating a bulk material analyzer just upstream of the raw mill is to ensure the consistent quality and composition of the raw material mix before it enters the raw mill for grinding. The bulk material analyzer provides real-time analysis of the elemental composition of the raw materials, typically using technologies such as prompt gamma neutron activation analysis (PGNAA) or X-ray fluorescence (XRF).

This real-time data allows plant operators to make immediate adjustments to the raw material mix, optimizing the blending of different materials such as limestone, clay, sand, and iron ore. By ensuring the precise and consistent composition of these inputs, the analyzer helps maintain the desired chemical proportions necessary for producing clinker with the desired properties, leading to higher quality cement. Additionally, this optimization contributes to increased efficiency in the kiln, reduced energy consumption, and minimized emissions by avoiding over- or underuse of corrective materials.","Penganalisis material curah yang terletak tepat di hulu penggilingan bahan baku dalam produksi semen memiliki beberapa tujuan khusus, di antaranya:

1. **Kontrol Kualitas:** Alat ini memungkinkan pemantauan komposisi kimia dari bahan baku secara real-time sebelum memasuki proses penggilingan. Dengan data ini, produsen dapat memastikan bahwa bahan baku memenuhi spesifikasi kualitas yang diinginkan untuk menghasilkan semen dengan karakteristik yang konsisten.

2. **Optimalisasi Proses:** Dengan memahami komposisi bahan baku secara akurat, pabrik dapat mengoptimalkan proses penggilingan dan pencampuran. Hal ini dapat meningkatkan efisiensi energi dan mengurangi waktu penggilingan yang diperlukan, serta mengurangi biaya produksi.

3. **Pengaturan Proporsi Bahan Baku:** Penganalisis memungkinkan pengaturan proporsi bahan baku yang lebih tepat sehingga memperbaiki komposisi kimia campuran sebelum mencapai tahap pemanasan di kiln. Ini penting untuk menghasilkan klinker dengan kualitas yang sesuai.

4. **Pengurangan Limbah:** Dengan analisis yang tepat, produksi dapat diminimalkan dari segi limbah bahan baku. Jika ada ketidaksesuaian dalam komposisi awal, penyesuaian dapat dilakukan segera, mengurangi risiko pemborosan material.

5. **Pengendalian Emisi:** Dengan mengoptimalkan komposisi bahan baku, produksi semen dapat berjalan lebih efisien, yang juga dapat mengurangi emisi gas buang yang dihasilkan selama proses pembakaran di kiln.

Secara keseluruhan, penggunaan penganalisis material curah di tahap awal ini membantu meningkatkan efisiensi dan keberlanjutan proses produksi semen.",False,1,technology,scientific_technical,208,231.0,0.9004329004329005,0,0.0,-0.8125870964380136,2.687909117474506,-3.846593362126573,0.93537714075996,3.736842105263158,7,1,3.142857142857143,6,0,english,indonesian,Indo-European,Germanic,Austronesian,Malayo-Polynesian,LATIN,6949,7087876,LATIN,2200,751190
65,en,id,In what year was Greg Brown's album One More Goodnight Kiss released?,Pada tahun berapa album Greg Brown yang berjudul One More Goodnight Kiss dirilis?,"Greg Brown's album ""One More Goodnight Kiss"" was released in 1988.","Album Greg Brown yang berjudul ""One More Goodnight Kiss"" dirilis pada tahun 1988.",True,1,arts,date_time,60,78.0,0.7692307692307693,0,0.0,-1.375042249877492,1.0608392107493372,-5.1403745822220905,1.2888785092438046,2.5,6,0,3.769230769230769,9,0,english,indonesian,Indo-European,Germanic,Austronesian,Malayo-Polynesian,LATIN,6949,7087876,LATIN,2200,751190
35,en,id,What was the name of Nellie McKay's record label when Pretty Little Head was released?,Apa nama label rekaman Nellie McKay saat Pretty Little Head dirilis?,"Nellie McKay released ""Pretty Little Head"" on her own record label, titled Hungry Mouse.","Album ""Pretty Little Head"" oleh Nellie McKay awalnya dirilis secara independen melalui label rekaman miliknya sendiri, Hungry Mouse, setelah terjadi perselisihan dengan label sebelumnya, Columbia Records.",True,1,history,organization,51,78.0,0.6538461538461539,1,0.0769230769230769,-1.9139979208041833,2.1116914686928614,-4.972151017720432,1.278081479982394,2.3333333333333335,5,2,3.3125,7,0,english,indonesian,Indo-European,Germanic,Austronesian,Malayo-Polynesian,LATIN,6949,7087876,LATIN,2200,751190
51,en,id,How long does a Rector of Università Cattolica del Sacro Cuore remain in office?,Berapa lama seorang Rektor Università Cattolica del Sacro Cuore menjabat?,"The Rector of the Università Cattolica del Sacro Cuore typically serves a four-year term. However, the exact terms can vary based on the university's statutes or any amendments made to the governing rules, so it's always a good idea to check the latest guidelines from the university for the most accurate information.","Di Università Cattolica del Sacro Cuore di Italia, jabatan rektor biasanya berlangsung selama empat tahun. Namun, rektor dapat dipilih kembali untuk masa jabatan berikutnya. Kebijakan mengenai masa jabatan rektor dapat berbeda-beda bergantung pada peraturan dan tradisi yang berlaku di universitas tersebut.",True,1,education,other,28,66.0,0.4242424242424242,1,0.0833333333333333,-2.0034065054097416,0.9132224570601424,-6.260537044349341,1.3398474011738224,2.4545454545454546,6,0,2.6,6,0,english,indonesian,Indo-European,Germanic,Austronesian,Malayo-Polynesian,LATIN,6949,7087876,LATIN,2200,751190
41,en,id,What was the name of the conference Campbell University's women's basketball team played in from 1994 to 2011?,Apa nama konferensi tempat tim bola basket wanita Campbell University bermain dari tahun 1994 hingga 2011?,"From 1994 to 2011, Campbell University's women's basketball team played in the Atlantic Sun Conference.",Tim bola basket wanita Campbell University bermain di Atlantic Sun Conference dari tahun 1994 hingga 2011.,True,1,sports,event,153,190.0,0.8052631578947368,1,0.05,-1.722758321588906,2.4286650568873607,-4.692078732846123,1.1906935623998818,3.3529411764705883,8,1,4.0,9,0,english,indonesian,Indo-European,Germanic,Austronesian,Malayo-Polynesian,LATIN,6949,7087876,LATIN,2200,751190
61,en,id,"What is the name of the album that the song ""That's What Love Is For"" was released on?","Apa nama album yang merilis lagu ""That's What Love Is For""?","The song ""That's What Love Is For"" is by Amy Grant and it was released on the album ""Heart in Motion"" in 1991.","Lagu ""That's What Love Is For"" dirilis dalam album ""Heart in Motion"" oleh Amy Grant. Album ini dirilis pada tahun 1991.",True,1,culture,work_creation,90,91.0,0.989010989010989,0,0.0,-1.6103391820282884,1.4838751952339602,-3.99211212179838,1.1469894375344356,3.7142857142857144,8,1,4.190476190476191,9,0,english,indonesian,Indo-European,Germanic,Austronesian,Malayo-Polynesian,LATIN,6949,7087876,LATIN,2200,751190
47,en,id,When was the men's javelin throw event held at the 2010 Asian Games?,Kapan nomor lempar lembing putra diselenggarakan pada Asian Games 2010?,"The men's javelin throw event at the 2010 Asian Games was held on November 22, 2010.",Nomor lempar lembing putra pada Asian Games 2010 diselenggarakan pada tanggal 25 November 2010.,False,1,sports,event,56,66.0,0.8484848484848485,0,0.0,-1.2455369229383697,3.615498368163347,-2.506315778496374,1.0336177545467216,1.818181818181818,4,0,2.5714285714285716,6,0,english,indonesian,Indo-European,Germanic,Austronesian,Malayo-Polynesian,LATIN,6949,7087876,LATIN,2200,751190
32,en,id,"On which date was David Nail's album ""Fighter"" released?","Pada tanggal berapa album David Nail ""Fighter"" dirilis?","David Nail's album ""Fighter"" was released on July 15, 2016.","Album ""Fighter"" oleh David Nail dirilis pada tanggal 15 Juli 2016.",True,1,arts,date_time,47,55.0,0.8545454545454545,0,0.0,-1.7079578691385022,0.8909760976505154,-6.81608362112404,1.1142725533831093,2.727272727272727,5,0,1.5833333333333333,3,0,english,indonesian,Indo-European,Germanic,Austronesian,Malayo-Polynesian,LATIN,6949,7087876,LATIN,2200,751190
62,en,id,Which data protection regulation in Brazil requires subject access requests to be fulfilled within a specific time frame?,Peraturan perlindungan data mana di Brasil yang mewajibkan permintaan akses subjek dipenuhi dalam jangka waktu tertentu?,"In Brazil, the data protection regulation that mandates fulfilling subject access requests within a specific time frame is the Lei Geral de Proteção de Dados (LGPD), or General Data Protection Law. According to the LGPD, data controllers must respond to subject access requests within 15 days from the date of the request. This regulation is designed to ensure individuals have timely access to their personal data and to uphold their rights regarding data privacy.","Di Brasil, peraturan yang mengatur pemenuhan permintaan akses subjek adalah Lei Geral de Proteção de Dados Pessoais (LGPD), atau Undang-Undang Perlindungan Data Pribadi. Menurut LGPD, pengendali data wajib memberikan tanggapan terhadap permintaan akses subjek data dalam jangka waktu tertentu, meskipun undang-undang tidak merinci jangka waktu yang spesifik. Namun, umumnya, praktik yang baik adalah merespons dalam waktu yang wajar, biasanya 15 hari, mengikuti praktik internasional dan saran dari otoritas perlindungan data setempat.",False,1,law,definition,102,120.0,0.85,1,0.0625,-1.2583481711987143,1.0692322283489402,-3.652472172129291,0.9488799726343908,2.411764705882353,5,0,3.1052631578947367,8,0,english,indonesian,Indo-European,Germanic,Austronesian,Malayo-Polynesian,LATIN,6949,7087876,LATIN,2200,751190
64,en,id,In which decade did Harry F. Sinclair purchase Rancocas Stable?,Pada dekade berapa Harry F. Sinclair membeli Rancocas Stable?,Harry F. Sinclair purchased Rancocas Stable in the 1910s.,Harry F. Sinclair membeli Rancocas Stable pada dekade 1920-an.,False,1,history,date_time,38,66.0,0.5757575757575758,1,0.0833333333333333,-1.4057103931639967,0.9659686986301812,-3.2490841450104044,0.9354144308736064,1.6363636363636365,3,0,2.4166666666666665,4,0,english,indonesian,Indo-European,Germanic,Austronesian,Malayo-Polynesian,LATIN,6949,7087876,LATIN,2200,751190
40,en,id,Who contributed to the album Keys to the Kingdom by North Mississippi Allstars?,Siapa yang berkontribusi dalam album Keys to the Kingdom oleh North Mississippi Allstars?,"""Keys to the Kingdom"" by North Mississippi Allstars features contributions from several artists. The core members of the band, Luther Dickinson, Cody Dickinson, and Chris Chew, are central to the album. Additionally, the album includes guest appearances by a number of renowned musicians. Some of these contributors are Mavis Staples, Ry Cooder, Spooner Oldham, and Alvin Youngblood Hart. These artists helped enrich the album with their distinctive styles and talents.","Album ""Keys to the Kingdom"" oleh North Mississippi Allstars dirilis pada tahun 2011. Album ini menampilkan kontribusi dari beberapa musisi tamu, termasuk:

1. Mavis Staples - Penyanyi legendaris yang dikenal dengan karyanya di ranah gospel dan R&B.
2. Alvin Youngblood Hart - Musisi blues dan gitaris yang terkenal dengan permainan gitar akustiknya.
3. Ry Cooder - Gitaris, penyanyi, dan komposer yang dikenal karena eksplorasinya terhadap berbagai genre musik.
4. Spooner Oldham - Keyboardist yang dikenal dalam musik rock dan soul.

Anggota inti dari North Mississippi Allstars, yakni Luther Dickinson, Cody Dickinson, dan Chris Chew, juga memainkan peran penting dalam album ini. Album ini didedikasikan untuk ayah mereka, Jim Dickinson, yang juga seorang musisi dan produser terkenal.",False,1,culture,work_creation,102,351.0,0.2905982905982906,3,0.1111111111111111,-1.2056855467400216,3.028856394974836,-3.1920013855830347,1.1473168392488893,2.7857142857142856,6,0,4.285714285714286,9,0,english,indonesian,Indo-European,Germanic,Austronesian,Malayo-Polynesian,LATIN,6949,7087876,LATIN,2200,751190
43,en,id,What term is used in South Africa to describe someone who obtains government contracts to facilitate outsourced services?,Istilah apa yang digunakan di Afrika Selatan untuk mendeskripsikan seseorang yang memperoleh kontrak pemerintah untuk memfasilitasi layanan outsourcing?,"In South Africa, the term ""tenderpreneur"" is used to describe someone who obtains government contracts, often to facilitate outsourced services, typically through leveraging political connections. It is a portmanteau of ""tender"" (referring to the bidding process for government contracts) and ""entrepreneur."" This term often carries a negative connotation, suggesting that the individual might be exploiting their connections for personal gain rather than through genuine entrepreneurship or merit.","Di Afrika Selatan, istilah yang sering digunakan untuk mendeskripsikan seseorang yang memperoleh kontrak pemerintah untuk memfasilitasi layanan outsourcing adalah ""tenderpreneur."" Istilah ini merupakan gabungan dari kata ""tender"" dan ""entrepreneur,"" dan biasanya digunakan dalam konteks kritis untuk menggambarkan individu yang mendapatkan keuntungan dari jaringan politik atau hubungan dekat dengan pejabat pemerintah untuk memenangkan kontrak.",True,2,technology,definition,85,105.0,0.8095238095238095,1,0.0666666666666666,-1.171693911156498,2.3478956378586138,-2.788868608174397,0.8454934135871107,3.4210526315789473,7,0,3.3684210526315788,6,0,english,indonesian,Indo-European,Germanic,Austronesian,Malayo-Polynesian,LATIN,6949,7087876,LATIN,2200,751190
53,en,id,What type of health care group is St John of God Health Care?,Jenis kelompok layanan kesehatan apakah St John of God Health Care?,"St John of God Health Care is a not-for-profit Catholic healthcare organization. It operates a range of services including hospitals, home nursing, disability services, and social outreach programs across Australia and New Zealand. The organization is committed to providing holistic care that aligns with its values based on the teachings of the Catholic Church.","St John of God Health Care adalah kelompok layanan kesehatan nirlaba yang berasal dari Australia. Mereka menyediakan berbagai layanan kesehatan, termasuk rumah sakit, layanan kesehatan mental, layanan untuk lansia, serta berbagai layanan komunitas lainnya. Dijalankan berdasarkan nilai-nilai Katolik, organisasi ini berfokus pada penyediaan perawatan yang berpusat pada pasien dan berfokus pada kualitas layanan.",True,1,health,organization,71,78.0,0.9102564102564102,0,0.0,-2.1187314431773356,0.935797004552686,-5.575591090658784,1.3816910475162862,3.0,7,0,2.9285714285714284,7,0,english,indonesian,Indo-European,Germanic,Austronesian,Malayo-Polynesian,LATIN,6949,7087876,LATIN,2200,751190
49,en,id,What did Archer Capital purchase in partnership with the management of Australian Geographic in 1998?,Apa yang dibeli Archer Capital dalam kemitraan dengan manajemen Australian Geographic pada tahun 1998?,"In 1998, Archer Capital, in partnership with the management of Australian Geographic, purchased the Australian Geographic business. This acquisition included the Australian Geographic journal and its related retail chain.","Pada tahun 1998, Archer Capital, bekerja sama dengan manajemen Australian Geographic, membeli perusahaan yang dikenal sebagai Australian Geographic. Pembelian ini meliputi aspek-aspek bisnis seperti publikasi majalah, operasi ritel, dan kegiatan lain yang terkait dengan brand tersebut.",True,1,geography,work_creation,63,78.0,0.8076923076923077,0,0.0,-0.6836893214635524,4.015365766285726,-2.602957237874877,0.8980163111903454,2.533333333333333,5,0,2.25,5,0,english,indonesian,Indo-European,Germanic,Austronesian,Malayo-Polynesian,LATIN,6949,7087876,LATIN,2200,751190
34,en,id,"According to some writers, which ancient city is equated with Parrhasia?","Menurut beberapa penulis, kota kuno manakah yang disamakan dengan Parrhasia?","According to some writers, the ancient city of Parrhasia is equated with the city of Lycosura. Lycosura is often considered one of the oldest cities in Arcadia, Greece, and is sometimes linked to Parrhasia in various historical texts.","Beberapa penulis kuno menyamakan kota kuno Parrhasia dengan Lycosura, yang terletak di wilayah Arcadia di Yunani. Sumber-sumber kuno sering kali memiliki variasi dalam penamaan dan pengaitan tempat, sehingga penting untuk merujuk pada teks atau penulis spesifik untuk rincian lebih lanjut.",True,1,history,location,27,45.0,0.6,2,0.2,-0.9679369487011632,1.243755425870484,-2.349465440036763,0.7526446496765176,2.230769230769231,4,0,1.9230769230769231,4,0,english,indonesian,Indo-European,Germanic,Austronesian,Malayo-Polynesian,LATIN,6949,7087876,LATIN,2200,751190
52,en,id,What is the Planck mass denoted by in the equation for the Vainshtein radius?,Apa yang dilambangkan dengan massa Planck dalam persamaan jari-jari Vainshtein?,"The Planck mass in the equation for the Vainshtein radius is typically denoted by \( M_{\text{Pl}} \). The Vainshtein radius is a concept used in modified gravity theories, like massive gravity, to describe a scale below which modifications to gravity (such as those introduced by a massive graviton) become negligible. The Planck mass is a central constant in these equations, often appearing in the context of comparing gravitational interaction strengths.","Massa Planck dalam fisika teoretis adalah konstanta fundamental yang penting dalam berbagai persamaan yang menggambarkan interaksi gravitasi kuantum. Dalam konteks teori modifikasi gravitasi seperti teori Vainshtein, massa Planck sering muncul sebagai parameter yang menghubungkan skala kuantum dan gravitasi klasik.

Ketika kita membahas jari-jari Vainshtein, yang merupakan karakteristik dari pendekatan modifikasi gravitasi tertentu untuk menyelesaikan masalah terkait dengan teori medan skalar dalam kehadiran gravitasi, massa Planck digunakan untuk menskala atau menetapkan batas antara domain di mana efek modifikasi gravitasi menjadi signifikan dan domain di mana gravitasi Newtonian atau relativitas umum berlaku.

Secara khusus, jari-jari Vainshtein mengacu pada jarak di mana efek dari modifikasi teori gravitasi seperti teori gravitasi massive atau teori galileon mulai tampak. Dalam persamaan jari-jari Vainshtein, massa Planck sering digunakan untuk menghitung skala di mana teori-teori ini akan mulai berlaku, menyeimbangkan antara kontribusi gravitasi dan interaksi skalar lainnya.

Oleh karena itu, massa Planck dalam persamaan jari-jari Vainshtein melambangkan batasan skala yang mengaitkan gravitasi kuantum dengan modifikasi gravitasi dalam teori-teori tersebut. Massa Planck memberikan cara untuk menganalisis seberapa kuat interaksi gravitasi dalam skenario ini dan memberikan dasar untuk menilai dampak potensial dari teori gravitasi modifikasi pada skala kosmik atau astrofisika tertentu.",False,1,science,scientific_technical,28,55.0,0.509090909090909,2,0.1818181818181818,-1.022336116658814,0.5580139103326476,-2.144033622695359,0.5669509577904905,2.1818181818181817,4,0,2.1333333333333333,4,0,english,indonesian,Indo-European,Germanic,Austronesian,Malayo-Polynesian,LATIN,6949,7087876,LATIN,2200,751190
54,en,id,What month did the K-1: K’Festa 3 event take place in?,Pada bulan apa acara K-1: K’Festa 3 diadakan?,The K-1: K’Festa 3 event took place in March 2020.,Acara K-1: K’Festa 3 diadakan pada bulan Maret 2020.,True,1,history,event,39,45.0,0.8666666666666667,0,0.0,-1.546201235475423,1.6681634358667294,-3.820451233308148,1.007262992391049,1.9090909090909092,4,0,2.0714285714285716,5,0,english,indonesian,Indo-European,Germanic,Austronesian,Malayo-Polynesian,LATIN,6949,7087876,LATIN,2200,751190
50,en,id,What medal did Nguyễn Thị Mỹ Đức win in women's changquan at the 2002 Asian Games?,Medali apa yang diraih Nguyễn Thị Mỹ Đức dalam nomor changquan putri di Asian Games 2002?,Nguyễn Thị Mỹ Đức won the bronze medal in women's changquan at the 2002 Asian Games.,Nguyễn Thị Mỹ Đức meraih medali emas dalam nomor changquan putri di Asian Games 2002.,False,1,sports,other,50,105.0,0.4761904761904761,3,0.2,-0.3999905215307609,4.481519463388842,-2.916479273769693,1.9956505866231,2.9444444444444446,6,0,6.055555555555555,13,0,english,indonesian,Indo-European,Germanic,Austronesian,Malayo-Polynesian,LATIN,6949,7087876,LATIN,2200,751190
58,en,id,In what city did the 1984 Summer Olympics men's 100 metre butterfly final take place?,Di kota manakah final nomor gaya kupu-kupu 100 meter putra Olimpiade Musim Panas 1984 diselenggarakan?,The 1984 Summer Olympics men's 100 metre butterfly final took place in Los Angeles.,"Final nomor gaya kupu-kupu 100 meter putra Olimpiade Musim Panas 1984 diselenggarakan di kota Los Angeles, Amerika Serikat.",True,1,sports,location,109,120.0,0.9083333333333332,0,0.0,-1.989201368819453,3.2449902873975627,-5.465360732473745,1.3251851915354271,2.6470588235294117,6,0,3.125,6,0,english,indonesian,Indo-European,Germanic,Austronesian,Malayo-Polynesian,LATIN,6949,7087876,LATIN,2200,751190
48,en,id,What was the name of the protagonist in the Prizzi novels?,Siapa nama protagonis dalam novel Prizzi?,"The protagonist in the Prizzi novels, written by Richard Condon, is Charlie Partanna. He is a key character in the series, starting with ""Prizzi's Honor.""","Protagonis dalam novel ""Prizzi's Honor"" karya Richard Condon adalah Charlie Partanna.",True,1,law,work_creation,15,28.0,0.5357142857142857,2,0.25,-0.7387556085503807,4.076664610479539,-1.999272403512358,1.549653750189341,1.7142857142857142,3,1,3.6666666666666665,7,0,english,indonesian,Indo-European,Germanic,Austronesian,Malayo-Polynesian,LATIN,6949,7087876,LATIN,2200,751190
33,en,it,In which country was AFN Bremerhaven located?,In quale paese si trovava AFN Bremerhaven?,"AFN Bremerhaven was located in Germany. AFN stands for American Forces Network, and AFN Bremerhaven was one of the network's broadcasting stations serving U.S. military personnel stationed in and around Bremerhaven, Germany.","AFN Bremerhaven si trovava in Germania. AFN sta per American Forces Network, un servizio di trasmissione destinato principalmente alle forze armate statunitensi di stanza all'estero. Bremerhaven è una città situata nel nord della Germania.",True,1,geography,location,7,15.0,0.4666666666666667,1,0.1666666666666666,-1.2376480218831662,0.1313241967699028,-2.7702626049936816,0.8240506082836265,1.25,2,0,0.875,1,0,english,italian,Indo-European,Germanic,Indo-European,Romance,LATIN,6949,7087876,LATIN,2729,1943704
30,en,it,What was the position of August Joseph Donatelli's plane during World War II when it was shot down?,Qual era la posizione dell'aereo di August Joseph Donatelli durante la seconda guerra mondiale quando è stato abbattuto?,"August Joseph Donatelli served as a waist gunner on a B-17 bomber during World War II. When his plane was shot down, he occupied this position, which is located on the side of the aircraft, typically midway between the nose and the tail. Waist gunners were responsible for defending the aircraft from enemy fighters approaching from the sides.","August Joseph Donatelli, meglio conosciuto come Augie Donatelli, fu un aviatore americano durante la Seconda Guerra Mondiale. Nel 1943, il suo bombardiere fu abbattuto durante una missione sul fronte europeo. Non esistono dettagli pubblicamente disponibili sulla posizione esatta in cui il suo aereo fu abbattuto, ma è noto che fu catturato e trascorse il resto della guerra come prigioniero in un campo tedesco. 

Dopo la guerra, Donatelli divenne un noto arbitro di baseball nella Major League. Se hai bisogno di ulteriori dettagli, ti suggerisco di consultare fonti storiche o documenti militari relativi alle missioni aeree Allied Europe WWII.",False,1,history,event,121,153.0,0.7908496732026143,0,0.0,-0.6749948092848771,2.8083386836351605,-2.594042473769649,0.7973538089597589,2.3333333333333335,4,1,1.2,2,0,english,italian,Indo-European,Germanic,Indo-European,Romance,LATIN,6949,7087876,LATIN,2729,1943704
55,en,it,What was the television network that aired The Greatest Canadian Invention?,Quale rete televisiva ha trasmesso La più grande invenzione canadese?,"The television network that aired ""The Greatest Canadian Invention"" was CBC Television.",La più grande invenzione canadese è stata trasmessa dalla CBC Television.,False,1,culture,organization,36,45.0,0.8,0,0.0,-0.7006632633664058,2.59312973186963,-1.908197754880282,0.9256505383522942,1.5454545454545454,3,0,1.25,3,0,english,italian,Indo-European,Germanic,Indo-European,Romance,LATIN,6949,7087876,LATIN,2729,1943704
39,en,it,Since which decade did bowl games start counting toward single-season and career statistics?,Da quale decennio i bowl game hanno iniziato a contare per le statistiche di una singola stagione e di carriera?,"Bowl games started counting toward single-season and career statistics beginning in the 2002 season. Prior to that, statistics from bowl games were not included in a player’s season or career totals.","I bowl game hanno iniziato a contare per le statistiche di una singola stagione e di carriera a partire dal decennio degli anni 2000. In particolare, nel 2002 la NCAA ha deciso che i bowl game si sarebbero dovuti includere nelle statistiche ufficiali.",True,1,sports,date_time,102,105.0,0.9714285714285714,0,0.0,-0.4069383656187645,2.241248264369455,-2.4993776269736134,0.7307393868396499,2.4761904761904763,5,0,1.0625,2,0,english,italian,Indo-European,Germanic,Indo-European,Romance,LATIN,6949,7087876,LATIN,2729,1943704
63,en,it,What is the original name of Entebbe General Hospital?,Qual è il nome originale dell'Ospedale Generale di Entebbe?,The original name of Entebbe General Hospital is Entebbe Military Hospital.,"Il nome originale dell'Ospedale Generale di Entebbe è ""Entebbe General Hospital"".",False,2,health,definition,37,45.0,0.8222222222222222,0,0.0,-1.2084348771950342,-0.3051687250164954,-2.343270280274389,0.5196577759960906,2.0833333333333335,4,0,1.2,2,0,english,italian,Indo-European,Germanic,Indo-European,Romance,LATIN,6949,7087876,LATIN,2729,1943704
56,en,it,What was the name of the University of Detroit's halfback in the 1929 football season?,Chi era il mediano dell'Università di Detroit nella stagione calcistica del 1929?,The University of Detroit's halfback in the 1929 football season was Lloyd Brazil. He was a standout player and is well remembered in the history of the university's football program.,Il mediano dell'Università di Detroit nella stagione calcistica del 1929 era Vince Banonis. Era uno dei giocatori di spicco della squadra in quegli anni.,False,1,sports,person,50,66.0,0.7575757575757576,0,0.0,-1.0129987925573471,2.8151950053131864,-2.918628588193976,1.16013162402389,2.4705882352941178,4,0,1.7058823529411764,3,0,english,italian,Indo-European,Germanic,Indo-European,Romance,LATIN,6949,7087876,LATIN,2729,1943704
42,en,it,What is the original name of the Flood Modeller software?,Qual era il nome originale del software Flood Modeller?,The Flood Modeller software was originally known as ISIS. It was developed by HR Wallingford and has been used for hydrodynamic modeling and flood risk management.,"Il nome originale del software Flood Modeller era ""ISIS"".",True,1,technology,work_creation,16,28.0,0.5714285714285714,1,0.125,-2.2656528687355477,-1.068904700742973,-4.492877004893813,0.7969094013574154,2.0,4,0,0.9090909090909092,1,0,english,italian,Indo-European,Germanic,Indo-European,Romance,LATIN,6949,7087876,LATIN,2729,1943704
46,en,it,What religious practice did the Magars follow?,Quali pratiche religiose seguivano i Magar?,"The Magars, who are an indigenous ethnic group primarily residing in Nepal, have traditionally practiced a blend of religions and spiritual beliefs. Historically, their religious practices have included elements of shamanism and animism, with a strong emphasis on nature worship and the veneration of ancestors. Shamans, known locally as ""Bijuwa"" or ""Dhami,"" play a crucial role in their spiritual and community life, performing rituals to appease spirits and seek guidance.

In contemporary times, many Magars have also adopted Hinduism and Buddhism, reflecting the broader religious landscape of Nepal. As a result, their religious practices today may incorporate Hindu and Buddhist customs alongside their indigenous traditions. This syncretism allows the Magars to maintain their cultural identity while also being part of the larger religious communities in Nepal.","I Magar, un gruppo etnico del Nepal, seguono tradizioni religiose che sono principalmente una combinazione di animismo, sciamanesimo, induismo e, in alcuni casi, buddismo. Ecco alcuni aspetti delle pratiche religiose dei Magar:

1. **Animismo e Sciamanesimo**: Tradizionalmente, i Magar praticano l'animismo, credendo che oggetti naturali, luoghi e creature possiedano uno spirito o un'essenza spirituale. Gli sciamani, noti come ""dhami"" o ""jhankri"", svolgono un ruolo importante nelle comunità come guaritori e mediatori tra il mondo spirituale e quello umano.

2. **Induismo**: A causa dell'influenza culturale e religiosa del Nepal, molti Magar seguono pratiche indù. Possono partecipare a rituali e festival induisti e adorare divinità del pantheon indù.

3. **Buddismo**: Alcuni gruppi Magar, specialmente quelli più vicini geograficamente a gruppi tibetani, possono praticare forme di buddismo tibetano, partecipando a festival e seguendo pratiche associate a questa tradizione.

4. **Rituali Ancestrali**: I Magar hanno anche forti tradizioni legate al culto degli antenati. I rituali ancestrali sono occasioni in cui si rendono omaggi e rispettosi riferimenti agli antenati, chiedendo la loro benedizione e protezione.

Le tradizioni religiose dei Magar possono variare notevolmente a seconda della regione, della storia familiare e delle influenze culturali. Ognuna di queste pratiche sottolinea l'importanza della spiritualità e della connessione con la natura e gli antenati nella vita quotidiana dei Magar.",False,1,culture,other,5,21.0,0.238095238095238,2,0.2857142857142857,-1.6102443922479388,-0.0149682845282284,-2.329907594668108,0.844940354631847,1.2857142857142858,2,0,0.875,1,0,english,italian,Indo-European,Germanic,Indo-European,Romance,LATIN,6949,7087876,LATIN,2729,1943704
57,en,it,What does the lowest part of the Espiritu Santo Formation consist of?,Di cosa è costituita la parte più inferiore della Formazione Espiritu Santo?,"The Espiritu Santo Formation, primarily located in Panama, is a geological formation known for its fossil-rich deposits. The lowest part of the Espiritu Santo Formation commonly consists of marine sediments, primarily composed of sandstone, siltstone, and shale. These sedimentary rocks were deposited in a marine environment, suggesting that the area was once underwater. The precise composition can vary slightly depending on the specific location within the formation, but the presence of marine fossils is typical, indicating the ancient marine conditions during the time of deposition.","La parte più inferiore della Formazione Espiritu Santo è costituita tipicamente da una sequenza di rocce sedimentarie. Tuttavia, per fornire una risposta più precisa sarebbe utile conoscere la località specifica a cui ci si riferisce, dato che le formazioni geologiche possono variare significativamente in composizione e struttura a seconda del contesto geologico e geografico. In generale, le formazioni geologiche possono includere uno strato di rocce più antiche come arenarie, calcari, marne o scisti. Se hai ulteriori dettagli o una specifica località in mente, posso provare a fornire ulteriori informazioni.",False,1,science,definition,38,66.0,0.5757575757575758,0,0.0,-0.4255994108204455,8.584959623624663,-1.7495935610335092,1.8119321939692392,1.9285714285714288,3,0,1.3846153846153846,2,0,english,italian,Indo-European,Germanic,Indo-European,Romance,LATIN,6949,7087876,LATIN,2729,1943704
66,en,it,In which year was the Toronto edition of Ming Pao Daily News launched?,In quale anno è stata lanciata l'edizione di Toronto del Ming Pao Daily News?,The Toronto edition of Ming Pao Daily News was launched in 1993.,L'edizione di Toronto del Ming Pao Daily News è stata lanciata nel 1993.,True,1,history,date_time,54,66.0,0.8181818181818182,0,0.0,-0.6106384894595396,5.639586716107681,-3.3442607433712035,1.1747009349706312,1.9411764705882353,3,0,1.6428571428571428,3,0,english,italian,Indo-European,Germanic,Indo-European,Romance,LATIN,6949,7087876,LATIN,2729,1943704
31,en,it,In what year was the NIH MERIT Award first created?,In quale anno è stato istituito per la prima volta il premio NIH MERIT?,The National Institutes of Health (NIH) MERIT (Method to Extend Research in Time) Award was first established in 1986.,Il premio NIH MERIT (Method to Extend Research in Time) è stato istituito per la prima volta nel 1986. Questo premio è stato creato per offrire supporto a lungo termine a ricercatori eccezionali che hanno dimostrato una produttività superiore nei loro campi di ricerca.,True,1,health,date_time,45,55.0,0.8181818181818182,0,0.0,-0.4362907966500398,1.9008407428051792,-1.779616395237536,0.7186085205123823,1.5333333333333334,3,0,0.9090909090909092,1,0,english,italian,Indo-European,Germanic,Indo-European,Romance,LATIN,6949,7087876,LATIN,2729,1943704
45,en,it,What was the name of the military base established in the Vedder Crossing area in 1941?,Qual era il nome della base militare istituita nell'area di Vedder Crossing nel 1941?,The military base established in the Vedder Crossing area in 1941 was named Camp Chilliwack.,Il nome della base militare istituita nell'area di Vedder Crossing nel 1941 è Camp Chilliwack.,True,1,history,entity_object,53,91.0,0.5824175824175825,1,0.0714285714285714,-1.1326200349282538,0.8330422327717903,-3.1065310190278694,0.7118672043752221,3.3684210526315788,6,1,1.1176470588235294,3,0,english,italian,Indo-European,Germanic,Indo-European,Romance,LATIN,6949,7087876,LATIN,2729,1943704
60,en,it,"In the 1999 New Zealand general election, which party did Helen Clark lead to victory?","Nelle elezioni generali del 1999 in Nuova Zelanda, quale partito ha condotto alla vittoria Helen Clark?","In the 1999 New Zealand general election, Helen Clark led the Labour Party to victory.","Nelle elezioni generali del 1999 in Nuova Zelanda, il Partito Laburista Neozelandese ha condotto alla vittoria Helen Clark. Dopo queste elezioni, Helen Clark è diventata la prima donna a ricoprire la carica di Primo Ministro in Nuova Zelanda attraverso un'elezione.",True,2,politics,person,72,91.0,0.7912087912087912,0,0.0,-0.9760922224751462,2.675001231307276,-2.632332069007955,0.9609675225188552,1.8095238095238095,3,0,1.2352941176470589,2,0,english,italian,Indo-European,Germanic,Indo-European,Romance,LATIN,6949,7087876,LATIN,2729,1943704
29,en,it,What kind of systems does International Road Dynamics provide to ensure that vehicles depart terminals within acceptable weight limits?,Quali tipi di sistemi fornisce International Road Dynamics per garantire che i veicoli lascino i terminal entro i limiti di peso accettabili?,"International Road Dynamics (IRD) provides a range of systems that help ensure vehicles depart terminals within acceptable weight limits. These systems typically include:

1. **Weigh-in-Motion (WIM) Systems**: These are used to measure the weight of vehicles as they move over sensors embedded in the road surface. It helps to accurately and efficiently ensure that vehicles comply with legal weight limits without stopping them.

2. **Static Weighing Systems**: These systems require vehicles to stop on a scale to measure their weight. They are generally used for precise weight measurements and are often found at loading docks or terminal exits.

3. **Overload Detection Systems**: These systems identify vehicles that exceed the weight limits and can trigger alerts or notifications for enforcement action or vehicle re-routing.

4. **Vehicle Classification Systems**: By classifying vehicles into categories, these systems can apply different weight limits and ensure compliance according to the vehicle type.

5. **Integrated Software Solutions**: IRD often pairs its physical systems with software for data collection, analysis, and reporting. This software helps monitor and manage vehicle weights and loads over time.

These systems collectively help in automating the process of weight compliance, reducing delays, and maintaining safety and regulatory compliance at terminals.","International Road Dynamics (IRD) offre diversi tipi di sistemi per garantire che i veicoli lascino i terminal entro i limiti di peso accettabili. Tra questi, i più comuni includono:

1. **Sistemi di pesatura dinamica (Weigh-in-Motion, WIM):** Questi sistemi consentono di pesare i veicoli in movimento, permettendo una pesatura rapida e accurata senza interrompere il flusso del traffico.

2. **Bilance statiche per veicoli:** Queste sono utilizzate per pesare i veicoli quando sono fermi, in genere posizionate a stazioni di pesatura o uscite di terminal per garantire che il carico del veicolo rientri nei limiti legali.

3. **Sistemi di controllo del carico assiale:** Questi sistemi misurano il peso caricato su ciascun asse del veicolo per evitare sovraccarichi su specifiche parti del veicolo, che potrebbero danneggiare sia il veicolo sia le infrastrutture stradali.

4. **Software di gestione dei dati:** IRD fornisce soluzioni software per raccogliere, analizzare e gestire i dati di pesatura. Questi strumenti aiutano a monitorare i pesi dei veicoli e garantire conformità con le normative di peso.

5. **Sistemi di classificazione dei veicoli:** Questi sistemi sono in grado di identificare e classificare i veicoli basandosi sulla loro configurazione, aiutando a determinare rapidamente se un veicolo è potenzialmente sovraccarico.

Queste soluzioni aiutano a migliorare la sicurezza stradale, prevenire danni alle infrastrutture e garantire efficienza operativa nei terminal e nelle aree di transito.",False,1,technology,other,123,171.0,0.7192982456140351,0,0.0,-0.8338318609901356,1.822545378477923,-4.235960235220486,1.0551343956190162,2.652173913043478,5,2,0.95,1,0,english,italian,Indo-European,Germanic,Indo-European,Romance,LATIN,6949,7087876,LATIN,2729,1943704
67,en,it,What was artistic swimming previously known as?,Come era precedentemente noto il nuoto artistico?,Artistic swimming was previously known as synchronized swimming. The name change was made to better reflect the sport's artistic elements and to align with other artistic sports. The International Swimming Federation (FINA) officially adopted the new name in 2017.,"Il nuoto artistico era precedentemente noto come ""nuoto sincronizzato"". Questo cambiamento di nome è stato implementato per riflettere meglio la natura artistica e coreografica della disciplina.",True,1,sports,definition,17,21.0,0.8095238095238095,0,0.0,-0.9771918862128058,3.865170502320201,-4.156622224470998,1.6669055679016689,1.125,2,0,0.875,1,0,english,italian,Indo-European,Germanic,Indo-European,Romance,LATIN,6949,7087876,LATIN,2729,1943704
36,en,it,In which year did the Great Canadian flag debate officially begin?,"In quale anno iniziò ufficialmente il Great Flag Debate, il dibattito sulla bandiera canadese?","The Great Canadian Flag Debate officially began in 1964. This debate led to the adoption of the current national flag of Canada, which was inaugurated on February 15, 1965.",Il Great Flag Debate iniziò ufficialmente nel 1964. Questo dibattito portò alla creazione e all'adozione dell'attuale bandiera canadese con la foglia d'acero rossa su sfondo bianco.,True,3,history,date_time,38,55.0,0.6909090909090909,0,0.0,-1.3083109617543651,1.661800409561185,-5.996230069225933,1.3950231819158008,2.1176470588235294,4,0,1.0,2,0,english,italian,Indo-European,Germanic,Indo-European,Romance,LATIN,6949,7087876,LATIN,2729,1943704
59,en,it,In which year did the Whitehaven School become the Whitehaven Academy?,In che anno la Scuola di Whitehaven è diventata l'Accademia di Whitehaven?,Whitehaven School became the Whitehaven Academy in 2014 when it transitioned to academy status under the sponsorship of Bright Tribe Trust.,La Scuola di Whitehaven è diventata l'Accademia di Whitehaven nel 2014.,True,1,history,date_time,22,28.0,0.7857142857142857,0,0.0,-0.7174226682733822,0.7830297550321238,-1.4923713988780702,0.5020072749454014,1.6428571428571428,3,0,1.5833333333333333,3,0,english,italian,Indo-European,Germanic,Indo-European,Romance,LATIN,6949,7087876,LATIN,2729,1943704
38,en,it,When was the Uniform Residential Landlord and Tenant Act created?,Quando è stato creato l'Uniform Residential Landlord and Tenant Act?,"The Uniform Residential Landlord and Tenant Act (URLTA) was created in 1972 by the National Conference of Commissioners on Uniform State Laws, now known as the Uniform Law Commission. The act was designed to standardize and improve the legal relationship between landlords and tenants across different states.","L'Uniform Residential Landlord and Tenant Act (URLTA) è stato creato nel 1972 dall'Uniform Law Commission negli Stati Uniti. Questo atto è stato sviluppato per standardizzare le leggi tra proprietari di casa e inquilini a livello statale, cercando di bilanciare i diritti e le responsabilità di entrambe le parti.",True,1,law,date_time,38,66.0,0.5757575757575758,1,0.0833333333333333,-1.1031432536040342,2.299740090348134,-3.2389881139483485,1.0903945349808042,1.5,3,0,0.9090909090909092,1,0,english,italian,Indo-European,Germanic,Indo-European,Romance,LATIN,6949,7087876,LATIN,2729,1943704
37,en,it,Who was the first female mayor in Turkey?,Chi è stata la prima donna sindaco in Turchia?,"The first female mayor in Turkey was Müfide İlhan. She was elected as the mayor of Mersin in 1950, becoming the first woman to hold such a position in Turkey.","La prima donna a diventare sindaco in Turchia fu Sadiye Hanım, eletta nel 1930 nel distretto di Kılıçkaya, nella provincia di Artvin. Tuttavia, la prima donna a essere eletta come sindaco di una città fu Müfide İlhan, che divenne sindaco di Mersin nel 1950.",False,1,politics,person,21,36.0,0.5833333333333334,2,0.2222222222222222,-1.4478120997354025,-0.6316244631212363,-3.4812222258808037,0.8164214175134052,1.0,2,0,1.0,2,0,english,italian,Indo-European,Germanic,Indo-European,Romance,LATIN,6949,7087876,LATIN,2729,1943704
44,en,it,What was the specific purpose of a bulk material analyzer located just upstream of the raw mill in cement production?,Qual era lo scopo specifico di un analizzatore di materiale sfuso posizionato appena a monte del mulino per materie prime nella produzione del cemento?,"In cement production, the specific purpose of locating a bulk material analyzer just upstream of the raw mill is to ensure the consistent quality and composition of the raw material mix before it enters the raw mill for grinding. The bulk material analyzer provides real-time analysis of the elemental composition of the raw materials, typically using technologies such as prompt gamma neutron activation analysis (PGNAA) or X-ray fluorescence (XRF).

This real-time data allows plant operators to make immediate adjustments to the raw material mix, optimizing the blending of different materials such as limestone, clay, sand, and iron ore. By ensuring the precise and consistent composition of these inputs, the analyzer helps maintain the desired chemical proportions necessary for producing clinker with the desired properties, leading to higher quality cement. Additionally, this optimization contributes to increased efficiency in the kiln, reduced energy consumption, and minimized emissions by avoiding over- or underuse of corrective materials.","Lo scopo specifico di un analizzatore di materiale sfuso posizionato appena a monte del mulino per materie prime nella produzione del cemento è quello di monitorare e controllare la composizione chimica delle materie prime in tempo reale. Questo permette di garantire che il materiale alimentato al mulino abbia le giuste proporzioni di componenti chimici, come calcio, silice, alluminio e ferro.

L'analisi in tempo reale consente agli operatori di apportare rapidamente le necessarie regolazioni nel dosaggio delle materie prime, migliorando l'efficienza del processo di produzione e assicurando che il prodotto finale, ovvero il clinker, rispetti le specifiche di qualità richieste. Inoltre, aiuta a ottimizzare il consumo energetico e a ridurre gli sprechi, contribuendo a una produzione più sostenibile ed economica.",True,1,technology,scientific_technical,342,406.0,0.8423645320197044,0,0.0,-0.2714186441774731,3.914883424362829,-4.037104445189059,0.976208258144979,3.75,6,1,0.9523809523809524,1,0,english,italian,Indo-European,Germanic,Indo-European,Romance,LATIN,6949,7087876,LATIN,2729,1943704
65,en,it,In what year was Greg Brown's album One More Goodnight Kiss released?,In che anno è stato pubblicato l'album di Greg Brown Un Altro Bacio Della Buonanotte?,"Greg Brown's album ""One More Goodnight Kiss"" was released in 1988.","L'album di Greg Brown ""Further In"" è stato pubblicato nel 1996. Tuttavia, se ti riferisci a un album intitolato ""Un Altro Bacio Della Buonanotte"", non sembra corrispondere a nessun album noto di Greg Brown. Potresti controllare il titolo o fornire maggiori dettagli?",False,1,arts,date_time,60,66.0,0.9090909090909092,0,0.0,-0.5783727404827561,2.8644385451727317,-2.23774344312454,0.925185652992953,2.111111111111111,4,0,1.3076923076923077,2,0,english,italian,Indo-European,Germanic,Indo-European,Romance,LATIN,6949,7087876,LATIN,2729,1943704
35,en,it,What was the name of Nellie McKay's record label when Pretty Little Head was released?,Qual era il nome dell'etichetta discografica di Nellie McKay quando è stato pubblicato Pretty Little Head?,"Nellie McKay released ""Pretty Little Head"" on her own record label, titled Hungry Mouse.","Pretty Little Head, il secondo album di Nellie McKay, è stato inizialmente pubblicato con la sua etichetta discografica indipendente chiamata Hungry Mouse. Inizialmente avrebbe dovuto essere pubblicato dalla Columbia Records, ma a causa di disaccordi, McKay decise di rilasciarlo sotto la sua etichetta.",True,1,history,organization,105,136.0,0.7720588235294118,0,0.0,-0.6810588538521096,4.388239815490443,-3.405482847076929,1.1889612737306945,2.210526315789474,4,1,0.9375,1,0,english,italian,Indo-European,Germanic,Indo-European,Romance,LATIN,6949,7087876,LATIN,2729,1943704
51,en,it,How long does a Rector of Università Cattolica del Sacro Cuore remain in office?,Per quanto tempo un Magnifico Rettore dell'Università Cattolica del Sacro Cuore rimane in carica?,"The Rector of the Università Cattolica del Sacro Cuore typically serves a four-year term. However, the exact terms can vary based on the university's statutes or any amendments made to the governing rules, so it's always a good idea to check the latest guidelines from the university for the most accurate information.","Un Magnifico Rettore dell'Università Cattolica del Sacro Cuore di solito rimane in carica per un mandato di quattro anni. Tuttavia, è possibile che il mandato venga rinnovato per un periodo successivo, in base alle disposizioni statutarie dell'università e alle decisioni degli organi competenti.",True,1,education,other,91,91.0,1.0,0,0.0,-0.3751177407881401,4.307191164525461,-2.9918643091538963,1.0918868082203468,2.2222222222222223,4,0,1.4375,2,0,english,italian,Indo-European,Germanic,Indo-European,Romance,LATIN,6949,7087876,LATIN,2729,1943704
41,en,it,What was the name of the conference Campbell University's women's basketball team played in from 1994 to 2011?,Qual era il nome della conference in cui giocava la squadra di basket femminile della Campbell University dal 1994 al 2011?,"From 1994 to 2011, Campbell University's women's basketball team played in the Atlantic Sun Conference.","Dal 1994 al 2011, la squadra di basket femminile della Campbell University, nota come Campbell Fighting Camels, giocava nella Atlantic Sun Conference.",False,1,sports,event,136,171.0,0.7953216374269005,0,0.0,-1.032977730487499,2.0886600269410276,-3.7801416204985583,1.0027714567559003,3.923076923076923,6,0,1.0,2,0,english,italian,Indo-European,Germanic,Indo-European,Romance,LATIN,6949,7087876,LATIN,2729,1943704
61,en,it,"What is the name of the album that the song ""That's What Love Is For"" was released on?","Qual è il nome dell'album in cui è stata pubblicata la canzone ""That's What Love Is For""?","The song ""That's What Love Is For"" is by Amy Grant and it was released on the album ""Heart in Motion"" in 1991.","La canzone ""That's What Love Is For"" è stata pubblicata nell'album ""Heart in Motion"" di Amy Grant, uscito nel 1991.",True,1,culture,work_creation,133,136.0,0.9779411764705882,0,0.0,-0.8422473949556638,2.51888187607862,-3.065497392077277,1.3254210074129598,3.8181818181818183,7,0,1.380952380952381,2,0,english,italian,Indo-European,Germanic,Indo-European,Romance,LATIN,6949,7087876,LATIN,2729,1943704
47,en,it,When was the men's javelin throw event held at the 2010 Asian Games?,Quando si è svolta la gara di lancio del giavellotto maschile ai Giochi asiatici del 2010?,"The men's javelin throw event at the 2010 Asian Games was held on November 22, 2010.",La gara di lancio del giavellotto maschile ai Giochi asiatici del 2010 si è svolta il 25 novembre 2010.,False,1,sports,event,84,91.0,0.9230769230769232,0,0.0,-0.6265915049824334,4.452444223389486,-1.736635254230823,0.894668662234936,2.1,4,0,1.2142857142857142,3,0,english,italian,Indo-European,Germanic,Indo-European,Romance,LATIN,6949,7087876,LATIN,2729,1943704
32,en,it,"On which date was David Nail's album ""Fighter"" released?","In che data è stato pubblicato l'album ""Fighter"" di David Nail?","David Nail's album ""Fighter"" was released on July 15, 2016.","L'album ""Fighter"" di David Nail è stato pubblicato il 15 luglio 2016.",True,1,arts,date_time,62,66.0,0.9393939393939394,0,0.0,-0.8340421025375159,1.1259208312837248,-2.456994111270519,0.6500560403962049,1.8,3,0,1.3076923076923077,2,0,english,italian,Indo-European,Germanic,Indo-European,Romance,LATIN,6949,7087876,LATIN,2729,1943704
62,en,it,Which data protection regulation in Brazil requires subject access requests to be fulfilled within a specific time frame?,Quale normativa brasiliana sulla protezione dei dati impone che le richieste di accesso dell'interessato vengano soddisfatte entro un periodo di tempo specifico?,"In Brazil, the data protection regulation that mandates fulfilling subject access requests within a specific time frame is the Lei Geral de Proteção de Dados (LGPD), or General Data Protection Law. According to the LGPD, data controllers must respond to subject access requests within 15 days from the date of the request. This regulation is designed to ensure individuals have timely access to their personal data and to uphold their rights regarding data privacy.","La normativa brasiliana che disciplina la protezione dei dati personali è la **Lei Geral de Proteção de Dados Pessoais (LGPD)**, ufficialmente la Legge n. 13.709/2018. La LGPD stabilisce che le richieste di accesso da parte degli interessati debbano essere gestite entro un periodo di tempo stabilito. Secondo l'articolo 18 di questa legge, i titolari dei dati hanno il diritto di ottenere dal responsabile del trattamento dei dati la conferma dell'esistenza del trattamento e l'accesso ai propri dati personali, tra le altre informazioni. Anche se la legge specifica che le risposte alle richieste degli interessati devono essere fornite in un modo accessibile e chiaro, il periodo di tempo esatto per rispondere alle richieste non è esplicitamente definito nella normativa stessa. Tuttavia, solitamente, l'Autorità Nazionale per la Protezione dei Dati (ANPD) può fornire linee guida o regolamenti supplementari per determinare tali scadenze. In generale, si consiglia di rispondere alle richieste in modo tempestivo per conformarsi ai principi di trasparenza e responsabilità stabiliti dalla LGPD.",False,1,law,definition,160,190.0,0.8421052631578947,1,0.05,-0.6344816130392962,2.3502317218488873,-2.4702845568595895,0.6480128972666692,2.7777777777777777,5,1,0.9473684210526316,1,0,english,italian,Indo-European,Germanic,Indo-European,Romance,LATIN,6949,7087876,LATIN,2729,1943704
64,en,it,In which decade did Harry F. Sinclair purchase Rancocas Stable?,In quale decennio Harry F. Sinclair acquistò la Rancocas Stable?,Harry F. Sinclair purchased Rancocas Stable in the 1910s.,"Harry F. Sinclair acquistò la Rancocas Stable negli anni 1910, precisamente nel 1915.",False,1,history,date_time,10,36.0,0.2777777777777778,1,0.1111111111111111,-2.0997066862012015,-0.7055091418919923,-3.456020299186029,0.916066516313046,1.4545454545454546,2,0,1.181818181818182,2,0,english,italian,Indo-European,Germanic,Indo-European,Romance,LATIN,6949,7087876,LATIN,2729,1943704
40,en,it,Who contributed to the album Keys to the Kingdom by North Mississippi Allstars?,Chi ha contribuito all'album  Keys to the Kingdom dei North Mississippi Allstars?,"""Keys to the Kingdom"" by North Mississippi Allstars features contributions from several artists. The core members of the band, Luther Dickinson, Cody Dickinson, and Chris Chew, are central to the album. Additionally, the album includes guest appearances by a number of renowned musicians. Some of these contributors are Mavis Staples, Ry Cooder, Spooner Oldham, and Alvin Youngblood Hart. These artists helped enrich the album with their distinctive styles and talents.","L'album ""Keys to the Kingdom"" dei North Mississippi Allstars, pubblicato nel 2011, ha visto la partecipazione di diversi artisti. Tra i contributori ci sono Mavis Staples, Alvin Youngblood Hart, e Ry Cooder, oltre ai membri principali della band, Luther Dickinson, Cody Dickinson, e Chris Chew. Questi collaboratori hanno contribuito sia con la loro voce che con strumenti, aggiungendo una dimensione ricca e variegata al sound del gruppo.",False,1,culture,work_creation,146,378.0,0.3862433862433862,2,0.0714285714285714,-0.6632793435005738,9.60878604424489,-5.9423389287624255,1.8795726306868892,2.0,3,0,1.2142857142857142,2,0,english,italian,Indo-European,Germanic,Indo-European,Romance,LATIN,6949,7087876,LATIN,2729,1943704
43,en,it,What term is used in South Africa to describe someone who obtains government contracts to facilitate outsourced services?,Quale termine viene utilizzato in Sudafrica per descrivere qualcuno che ottiene contratti governativi per facilitare i servizi esternalizzati?,"In South Africa, the term ""tenderpreneur"" is used to describe someone who obtains government contracts, often to facilitate outsourced services, typically through leveraging political connections. It is a portmanteau of ""tender"" (referring to the bidding process for government contracts) and ""entrepreneur."" This term often carries a negative connotation, suggesting that the individual might be exploiting their connections for personal gain rather than through genuine entrepreneurship or merit.","In Sudafrica, il termine ""tenderpreneur"" è utilizzato per descrivere qualcuno che ottiene contratti governativi per facilitare i servizi esternalizzati. Questo neologismo deriva dalla combinazione delle parole ""tender"" (gara d'appalto) e ""entrepreneur"" (imprenditore) e indica spesso pratiche di favoritismo o corruzione nell'assegnazione di appalti pubblici.",True,2,technology,definition,59,91.0,0.6483516483516484,1,0.0714285714285714,-0.6546658135304914,2.5133673349399177,-4.2578658597728545,0.9880779830823462,2.8947368421052633,6,2,0.9473684210526316,1,0,english,italian,Indo-European,Germanic,Indo-European,Romance,LATIN,6949,7087876,LATIN,2729,1943704
53,en,it,What type of health care group is St John of God Health Care?,Che tipo di gruppo sanitario è St John of God Health Care?,"St John of God Health Care is a not-for-profit Catholic healthcare organization. It operates a range of services including hospitals, home nursing, disability services, and social outreach programs across Australia and New Zealand. The organization is committed to providing holistic care that aligns with its values based on the teachings of the Catholic Church.","St John of God Health Care è un gruppo sanitario cattolico non profit che opera principalmente in Australia. Fornisce una vasta gamma di servizi sanitari, tra cui ospedali, servizi di salute mentale, assistenza agli anziani e programmi di supporto sociale. L'organizzazione è guidata dai valori della cura, della compassione e del rispetto, ed è impegnata nel fornire assistenza sanitaria di alta qualità basata sui principi della tradizione cattolica.",True,1,health,organization,76,91.0,0.8351648351648352,0,0.0,-1.0215536647292338,3.269280160397978,-5.114783780009049,1.2310828463149976,1.3846153846153846,3,0,1.4285714285714286,3,0,english,italian,Indo-European,Germanic,Indo-European,Romance,LATIN,6949,7087876,LATIN,2729,1943704
49,en,it,What did Archer Capital purchase in partnership with the management of Australian Geographic in 1998?,Cosa ha acquistato Archer Capital in collaborazione con il management di Australian Geographic nel 1998?,"In 1998, Archer Capital, in partnership with the management of Australian Geographic, purchased the Australian Geographic business. This acquisition included the Australian Geographic journal and its related retail chain.","Nel 1998, Archer Capital, in collaborazione con il management di Australian Geographic, ha acquistato la rivista Australian Geographic. Questa acquisizione ha incluso i diritti di pubblicazione e le operazioni correlate della rivista.",False,1,geography,work_creation,54,66.0,0.8181818181818182,0,0.0,-0.9003494347348456,2.543246553246391,-2.358374689701866,0.8507074985237313,1.9411764705882353,4,0,1.125,2,0,english,italian,Indo-European,Germanic,Indo-European,Romance,LATIN,6949,7087876,LATIN,2729,1943704
34,en,it,"According to some writers, which ancient city is equated with Parrhasia?","Secondo alcuni scrittori, quale città antica viene identificata con Parrasia?","According to some writers, the ancient city of Parrhasia is equated with the city of Lycosura. Lycosura is often considered one of the oldest cities in Arcadia, Greece, and is sometimes linked to Parrhasia in various historical texts.","Secondo alcuni scrittori antichi, la città di Parrasia viene spesso identificata con una regione dell'Arcadia, in Grecia. Parrasia sarebbe stata situata vicino al monte Liceo. È importante notare che le fonti antiche possono variare nelle loro descrizioni e localizzazioni, e talvolta Parrasia è più un riferimento regionale che una specifica città con una propria identità urbana distinta.",False,1,history,location,27,45.0,0.6,2,0.2,-0.718544428878763,0.6307364550436488,-1.4891647501417695,0.5322677451469575,1.4166666666666667,2,0,0.9230769230769232,1,0,english,italian,Indo-European,Germanic,Indo-European,Romance,LATIN,6949,7087876,LATIN,2729,1943704
52,en,it,What is the Planck mass denoted by in the equation for the Vainshtein radius?,Come viene indicata la massa di Planck nell'equazione per il raggio di Vainshtein?,"The Planck mass in the equation for the Vainshtein radius is typically denoted by \( M_{\text{Pl}} \). The Vainshtein radius is a concept used in modified gravity theories, like massive gravity, to describe a scale below which modifications to gravity (such as those introduced by a massive graviton) become negligible. The Planck mass is a central constant in these equations, often appearing in the context of comparing gravitational interaction strengths.","Nell'ambito della fisica teorica, il raggio di Vainshtein è una scala caratteristica che appare nelle teorie della gravità modificata, come la teoria di massive gravity. L'equazione per il raggio di Vainshtein spesso coinvolge la massa di Planck. Nelle espressioni matematiche, la massa di Planck è generalmente indicata con il simbolo \( M_{\text{Pl}} \) o talvolta con \( M_{\text{P}} \).

Il raggio di Vainshtein \( r_V \) è spesso espresso in funzione della massa \( M \) dell'oggetto centrale, della massa di Planck \( M_{\text{Pl}} \), e di altri parametri specifici del modello considerato, come la massa del gravitone o le scale di lunghezza caratteristiche della teoria. Una forma tipica dell'equazione è:
\[
r_V = \left( \frac{M}{M_{\text{Pl}}^2 m^2} \right)^{1/3}
\]
dove \( m \) è la massa del gravitone.

Questa è solo una forma semplificata e specifica dell'equazione, che può variare a seconda della teoria specifica considerata.",False,1,science,scientific_technical,41,66.0,0.6212121212121212,2,0.1666666666666666,-0.5619492564603575,2.321265839131331,-2.207570573549846,0.91927888177454,1.9375,4,0,0.9333333333333332,1,0,english,italian,Indo-European,Germanic,Indo-European,Romance,LATIN,6949,7087876,LATIN,2729,1943704
54,en,it,What month did the K-1: K’Festa 3 event take place in?,In quale mese si è svolto l'evento K-1: K'Festa 3?,The K-1: K’Festa 3 event took place in March 2020.,L'evento K-1: K'Festa 3 si è svolto nel mese di marzo 2020.,True,1,history,event,55,55.0,1.0,0,0.0,-0.9068771068848044,0.9715298382253368,-2.5469589273015583,0.6647698454420465,1.1428571428571428,2,0,0.8571428571428571,1,0,english,italian,Indo-European,Germanic,Indo-European,Romance,LATIN,6949,7087876,LATIN,2729,1943704
50,en,it,What medal did Nguyễn Thị Mỹ Đức win in women's changquan at the 2002 Asian Games?,Quale medaglia ha vinto Nguyễn Thị Mỹ Đức nel changquan femminile ai Giochi Asiatici del 2002?,Nguyễn Thị Mỹ Đức won the bronze medal in women's changquan at the 2002 Asian Games.,Nguyễn Thị Mỹ Đức ha vinto la medaglia d'argento nel changquan femminile ai Giochi Asiatici del 2002.,False,1,sports,other,42,105.0,0.4,5,0.3333333333333333,-0.8263709292199672,3.3442053586701155,-2.141020105646444,1.0049897062748394,1.7,3,0,1.0,2,0,english,italian,Indo-European,Germanic,Indo-European,Romance,LATIN,6949,7087876,LATIN,2729,1943704
58,en,it,In what city did the 1984 Summer Olympics men's 100 metre butterfly final take place?,In quale città si è svolta la finale dei 100 metri farfalla maschili alle Olimpiadi estive del 1984?,The 1984 Summer Olympics men's 100 metre butterfly final took place in Los Angeles.,"La finale dei 100 metri farfalla maschili alle Olimpiadi estive del 1984 si è svolta a Los Angeles, negli Stati Uniti.",True,1,sports,location,113,120.0,0.9416666666666668,0,0.0,-0.5399277293990473,5.025827842259281,-2.4629638193491283,1.0263811855863307,1.9545454545454544,3,0,0.9375,1,0,english,italian,Indo-European,Germanic,Indo-European,Romance,LATIN,6949,7087876,LATIN,2729,1943704
48,en,it,What was the name of the protagonist in the Prizzi novels?,Qual era il nome del protagonista dei romanzi dei Prizzi?,"The protagonist in the Prizzi novels, written by Richard Condon, is Charlie Partanna. He is a key character in the series, starting with ""Prizzi's Honor.""","Il protagonista dei romanzi dei Prizzi, scritti da Richard Condon, è Charley Partanna. Charley è un sicario che lavora per la famiglia mafiosa dei Prizzi.",True,1,law,work_creation,25,36.0,0.6944444444444444,0,0.0,-1.0733832881773564,0.6213111533904666,-2.119525857575635,0.6946180449762867,2.7142857142857144,5,0,0.9166666666666666,1,0,english,italian,Indo-European,Germanic,Indo-European,Romance,LATIN,6949,7087876,LATIN,2729,1943704
33,en,ja,In which country was AFN Bremerhaven located?,AFNブレーマーハーフェンはどの国にありましたか？,"AFN Bremerhaven was located in Germany. AFN stands for American Forces Network, and AFN Bremerhaven was one of the network's broadcasting stations serving U.S. military personnel stationed in and around Bremerhaven, Germany.",AFNブレーマーハーフェンはドイツにありました。AFN（American Forces Network）は、アメリカ軍の放送ネットワークであり、ブレーマーハーフェンはその一拠点として利用されていました。,True,1,geography,location,39,55.0,0.7090909090909091,1,0.0909090909090909,-0.7564666243433659,0.443386427094623,-1.9552349195621013,0.5140586283439802,1.2,2,0,0.875,1,0,english,japanese,Indo-European,Germanic,Japonic,Japonic,LATIN,6949,7087876,HAN/JAPANESE,643,1479698
30,en,ja,What was the position of August Joseph Donatelli's plane during World War II when it was shot down?,第二次世界大戦で撃墜されたとき、オーガスト・ジョセフ・ドナテリの搭乗機のポジションは何でしたか？,"August Joseph Donatelli served as a waist gunner on a B-17 bomber during World War II. When his plane was shot down, he occupied this position, which is located on the side of the aircraft, typically midway between the nose and the tail. Waist gunners were responsible for defending the aircraft from enemy fighters approaching from the sides.",オーガスト・ジョセフ・ドナテリは、第二次世界大戦中のアメリカ海軍のパイロットであり、彼が搭乗していたのはSBD ドーントレスという艦上爆撃機でした。彼のポジションはパイロットです。,False,1,history,event,237,300.0,0.79,1,0.04,-0.4747963282166706,3.5746437611075548,-3.9309848439392696,0.9747353316479512,2.6785714285714284,4,1,0.9473684210526316,1,0,english,japanese,Indo-European,Germanic,Japonic,Japonic,LATIN,6949,7087876,HAN/JAPANESE,643,1479698
55,en,ja,What was the television network that aired The Greatest Canadian Invention?,グレイテスト・カナディアン・インベンションを放送したテレビ局は何ですか？,"The television network that aired ""The Greatest Canadian Invention"" was CBC Television.",「グレイテスト・カナディアン・インベンション」を放送したテレビ局は、カナダの公共放送局であるCBC（Canadian Broadcasting Corporation）です。,True,1,culture,organization,94,120.0,0.7833333333333333,0,0.0,-0.7209801331328862,3.499239507548648,-1.9410053217743255,0.8486934848959551,2.5294117647058822,4,1,0.9166666666666666,1,0,english,japanese,Indo-European,Germanic,Japonic,Japonic,LATIN,6949,7087876,HAN/JAPANESE,643,1479698
39,en,ja,Since which decade did bowl games start counting toward single-season and career statistics?,ボウルゲームが1シーズンおよびキャリアの統計にカウントされるようになったのはどの年代からですか？,"Bowl games started counting toward single-season and career statistics beginning in the 2002 season. Prior to that, statistics from bowl games were not included in a player’s season or career totals.",カレッジフットボールにおいて、ボウルゲームの成績が1シーズンおよびキャリアの統計にカウントされるようになったのは、2002年のシーズンからです。それ以前は、ボウルゲームの記録は公式の統計には含まれていませんでした。この変更により、選手のシーズンおよびキャリア通算成績がボウルゲームを含めたものとして記録されるようになりました。,True,1,sports,date_time,296,300.0,0.9866666666666668,0,0.0,-0.5524632161398857,4.848115722412818,-2.5189440114428048,0.7957748129023898,2.64,6,1,0.9333333333333332,1,0,english,japanese,Indo-European,Germanic,Japonic,Japonic,LATIN,6949,7087876,HAN/JAPANESE,643,1479698
63,en,ja,What is the original name of Entebbe General Hospital?,エンテベ総合病院の元の名称は何ですか？,The original name of Entebbe General Hospital is Entebbe Military Hospital.,エンテベ総合病院の元の名称は「エンテベ病院」です。,False,2,health,definition,58,66.0,0.8787878787878788,0,0.0,-0.6960192452925347,2.648478168053388,-1.7428418273496693,0.7991842706831919,2.1666666666666665,4,0,0.9,1,0,english,japanese,Indo-European,Germanic,Japonic,Japonic,LATIN,6949,7087876,HAN/JAPANESE,643,1479698
56,en,ja,What was the name of the University of Detroit's halfback in the 1929 football season?,1929年シーズンのデトロイト大学のハーフバックの名前は？,The University of Detroit's halfback in the 1929 football season was Lloyd Brazil. He was a standout player and is well remembered in the history of the university's football program.,"1929年シーズンのデトロイト大学（現在のデトロイト・マーシー大学）のハーフバックとして特に知られる選手の一人は、ローレンス・“バンクス”・メロディー（Lawrence ""Bub"" Kubiak）です。当時のチームは非常に成功を収めており、彼の活躍がその一因とされています。",False,1,sports,person,50,66.0,0.7575757575757576,1,0.0833333333333333,-0.3363995201782288,4.742762807742148,-2.090942434353922,1.2247885739303144,2.3076923076923075,4,0,0.9375,1,0,english,japanese,Indo-European,Germanic,Japonic,Japonic,LATIN,6949,7087876,HAN/JAPANESE,643,1479698
42,en,ja,What is the original name of the Flood Modeller software?,フラッドモデラーのソフトウェアの元の名前は？,The Flood Modeller software was originally known as ISIS. It was developed by HR Wallingford and has been used for hydrodynamic modeling and flood risk management.,フラッドモデラーのソフトウェアの元の名前は「ISIS」です。これは、Innovyze社によって開発された河川や流域の水理解析・洪水予測のためのソフトウェアです。その後の技術進化やマーケティング戦略に伴い、名前が「Flood Modeller」に変更されました。,True,1,technology,work_creation,18,28.0,0.6428571428571429,0,0.0,-0.7166114732672105,2.511198419745423,-1.6613953231269094,0.9786889785125802,1.8888888888888888,4,0,0.9090909090909092,1,0,english,japanese,Indo-European,Germanic,Japonic,Japonic,LATIN,6949,7087876,HAN/JAPANESE,643,1479698
46,en,ja,What religious practice did the Magars follow?,マガル族が従っていた宗教的実践は何でしたか？,"The Magars, who are an indigenous ethnic group primarily residing in Nepal, have traditionally practiced a blend of religions and spiritual beliefs. Historically, their religious practices have included elements of shamanism and animism, with a strong emphasis on nature worship and the veneration of ancestors. Shamans, known locally as ""Bijuwa"" or ""Dhami,"" play a crucial role in their spiritual and community life, performing rituals to appease spirits and seek guidance.

In contemporary times, many Magars have also adopted Hinduism and Buddhism, reflecting the broader religious landscape of Nepal. As a result, their religious practices today may incorporate Hindu and Buddhist customs alongside their indigenous traditions. This syncretism allows the Magars to maintain their cultural identity while also being part of the larger religious communities in Nepal.","マガル族は、ネパールを中心に広がるチベット・ビルマ語族の民族で、その宗教的実践は多様です。伝統的には、アニミズムや精霊信仰が中心でしたが、時代とともに様々な宗教と接触し、その影響を受けています。

現在、マガル族の間では仏教やヒンドゥー教も広く信仰されています。特に、小乗仏教（テーラワーダ仏教）の影響を受けている地域もあります。また、多くのマガル族はシヴァ神やその他のヒンドゥー教の神々を崇拝することもあります。

さらに、ボン教やシャーマニズムの影響も見られ、祭礼や儀式においては、祖先崇拝や自然崇拝の要素も含まれています。これらの宗教的実践は、マガル族の文化や伝統に深く根ざしており、それぞれの地域や集落によって異なる特徴を持っています。",True,1,culture,other,109,136.0,0.8014705882352942,1,0.0588235294117647,-0.7134757415042934,4.386056790368446,-4.380853190146233,0.9751081680248708,2.125,4,1,0.875,1,0,english,japanese,Indo-European,Germanic,Japonic,Japonic,LATIN,6949,7087876,HAN/JAPANESE,643,1479698
57,en,ja,What does the lowest part of the Espiritu Santo Formation consist of?,エスピリトゥ・サント累層の最下部は何で構成されていますか？,"The Espiritu Santo Formation, primarily located in Panama, is a geological formation known for its fossil-rich deposits. The lowest part of the Espiritu Santo Formation commonly consists of marine sediments, primarily composed of sandstone, siltstone, and shale. These sedimentary rocks were deposited in a marine environment, suggesting that the area was once underwater. The precise composition can vary slightly depending on the specific location within the formation, but the presence of marine fossils is typical, indicating the ancient marine conditions during the time of deposition.",エスピリトゥ・サント累層の具体的な構成については、専門的な地質学の資料を参照する必要があります。一般的に、特定の地層の最下部が何で構成されているかは、その地域の地質学的歴史や場所によって異なります。通常、地層は砂岩、泥岩、石灰岩、火山岩などさまざまな岩石で構成されることがあります。もしエスピリトゥ・サント累層に関する具体的な情報が必要な場合は、地質調査の報告書や専門的な地質学の文献を参照することをお勧めします。,False,1,science,definition,147,210.0,0.7,2,0.0952380952380952,-0.7368371438715223,5.4809316537564525,-3.1771424643774973,1.051213339843181,1.6666666666666667,3,0,0.9230769230769232,1,0,english,japanese,Indo-European,Germanic,Japonic,Japonic,LATIN,6949,7087876,HAN/JAPANESE,643,1479698
66,en,ja,In which year was the Toronto edition of Ming Pao Daily News launched?,明報のトロント版が創刊されたのは何年ですか？,The Toronto edition of Ming Pao Daily News was launched in 1993.,明報のトロント版は1993年に創刊されました。,True,1,history,date_time,95,105.0,0.9047619047619048,0,0.0,-0.7077266838684477,2.0046970903034143,-1.6166463987066146,0.5999486617466392,1.875,4,0,0.9285714285714286,1,0,english,japanese,Indo-European,Germanic,Japonic,Japonic,LATIN,6949,7087876,HAN/JAPANESE,643,1479698
31,en,ja,In what year was the NIH MERIT Award first created?,NIH MERIT賞が最初に創設されたのは何年ですか？,The National Institutes of Health (NIH) MERIT (Method to Extend Research in Time) Award was first established in 1986.,NIH MERIT賞（National Institutes of Health Method to Extend Research in Time Awards）は、1986年に創設されました。この賞は、優れた研究者に対して長期間にわたる安定した研究資金を提供することを目的としています。,True,1,health,date_time,119,136.0,0.875,0,0.0,-0.7646176580023238,6.328148271726465,-2.3867915410775735,0.905056427259284,1.8235294117647056,3,0,0.9090909090909092,1,0,english,japanese,Indo-European,Germanic,Japonic,Japonic,LATIN,6949,7087876,HAN/JAPANESE,643,1479698
45,en,ja,What was the name of the military base established in the Vedder Crossing area in 1941?,1941年にヴェダー・クロッシング地域に設立された軍事基地の名前は何ですか?,The military base established in the Vedder Crossing area in 1941 was named Camp Chilliwack.,1941年にヴェダー・クロッシング地域に設立された軍事基地は、「キャンプ・チリワック」です。この基地はカナダのブリティッシュコロンビア州に位置し、長年にわたって様々な軍事訓練施設として利用されました。,True,1,history,entity_object,168,210.0,0.8,1,0.0476190476190476,-0.6256473837552501,4.462160058725138,-4.070714721086196,0.9060610202992088,3.0,5,1,0.9411764705882352,1,0,english,japanese,Indo-European,Germanic,Japonic,Japonic,LATIN,6949,7087876,HAN/JAPANESE,643,1479698
60,en,ja,"In the 1999 New Zealand general election, which party did Helen Clark lead to victory?",1999年のニュージーランド総選挙で、ヘレン・クラークはどの政党を勝利に導いたのでしょうか？,"In the 1999 New Zealand general election, Helen Clark led the Labour Party to victory.",1999年のニュージーランド総選挙で、ヘレン・クラークは労働党を勝利に導きました。この選挙の結果、労働党は政権を獲得し、ヘレン・クラークはニュージーランドの首相に就任しました。,True,2,politics,person,186,210.0,0.8857142857142857,0,0.0,-0.4671222669130221,4.346735841181431,-2.051522344614749,1.106851699734416,1.6521739130434785,3,0,0.9411764705882352,1,0,english,japanese,Indo-European,Germanic,Japonic,Japonic,LATIN,6949,7087876,HAN/JAPANESE,643,1479698
29,en,ja,What kind of systems does International Road Dynamics provide to ensure that vehicles depart terminals within acceptable weight limits?,インターナショナル・ロード・ダイナミクス社は、ターミナルを出発する車両が許容重量を超えていないことを確認するために、どのような種類のシステムを提供していますか？,"International Road Dynamics (IRD) provides a range of systems that help ensure vehicles depart terminals within acceptable weight limits. These systems typically include:

1. **Weigh-in-Motion (WIM) Systems**: These are used to measure the weight of vehicles as they move over sensors embedded in the road surface. It helps to accurately and efficiently ensure that vehicles comply with legal weight limits without stopping them.

2. **Static Weighing Systems**: These systems require vehicles to stop on a scale to measure their weight. They are generally used for precise weight measurements and are often found at loading docks or terminal exits.

3. **Overload Detection Systems**: These systems identify vehicles that exceed the weight limits and can trigger alerts or notifications for enforcement action or vehicle re-routing.

4. **Vehicle Classification Systems**: By classifying vehicles into categories, these systems can apply different weight limits and ensure compliance according to the vehicle type.

5. **Integrated Software Solutions**: IRD often pairs its physical systems with software for data collection, analysis, and reporting. This software helps monitor and manage vehicle weights and loads over time.

These systems collectively help in automating the process of weight compliance, reducing delays, and maintaining safety and regulatory compliance at terminals.","インターナショナル・ロード・ダイナミクス社（International Road Dynamics, IRD）は、車両の重量測定に関する各種システムを提供しています。特に、動的計量（Weigh-In-Motion, WIM）システムを提供しており、走行中の車両の重量を正確に測定することが可能です。この技術により、ターミナルや出発地点で車両が許容重量を超えていないかをリアルタイムで確認できます。

WIMシステムは、道路上の車両を停止させることなく、速度を維持したまま重量を測定するため、交通の流れを妨げることなく車両の監視ができます。これに加えて、IRLは重量に関連するデータ管理システムや、重量コンプライアンスを支援するためのソフトウェアソリューションも提供しています。これにより、過積載車両の監視と管理が容易になります。",True,1,technology,other,494,528.0,0.9356060606060606,0,0.0,-0.4604210892760464,3.8217315415594513,-3.800356964642796,0.8938396227084646,2.761904761904762,7,4,0.95,1,0,english,japanese,Indo-European,Germanic,Japonic,Japonic,LATIN,6949,7087876,HAN/JAPANESE,643,1479698
67,en,ja,What was artistic swimming previously known as?,アーティスティックスイミングは以前何と呼ばれていましたか？,Artistic swimming was previously known as synchronized swimming. The name change was made to better reflect the sport's artistic elements and to align with other artistic sports. The International Swimming Federation (FINA) officially adopted the new name in 2017.,アーティスティックスイミングは以前「シンクロナイズドスイミング」と呼ばれていました。この名称は2017年に国際水泳連盟（FINA）が「アーティスティックスイミング」に改称しました。,True,1,sports,definition,61,78.0,0.782051282051282,1,0.0769230769230769,-0.5895235321931688,1.9418293529234163,-1.2343520621146182,0.5372799674181628,1.2666666666666666,2,0,0.875,1,0,english,japanese,Indo-European,Germanic,Japonic,Japonic,LATIN,6949,7087876,HAN/JAPANESE,643,1479698
36,en,ja,In which year did the Great Canadian flag debate officially begin?,カナダ国旗論争が正式に始まったのは何年ですか？,"The Great Canadian Flag Debate officially began in 1964. This debate led to the adoption of the current national flag of Canada, which was inaugurated on February 15, 1965.",カナダ国旗論争が正式に始まったのは1964年です。この年、カナダの首相レスター・B・ピアソンが新しい国旗の導入を提案し、デザインを選定するための議論が始まりました。この結果、現在のメープルリーフをデザインした国旗が選ばれ、1965年2月15日に正式に採用されました。,True,3,history,date_time,100,105.0,0.9523809523809524,0,0.0,-0.6498642802284361,2.646113608081823,-1.711101448632725,0.8298150041002382,1.8,3,1,0.9166666666666666,1,0,english,japanese,Indo-European,Germanic,Japonic,Japonic,LATIN,6949,7087876,HAN/JAPANESE,643,1479698
59,en,ja,In which year did the Whitehaven School become the Whitehaven Academy?,ホワイトヘブン・スクールがホワイトヘブン・アカデミーになったのは何年ですか？,Whitehaven School became the Whitehaven Academy in 2014 when it transitioned to academy status under the sponsorship of Bright Tribe Trust.,ホワイトヘブン・スクールがホワイトヘブン・アカデミーに改名された具体的な年についての情報は手元にありません。このような情報は、該当する学校の公式ウェブサイトや地元の教育委員会のアナウンスメントで確認できることが多いです。そちらを調べてみることをお勧めします。,False,1,history,date_time,117,120.0,0.975,0,0.0,-0.8884961161685299,3.8409592415678366,-2.4047943792716784,0.7537241451213924,2.0526315789473686,3,0,0.9166666666666666,1,0,english,japanese,Indo-European,Germanic,Japonic,Japonic,LATIN,6949,7087876,HAN/JAPANESE,643,1479698
38,en,ja,When was the Uniform Residential Landlord and Tenant Act created?,統一住宅用賃貸人と借主法はいつ制定されましたか？,"The Uniform Residential Landlord and Tenant Act (URLTA) was created in 1972 by the National Conference of Commissioners on Uniform State Laws, now known as the Uniform Law Commission. The act was designed to standardize and improve the legal relationship between landlords and tenants across different states.","「統一住宅用賃貸人と借主法」はおそらくアメリカにおける「Uniform Residential Landlord and Tenant Act (URLTA)」を指していると思います。この法律はアメリカ合衆国において賃貸人と借主の関係を統一的に規定するために、全国的な基準を提供する目的で、全米法律統一委員会（National Conference of Commissioners on Uniform State Laws）によって1972年に制定されました。

ただし、この法律は連邦法ではなく、各州が採用するためのモデル法です。したがって、各州で採用される際には、州ごとに異なる形で実施されることがあります。",True,1,law,date_time,126,136.0,0.9264705882352942,0,0.0,-0.5671733670909276,6.53970157356443,-3.302123583981552,1.006801331409855,1.7058823529411764,3,0,0.9090909090909092,1,0,english,japanese,Indo-European,Germanic,Japonic,Japonic,LATIN,6949,7087876,HAN/JAPANESE,643,1479698
37,en,ja,Who was the first female mayor in Turkey?,トルコで初の女性市長は誰ですか？,"The first female mayor in Turkey was Müfide İlhan. She was elected as the mayor of Mersin in 1950, becoming the first woman to hold such a position in Turkey.",トルコで初の女性市長は、ムフリュデ・ウラス（Müfide İlhan）です。彼女は1950年にメルスィン市の市長に選出され、トルコにおける初の女性市長としてその名を歴史に刻みました。,True,1,politics,person,59,78.0,0.7564102564102564,1,0.0769230769230769,-0.8267438216729582,5.837012146010472,-2.022380022721758,0.9958245499088318,1.4545454545454546,3,0,0.8888888888888888,1,0,english,japanese,Indo-European,Germanic,Japonic,Japonic,LATIN,6949,7087876,HAN/JAPANESE,643,1479698
44,en,ja,What was the specific purpose of a bulk material analyzer located just upstream of the raw mill in cement production?,セメント製造において、原料粉砕機の上流に設置されたバルク材料分析装置の具体的な目的は？,"In cement production, the specific purpose of locating a bulk material analyzer just upstream of the raw mill is to ensure the consistent quality and composition of the raw material mix before it enters the raw mill for grinding. The bulk material analyzer provides real-time analysis of the elemental composition of the raw materials, typically using technologies such as prompt gamma neutron activation analysis (PGNAA) or X-ray fluorescence (XRF).

This real-time data allows plant operators to make immediate adjustments to the raw material mix, optimizing the blending of different materials such as limestone, clay, sand, and iron ore. By ensuring the precise and consistent composition of these inputs, the analyzer helps maintain the desired chemical proportions necessary for producing clinker with the desired properties, leading to higher quality cement. Additionally, this optimization contributes to increased efficiency in the kiln, reduced energy consumption, and minimized emissions by avoiding over- or underuse of corrective materials.","セメント製造において、原料粉砕機の上流に設置されたバルク材料分析装置は、原材料の化学組成をリアルタイムで分析し、製造プロセスを最適化するために使用されます。この分析装置の具体的な目的は以下の通りです：

1. **成分の均一化**: 原料の化学組成にばらつきがあると、最終製品であるセメントの品質が安定しません。分析装置は原材料の成分を継続的に監視し、ばらつきを抑えるためのデータを提供します。

2. **品質管理**: 製造されるセメントの品質を一定に保つために、原材料の品質を監視することが重要です。分析装置は、適切な成分比率を確保するのに役立ちます。

3. **コストの削減**: 不適切な原材料の使用による無駄を減らし、また、必要な修正を迅速に行うことで、製造コストを削減します。

4. **環境負荷の低減**: 工場での廃棄物を減らし、エネルギー効率を高めることで、セメント製造の環境負荷を減少させます。

5. **プロセスの効率化**: リアルタイムでデータを取得することで、プロセス全体の効率を向上させ、望ましい化学組成に迅速に調整することが可能です。

これらの目的を達成することで、セメント製造のプロセスがより効率的で持続可能なものとなります。",False,1,technology,scientific_technical,497,528.0,0.9412878787878788,0,0.0,-0.1484397374421217,4.176205144643327,-3.90737287142052,1.001726699303153,2.2962962962962963,4,2,0.9523809523809524,1,0,english,japanese,Indo-European,Germanic,Japonic,Japonic,LATIN,6949,7087876,HAN/JAPANESE,643,1479698
65,en,ja,In what year was Greg Brown's album One More Goodnight Kiss released?,グレッグ・ブラウンのアルバム「もうひとつのグッドナイト・キス」がリリースされたのは何年ですか？,"Greg Brown's album ""One More Goodnight Kiss"" was released in 1988.",グレッグ・ブラウンのアルバム「もうひとつのグッドナイト・キス」は、1983年にリリースされました。,False,1,arts,date_time,195,210.0,0.9285714285714286,0,0.0,-0.6558726407810967,4.6082361732012895,-3.157003960976145,0.9611381754867554,2.7037037037037037,5,0,0.9230769230769232,1,0,english,japanese,Indo-European,Germanic,Japonic,Japonic,LATIN,6949,7087876,HAN/JAPANESE,643,1479698
35,en,ja,What was the name of Nellie McKay's record label when Pretty Little Head was released?,プリティ・リトル・ヘッドがリリースされたとき、ネリー・マッケイのレコードレーベルの名前は何でしたか？,"Nellie McKay released ""Pretty Little Head"" on her own record label, titled Hungry Mouse.",ネリー・マッケイのアルバム「Pretty Little Head」がリリースされたとき、彼女は自身のレコードレーベル「Hungry Mouse」を通じて作品をリリースしました。このアルバムは最初、コロンビア・レコードからのリリースが計画されていましたが、最終的にネリー・マッケイ自身のレーベルから発売されました。,True,1,history,organization,201,231.0,0.8701298701298701,0,0.0,-0.5493755272593072,5.808279655752812,-3.320080258801468,1.2277048706995592,2.576923076923077,4,1,0.9375,1,0,english,japanese,Indo-European,Germanic,Japonic,Japonic,LATIN,6949,7087876,HAN/JAPANESE,643,1479698
51,en,ja,How long does a Rector of Università Cattolica del Sacro Cuore remain in office?,カトリック大学の学長の任期は？,"The Rector of the Università Cattolica del Sacro Cuore typically serves a four-year term. However, the exact terms can vary based on the university's statutes or any amendments made to the governing rules, so it's always a good idea to check the latest guidelines from the university for the most accurate information.",カトリック大学の学長の任期は、大学や国によって異なる場合があります。一般的には、学長の任期は3年から5年とされることが多いですが、具体的な期間は各大学の規定によります。実際の任期については、該当のカトリック大学の公式情報を確認することをお勧めします。,False,1,education,other,18,21.0,0.8571428571428571,0,0.0,-0.3914967051733336,4.49385743799825,-1.7349939567044936,1.459411615152201,1.625,3,0,0.9333333333333332,1,0,english,japanese,Indo-European,Germanic,Japonic,Japonic,LATIN,6949,7087876,HAN/JAPANESE,643,1479698
41,en,ja,What was the name of the conference Campbell University's women's basketball team played in from 1994 to 2011?,キャンベル大学の女子バスケットボールチームが1994年から2011年までプレーしていたカンファレンスの名称は何ですか？,"From 1994 to 2011, Campbell University's women's basketball team played in the Atlantic Sun Conference.",キャンベル大学の女子バスケットボールチームは、1994年から2011年までアトランティック・サン・カンファレンス（Atlantic Sun Conference、現在はASUN Conferenceとして知られています）でプレーしていました。,False,1,sports,event,302,351.0,0.8603988603988604,1,0.037037037037037,-0.5545908196218231,6.4948130566379785,-2.4438683201743054,1.1057169895747707,3.6538461538461537,6,1,0.9473684210526316,1,0,english,japanese,Indo-European,Germanic,Japonic,Japonic,LATIN,6949,7087876,HAN/JAPANESE,643,1479698
61,en,ja,"What is the name of the album that the song ""That's What Love Is For"" was released on?",「ザッツ・ホワット・ラブ・イズ・フォー」がリリースされたアルバムの名前は？,"The song ""That's What Love Is For"" is by Amy Grant and it was released on the album ""Heart in Motion"" in 1991.",「ザッツ・ホワット・ラブ・イズ・フォー」は、エイミー・グラントのアルバム「ハート・イン・モーション」（Heart in Motion）に収録されています。このアルバムは1991年にリリースされました。,True,1,culture,work_creation,139,153.0,0.9084967320261438,0,0.0,-0.1643645305877682,8.34116648339719,-2.0185669575989262,1.6636309168925865,3.0,4,1,1.380952380952381,2,0,english,japanese,Indo-European,Germanic,Japonic,Japonic,LATIN,6949,7087876,HAN/JAPANESE,643,1479698
47,en,ja,When was the men's javelin throw event held at the 2010 Asian Games?,2010年アジア競技大会の男子やり投競技はいつ開催されましたか？,"The men's javelin throw event at the 2010 Asian Games was held on November 22, 2010.",2010年アジア競技大会の男子やり投げ競技は、2010年11月21日に開催されました。,False,1,sports,event,181,190.0,0.9526315789473684,0,0.0,-0.3805100088118681,7.020188890297036,-2.148396624812679,1.4169817406389775,1.736842105263158,3,0,0.9285714285714286,1,0,english,japanese,Indo-European,Germanic,Japonic,Japonic,LATIN,6949,7087876,HAN/JAPANESE,643,1479698
32,en,ja,"On which date was David Nail's album ""Fighter"" released?",デヴィッド・ネイルのアルバム「ファイター」の発売日は？,"David Nail's album ""Fighter"" was released on July 15, 2016.",デヴィッド・ネイルのアルバム「ファイター」は、2016年7月15日に発売されました。,True,1,arts,date_time,86,91.0,0.945054945054945,0,0.0,-0.5152776425944324,4.926847542935409,-2.612005157374431,1.3913647346421198,2.076923076923077,4,0,1.4166666666666667,2,0,english,japanese,Indo-European,Germanic,Japonic,Japonic,LATIN,6949,7087876,HAN/JAPANESE,643,1479698
62,en,ja,Which data protection regulation in Brazil requires subject access requests to be fulfilled within a specific time frame?,ブラジルのどのデータ保護規制が、主体アクセス要求を特定の期間内に満たすことを義務付けていますか？,"In Brazil, the data protection regulation that mandates fulfilling subject access requests within a specific time frame is the Lei Geral de Proteção de Dados (LGPD), or General Data Protection Law. According to the LGPD, data controllers must respond to subject access requests within 15 days from the date of the request. This regulation is designed to ensure individuals have timely access to their personal data and to uphold their rights regarding data privacy.","ブラジルにおけるデータ保護規制は、「一般データ保護法（Lei Geral de Proteção de Dados, LGPD）」です。LGPDはデータ主体の権利を保護し、個人情報を処理する企業に対していくつかの義務を課しています。その中には、データ主体からのアクセス要求（情報の提供や修正、削除などを求める要求）に対して、合理的な期間内に応答する義務があります。

具体的な応答期間については法律上明確に定められていないため、通常は企業が自らのプライバシーポリシーで具体的な対応期間を定めることが一般的です。しかし、合理的な期間内に対応しなければならないという法的義務は企業にとって厳格に課せられており、データ保護機関（ANPD - Autoridade Nacional de Proteção de Dados）がその義務の遂行を監督します。",False,1,law,definition,273,300.0,0.91,1,0.04,-0.2894500070571635,3.5246158422481786,-2.74903001697315,0.9647086630275284,2.3703703703703702,5,1,0.9473684210526316,1,0,english,japanese,Indo-European,Germanic,Japonic,Japonic,LATIN,6949,7087876,HAN/JAPANESE,643,1479698
64,en,ja,In which decade did Harry F. Sinclair purchase Rancocas Stable?,ハリー・F・シンクレアは、何年代にランコカスステーブルを購入しましたか？,Harry F. Sinclair purchased Rancocas Stable in the 1910s.,ハリー・F・シンクレアは1920年代にランコカスステーブルを購入しました。,False,1,history,date_time,108,136.0,0.7941176470588235,1,0.0588235294117647,-0.917121080105332,7.090504680095543,-3.205690639171449,0.992785160695542,1.4736842105263157,2,0,0.9090909090909092,1,0,english,japanese,Indo-European,Germanic,Japonic,Japonic,LATIN,6949,7087876,HAN/JAPANESE,643,1479698
40,en,ja,Who contributed to the album Keys to the Kingdom by North Mississippi Allstars?,ノース・ミシシッピ・オールスターズのアルバム「キーズ・トゥ・ザ・キングダム」に誰が参加しましたか？,"""Keys to the Kingdom"" by North Mississippi Allstars features contributions from several artists. The core members of the band, Luther Dickinson, Cody Dickinson, and Chris Chew, are central to the album. Additionally, the album includes guest appearances by a number of renowned musicians. Some of these contributors are Mavis Staples, Ry Cooder, Spooner Oldham, and Alvin Youngblood Hart. These artists helped enrich the album with their distinctive styles and talents.",ノース・ミシシッピ・オールスターズのアルバム「キーズ・トゥ・ザ・キングダム」には、いくつかのゲストアーティストが参加しています。このアルバムには、Mavis Staples、Ry Cooder、Alvin Youngblood Hart、そして Spooner Oldham など、多くの著名なミュージシャンが参加しています。それぞれが楽曲に独自のスタイルとエネルギーを加え、アルバム全体に多様性と深みを与えています。,True,1,culture,work_creation,344,595.0,0.5781512605042017,1,0.0285714285714285,-0.2056173125781294,13.18251877469707,-5.031534868589743,1.6219059055842873,2.1538461538461537,4,0,0.9285714285714286,1,0,english,japanese,Indo-European,Germanic,Japonic,Japonic,LATIN,6949,7087876,HAN/JAPANESE,643,1479698
43,en,ja,What term is used in South Africa to describe someone who obtains government contracts to facilitate outsourced services?,南アフリカで、外注サービスを円滑に進めるために政府の契約を取得する人を指す用語は何ですか？,"In South Africa, the term ""tenderpreneur"" is used to describe someone who obtains government contracts, often to facilitate outsourced services, typically through leveraging political connections. It is a portmanteau of ""tender"" (referring to the bidding process for government contracts) and ""entrepreneur."" This term often carries a negative connotation, suggesting that the individual might be exploiting their connections for personal gain rather than through genuine entrepreneurship or merit.",南アフリカでは、政府の契約を取得することを専門にしている人々や仲介者を指す用語として「Tenders」と呼ばれることがあります。具体的にそのような役割を担っている人を指す場合、「Tenderpreneur」という用語が使われることがあります。これは、「Tender」（入札）と「Entrepreneur」（起業家）を組み合わせた造語で、政府や公共機関からの契約を取得し、それをうまく管理・運営することをビジネスとする人々を指します。この用語は、時には批判的な意味合いを含むこともあります。,True,2,technology,definition,200,231.0,0.8658008658008658,1,0.0454545454545454,-0.3623187702887196,4.672327495351571,-2.367588887210343,0.8494250337625893,3.3846153846153846,7,4,0.9473684210526316,1,0,english,japanese,Indo-European,Germanic,Japonic,Japonic,LATIN,6949,7087876,HAN/JAPANESE,643,1479698
53,en,ja,What type of health care group is St John of God Health Care?,セント・ジョン・オブ・ゴッド・ヘルスケアはどのような種類の医療グループですか？,"St John of God Health Care is a not-for-profit Catholic healthcare organization. It operates a range of services including hospitals, home nursing, disability services, and social outreach programs across Australia and New Zealand. The organization is committed to providing holistic care that aligns with its values based on the teachings of the Catholic Church.",セント・ジョン・オブ・ゴッド・ヘルスケアは、カトリックの価値観に基づいた非営利の医療グループです。この組織は、オーストラリアを中心に病院、メンタルヘルスサービス、地域看護、リハビリテーションなど、さまざまな医療サービスを提供しています。セント・ジョン・オブ・ゴッドは、その慈善活動と人道的なアプローチにより、地域社会の健康と福祉に貢献することを重視しています。,True,1,health,organization,118,136.0,0.8676470588235294,0,0.0,-0.4062058103750258,5.346111509228292,-2.8324718264928626,1.2815893181453777,1.7,3,1,0.9285714285714286,1,0,english,japanese,Indo-European,Germanic,Japonic,Japonic,LATIN,6949,7087876,HAN/JAPANESE,643,1479698
49,en,ja,What did Archer Capital purchase in partnership with the management of Australian Geographic in 1998?,アーチャー・キャピタルは1998年にAustralian Geographicの経営陣と提携して何を購入しましたか？,"In 1998, Archer Capital, in partnership with the management of Australian Geographic, purchased the Australian Geographic business. This acquisition included the Australian Geographic journal and its related retail chain.",アーチャー・キャピタルは、1998年にAustralian Geographicの経営陣と提携して、Australian Geographicの事業を購入しました。,True,1,geography,work_creation,208,231.0,0.9004329004329005,0,0.0,-0.755353310907763,9.904288112011518,-4.687734597330147,1.3768357110714884,1.9583333333333333,4,1,0.9375,1,0,english,japanese,Indo-European,Germanic,Japonic,Japonic,LATIN,6949,7087876,HAN/JAPANESE,643,1479698
34,en,ja,"According to some writers, which ancient city is equated with Parrhasia?",一部の著者によると、どの古代都市がパラシアと同一視されていますか？,"According to some writers, the ancient city of Parrhasia is equated with the city of Lycosura. Lycosura is often considered one of the oldest cities in Arcadia, Greece, and is sometimes linked to Parrhasia in various historical texts.",一部の著者によると、古代都市「パラシア」は現在のトルコにある「ペルガモン」もしくは「トロイア（トロイ）」と同一視されることがあります。これらの説は、古代の文献や考古学的発見に基づいて提案されていますが、確定的な結論は出ていないことが多いです。詳細な同一視にはさらなる研究が必要です。,False,1,history,location,153,190.0,0.8052631578947368,2,0.1,-0.655596723166324,2.5876671537715588,-3.249986493954232,0.8048695957173162,1.5909090909090908,3,0,0.9230769230769232,1,0,english,japanese,Indo-European,Germanic,Japonic,Japonic,LATIN,6949,7087876,HAN/JAPANESE,643,1479698
52,en,ja,What is the Planck mass denoted by in the equation for the Vainshtein radius?,ヴァインシュタイン半径の式でプランク質量はどのように表されますか？,"The Planck mass in the equation for the Vainshtein radius is typically denoted by \( M_{\text{Pl}} \). The Vainshtein radius is a concept used in modified gravity theories, like massive gravity, to describe a scale below which modifications to gravity (such as those introduced by a massive graviton) become negligible. The Planck mass is a central constant in these equations, often appearing in the context of comparing gravitational interaction strengths.","ヴァインシュタイン半径（Vainshtein radius）は、重力の修正理論において特定のスケールで重力の振る舞いが変わる境界を示すものです。この概念は特に、ディカップリングリミットにおける重力の修正を考える際に重要です。

ヴァインシュタイン半径は、通常、天体の質量 \( M \)、ファントム質量（あるいは他のスカラー場の質量） \( m \)、およびプランク質量 \( M_{\text{Pl}} \) を用いて次のように表されます：

\[ 
r_V = \left( \frac{M}{M_{\text{Pl}} M^2} \right)^{1/3} 
\]

ここで、\( M_{\text{Pl}} \) はしばしば次のように表されるプランク質量です：

\[ 
M_{\text{Pl}} = \sqrt{\frac{\hbar c}{G}} 
\]

つまり、プランク質量は量子力学定数 \( \hbar \)、光速 \( c \)、および重力定数 \( G \) によって定義される基本的な質量スケールです。ヴァインシュタイン半径の公式において、このプランク質量は重力の強さをスケーリングする役割を果たします。",False,1,science,scientific_technical,128,153.0,0.8366013071895425,0,0.0,-0.6885966890932207,6.449112359363938,-2.400478369074572,1.25763105436956,1.5625,3,1,0.9333333333333332,1,0,english,japanese,Indo-European,Germanic,Japonic,Japonic,LATIN,6949,7087876,HAN/JAPANESE,643,1479698
54,en,ja,What month did the K-1: K’Festa 3 event take place in?,K’Festa 3のイベントは、何月に行われましたか？,The K-1: K’Festa 3 event took place in March 2020.,K'Festa 3のイベントは、2020年3月に行われました。,True,1,history,event,85,91.0,0.934065934065934,0,0.0,-0.7367644572410841,5.053453662745601,-2.6884746340385117,1.3333660949924206,1.5333333333333334,3,0,0.9333333333333332,1,0,english,japanese,Indo-European,Germanic,Japonic,Japonic,LATIN,6949,7087876,HAN/JAPANESE,643,1479698
50,en,ja,What medal did Nguyễn Thị Mỹ Đức win in women's changquan at the 2002 Asian Games?,2002年アジア競技大会の女子長拳でグエン・ティ・ミー・ドゥックが獲得したメダルは何ですか？,Nguyễn Thị Mỹ Đức won the bronze medal in women's changquan at the 2002 Asian Games.,2002年アジア競技大会の女子長拳で、グエン・ティ・ミー・ドゥックは銅メダルを獲得しました。,True,1,sports,other,229,276.0,0.8297101449275363,0,0.0,-0.4260354943106904,5.179219884347609,-3.849844617623909,1.3205973177889974,3.28,6,1,0.9411764705882352,1,0,english,japanese,Indo-European,Germanic,Japonic,Japonic,LATIN,6949,7087876,HAN/JAPANESE,643,1479698
58,en,ja,In what city did the 1984 Summer Olympics men's 100 metre butterfly final take place?,1984年夏季オリンピック男子100メートルバタフライ決勝はどこで開催されましたか？,The 1984 Summer Olympics men's 100 metre butterfly final took place in Los Angeles.,1984年夏季オリンピックの男子100メートルバタフライ決勝は、アメリカ合衆国カリフォルニア州ロサンゼルスのUSC（南カリフォルニア大学）の「ドゥダウ・アクアティクス・センター」で開催されました。,False,1,sports,location,163,171.0,0.953216374269006,0,0.0,-0.301795702085764,6.229745335647078,-2.2159021506158223,1.1819019621642262,1.4736842105263157,2,0,0.9375,1,0,english,japanese,Indo-European,Germanic,Japonic,Japonic,LATIN,6949,7087876,HAN/JAPANESE,643,1479698
48,en,ja,What was the name of the protagonist in the Prizzi novels?,プリッツィ家小説の主人公の名前は？,"The protagonist in the Prizzi novels, written by Richard Condon, is Charlie Partanna. He is a key character in the series, starting with ""Prizzi's Honor.""",プリッツィ家小説の主人公の名前は、チャーリー・パートンです。この小説は、リチャード・コンドンによって書かれた「プリッツィーズ・オナー（Prizzi's Honor）」に基づいており、犯罪とロマンスを描いた作品です。,False,1,law,work_creation,28,45.0,0.6222222222222222,2,0.2,-0.5011429739853543,2.841552112575352,-2.090693033190965,1.1785654090473998,2.2,4,0,0.9166666666666666,1,0,english,japanese,Indo-European,Germanic,Japonic,Japonic,LATIN,6949,7087876,HAN/JAPANESE,643,1479698
33,en,ko,In which country was AFN Bremerhaven located?,AFN 브레머하펜은 어느 나라에 있었나요?,"AFN Bremerhaven was located in Germany. AFN stands for American Forces Network, and AFN Bremerhaven was one of the network's broadcasting stations serving U.S. military personnel stationed in and around Bremerhaven, Germany.","AFN 브레머하펜은 독일에 있었습니다. AFN(American Forces Network)은 주로 미군을 위한 방송 네트워크로, 브레머하펜은 과거에 미군 주둔지였기 때문에 AFN의 방송국 중 하나가 위치해 있었습니다.",True,1,geography,location,4,15.0,0.2666666666666666,2,0.3333333333333333,-2.066403343284647,-0.4089375707505198,-4.0997672304382595,1.655173120764025,1.1666666666666667,2,0,0.875,1,0,english,korean,Indo-European,Germanic,Koreanic,Koreanic,LATIN,6949,7087876,HANGUL,1104,728295
30,en,ko,What was the position of August Joseph Donatelli's plane during World War II when it was shot down?,제2차 세계 대전 당시 오거스트 조셉 도나텔리의 비행기가 격추되었을 때 비행기 위치는 어디였습니까?,"August Joseph Donatelli served as a waist gunner on a B-17 bomber during World War II. When his plane was shot down, he occupied this position, which is located on the side of the aircraft, typically midway between the nose and the tail. Waist gunners were responsible for defending the aircraft from enemy fighters approaching from the sides.","죄송하지만, 오거스트 조셉 도나텔리라는 인물에 대한 구체적인 정보나 그의 비행기가 격추된 위치에 대한 기록은 제가 확보하고 있는 데이터베이스에 없습니다. 제2차 세계 대전 당시 많은 파일럿들이 다양한 곳에서 임무를 수행했기 때문에, 더 구체적인 정보가 필요할 수 있습니다. 다른 자료나 기록을 참고하시거나, 그에 대한 더 자세한 정보를 제공해 주시면 도움이 될 수 있습니다.",False,1,history,event,34,105.0,0.3238095238095238,5,0.3333333333333333,-1.4042342108087114,2.613187503808189,-3.053599932773723,1.1215379472056095,3.0,6,1,1.3,2,0,english,korean,Indo-European,Germanic,Koreanic,Koreanic,LATIN,6949,7087876,HANGUL,1104,728295
55,en,ko,What was the television network that aired The Greatest Canadian Invention?,위대한 캐나다 발명품을 방영한 텔레비전 네트워크는 어디입니까?,"The television network that aired ""The Greatest Canadian Invention"" was CBC Television.","""위대한 캐나다 발명품""을 방영한 텔레비전 네트워크는 CBC(캐나다 방송 공사)입니다.",True,1,culture,organization,4,28.0,0.1428571428571428,2,0.25,-2.3067432664136547,1.4001162203928617,-5.847448762584634,3.073017569375392,2.125,4,1,0.9166666666666666,1,0,english,korean,Indo-European,Germanic,Koreanic,Koreanic,LATIN,6949,7087876,HANGUL,1104,728295
39,en,ko,Since which decade did bowl games start counting toward single-season and career statistics?,볼 게임은 몇 년대부터 단일 시즌 및 커리어 통계에 포함되기 시작했습니까?,"Bowl games started counting toward single-season and career statistics beginning in the 2002 season. Prior to that, statistics from bowl games were not included in a player’s season or career totals.","메이저 리그 베이스볼(MLB)에서 포스트시즌 경기가 정규 시즌 통계에 포함되기 시작한 것은 1903년부터입니다. 이때부터 월드 시리즈가 시작되었고, 단일 시즌 및 커리어 통계에 포스트시즌 경기가 포함되었습니다. 하지만 이 경기는 별도로 취급되며 정규 시즌 통계와는 구분되어 기록됩니다.",False,1,sports,date_time,47,78.0,0.6025641025641025,1,0.0769230769230769,-0.6429134526075992,2.0157379482350932,-4.08070823433396,1.1669340349816015,2.0,4,2,0.9285714285714286,1,0,english,korean,Indo-European,Germanic,Koreanic,Koreanic,LATIN,6949,7087876,HANGUL,1104,728295
63,en,ko,What is the original name of Entebbe General Hospital?,엔테베 종합병원의 원래 이름은 무엇입니까?,The original name of Entebbe General Hospital is Entebbe Military Hospital.,엔테베 종합병원의 원래 이름은 알프레도 다카 병원(Alfredo da Casa Hospital)입니다. 이 병원은 우간다의 엔테베에 위치한 주요 의료 기관입니다.,False,2,health,definition,10,28.0,0.3571428571428571,1,0.125,-2.5769142262848708,0.2745504536268175,-5.629485415003863,1.7546699454838428,1.5,3,0,0.9,1,0,english,korean,Indo-European,Germanic,Koreanic,Koreanic,LATIN,6949,7087876,HANGUL,1104,728295
56,en,ko,What was the name of the University of Detroit's halfback in the 1929 football season?,1929년 풋볼 시즌 디트로이트 대학교의 하프백 이름은 무엇입니까?,The University of Detroit's halfback in the 1929 football season was Lloyd Brazil. He was a standout player and is well remembered in the history of the university's football program.,"1929년 디트로이트 대학교 풋볼 팀의 하프백으로 잘 알려진 선수는 로니 노인케(Lonnie Noojin)입니다. 그는 당시 팀의 주요 선수 중 한 명이었습니다. 이 시기의 대학 풋볼은 현재와는 많은 차이가 있었으며, 팀 구성이나 경기 스타일도 지금과는 다를 수 있습니다.",False,1,sports,person,13,55.0,0.2363636363636363,0,0.0,-2.3120131328395517,4.054648681006716,-5.787100088979378,2.411220515952407,1.8888888888888888,4,0,1.0588235294117647,2,0,english,korean,Indo-European,Germanic,Koreanic,Koreanic,LATIN,6949,7087876,HANGUL,1104,728295
42,en,ko,What is the original name of the Flood Modeller software?,플러드 모델러 소프트웨어의 원래 이름은 무엇입니까?,The Flood Modeller software was originally known as ISIS. It was developed by HR Wallingford and has been used for hydrodynamic modeling and flood risk management.,"플러드 모델러 소프트웨어의 원래 이름은 ""ISIS""입니다. 이 소프트웨어는 하천 및 홍수 시뮬레이션을 위한 도구로 사용되며, 이후에 ""Flood Modeller""로 이름이 변경되었습니다.",True,1,technology,work_creation,6,21.0,0.2857142857142857,2,0.2857142857142857,-2.789784665310675,-1.3139404664614074,-4.0184081324571395,0.908831760751028,1.7142857142857142,3,0,0.9090909090909092,1,0,english,korean,Indo-European,Germanic,Koreanic,Koreanic,LATIN,6949,7087876,HANGUL,1104,728295
46,en,ko,What religious practice did the Magars follow?,마가르족이 따르던 종교적 관습은 무엇입니까?,"The Magars, who are an indigenous ethnic group primarily residing in Nepal, have traditionally practiced a blend of religions and spiritual beliefs. Historically, their religious practices have included elements of shamanism and animism, with a strong emphasis on nature worship and the veneration of ancestors. Shamans, known locally as ""Bijuwa"" or ""Dhami,"" play a crucial role in their spiritual and community life, performing rituals to appease spirits and seek guidance.

In contemporary times, many Magars have also adopted Hinduism and Buddhism, reflecting the broader religious landscape of Nepal. As a result, their religious practices today may incorporate Hindu and Buddhist customs alongside their indigenous traditions. This syncretism allows the Magars to maintain their cultural identity while also being part of the larger religious communities in Nepal.","마가르족은 주로 네팔에 거주하는 민족으로, 그들의 전통적인 종교적 관습은 애니미즘과 샤머니즘의 요소를 포함하고 있습니다. 마가르족은 자연과 조상의 영혼을 숭배하며, 지역 사회의 샤먼 또는 '존'이 중요한 종교적 의식을 주관합니다. 이들은 제사와 축제를 통해 자연과 조상의 영혼과 소통하며, 농업과 같은 생계활동에 있어서도 이러한 관습이 깊이 뿌리내려 있습니다.

근래에는 많은 마가르족이 힌두교나 불교로 개종했지만, 전통적인 종교적 관습과 의식은 여전히 그들의 문화와 정체성의 중요한 부분으로 남아 있습니다. 이는 특히 지역 공동체의 행사나 의식, 축제 때 더 두드러집니다.",True,1,culture,other,3,21.0,0.1428571428571428,4,0.5714285714285714,-2.865026075598143,-1.1448850072081609,-5.261537802679265,1.7473437957022515,1.5,3,1,0.875,1,0,english,korean,Indo-European,Germanic,Koreanic,Koreanic,LATIN,6949,7087876,HANGUL,1104,728295
57,en,ko,What does the lowest part of the Espiritu Santo Formation consist of?,에스피리투 산토 구조의 가장 아래쪽 부분은 무엇으로 구성되어 있습니까?,"The Espiritu Santo Formation, primarily located in Panama, is a geological formation known for its fossil-rich deposits. The lowest part of the Espiritu Santo Formation commonly consists of marine sediments, primarily composed of sandstone, siltstone, and shale. These sedimentary rocks were deposited in a marine environment, suggesting that the area was once underwater. The precise composition can vary slightly depending on the specific location within the formation, but the presence of marine fossils is typical, indicating the ancient marine conditions during the time of deposition.","에스피리투 산토 구조는 천주교 전례에서 사용되는 성체 성사의 요소 중 하나이며, 이는 일반적으로 성작과 성반으로 구성됩니다. 그러나 질문하신 ""가장 아래쪽 부분""에 대한 정확한 해석이 필요합니다. 만약 성작의 구조를 의미하신다면, 성작의 가장 아래쪽 부분은 성작의 받침대 또는 기저(base)로 구성되어 있습니다. 이 받침대는 성작이 안정적으로 서 있을 수 있도록 돕는 역할을 합니다.",False,1,science,definition,18,66.0,0.2727272727272727,2,0.1666666666666666,-0.9129217284404558,1.4944744453648315,-2.661929613330016,1.1694596879949903,1.9,4,1,0.9230769230769232,1,0,english,korean,Indo-European,Germanic,Koreanic,Koreanic,LATIN,6949,7087876,HANGUL,1104,728295
66,en,ko,In which year was the Toronto edition of Ming Pao Daily News launched?,토론토 판 명보일보가 창간된 년도는 언제입니까?,The Toronto edition of Ming Pao Daily News was launched in 1993.,토론토에서 발행되는 명보일보는 1993년에 창간되었습니다.,True,1,history,date_time,2,28.0,0.0714285714285714,3,0.375,-1.3855649142814306,1.232004318181822,-4.003134146744683,2.6175692324632527,2.2857142857142856,5,1,0.9285714285714286,1,0,english,korean,Indo-European,Germanic,Koreanic,Koreanic,LATIN,6949,7087876,HANGUL,1104,728295
31,en,ko,In what year was the NIH MERIT Award first created?,NIH MERIT 상은 언제 처음 제정되었습니까?,The National Institutes of Health (NIH) MERIT (Method to Extend Research in Time) Award was first established in 1986.,NIH MERIT 상은 1986년에 처음 제정되었습니다. 이 상은 연구자들에게 탁월한 공로를 인정하여 보다 안정적인 연구 자금 지원을 제공하기 위해 설립되었습니다.,True,1,health,date_time,10,28.0,0.3571428571428571,2,0.25,-0.7767610926583247,5.599937989074265,-3.3530995904722287,2.644328219227112,1.2857142857142858,3,0,1.0,2,0,english,korean,Indo-European,Germanic,Koreanic,Koreanic,LATIN,6949,7087876,HANGUL,1104,728295
45,en,ko,What was the name of the military base established in the Vedder Crossing area in 1941?,1941년 베더 크로싱 지역에 설립된 군사 기지의 이름은 무엇입니까?,The military base established in the Vedder Crossing area in 1941 was named Camp Chilliwack.,"1941년에 미국 애리조나주의 베더 크로싱 지역에 설립된 군사 기지는 유마 시험장(Yuma Proving Ground)입니다. 이 기지는 군사 장비와 무기의 시험 및 평가를 수행하는 곳으로, 특히 사막 환경에서의 테스트가 이루어집니다.",False,1,history,entity_object,32,120.0,0.2666666666666666,2,0.125,-1.6955248353069603,0.8984508547438693,-5.0999025008279455,1.480644452016935,2.3,4,1,0.9375,1,0,english,korean,Indo-European,Germanic,Koreanic,Koreanic,LATIN,6949,7087876,HANGUL,1104,728295
60,en,ko,"In the 1999 New Zealand general election, which party did Helen Clark lead to victory?",1999년 뉴질랜드 총선에서 헬렌 클라크가 승리로 이끈 정당은 무엇입니까?,"In the 1999 New Zealand general election, Helen Clark led the Labour Party to victory.",1999년 뉴질랜드 총선에서 헬렌 클라크가 이끈 정당은 뉴질랜드 노동당입니다. 이 선거에서 노동당은 승리하여 헬렌 클라크는 뉴질랜드의 첫 여성 총리가 되었습니다.,True,2,politics,person,20,55.0,0.3636363636363636,1,0.0909090909090909,-1.828391427795005,1.6138835852322722,-4.946107731802746,1.6914214310317748,2.4,4,3,1.4705882352941178,2,0,english,korean,Indo-European,Germanic,Koreanic,Koreanic,LATIN,6949,7087876,HANGUL,1104,728295
29,en,ko,What kind of systems does International Road Dynamics provide to ensure that vehicles depart terminals within acceptable weight limits?,국제 로드 다이내믹스는 차량이 허용 중량 한도 내에서 터미널을 떠나는지 확인하기 위해 어떤 종류의 시스템을 제공합니까?,"International Road Dynamics (IRD) provides a range of systems that help ensure vehicles depart terminals within acceptable weight limits. These systems typically include:

1. **Weigh-in-Motion (WIM) Systems**: These are used to measure the weight of vehicles as they move over sensors embedded in the road surface. It helps to accurately and efficiently ensure that vehicles comply with legal weight limits without stopping them.

2. **Static Weighing Systems**: These systems require vehicles to stop on a scale to measure their weight. They are generally used for precise weight measurements and are often found at loading docks or terminal exits.

3. **Overload Detection Systems**: These systems identify vehicles that exceed the weight limits and can trigger alerts or notifications for enforcement action or vehicle re-routing.

4. **Vehicle Classification Systems**: By classifying vehicles into categories, these systems can apply different weight limits and ensure compliance according to the vehicle type.

5. **Integrated Software Solutions**: IRD often pairs its physical systems with software for data collection, analysis, and reporting. This software helps monitor and manage vehicle weights and loads over time.

These systems collectively help in automating the process of weight compliance, reducing delays, and maintaining safety and regulatory compliance at terminals.","국제 로드 다이내믹스(IRD)는 차량의 무게를 효율적으로 측정하고 관리하기 위해 여러 종류의 첨단 계량 시스템을 제공합니다. 대표적인 시스템으로는 도로 위 계량 시스템(Weigh-In-Motion, WIM)이 있습니다. 이 시스템은 차량이 정차할 필요 없이 주행하면서도 축중과 총중량을 측정할 수 있도록 설계되었습니다. 이를 통해 터미널을 떠나는 차량이 허용된 중량 한도 내에 있는지 확인할 수 있습니다. IRD의 기술은 정확한 중량 데이터를 제공하여 과적으로 인한 도로 손상을 방지하고 운송의 효율성을 높이는 데 기여합니다.",True,1,technology,other,88,190.0,0.4631578947368421,3,0.15,-1.4521656481423724,2.5493461494741525,-6.556733268975619,1.1451939141795444,2.8823529411764706,7,3,1.1,2,0,english,korean,Indo-European,Germanic,Koreanic,Koreanic,LATIN,6949,7087876,HANGUL,1104,728295
67,en,ko,What was artistic swimming previously known as?,아티스틱 스위밍은 이전에 어떤 명칭으로 알려졌습니까?,Artistic swimming was previously known as synchronized swimming. The name change was made to better reflect the sport's artistic elements and to align with other artistic sports. The International Swimming Federation (FINA) officially adopted the new name in 2017.,"아티스틱 스위밍은 이전에 ""싱크로나이즈드 스위밍""으로 알려졌습니다.",True,1,sports,definition,5,28.0,0.1785714285714285,4,0.5,-0.8269697754339702,0.1987584485476186,-1.9516528873636887,0.8560061890244638,1.1428571428571428,2,1,0.875,1,0,english,korean,Indo-European,Germanic,Koreanic,Koreanic,LATIN,6949,7087876,HANGUL,1104,728295
36,en,ko,In which year did the Great Canadian flag debate officially begin?,캐나다 국기 논쟁이 공식적으로 시작된 해는 언제입니까?,"The Great Canadian Flag Debate officially began in 1964. This debate led to the adoption of the current national flag of Canada, which was inaugurated on February 15, 1965.","캐나다 국기 논쟁은 1964년에 공식적으로 시작되었습니다. 이 논쟁은 새로운 디자인의 국기를 채택하기 위한 것으로, 그 결과 현재의 메이플 리프 국기가 1965년 2월 15일에 공식적으로 채택되었습니다.",True,3,history,date_time,12,36.0,0.3333333333333333,0,0.0,-2.2527347815146763,2.891257527722075,-4.898064321153278,2.08171971505508,2.375,5,2,0.9166666666666666,1,0,english,korean,Indo-European,Germanic,Koreanic,Koreanic,LATIN,6949,7087876,HANGUL,1104,728295
59,en,ko,In which year did the Whitehaven School become the Whitehaven Academy?,화이트헤이븐 스쿨이 화이트헤이븐 아카데미가 된 해는 언제입니까?,Whitehaven School became the Whitehaven Academy in 2014 when it transitioned to academy status under the sponsorship of Bright Tribe Trust.,화이트헤이븐 스쿨이 화이트헤이븐 아카데미로 이름이 변경된 해는 2021년입니다.,False,1,history,date_time,7,28.0,0.25,1,0.125,-1.8881713129666984,-0.0195268160181265,-3.5226642022132757,1.05514574528012,2.125,4,1,0.9166666666666666,1,0,english,korean,Indo-European,Germanic,Koreanic,Koreanic,LATIN,6949,7087876,HANGUL,1104,728295
38,en,ko,When was the Uniform Residential Landlord and Tenant Act created?,균일 주거용 임대인 및 임차인 법은 언제 제정되었습니까?,"The Uniform Residential Landlord and Tenant Act (URLTA) was created in 1972 by the National Conference of Commissioners on Uniform State Laws, now known as the Uniform Law Commission. The act was designed to standardize and improve the legal relationship between landlords and tenants across different states.","균일 주거용 임대인 및 임차인 법, 즉 대한민국의 ""주택임대차보호법""은 1981년에 제정되었습니다. 이 법은 주거용 건물의 임대차에 있어서 임차인의 권리를 보호하고, 임대인과 임차인 간의 관계를 공정하게 조정하기 위해 만들어졌습니다.",False,1,law,date_time,14,45.0,0.3111111111111111,1,0.1,0.2112292900806852,5.877738550648436,-2.188010643985692,2.460933549838749,1.8888888888888888,4,1,0.9090909090909092,1,0,english,korean,Indo-European,Germanic,Koreanic,Koreanic,LATIN,6949,7087876,HANGUL,1104,728295
37,en,ko,Who was the first female mayor in Turkey?,튀르키예 최초 여성 시장은 누구였습니까?,"The first female mayor in Turkey was Müfide İlhan. She was elected as the mayor of Mersin in 1950, becoming the first woman to hold such a position in Turkey.","Türkiye'de ilk kadın belediye başkanı, 1950 yılında Artvin ili Yusufeli ilçesine bağlı Kılıçkaya beldesine seçilen Müfide İlhan'dır. Daha önce pek çok kaynakta Mersin'de 1950 yılında belediye başkanı seçilen Müfide İlhan'dan bahsedilirken, Karadeniz bölgesinde Kılıçkaya beldesinde de aynı yıl başka bir kadın belediye başkanı seçildiği belirtilmektedir. Ancak, yaygın olarak bilinen ilk kadın belediye başkanı Müfide İlhan'dır.",True,1,politics,person,7,21.0,0.3333333333333333,2,0.2857142857142857,-2.5376540615418586,1.5051014624059642,-5.939309828949521,2.107055798717053,1.8333333333333333,4,0,0.8888888888888888,1,0,english,korean,Indo-European,Germanic,Koreanic,Koreanic,LATIN,6949,7087876,HANGUL,1104,728295
44,en,ko,What was the specific purpose of a bulk material analyzer located just upstream of the raw mill in cement production?,시멘트 생산에서 원재료 분쇄기 바로 상류에 위치한 벌크 재료 분석기의 구체적인 목적은 무엇입니까?,"In cement production, the specific purpose of locating a bulk material analyzer just upstream of the raw mill is to ensure the consistent quality and composition of the raw material mix before it enters the raw mill for grinding. The bulk material analyzer provides real-time analysis of the elemental composition of the raw materials, typically using technologies such as prompt gamma neutron activation analysis (PGNAA) or X-ray fluorescence (XRF).

This real-time data allows plant operators to make immediate adjustments to the raw material mix, optimizing the blending of different materials such as limestone, clay, sand, and iron ore. By ensuring the precise and consistent composition of these inputs, the analyzer helps maintain the desired chemical proportions necessary for producing clinker with the desired properties, leading to higher quality cement. Additionally, this optimization contributes to increased efficiency in the kiln, reduced energy consumption, and minimized emissions by avoiding over- or underuse of corrective materials.","시멘트 생산에서 원재료 분쇄기 바로 상류에 위치한 벌크 재료 분석기의 주요 목적은 원재료의 화학적 조성을 실시간으로 분석하여 품질을 최적화하고 공정 효율성을 높이는 것입니다. 구체적으로, 벌크 재료 분석기는 다음과 같은 역할을 합니다:

1. **화학적 조성 모니터링**: 칼슘, 실리카, 알루미나, 철 등의 주요 성분과 기타 미량 원소들의 비율을 측정합니다. 이를 통해 시멘트 생산에 필요한 정확한 배합 비율을 유지할 수 있습니다.

2. **공정 조정**: 분석 결과를 기반으로 필요한 경우, 원재료의 투입 비율을 조정하여 이상적인 화학 조성을 유지합니다. 이로써 제품의 품질과 일관성을 확보할 수 있습니다.

3. **비용 절감**: 정확한 조성 분석을 통해 원재료의 과잉 사용이나 불필요한 낭비를 줄일 수 있습니다. 이는 생산 비용 절감으로 이어집니다.

4. **환경적 이점**: 효율적인 원재료 이용과 품질 관리는 에너지 소비를 줄이고, 결과적으로 환경적인 영향을 감소시킵니다.

결론적으로, 벌크 재료 분석기는 시멘트 생산 공정에서 품질 관리와 공정 효율성 개선에 필수적인 도구로 사용됩니다.",True,1,technology,scientific_technical,86,210.0,0.4095238095238095,0,0.0,-1.375808466730026,3.2000268600573563,-5.236012477902405,1.7822823251284483,3.2142857142857144,6,3,1.3333333333333333,2,0,english,korean,Indo-European,Germanic,Koreanic,Koreanic,LATIN,6949,7087876,HANGUL,1104,728295
65,en,ko,In what year was Greg Brown's album One More Goodnight Kiss released?,그렉 브라운의 앨범 원 모어 굿나잇 키스는 몇 년도에 발매되었습니까?,"Greg Brown's album ""One More Goodnight Kiss"" was released in 1988.","그렉 브라운(Greg Brown)의 앨범 ""One More Goodnight Kiss""는 1988년에 발매되었습니다.",True,1,arts,date_time,16,66.0,0.2424242424242424,1,0.0833333333333333,-1.7788939685036698,2.737931540222429,-5.989949515896766,2.209866112078367,1.818181818181818,4,1,0.9285714285714286,1,0,english,korean,Indo-European,Germanic,Koreanic,Koreanic,LATIN,6949,7087876,HANGUL,1104,728295
35,en,ko,What was the name of Nellie McKay's record label when Pretty Little Head was released?,프리티 리틀 헤드가 발매되었을 때 넬리 맥케이의 레이블 이름은 무엇이었습니까?,"Nellie McKay released ""Pretty Little Head"" on her own record label, titled Hungry Mouse.",넬리 맥케이의 앨범 'Pretty Little Head'는 그녀의 독립 레이블인 Hungry Mouse에 의해 발매되었습니다.,True,1,history,organization,15,66.0,0.2272727272727272,1,0.0833333333333333,-1.6774823987453125,1.548530980481987,-4.6592702060836135,1.402964667869496,2.1818181818181817,5,1,1.1764705882352942,2,0,english,korean,Indo-European,Germanic,Koreanic,Koreanic,LATIN,6949,7087876,HANGUL,1104,728295
51,en,ko,How long does a Rector of Università Cattolica del Sacro Cuore remain in office?,카톨리카 델 사크로 쿠오레 대학교 총장의 임기는 얼마입니까?,"The Rector of the Università Cattolica del Sacro Cuore typically serves a four-year term. However, the exact terms can vary based on the university's statutes or any amendments made to the governing rules, so it's always a good idea to check the latest guidelines from the university for the most accurate information.","카톨리카 델 사크로 쿠오레 대학교의 총장 임기는 일반적으로 4년입니다. 그러나 구체적인 임기나 변동 사항은 대학교의 규정이나 총장 선임 과정에 따라 다를 수 있으므로, 대학교의 공식 자료나 웹사이트를 통해 확인하는 것이 가장 정확합니다.",True,1,education,other,14,45.0,0.3111111111111111,1,0.1,-1.001988467619565,5.098722481083625,-5.37953577107147,2.32653833457558,1.8888888888888888,4,1,0.9333333333333332,1,0,english,korean,Indo-European,Germanic,Koreanic,Koreanic,LATIN,6949,7087876,HANGUL,1104,728295
41,en,ko,What was the name of the conference Campbell University's women's basketball team played in from 1994 to 2011?,캠벨 대학교 여자 농구팀이 1994년부터 2011년까지 경기를 했던 컨퍼런스의 이름은 무엇입니까?,"From 1994 to 2011, Campbell University's women's basketball team played in the Atlantic Sun Conference.",캠벨 대학교 여자 농구팀은 1994년부터 2011년까지는 애틀랜틱 선 컨퍼런스(Atlantic Sun Conference)에서 경기를 했습니다.,True,1,sports,event,49,153.0,0.3202614379084967,2,0.1111111111111111,-2.075107296857129,5.640757196477963,-5.51924337738328,2.000174264016236,3.4166666666666665,7,3,1.2857142857142858,2,0,english,korean,Indo-European,Germanic,Koreanic,Koreanic,LATIN,6949,7087876,HANGUL,1104,728295
61,en,ko,"What is the name of the album that the song ""That's What Love Is For"" was released on?","""That's What Love Is For""라는 곡이 수록된 앨범의 이름은 무엇인가요?","The song ""That's What Love Is For"" is by Amy Grant and it was released on the album ""Heart in Motion"" in 1991.","""That's What Love Is For""라는 곡은 Amy Grant의 앨범 ""Heart in Motion""에 수록되어 있습니다.",True,1,culture,work_creation,55,105.0,0.5238095238095238,1,0.0666666666666666,-0.9429132907881126,3.559106723916333,-5.088601078637514,1.8554411230675452,4.142857142857143,6,1,1.5454545454545454,2,0,english,korean,Indo-European,Germanic,Koreanic,Koreanic,LATIN,6949,7087876,HANGUL,1104,728295
47,en,ko,When was the men's javelin throw event held at the 2010 Asian Games?,2010년 아시안 게임 남자 창던지기 종목은 언제 개최되었습니까?,"The men's javelin throw event at the 2010 Asian Games was held on November 22, 2010.",2010년 아시안 게임 남자 창던지기 종목은 2010년 11월 21일에 개최되었습니다.,False,1,sports,event,54,78.0,0.6923076923076923,1,0.0769230769230769,-2.0617755627151393,2.715914855319771,-5.216541906552542,1.7750603615028195,1.7777777777777777,4,0,1.0,2,0,english,korean,Indo-European,Germanic,Koreanic,Koreanic,LATIN,6949,7087876,HANGUL,1104,728295
32,en,ko,"On which date was David Nail's album ""Fighter"" released?","데이비드 네일의 앨범 ""파이터""가 발매된 날짜는 언제인가요?","David Nail's album ""Fighter"" was released on July 15, 2016.","데이비드 네일(David Nail)의 앨범 ""Fighter""는 2016년 7월 15일에 발매되었습니다.",True,1,arts,date_time,45,78.0,0.5769230769230769,1,0.0769230769230769,-2.027310288834521,2.220478883832738,-4.380317485098108,1.4966144422957308,3.090909090909091,6,1,1.2307692307692308,2,0,english,korean,Indo-European,Germanic,Koreanic,Koreanic,LATIN,6949,7087876,HANGUL,1104,728295
62,en,ko,Which data protection regulation in Brazil requires subject access requests to be fulfilled within a specific time frame?,브라질의 어떤 데이터 보호 규정에서 주체 접근 요청을 특정 기한 내에 충족하도록 요구합니까?,"In Brazil, the data protection regulation that mandates fulfilling subject access requests within a specific time frame is the Lei Geral de Proteção de Dados (LGPD), or General Data Protection Law. According to the LGPD, data controllers must respond to subject access requests within 15 days from the date of the request. This regulation is designed to ensure individuals have timely access to their personal data and to uphold their rights regarding data privacy.","브라질의 데이터 보호 규정인 '일반 데이터 보호법(LGPD, Lei Geral de Proteção de Dados)'에서는 데이터 주체가 자신의 개인 데이터에 접근을 요청할 수 있는 권리를 규정하고 있습니다. LGPD에 따르면, 데이터 컨트롤러는 데이터 주체의 요청을 합리적인 시간 내에 처리해야 합니다. 정확한 기한은 법령에서 명시되어 있지 않지만, 일반적으로 이러한 요청은 신속하게 처리될 것으로 기대됩니다. 요청 처리의 세부 사항이나 절차는 개별 조직의 내부 규정이나 브라질의 데이터 보호 기관(ANPD, Autoridade Nacional de Proteção de Dados)의 지침에 따라 달라질 수 있습니다.",False,1,law,definition,49,120.0,0.4083333333333333,3,0.1875,-1.6217479911587724,2.1291262291297115,-4.5495546828170985,1.30249877212428,2.142857142857143,4,2,1.1578947368421053,2,0,english,korean,Indo-European,Germanic,Koreanic,Koreanic,LATIN,6949,7087876,HANGUL,1104,728295
64,en,ko,In which decade did Harry F. Sinclair purchase Rancocas Stable?,해리 F. 싱클레어가 랭코카스 마구간을 구매한 것은 몇 년대였습니까?,Harry F. Sinclair purchased Rancocas Stable in the 1910s.,해리 F. 싱클레어가 랭코카스 마구간을 구매한 것은 1920년대였습니다. 정확히는 1921년에 구매하였습니다.,False,1,history,date_time,15,55.0,0.2727272727272727,3,0.2727272727272727,-0.154926179621857,5.1496402362053875,-2.594618998938769,2.622548411698972,1.5454545454545454,4,1,1.0,2,0,english,korean,Indo-European,Germanic,Koreanic,Koreanic,LATIN,6949,7087876,HANGUL,1104,728295
40,en,ko,Who contributed to the album Keys to the Kingdom by North Mississippi Allstars?,"노스 미시시피 올스타의 앨범 ""키즈 투더 킹덤""에 기여한 사람은 누구인가요?","""Keys to the Kingdom"" by North Mississippi Allstars features contributions from several artists. The core members of the band, Luther Dickinson, Cody Dickinson, and Chris Chew, are central to the album. Additionally, the album includes guest appearances by a number of renowned musicians. Some of these contributors are Mavis Staples, Ry Cooder, Spooner Oldham, and Alvin Youngblood Hart. These artists helped enrich the album with their distinctive styles and talents.","""Keys to the Kingdom""은 노스 미시시피 올스타스(North Mississippi Allstars)의 앨범입니다. 이 앨범에는 다양한 아티스트들이 기여했는데, 주로 코디 디킨슨(Cody Dickinson)과 루서 디킨슨(Luther Dickinson)이 참여했습니다. 두 형제는 밴드의 핵심 멤버로서 앨범 제작에 중요한 역할을 했습니다. 또한, 앨범에는 다른 게스트 아티스트들도 참여했을 수 있습니다. 더 구체적인 정보는 앨범의 라이너 노트나 공식 자료를 참고하는 것이 좋습니다.",False,1,culture,work_creation,24,300.0,0.08,10,0.4,-2.668471367537135,5.723440767278004,-6.678085849933453,2.8425556875974674,3.5,6,1,0.9285714285714286,1,0,english,korean,Indo-European,Germanic,Koreanic,Koreanic,LATIN,6949,7087876,HANGUL,1104,728295
43,en,ko,What term is used in South Africa to describe someone who obtains government contracts to facilitate outsourced services?,아웃소싱된 서비스를 용이하게 하기 위해 정부 계약을 획득하는 사람을 나타내는 남아프리카 공화국 용어는 무엇입니까?,"In South Africa, the term ""tenderpreneur"" is used to describe someone who obtains government contracts, often to facilitate outsourced services, typically through leveraging political connections. It is a portmanteau of ""tender"" (referring to the bidding process for government contracts) and ""entrepreneur."" This term often carries a negative connotation, suggesting that the individual might be exploiting their connections for personal gain rather than through genuine entrepreneurship or merit.","남아프리카 공화국에서 정부 계약을 획득하는 데 도움을 주는 사람을 흔히 ""텐더프리너(tenderpreneur)""라고 부릅니다. 이 용어는 '입찰(tender)'과 '기업가(entrepreneur)'의 합성어로, 정부 계약을 통해 경제적 이익을 추구하는 사람들을 가리킵니다. 이들은 종종 정부 조달 과정에 영향력을 행사하거나 네트워크를 활용해 계약을 따내는 것으로 알려져 있습니다.",True,2,technology,definition,58,105.0,0.5523809523809524,2,0.1333333333333333,-1.6399901411305575,3.564345059867421,-5.139353391656236,1.3361156208479616,4.0,8,5,1.263157894736842,2,0,english,korean,Indo-European,Germanic,Koreanic,Koreanic,LATIN,6949,7087876,HANGUL,1104,728295
53,en,ko,What type of health care group is St John of God Health Care?,성 요한 건강 관리 기관은 어떤 유형의 의료 그룹입니까?,"St John of God Health Care is a not-for-profit Catholic healthcare organization. It operates a range of services including hospitals, home nursing, disability services, and social outreach programs across Australia and New Zealand. The organization is committed to providing holistic care that aligns with its values based on the teachings of the Catholic Church.","죄송하지만 '성 요한 건강 관리 기관'에 대한 구체적인 정보를 가지고 있지 않습니다. 일반적으로, 성 요한 건강 관리 기관과 같은 이름의 기관은 병원, 클리닉, 요양원 등의 다양한 형태로 존재할 수 있습니다. 자세한 정보를 원하신다면, 해당 기관의 웹사이트를 방문하거나 직접 연락하여 확인하는 것이 좋습니다.",False,1,health,organization,37,55.0,0.6727272727272727,1,0.0909090909090909,-2.065063293497358,0.7804584278396802,-4.767385595554065,1.2597635921788706,1.8,4,0,0.9285714285714286,1,0,english,korean,Indo-European,Germanic,Koreanic,Koreanic,LATIN,6949,7087876,HANGUL,1104,728295
49,en,ko,What did Archer Capital purchase in partnership with the management of Australian Geographic in 1998?,1998년에 아처 캐피탈은 오스트레일리안 지오그래픽 경영진과 파트너십을 맺고 무엇을 인수했습니까?,"In 1998, Archer Capital, in partnership with the management of Australian Geographic, purchased the Australian Geographic business. This acquisition included the Australian Geographic journal and its related retail chain.",1998년에 아처 캐피탈은 오스트레일리안 지오그래픽 경영진과 파트너십을 맺고 오스트레일리안 지오그래픽 소사이어티를 인수했습니다. 이 거래를 통해 아처 캐피탈은 잡지 발행과 관련된 사업을 포함하여 다양한 사업을 확장하게 되었습니다.,False,1,geography,work_creation,5,78.0,0.0641025641025641,2,0.1538461538461538,1.5818999027547045,6.024444105250772,-4.0125323616321245,3.9642444479357817,1.6363636363636365,3,0,1.8,2,0,english,korean,Indo-European,Germanic,Koreanic,Koreanic,LATIN,6949,7087876,HANGUL,1104,728295
34,en,ko,"According to some writers, which ancient city is equated with Parrhasia?","일부 저술가들에 따르면, 어떤 고대 도시가 파라시아와 동일시됩니까?","According to some writers, the ancient city of Parrhasia is equated with the city of Lycosura. Lycosura is often considered one of the oldest cities in Arcadia, Greece, and is sometimes linked to Parrhasia in various historical texts.","일부 저술가들에 따르면, 고대 도시는 파라사와 동일시되기도 합니다. 이는 고대 문헌이나 역사적 기록에서 파라사가 등장하는 맥락을 통해 이루어지는 추정에 기반할 수 있습니다. 이러한 동일시는 종종 신화적이거나 전설적인 요소를 포함하고 있으며, 학자들 사이에서도 다양한 해석이 존재할 수 있습니다.",False,1,history,location,10,36.0,0.2777777777777778,4,0.4444444444444444,-2.207605854575146,-0.0904933144512651,-4.645378038150234,1.1834303983180428,2.3,4,1,1.5384615384615383,2,0,english,korean,Indo-European,Germanic,Koreanic,Koreanic,LATIN,6949,7087876,HANGUL,1104,728295
52,en,ko,What is the Planck mass denoted by in the equation for the Vainshtein radius?,바인슈타인 반지름 방정식에서 플랑크 질량을 나타내는 기호는 무엇입니까?,"The Planck mass in the equation for the Vainshtein radius is typically denoted by \( M_{\text{Pl}} \). The Vainshtein radius is a concept used in modified gravity theories, like massive gravity, to describe a scale below which modifications to gravity (such as those introduced by a massive graviton) become negligible. The Planck mass is a central constant in these equations, often appearing in the context of comparing gravitational interaction strengths.","바인슈타인 반지름 방정식에서 플랑크 질량을 나타내는 기호는 \( m_p \)입니다. 플랑크 질량은 자연 단위계에서 중요한 물리 상수 중 하나로, 중력상수 \( G \), 플랑크 상수 \( \hbar \), 그리고 빛의 속도 \( c \)를 조합하여 정의됩니다.",False,1,science,scientific_technical,13,45.0,0.2888888888888888,1,0.1,-1.85573847053324,1.490559905931604,-5.501590404936412,2.0131579899424525,2.4444444444444446,4,3,1.0,2,0,english,korean,Indo-European,Germanic,Koreanic,Koreanic,LATIN,6949,7087876,HANGUL,1104,728295
54,en,ko,What month did the K-1: K’Festa 3 event take place in?,K’Festa 3 이벤트는 몇 월에 열렸습니까?,The K-1: K’Festa 3 event took place in March 2020.,K'Festa 3 이벤트는 2020년 3월에 열렸습니다.,True,1,history,event,14,28.0,0.5,1,0.125,-2.0853491712911683,0.924897331203866,-5.669339994335426,1.8417160368875272,1.375,2,0,1.0,2,0,english,korean,Indo-European,Germanic,Koreanic,Koreanic,LATIN,6949,7087876,HANGUL,1104,728295
50,en,ko,What medal did Nguyễn Thị Mỹ Đức win in women's changquan at the 2002 Asian Games?,2002년 아시안 게임 여자 창권에서 응우옌 티 미 두크는 어떤 메달을 획득했나요?,Nguyễn Thị Mỹ Đức won the bronze medal in women's changquan at the 2002 Asian Games.,2002년 부산 아시안 게임 여자 창권에서 응우옌 티 미 두크는 은메달을 획득했습니다.,False,1,sports,other,37,91.0,0.4065934065934066,3,0.2142857142857142,-1.2848098719089778,4.469477769443494,-5.6855688704805845,2.297662529850478,1.6153846153846154,4,1,1.1111111111111112,2,0,english,korean,Indo-European,Germanic,Koreanic,Koreanic,LATIN,6949,7087876,HANGUL,1104,728295
58,en,ko,In what city did the 1984 Summer Olympics men's 100 metre butterfly final take place?,1984년 하계 올림픽 남자 100m 접영 결승전은 어느 도시에서 열렸습니까?,The 1984 Summer Olympics men's 100 metre butterfly final took place in Los Angeles.,1984년 하계 올림픽 남자 100m 접영 결승전은 로스앤젤레스에서 열렸습니다.,True,1,sports,location,28,66.0,0.4242424242424242,1,0.0833333333333333,-1.70077763977858,5.219249633420923,-4.673600225524734,2.016461167639393,1.818181818181818,4,1,1.1764705882352942,2,0,english,korean,Indo-European,Germanic,Koreanic,Koreanic,LATIN,6949,7087876,HANGUL,1104,728295
48,en,ko,What was the name of the protagonist in the Prizzi novels?,프리치 소설의 주인공 이름은 무엇입니까?,"The protagonist in the Prizzi novels, written by Richard Condon, is Charlie Partanna. He is a key character in the series, starting with ""Prizzi's Honor.""","프리치 소설의 주인공 이름은 알 수 없습니다. ""프리치""라는 제목의 잘 알려진 소설은 존재하지 않습니다. 질문에 대한 구체적인 정보를 제공해 주시면, 도움이 될 수 있도록 노력하겠습니다.",False,1,law,work_creation,5,21.0,0.238095238095238,2,0.2857142857142857,-2.5916060568868464,-1.5935123500202524,-3.540619403247201,0.7608571054541725,1.5,3,0,0.9166666666666666,1,0,english,korean,Indo-European,Germanic,Koreanic,Koreanic,LATIN,6949,7087876,HANGUL,1104,728295
33,en,pt,In which country was AFN Bremerhaven located?,Em qual país a AFN Bremerhaven estava localizada?,"AFN Bremerhaven was located in Germany. AFN stands for American Forces Network, and AFN Bremerhaven was one of the network's broadcasting stations serving U.S. military personnel stationed in and around Bremerhaven, Germany.","A AFN Bremerhaven estava localizada na Alemanha. AFN significa American Forces Network, e a estação de Bremerhaven era parte da rede de transmissão destinada a militares dos Estados Unidos e suas famílias estacionadas no estrangeiro.",True,1,geography,location,7,15.0,0.4666666666666667,0,0.0,-1.4877853995857948,1.4058556019789872,-3.0844619559760527,1.3138196274371727,1.0,2,0,0.7777777777777778,1,0,english,portuguese,Indo-European,Germanic,Indo-European,Romance,LATIN,6949,7087876,LATIN,3000,1159764
30,en,pt,What was the position of August Joseph Donatelli's plane during World War II when it was shot down?,Qual era a posição do avião de August Joseph Donatelli durante a Segunda Guerra Mundial quando foi abatido?,"August Joseph Donatelli served as a waist gunner on a B-17 bomber during World War II. When his plane was shot down, he occupied this position, which is located on the side of the aircraft, typically midway between the nose and the tail. Waist gunners were responsible for defending the aircraft from enemy fighters approaching from the sides.","August Joseph Donatelli, mais conhecido como Augie Donatelli, serviu como engenheiro de voo e artilheiro durante a Segunda Guerra Mundial. Ele foi abatido sobre a Alemanha enquanto servia em um bombardeiro B-17. Infelizmente, detalhes precisos sobre a posição exata de seu avião quando foi abatido não são amplamente documentados. Após o incidente, ele foi capturado e passou o restante da guerra como prisioneiro em um campo alemão. Após a guerra, Donatelli se tornou um renomado árbitro de beisebol na Major League Baseball (MLB).",False,1,history,event,80,105.0,0.7619047619047619,0,0.0,-1.20472228890208,2.44304506861984,-4.55072377446571,0.9456446807116649,2.35,4,1,0.8947368421052632,1,0,english,portuguese,Indo-European,Germanic,Indo-European,Romance,LATIN,6949,7087876,LATIN,3000,1159764
55,en,pt,What was the television network that aired The Greatest Canadian Invention?,Que estação de televisão transmitiu A Maior Invenção Canadiana?,"The television network that aired ""The Greatest Canadian Invention"" was CBC Television.","A série ""A Maior Invenção Canadiana"" foi transmitida pela CBC Television, a emissora pública do Canadá.",False,1,culture,organization,14,28.0,0.5,0,0.0,-2.095096686538227,0.5123637141338665,-4.950412339659133,1.5551107510027065,1.2,3,0,0.9166666666666666,1,0,english,portuguese,Indo-European,Germanic,Indo-European,Romance,LATIN,6949,7087876,LATIN,3000,1159764
39,en,pt,Since which decade did bowl games start counting toward single-season and career statistics?,Em que década os jogos de bowl começaram a contar para as estatísticas de temporada única e carreira?,"Bowl games started counting toward single-season and career statistics beginning in the 2002 season. Prior to that, statistics from bowl games were not included in a player’s season or career totals.","Os jogos de bowl começaram a contar para as estatísticas de temporada única e carreira no início dos anos 2000. Antes disso, as estatísticas dos jogos de bowl eram consideradas separadas das estatísticas da temporada regular. Essa mudança foi implementada pela NCAA a partir da temporada de 2002.",True,1,sports,date_time,52,55.0,0.9454545454545454,0,0.0,-0.7090932504919414,1.5637067499017572,-2.241256001480473,0.8018920584031052,2.6842105263157894,6,0,0.9285714285714286,1,0,english,portuguese,Indo-European,Germanic,Indo-European,Romance,LATIN,6949,7087876,LATIN,3000,1159764
63,en,pt,What is the original name of Entebbe General Hospital?,Qual era o nome original do Hospital Geral de Entebbe?,The original name of Entebbe General Hospital is Entebbe Military Hospital.,"O nome original do Hospital Geral de Entebbe era ""Hospital Colonial de Entebbe"".",False,2,health,definition,22,28.0,0.7857142857142857,0,0.0,-2.294669661020493,-1.3149545101754512,-3.8312556397443434,0.6902294453947571,2.0833333333333335,4,0,0.9,1,0,english,portuguese,Indo-European,Germanic,Indo-European,Romance,LATIN,6949,7087876,LATIN,3000,1159764
56,en,pt,What was the name of the University of Detroit's halfback in the 1929 football season?,Qual era o nome do halfback da Universidade de Detroit na temporada de futebol americano de 1929?,The University of Detroit's halfback in the 1929 football season was Lloyd Brazil. He was a standout player and is well remembered in the history of the university's football program.,O halfback da Universidade de Detroit na temporada de futebol americano de 1929 era Lloyd Brazil. Ele era um jogador destacado e bastante importante para a equipe durante esse período.,True,1,sports,person,48,66.0,0.7272727272727273,0,0.0,-1.3543803265065009,0.658581345535059,-4.137254570768756,0.903149456089566,2.9047619047619047,5,0,0.9375,1,0,english,portuguese,Indo-European,Germanic,Indo-European,Romance,LATIN,6949,7087876,LATIN,3000,1159764
42,en,pt,What is the original name of the Flood Modeller software?,Qual era o nome original do software Flood Modeller?,The Flood Modeller software was originally known as ISIS. It was developed by HR Wallingford and has been used for hydrodynamic modeling and flood risk management.,O software Flood Modeller era originalmente conhecido como ISIS.,True,1,technology,work_creation,10,21.0,0.4761904761904761,0,0.0,-2.7486422080628454,-1.7939457844829647,-3.9699209315695496,0.6999413627924899,2.0,4,0,0.9090909090909092,1,0,english,portuguese,Indo-European,Germanic,Indo-European,Romance,LATIN,6949,7087876,LATIN,3000,1159764
46,en,pt,What religious practice did the Magars follow?,Que prática religiosa seguiam os Magars?,"The Magars, who are an indigenous ethnic group primarily residing in Nepal, have traditionally practiced a blend of religions and spiritual beliefs. Historically, their religious practices have included elements of shamanism and animism, with a strong emphasis on nature worship and the veneration of ancestors. Shamans, known locally as ""Bijuwa"" or ""Dhami,"" play a crucial role in their spiritual and community life, performing rituals to appease spirits and seek guidance.

In contemporary times, many Magars have also adopted Hinduism and Buddhism, reflecting the broader religious landscape of Nepal. As a result, their religious practices today may incorporate Hindu and Buddhist customs alongside their indigenous traditions. This syncretism allows the Magars to maintain their cultural identity while also being part of the larger religious communities in Nepal.","Os Magars, um dos maiores grupos étnicos do Nepal, tradicionalmente seguem uma combinação de práticas religiosas que incluem o hinduísmo, o budismo e o xamanismo. Historicamente, muitos Magars praticavam o xamanismo, envolvendo crenças ancestrais e rituais animistas conduzidos por figuras conhecidas como xamãs.

Com o passar do tempo, a influência do hinduísmo e do budismo tornou-se mais prevalente entre os Magars, especialmente nas regiões mais próximas de outros grupos étnicos que seguem essas religiões. Em geral, a prática religiosa dos Magars pode variar dependendo da região e da proximidade com outras comunidades culturais e religiosas, resultando em uma diversidade de práticas espirituais dentro do grupo.",False,1,culture,other,2,15.0,0.1333333333333333,2,0.3333333333333333,-2.838723872702081,-2.683424638824141,-2.994023106580021,0.1552992338779399,1.2857142857142858,2,0,0.875,1,0,english,portuguese,Indo-European,Germanic,Indo-European,Romance,LATIN,6949,7087876,LATIN,3000,1159764
57,en,pt,What does the lowest part of the Espiritu Santo Formation consist of?,Do que consiste a parte inferior da Formação Espiritu Santo?,"The Espiritu Santo Formation, primarily located in Panama, is a geological formation known for its fossil-rich deposits. The lowest part of the Espiritu Santo Formation commonly consists of marine sediments, primarily composed of sandstone, siltstone, and shale. These sedimentary rocks were deposited in a marine environment, suggesting that the area was once underwater. The precise composition can vary slightly depending on the specific location within the formation, but the presence of marine fossils is typical, indicating the ancient marine conditions during the time of deposition.","A Formação Espírito Santo é uma das unidades geológicas que compõem a Bacia de Santos, localizada na margem continental sudeste do Brasil. Esta formação é bastante significativa na exploração de petróleo e gás na região. A parte inferior da Formação Espírito Santo é composta principalmente por sedimentos depositados durante o período Cretáceo, que pode incluir uma variedade de litologias, como arenitos, folhelhos e calcários.

O ambiente deposicional da parte inferior geralmente reflete uma transição de condições continentais para marinhas, com influência fluvial, deltaica e marinha raso. Por essa razão, a composição exata pode variar dependendo da subregião na bacia e das condições locais de sedimentação durante a sua formação. Além disso, pode haver a presença de camadas ricas em matéria orgânica que têm potencial para serem rochas geradoras de hidrocarbonetos.

Se você tiver um interesse específico em uma seção ou característica da Formação Espírito Santo, por favor, me avise, e eu poderei fornecer mais detalhes.",False,1,science,definition,19,36.0,0.5277777777777778,1,0.1111111111111111,-1.6417511424979054,2.122620241764217,-3.5763395684302584,1.5028368179639684,2.0,3,0,0.9230769230769232,1,0,english,portuguese,Indo-European,Germanic,Indo-European,Romance,LATIN,6949,7087876,LATIN,3000,1159764
66,en,pt,In which year was the Toronto edition of Ming Pao Daily News launched?,Em que ano foi lançada a edição de Toronto do Ming Pao Daily News?,The Toronto edition of Ming Pao Daily News was launched in 1993.,A edição de Toronto do Ming Pao Daily News foi lançada em 1993.,True,1,history,date_time,32,45.0,0.7111111111111111,0,0.0,-1.4953892025381983,1.6950059476087391,-2.864281452045095,0.9015420942733008,2.0,3,0,0.9285714285714286,1,0,english,portuguese,Indo-European,Germanic,Indo-European,Romance,LATIN,6949,7087876,LATIN,3000,1159764
31,en,pt,In what year was the NIH MERIT Award first created?,Em que ano o prêmio NIH MERIT foi criado pela primeira vez?,The National Institutes of Health (NIH) MERIT (Method to Extend Research in Time) Award was first established in 1986.,"O prêmio NIH MERIT (Method to Extend Research in Time) foi criado em 1986. Ele tem como objetivo fornecer suporte de longo prazo a pesquisadores destacados, permitindo que eles se concentrem em projetos de pesquisa inovadores sem a necessidade frequente de se preocupar com a renovação do financiamento.",True,1,health,date_time,31,45.0,0.6888888888888889,1,0.1,-0.9454266788974198,1.0735748924761488,-2.9164402787927997,0.6527139683699291,1.5714285714285714,3,0,0.9090909090909092,1,0,english,portuguese,Indo-European,Germanic,Indo-European,Romance,LATIN,6949,7087876,LATIN,3000,1159764
45,en,pt,What was the name of the military base established in the Vedder Crossing area in 1941?,Qual era o nome da base militar estabelecida na área de Vedder Crossing em 1941?,The military base established in the Vedder Crossing area in 1941 was named Camp Chilliwack.,A base militar estabelecida na área de Vedder Crossing em 1941 era conhecida como Camp Chilliwack.,True,1,history,entity_object,32,66.0,0.4848484848484848,0,0.0,-1.1992940914404078,0.5187491121651052,-2.5657851713676125,0.700387407259691,3.2777777777777777,6,1,0.9411764705882352,1,0,english,portuguese,Indo-European,Germanic,Indo-European,Romance,LATIN,6949,7087876,LATIN,3000,1159764
60,en,pt,"In the 1999 New Zealand general election, which party did Helen Clark lead to victory?","Na eleição geral de 1999 da Nova Zelândia, qual partido Helen Clark liderou à vitória?","In the 1999 New Zealand general election, Helen Clark led the Labour Party to victory.","Na eleição geral de 1999 da Nova Zelândia, Helen Clark liderou o Partido Trabalhista da Nova Zelândia à vitória. Ela se tornou a primeira-ministra do país após essa eleição.",True,2,politics,person,63,78.0,0.8076923076923077,0,0.0,-0.749888478652199,3.7150389546810074,-2.7507109128459533,1.087412948585401,1.95,3,0,1.411764705882353,2,0,english,portuguese,Indo-European,Germanic,Indo-European,Romance,LATIN,6949,7087876,LATIN,3000,1159764
29,en,pt,What kind of systems does International Road Dynamics provide to ensure that vehicles depart terminals within acceptable weight limits?,Que tipo de sistemas a International Road Dynamics fornece para garantir que os veículos saem dos terminais dentro dos limites de peso aceitáveis?,"International Road Dynamics (IRD) provides a range of systems that help ensure vehicles depart terminals within acceptable weight limits. These systems typically include:

1. **Weigh-in-Motion (WIM) Systems**: These are used to measure the weight of vehicles as they move over sensors embedded in the road surface. It helps to accurately and efficiently ensure that vehicles comply with legal weight limits without stopping them.

2. **Static Weighing Systems**: These systems require vehicles to stop on a scale to measure their weight. They are generally used for precise weight measurements and are often found at loading docks or terminal exits.

3. **Overload Detection Systems**: These systems identify vehicles that exceed the weight limits and can trigger alerts or notifications for enforcement action or vehicle re-routing.

4. **Vehicle Classification Systems**: By classifying vehicles into categories, these systems can apply different weight limits and ensure compliance according to the vehicle type.

5. **Integrated Software Solutions**: IRD often pairs its physical systems with software for data collection, analysis, and reporting. This software helps monitor and manage vehicle weights and loads over time.

These systems collectively help in automating the process of weight compliance, reducing delays, and maintaining safety and regulatory compliance at terminals.","A International Road Dynamics (IRD) fornece uma variedade de sistemas avançados para garantir que os veículos saiam dos terminais dentro dos limites de peso aceitáveis. Entre esses sistemas, destacam-se:

1. **Sistemas de Pesagem em Movimento (Weigh-In-Motion - WIM):** Esses sistemas permitem a pesagem de veículos em movimento, proporcionando medições rápidas e precisas do peso de cada eixo e do peso total do veículo sem a necessidade de parar, o que melhora a eficiência e reduz o tempo de espera nos terminais.

2. **Balanças de Plataforma:** Essas balanças são usadas para pesagem estática e podem ser instaladas em terminais para verificar o peso dos veículos antes de sua saída. Elas oferecem alta precisão e são adequadas para garantir que os caminhões estejam dentro dos limites de peso permitidos.

3. **Sistemas de Classificação de Veículos:** Esses sistemas identificam e classificam automaticamente os tipos de veículos que passam por um ponto específico, auxiliando na gestão do tráfego e no controle de cargas.

4. **Soluções Integradas de Gestão de Pesagem e Dados:** Usando software avançado, a IRD fornece sistemas que coletam, armazenam e analisam dados de pesagem. Isso permite uma melhor gestão das operações de carga e protege as infraestruturas rodoviárias contra danos causados por sobrecarga.

Esses sistemas ajudam a otimizar a eficiência operacional dos terminais e a garantir conformidade com as regulamentações de peso, melhorando a segurança e protegendo infraestruturas rodoviárias.",False,1,technology,other,108,153.0,0.7058823529411765,0,0.0,-0.8705994216773554,2.4417982982389907,-3.587893900284838,0.9655581606821596,2.8846153846153846,6,2,0.95,1,0,english,portuguese,Indo-European,Germanic,Indo-European,Romance,LATIN,6949,7087876,LATIN,3000,1159764
67,en,pt,What was artistic swimming previously known as?,Como era anteriormente conhecida a natação artística?,Artistic swimming was previously known as synchronized swimming. The name change was made to better reflect the sport's artistic elements and to align with other artistic sports. The International Swimming Federation (FINA) officially adopted the new name in 2017.,A natação artística era anteriormente conhecida como nado sincronizado. Essa mudança de nome foi oficializada em 2017 pela Federação Internacional de Natação (FINA) para refletir melhor a natureza artística e atlética deste esporte.,True,1,sports,definition,23,28.0,0.8214285714285714,0,0.0,-0.6309404516510674,5.490666690416776,-3.298869944444072,2.2012555058072065,1.125,2,0,0.875,1,0,english,portuguese,Indo-European,Germanic,Indo-European,Romance,LATIN,6949,7087876,LATIN,3000,1159764
36,en,pt,In which year did the Great Canadian flag debate officially begin?,Em que ano começou oficialmente o Grande Debate da Bandeira Canadiana?,"The Great Canadian Flag Debate officially began in 1964. This debate led to the adoption of the current national flag of Canada, which was inaugurated on February 15, 1965.","O Grande Debate da Bandeira Canadiana começou oficialmente em 1964. Esse debate ocorreu quando o governo canadiano procurava adotar uma nova bandeira nacional que representasse melhor o país, levando eventualmente à adoção da atual bandeira com a folha de bordo vermelha.",True,3,history,date_time,22,28.0,0.7857142857142857,0,0.0,-1.270065755938097,0.8027492166825818,-2.5641699261013153,0.8400389378212965,1.7692307692307692,3,0,0.9166666666666666,1,0,english,portuguese,Indo-European,Germanic,Indo-European,Romance,LATIN,6949,7087876,LATIN,3000,1159764
59,en,pt,In which year did the Whitehaven School become the Whitehaven Academy?,Em que ano a Escola Whitehaven se tornou a Academia Whitehaven?,Whitehaven School became the Whitehaven Academy in 2014 when it transitioned to academy status under the sponsorship of Bright Tribe Trust.,A Escola Whitehaven tornou-se a Academia Whitehaven no ano de 2011.,False,1,history,date_time,15,21.0,0.7142857142857143,1,0.1428571428571428,-1.4744368218976995,-0.2810305872927631,-2.708899410294226,0.6402455681037122,1.4166666666666667,2,0,0.9166666666666666,1,0,english,portuguese,Indo-European,Germanic,Indo-European,Romance,LATIN,6949,7087876,LATIN,3000,1159764
38,en,pt,When was the Uniform Residential Landlord and Tenant Act created?,Quando foi criada a Lei Uniforme de Locação Residencial (Uniform Residential Landlord and Tenant Act)?,"The Uniform Residential Landlord and Tenant Act (URLTA) was created in 1972 by the National Conference of Commissioners on Uniform State Laws, now known as the Uniform Law Commission. The act was designed to standardize and improve the legal relationship between landlords and tenants across different states.","A Lei Uniforme de Locação Residencial (Uniform Residential Landlord and Tenant Act, URLTA) foi criada em 1972 nos Estados Unidos. Ela foi desenvolvida pela Uniform Law Commission com o objetivo de padronizar e simplificar as leis de locação residencial nos diferentes estados.",True,1,law,date_time,52,91.0,0.5714285714285714,0,0.0,-1.5420484780757984,3.2980337067266743,-5.216113808213808,1.6865939199985382,2.1666666666666665,3,0,0.9090909090909092,1,0,english,portuguese,Indo-European,Germanic,Indo-European,Romance,LATIN,6949,7087876,LATIN,3000,1159764
37,en,pt,Who was the first female mayor in Turkey?,Quem foi a primeira Presidente de Câmara na Turquia?,"The first female mayor in Turkey was Müfide İlhan. She was elected as the mayor of Mersin in 1950, becoming the first woman to hold such a position in Turkey.","A primeira mulher a ocupar o cargo de presidente de câmara na Turquia foi Sadiye Hanım, também conhecida como Sadiye Ardahan. Ela se tornou presidente de câmara da cidade de Artvin em 1930. Sua eleição foi um marco importante na história política da Turquia, especialmente considerando que as mulheres no país haviam conquistado o direito ao sufrágio municipal apenas em 1930.",False,1,politics,person,28,45.0,0.6222222222222222,2,0.2,-1.3425618916537732,0.8071796199777537,-3.700344322802144,0.8541156808959787,1.181818181818182,2,0,0.8888888888888888,1,0,english,portuguese,Indo-European,Germanic,Indo-European,Romance,LATIN,6949,7087876,LATIN,3000,1159764
44,en,pt,What was the specific purpose of a bulk material analyzer located just upstream of the raw mill in cement production?,Qual era o objetivo específico de um analisador de material a granel localizado imediatamente a montante do moinho de matéria-prima na produção de cimento?,"In cement production, the specific purpose of locating a bulk material analyzer just upstream of the raw mill is to ensure the consistent quality and composition of the raw material mix before it enters the raw mill for grinding. The bulk material analyzer provides real-time analysis of the elemental composition of the raw materials, typically using technologies such as prompt gamma neutron activation analysis (PGNAA) or X-ray fluorescence (XRF).

This real-time data allows plant operators to make immediate adjustments to the raw material mix, optimizing the blending of different materials such as limestone, clay, sand, and iron ore. By ensuring the precise and consistent composition of these inputs, the analyzer helps maintain the desired chemical proportions necessary for producing clinker with the desired properties, leading to higher quality cement. Additionally, this optimization contributes to increased efficiency in the kiln, reduced energy consumption, and minimized emissions by avoiding over- or underuse of corrective materials.","O objetivo específico de um analisador de material a granel localizado imediatamente a montante do moinho de matéria-prima na produção de cimento é garantir a qualidade e a consistência da matéria-prima que será utilizada no processo de moagem. Este analisador realiza uma avaliação química e mineralógica dos materiais de entrada, como calcário, argila e outros componentes, permitindo ajustes em tempo real na composição da mistura para atender às especificações desejadas para o clínquer e, consequentemente, para o cimento final.

Ao monitorar a composição dos materiais em tempo real, o analisador ajuda a otimizar o processo de moagem, promover a eficiência energética e reduzir desperdícios, resultando em um produto final mais consistente e de alta qualidade. Ele também contribui para a minimização da variabilidade do processo e melhora o controle de qualidade ao longo da produção.",True,1,technology,scientific_technical,209,253.0,0.8260869565217391,0,0.0,-0.8531378880975133,3.022086414734946,-4.213164893466098,1.129829563197673,3.962962962962963,7,1,0.9523809523809524,1,0,english,portuguese,Indo-European,Germanic,Indo-European,Romance,LATIN,6949,7087876,LATIN,3000,1159764
65,en,pt,In what year was Greg Brown's album One More Goodnight Kiss released?,Em que ano foi lançado o álbum One More Goodnight Kiss de Greg Brown?,"Greg Brown's album ""One More Goodnight Kiss"" was released in 1988.","O álbum ""One More Goodnight Kiss"" de Greg Brown foi lançado em 1988.",True,1,arts,date_time,45,55.0,0.8181818181818182,0,0.0,-0.9392931419288536,2.006055735216315,-2.4432605669297165,1.1374219500759084,1.9333333333333331,3,0,0.9230769230769232,1,0,english,portuguese,Indo-European,Germanic,Indo-European,Romance,LATIN,6949,7087876,LATIN,3000,1159764
35,en,pt,What was the name of Nellie McKay's record label when Pretty Little Head was released?,Qual era o nome da editora de Nellie McKay quando Pretty Little Head foi lançado?,"Nellie McKay released ""Pretty Little Head"" on her own record label, titled Hungry Mouse.","Quando ""Pretty Little Head"" foi lançado, Nellie McKay estava trabalhando com a editora Hungry Mouse. Inicialmente, o álbum estava previsto para ser lançado pela Columbia Records, mas devido a desentendimentos, McKay optou por lançar o álbum de forma independente através da sua própria editora, Hungry Mouse.",True,1,history,organization,48,78.0,0.6153846153846154,0,0.0,-1.353313153180568,3.9973605848724407,-3.572419487803769,1.2696725759063694,2.176470588235294,4,1,0.9375,1,0,english,portuguese,Indo-European,Germanic,Indo-European,Romance,LATIN,6949,7087876,LATIN,3000,1159764
51,en,pt,How long does a Rector of Università Cattolica del Sacro Cuore remain in office?,Por quantos anos um Reitor da Università Cattolica del Sacro Cuore permanece no cargo?,"The Rector of the Università Cattolica del Sacro Cuore typically serves a four-year term. However, the exact terms can vary based on the university's statutes or any amendments made to the governing rules, so it's always a good idea to check the latest guidelines from the university for the most accurate information.","O mandato de um Reitor na Università Cattolica del Sacro Cuore geralmente é de quatro anos. No entanto, é possível que o Reitor seja reeleito para mandatos consecutivos. Isso significa que, teoricamente, o tempo total no cargo pode ser estendido caso o Reitor continue a ser reeleito.",True,1,education,other,49,78.0,0.6282051282051282,1,0.0769230769230769,-0.6919431421226198,6.403926221415408,-4.200960558408236,1.4716874656348575,2.1176470588235294,4,0,0.9333333333333332,1,0,english,portuguese,Indo-European,Germanic,Indo-European,Romance,LATIN,6949,7087876,LATIN,3000,1159764
41,en,pt,What was the name of the conference Campbell University's women's basketball team played in from 1994 to 2011?,Em que conferência jogou a equipa feminina de basquetebol da Campbell University entre 1994 e 2011?,"From 1994 to 2011, Campbell University's women's basketball team played in the Atlantic Sun Conference.","Entre 1994 e 2011, a equipa feminina de basquetebol da Campbell University jogou na Atlantic Sun Conference, que era anteriormente conhecida como Trans America Athletic Conference (TAAC).",True,1,sports,event,67,105.0,0.638095238095238,1,0.0666666666666666,-1.6993922823753873,0.9720227989253548,-5.734598287715625,1.3386900551185394,1.9444444444444444,3,0,0.9473684210526316,1,0,english,portuguese,Indo-European,Germanic,Indo-European,Romance,LATIN,6949,7087876,LATIN,3000,1159764
61,en,pt,"What is the name of the album that the song ""That's What Love Is For"" was released on?","Qual é o nome do álbum em que a música ""That's What Love Is For"" foi lançada?","The song ""That's What Love Is For"" is by Amy Grant and it was released on the album ""Heart in Motion"" in 1991.","A música ""That's What Love Is For"" foi lançada no álbum ""Heart in Motion"" da Amy Grant. Este álbum foi lançado em 1991.",True,1,culture,work_creation,104,105.0,0.9904761904761904,0,0.0,-0.6268897567227412,2.4882149346706117,-3.210093083729577,1.4100539755496695,3.761904761904762,6,0,1.4285714285714286,3,0,english,portuguese,Indo-European,Germanic,Indo-European,Romance,LATIN,6949,7087876,LATIN,3000,1159764
47,en,pt,When was the men's javelin throw event held at the 2010 Asian Games?,Quando foi realizado o evento de lançamento de dardo masculino nos Jogos Asiáticos de 2010?,"The men's javelin throw event at the 2010 Asian Games was held on November 22, 2010.",O evento de lançamento de dardo masculino nos Jogos Asiáticos de 2010 foi realizado no dia 25 de novembro de 2010.,False,1,sports,event,73,78.0,0.935897435897436,0,0.0,-1.171408907487831,2.7618347813345863,-3.0039210859972045,0.8442319039186952,2.0,4,0,0.9285714285714286,1,0,english,portuguese,Indo-European,Germanic,Indo-European,Romance,LATIN,6949,7087876,LATIN,3000,1159764
32,en,pt,"On which date was David Nail's album ""Fighter"" released?","Em que data foi lançado o álbum ""Fighter"" de David Nail?","David Nail's album ""Fighter"" was released on July 15, 2016.","O álbum ""Fighter"" de David Nail foi lançado no dia 15 de julho de 2016.",True,1,arts,date_time,43,45.0,0.9555555555555556,0,0.0,-1.7677194696259655,1.0912063126306952,-5.063911014513484,0.9193831277650962,1.8571428571428572,3,0,1.1538461538461535,2,0,english,portuguese,Indo-European,Germanic,Indo-European,Romance,LATIN,6949,7087876,LATIN,3000,1159764
62,en,pt,Which data protection regulation in Brazil requires subject access requests to be fulfilled within a specific time frame?,Qual regulamentação de proteção de dados no Brasil exige que as solicitações de acesso do titular sejam resolvidas dentro de um prazo específico?,"In Brazil, the data protection regulation that mandates fulfilling subject access requests within a specific time frame is the Lei Geral de Proteção de Dados (LGPD), or General Data Protection Law. According to the LGPD, data controllers must respond to subject access requests within 15 days from the date of the request. This regulation is designed to ensure individuals have timely access to their personal data and to uphold their rights regarding data privacy.","No Brasil, a Lei Geral de Proteção de Dados Pessoais (LGPD), ou Lei nº 13.709/2018, estabelece que os controladores de dados pessoais devem atender às solicitações de acesso dos titulares dentro de um prazo específico. A LGPD determina que os controladores informem, de forma clara e completa, sobre os dados pessoais que possuem em até 15 dias a partir do recebimento do pedido do titular. Essa exigência visa garantir que os titulares tenham acesso rápido e eficaz às informações que lhes dizem respeito, promovendo maior transparência e controle sobre seus dados pessoais.",True,1,law,definition,126,136.0,0.9264705882352942,0,0.0,-0.5760435092606144,3.032455948199678,-1.919280812073091,0.8168277351764698,3.269230769230769,6,1,0.9473684210526316,1,0,english,portuguese,Indo-European,Germanic,Indo-European,Romance,LATIN,6949,7087876,LATIN,3000,1159764
64,en,pt,In which decade did Harry F. Sinclair purchase Rancocas Stable?,Em qual década Harry F. Sinclair comprou o Estábulo Rancocas?,Harry F. Sinclair purchased Rancocas Stable in the 1910s.,"Harry F. Sinclair comprou o Estábulo Rancocas na década de 1910. Ele adquiriu a propriedade em 1919, transformando-a em uma das mais famosas instalações de criação e treinamento de cavalos de corrida nos Estados Unidos.",True,1,history,date_time,11,28.0,0.3928571428571428,1,0.125,-2.852883672649263,0.6142249259811854,-5.0799277667113545,1.573538432141503,1.4545454545454546,2,0,0.9090909090909092,1,0,english,portuguese,Indo-European,Germanic,Indo-European,Romance,LATIN,6949,7087876,LATIN,3000,1159764
40,en,pt,Who contributed to the album Keys to the Kingdom by North Mississippi Allstars?,Quem contribuiu para o álbum Keys to the Kingdom dos North Mississippi Allstars?,"""Keys to the Kingdom"" by North Mississippi Allstars features contributions from several artists. The core members of the band, Luther Dickinson, Cody Dickinson, and Chris Chew, are central to the album. Additionally, the album includes guest appearances by a number of renowned musicians. Some of these contributors are Mavis Staples, Ry Cooder, Spooner Oldham, and Alvin Youngblood Hart. These artists helped enrich the album with their distinctive styles and talents.","O álbum ""Keys to the Kingdom"" dos North Mississippi Allstars contou com várias colaborações de artistas. Entre eles, destacam-se Mavis Staples, Alvin Youngblood Hart, e Ry Cooder. Este álbum, lançado em 2011, é conhecido por mesclar elementos de blues e rock sulista, mantendo o estilo característico da banda. Se quiser mais informações sobre as faixas ou outros detalhes do álbum, estou à disposição para ajudar!",True,1,culture,work_creation,97,325.0,0.2984615384615384,4,0.1538461538461538,-0.4025050419648995,7.6395450187794305,-4.680518840316726,1.82076126219536,2.1333333333333333,3,0,0.9285714285714286,1,0,english,portuguese,Indo-European,Germanic,Indo-European,Romance,LATIN,6949,7087876,LATIN,3000,1159764
43,en,pt,What term is used in South Africa to describe someone who obtains government contracts to facilitate outsourced services?,Qual termo é usado na África do Sul para descrever alguém que obtém contratos governamentais para facilitar serviços terceirizados?,"In South Africa, the term ""tenderpreneur"" is used to describe someone who obtains government contracts, often to facilitate outsourced services, typically through leveraging political connections. It is a portmanteau of ""tender"" (referring to the bidding process for government contracts) and ""entrepreneur."" This term often carries a negative connotation, suggesting that the individual might be exploiting their connections for personal gain rather than through genuine entrepreneurship or merit.","Na África do Sul, o termo frequentemente usado para descrever alguém que obtém contratos governamentais para facilitar serviços terceirizados, muitas vezes em contextos de controvérsia ou corrupção, é ""tenderpreneur"". Este termo é uma combinação de ""tender"" (referindo-se a licitações públicas) e ""entrepreneur"" (empreendedor), e é geralmente utilizado em um contexto negativo para descrever indivíduos ou empresas que se beneficiam indevidamente do sistema de licitações governamentais.",True,2,technology,definition,95,120.0,0.7916666666666666,1,0.0625,-0.5991929105103595,3.0072310305333856,-3.494682116933382,1.0196534694488648,3.5,7,3,0.9473684210526316,1,0,english,portuguese,Indo-European,Germanic,Indo-European,Romance,LATIN,6949,7087876,LATIN,3000,1159764
53,en,pt,What type of health care group is St John of God Health Care?,Que tipo de grupo de assistência médica é a St John of God Health Care?,"St John of God Health Care is a not-for-profit Catholic healthcare organization. It operates a range of services including hospitals, home nursing, disability services, and social outreach programs across Australia and New Zealand. The organization is committed to providing holistic care that aligns with its values based on the teachings of the Catholic Church.","A St John of God Health Care é um grupo de assistência médica sem fins lucrativos na Austrália. Ela é uma organização católica que oferece uma ampla gama de serviços de saúde, incluindo hospitais, cuidados domiciliares, serviços de saúde mental e reabilitação. O foco da St John of God Health Care é prestar cuidados centrados no paciente, incorporando valores católicos e enfatizando a compaixão e a excelência nos cuidados de saúde que oferece.",True,1,health,organization,97,105.0,0.923809523809524,0,0.0,-1.210481491104724,4.475553721324982,-4.815327290967,1.3492158622941528,1.6875,4,0,0.9285714285714286,1,0,english,portuguese,Indo-European,Germanic,Indo-European,Romance,LATIN,6949,7087876,LATIN,3000,1159764
49,en,pt,What did Archer Capital purchase in partnership with the management of Australian Geographic in 1998?,O que a Archer Capital comprou em parceria com a administração da Australian Geographic em 1998?,"In 1998, Archer Capital, in partnership with the management of Australian Geographic, purchased the Australian Geographic business. This acquisition included the Australian Geographic journal and its related retail chain.","Em 1998, a Archer Capital, em parceria com a administração da Australian Geographic, comprou a Australian Geographic Pty Ltd, que é a empresa responsável pela publicação da revista Australian Geographic, além de operar lojas de varejo que vendem produtos relacionados à geografia, natureza e ciência.",True,1,geography,work_creation,23,36.0,0.6388888888888888,0,0.0,-0.7781496484126249,4.449443229221411,-3.873170501881719,1.5296642926354238,2.888888888888889,5,0,0.9375,1,0,english,portuguese,Indo-European,Germanic,Indo-European,Romance,LATIN,6949,7087876,LATIN,3000,1159764
34,en,pt,"According to some writers, which ancient city is equated with Parrhasia?","De acordo com alguns escritores, que cidade antiga é identificada como Parrásia?","According to some writers, the ancient city of Parrhasia is equated with the city of Lycosura. Lycosura is often considered one of the oldest cities in Arcadia, Greece, and is sometimes linked to Parrhasia in various historical texts.","Parrásia é uma região da Grécia antiga localizada na Arcádia. O nome ""Parrásia"" era usado para descrever a área habitada pelos parrãsios, um dos povos antigos da Arcádia. Embora não seja uma cidade específica, algumas fontes podem referir-se a lugares dentro dessa região como vinculados ao nome Parrásia. Se você estiver buscando uma identificação específica de uma cidade associada a esse nome, seria mais preciso explorar textos antigos ou estudos arqueológicos que mencionem a região da Arcádia e as suas cidades.",False,1,history,location,35,55.0,0.6363636363636364,2,0.1818181818181818,-0.6009705121936161,0.7394505414793212,-1.296136822921898,0.4920705705513037,1.6428571428571428,3,0,1.3846153846153846,2,0,english,portuguese,Indo-European,Germanic,Indo-European,Romance,LATIN,6949,7087876,LATIN,3000,1159764
52,en,pt,What is the Planck mass denoted by in the equation for the Vainshtein radius?,Como é denotada a massa de Planck na equação do raio de Vainshtein?,"The Planck mass in the equation for the Vainshtein radius is typically denoted by \( M_{\text{Pl}} \). The Vainshtein radius is a concept used in modified gravity theories, like massive gravity, to describe a scale below which modifications to gravity (such as those introduced by a massive graviton) become negligible. The Planck mass is a central constant in these equations, often appearing in the context of comparing gravitational interaction strengths.","A massa de Planck é denotada como \( M_{\text{Pl}} \) ou \( M_P \) na equação do raio de Vainshtein. O raio de Vainshtein é uma escala em teorias modificadas da gravidade, como a teoria de Dvali-Gabadadze-Porrati (DGP), que determina a região onde os efeitos dessas teorias se tornam significativos em relação à gravidade de Einstein. Na formulação dessas teorias, a constante de acoplamento gravitacional é frequentemente expressa em termos da massa de Planck.",False,1,science,scientific_technical,29,55.0,0.5272727272727272,1,0.0909090909090909,-0.7358666273841452,2.7628353346831935,-2.019473206408556,0.9108567306629134,1.9375,4,0,0.9333333333333332,1,0,english,portuguese,Indo-European,Germanic,Indo-European,Romance,LATIN,6949,7087876,LATIN,3000,1159764
54,en,pt,What month did the K-1: K’Festa 3 event take place in?,Em que mês ocorreu o evento K-1: K'Festa 3?,The K-1: K’Festa 3 event took place in March 2020.,O evento K-1: K'Festa 3 ocorreu em março de 2020.,True,1,history,event,28,28.0,1.0,0,0.0,-1.4975812411460283,1.161349450078872,-3.2992988264159124,1.1017515114717529,1.7272727272727273,3,0,1.3076923076923077,2,0,english,portuguese,Indo-European,Germanic,Indo-European,Romance,LATIN,6949,7087876,LATIN,3000,1159764
50,en,pt,What medal did Nguyễn Thị Mỹ Đức win in women's changquan at the 2002 Asian Games?,Qual medalha Nguyễn Thị Mỹ Đức ganhou em changquan feminino nos Jogos Asiáticos de 2002?,Nguyễn Thị Mỹ Đức won the bronze medal in women's changquan at the 2002 Asian Games.,Nguyễn Thị Mỹ Đức ganhou a medalha de ouro no changquan feminino nos Jogos Asiáticos de 2002.,False,1,sports,other,26,78.0,0.3333333333333333,4,0.3076923076923077,-1.3443732902793153,3.535603197466028,-3.522002410951302,1.5497323121390898,2.3529411764705883,4,0,0.9411764705882352,1,0,english,portuguese,Indo-European,Germanic,Indo-European,Romance,LATIN,6949,7087876,LATIN,3000,1159764
58,en,pt,In what city did the 1984 Summer Olympics men's 100 metre butterfly final take place?,Em que cidade decorreu a final masculina de 100 metros mariposa nos Jogos Olímpicos de Verão de 1984?,The 1984 Summer Olympics men's 100 metre butterfly final took place in Los Angeles.,"A final masculina de 100 metros mariposa nos Jogos Olímpicos de Verão de 1984 decorreu em Los Angeles, nos Estados Unidos.",True,1,sports,location,80,91.0,0.8791208791208791,0,0.0,-1.6123625630590468,1.9268499366931808,-3.6204331524368896,1.1218158886572285,2.05,4,0,0.875,1,0,english,portuguese,Indo-European,Germanic,Indo-European,Romance,LATIN,6949,7087876,LATIN,3000,1159764
48,en,pt,What was the name of the protagonist in the Prizzi novels?,Qual era o nome do protagonista dos romances Prizzi?,"The protagonist in the Prizzi novels, written by Richard Condon, is Charlie Partanna. He is a key character in the series, starting with ""Prizzi's Honor.""","O protagonista dos romances ""Prizzi"" é Charlie Partanna. Os livros foram escritos por Richard Condon e incluem ""Prizzi's Honor"" entre outros títulos da série. Charlie é um assassino profissional que trabalha para a família mafiosa Prizzi.",True,1,law,work_creation,10,21.0,0.4761904761904761,2,0.2857142857142857,-1.327974545905637,0.8535788742734843,-2.9043999019580355,1.158190098014557,2.3333333333333335,4,0,0.9166666666666666,1,0,english,portuguese,Indo-European,Germanic,Indo-European,Romance,LATIN,6949,7087876,LATIN,3000,1159764
33,en,zh,In which country was AFN Bremerhaven located?,AFN 不来梅哈芬 (AFN Bremerhaven) 位于哪个国家？,"AFN Bremerhaven was located in Germany. AFN stands for American Forces Network, and AFN Bremerhaven was one of the network's broadcasting stations serving U.S. military personnel stationed in and around Bremerhaven, Germany.",AFN 不来梅哈芬（AFN Bremerhaven）位于德国。不来梅哈芬是德国的一个城市，AFN（American Forces Network）是为在海外驻扎的美国军队及其家属提供广播和电视服务的网络。,True,1,geography,location,8,28.0,0.2857142857142857,2,0.25,-0.7455591210386228,7.629312561744532,-2.3809373802868956,3.17816743931995,1.5454545454545454,3,1,1.0,2,0,english,chinese,Indo-European,Germanic,Sino-Tibetan,Sinitic,LATIN,6949,7087876,HAN/JAPANESE,1274,1509727
30,en,zh,What was the position of August Joseph Donatelli's plane during World War II when it was shot down?,二战期间，奥古斯特·约瑟夫·多纳泰利 (August Joseph Donatelli) 的飞机是在什么位置被击落的？,"August Joseph Donatelli served as a waist gunner on a B-17 bomber during World War II. When his plane was shot down, he occupied this position, which is located on the side of the aircraft, typically midway between the nose and the tail. Waist gunners were responsible for defending the aircraft from enemy fighters approaching from the sides.",奥古斯特·约瑟夫·多纳泰利（August Joseph Donatelli）并不是一位以参与第二次世界大战而著名的人物，他实际上是一位美国职业棒球联盟的裁判。在第二次世界大战期间，他确实服役于美国陆军航空队。据历史记录，他在战争中担任轰炸机的机组成员。然而，并没有广泛记录或突出显示他所乘坐的飞机被击落的事件。如果你在寻找与某位飞行员或二战相关的具体事件信息，可能需要检查其他来源或确认该人物的具体身份或背景信息。,False,1,history,event,84,171.0,0.4912280701754385,1,0.0526315789473684,-0.4140760584130788,7.286977078239064,-2.194748812461921,1.2955128161300118,2.3333333333333335,4,0,0.9473684210526316,1,0,english,chinese,Indo-European,Germanic,Sino-Tibetan,Sinitic,LATIN,6949,7087876,HAN/JAPANESE,1274,1509727
55,en,zh,What was the television network that aired The Greatest Canadian Invention?,《最伟大的加拿大发明》(The Greatest Canadian Invention) 是由哪家电视网络播出的？,"The television network that aired ""The Greatest Canadian Invention"" was CBC Television.",《最伟大的加拿大发明》(The Greatest Canadian Invention) 是由加拿大广播公司（CBC）播出的。,True,1,culture,organization,92,136.0,0.6764705882352942,0,0.0,-0.3245536282673619,7.067027247215475,-2.980526516208024,1.796860124293235,2.1904761904761907,3,0,0.9166666666666666,1,0,english,chinese,Indo-European,Germanic,Sino-Tibetan,Sinitic,LATIN,6949,7087876,HAN/JAPANESE,1274,1509727
39,en,zh,Since which decade did bowl games start counting toward single-season and career statistics?,从哪个年代开始，碗赛开始计入单赛季和职业生涯统计？,"Bowl games started counting toward single-season and career statistics beginning in the 2002 season. Prior to that, statistics from bowl games were not included in a player’s season or career totals.",从2002赛季开始，NCAA橄榄球碗赛的统计数据被计入单赛季和职业生涯的总统计中。在此之前，碗赛的表现是不包括在这些统计之内的。,True,1,sports,date_time,45,66.0,0.6818181818181818,1,0.0833333333333333,-1.0356685171577642,1.2345632465433969,-2.8860663606357932,0.8635431598763442,2.375,4,1,1.0,2,0,english,chinese,Indo-European,Germanic,Sino-Tibetan,Sinitic,LATIN,6949,7087876,HAN/JAPANESE,1274,1509727
63,en,zh,What is the original name of Entebbe General Hospital?,恩德培综合医院的原名是什么？,The original name of Entebbe General Hospital is Entebbe Military Hospital.,恩德培综合医院的原名是恩德培医院。,False,2,health,definition,26,36.0,0.7222222222222222,1,0.1111111111111111,-0.9263404131700268,0.3245623973751586,-1.6162652684395888,0.5690670306318727,1.75,3,0,0.9,1,0,english,chinese,Indo-European,Germanic,Sino-Tibetan,Sinitic,LATIN,6949,7087876,HAN/JAPANESE,1274,1509727
56,en,zh,What was the name of the University of Detroit's halfback in the 1929 football season?,1929 年橄榄球赛季中，底特律大学的中卫叫什么名字？,The University of Detroit's halfback in the 1929 football season was Lloyd Brazil. He was a standout player and is well remembered in the history of the university's football program.,1929 年橄榄球赛季中，底特律大学的中卫是查尔斯·加（Chuck Baer）。,False,1,sports,person,74,120.0,0.6166666666666667,0,0.0,-0.7992598227424975,2.479660711515257,-3.5023230635891514,1.1684228142460813,1.8,3,0,0.9411764705882352,1,0,english,chinese,Indo-European,Germanic,Sino-Tibetan,Sinitic,LATIN,6949,7087876,HAN/JAPANESE,1274,1509727
42,en,zh,What is the original name of the Flood Modeller software?,Flood Modeller 软件的原名是什么？,The Flood Modeller software was originally known as ISIS. It was developed by HR Wallingford and has been used for hydrodynamic modeling and flood risk management.,Flood Modeller 软件的原名是 ISIS。,True,1,technology,work_creation,15,28.0,0.5357142857142857,1,0.125,-0.9265868154760916,1.782508957432375,-2.311628811890149,1.027220740136896,1.875,4,0,0.9090909090909092,1,0,english,chinese,Indo-European,Germanic,Sino-Tibetan,Sinitic,LATIN,6949,7087876,HAN/JAPANESE,1274,1509727
46,en,zh,What religious practice did the Magars follow?,马加尔人信奉什么宗教？,"The Magars, who are an indigenous ethnic group primarily residing in Nepal, have traditionally practiced a blend of religions and spiritual beliefs. Historically, their religious practices have included elements of shamanism and animism, with a strong emphasis on nature worship and the veneration of ancestors. Shamans, known locally as ""Bijuwa"" or ""Dhami,"" play a crucial role in their spiritual and community life, performing rituals to appease spirits and seek guidance.

In contemporary times, many Magars have also adopted Hinduism and Buddhism, reflecting the broader religious landscape of Nepal. As a result, their religious practices today may incorporate Hindu and Buddhist customs alongside their indigenous traditions. This syncretism allows the Magars to maintain their cultural identity while also being part of the larger religious communities in Nepal.",马加尔人主要信奉印度教。马加尔人是尼泊尔的一个主要族群，其文化和宗教传统深受南亚次大陆影响。虽然大多数马加尔人是印度教徒，但其中也有一些人信奉佛教或其他宗教。此外，像在尼泊尔的许多族群一样，马加尔人也可能融入了一些本地传统和信仰习俗。,False,1,culture,other,18,36.0,0.5,2,0.2222222222222222,-0.5438372604067453,4.614477844768886,-2.7807570404144584,1.780827355293534,1.1666666666666667,2,0,0.875,1,0,english,chinese,Indo-European,Germanic,Sino-Tibetan,Sinitic,LATIN,6949,7087876,HAN/JAPANESE,1274,1509727
57,en,zh,What does the lowest part of the Espiritu Santo Formation consist of?,圣灵组 (Espiritu Santo Formation) 最下部由什么组成？,"The Espiritu Santo Formation, primarily located in Panama, is a geological formation known for its fossil-rich deposits. The lowest part of the Espiritu Santo Formation commonly consists of marine sediments, primarily composed of sandstone, siltstone, and shale. These sedimentary rocks were deposited in a marine environment, suggesting that the area was once underwater. The precise composition can vary slightly depending on the specific location within the formation, but the presence of marine fossils is typical, indicating the ancient marine conditions during the time of deposition.","圣灵组（Espiritu Santo Formation）主要是指存在于加利福尼亚州的一个地质组成，其地层可以分为不同的部分。在地质学中，对于一特定地层的详细组成，可能会有不同的描述和研究结论。

通常，地层的下部可能由沉积岩、砾岩、砂岩或页岩等沉积物构成。这些沉积物类型具体取决于该地区在形成时所处的环境条件，以及当时的海洋、河流、湖泊等沉积环境。

要获得准确的信息，建议查看具体的地质研究资料或地质图书馆中的相关文献，以获取圣灵组地层的详细描述和分类信息。如果你有更具体的问题或需要更详细的信息，查询专门的学术论文或地质报告也是一个不错的选择。",False,1,science,definition,38,91.0,0.4175824175824176,2,0.1428571428571428,-1.3381210039707143,1.198445538253099,-3.332665560567261,0.989990419582752,1.75,3,1,0.9230769230769232,1,0,english,chinese,Indo-European,Germanic,Sino-Tibetan,Sinitic,LATIN,6949,7087876,HAN/JAPANESE,1274,1509727
66,en,zh,In which year was the Toronto edition of Ming Pao Daily News launched?,多伦多版《明报》是在哪一年创办的？,The Toronto edition of Ming Pao Daily News was launched in 1993.,多伦多版《明报》创办于1993年。,True,1,history,date_time,37,45.0,0.8222222222222222,0,0.0,-0.9978967497731984,1.5599824131439963,-3.085807936976796,0.9619654056883024,1.8461538461538465,3,0,0.9333333333333332,1,0,english,chinese,Indo-European,Germanic,Sino-Tibetan,Sinitic,LATIN,6949,7087876,HAN/JAPANESE,1274,1509727
31,en,zh,In what year was the NIH MERIT Award first created?,美国国家卫生研究院优秀研究人才奖是在哪一年设立的？,The National Institutes of Health (NIH) MERIT (Method to Extend Research in Time) Award was first established in 1986.,美国国家卫生研究院优秀研究人才奖（NIH Director's Pioneer Award）是于2004年设立的。,False,1,health,date_time,49,66.0,0.7424242424242424,0,0.0,-0.4876393260455778,3.2241349377363755,-3.4995631952118824,1.1880078984733546,1.8823529411764703,3,0,1.0,2,0,english,chinese,Indo-European,Germanic,Sino-Tibetan,Sinitic,LATIN,6949,7087876,HAN/JAPANESE,1274,1509727
45,en,zh,What was the name of the military base established in the Vedder Crossing area in 1941?,1941 年在维德尔路口 (Vedder Crossing) 地区建立的军事基地叫什么名字？,The military base established in the Vedder Crossing area in 1941 was named Camp Chilliwack.,1941 年在加拿大不列颠哥伦比亚省的维德尔路口（Vedder Crossing）地区建立的军事基地名为奇利瓦克军营（CFB Chilliwack）。这个基地在二战期间建立，最初用于训练士兵。,True,1,history,entity_object,112,231.0,0.4848484848484848,1,0.0454545454545454,-0.7466183051149385,7.823996197975228,-2.720398933067139,1.243854185059602,2.533333333333333,4,0,1.0,2,0,english,chinese,Indo-European,Germanic,Sino-Tibetan,Sinitic,LATIN,6949,7087876,HAN/JAPANESE,1274,1509727
60,en,zh,"In the 1999 New Zealand general election, which party did Helen Clark lead to victory?",在 1999 年新西兰大选中，海伦·克拉克 (Helen Clark) 领导哪个政党取得了胜利？,"In the 1999 New Zealand general election, Helen Clark led the Labour Party to victory.",在 1999 年新西兰大选中，海伦·克拉克 (Helen Clark) 领导工党取得了胜利。,True,2,politics,person,87,136.0,0.6397058823529411,0,0.0,-0.5147567965860456,4.925257535163042,-3.0965241903019622,1.2519572039280955,1.9473684210526316,4,1,1.411764705882353,2,0,english,chinese,Indo-European,Germanic,Sino-Tibetan,Sinitic,LATIN,6949,7087876,HAN/JAPANESE,1274,1509727
29,en,zh,What kind of systems does International Road Dynamics provide to ensure that vehicles depart terminals within acceptable weight limits?,国际道路动力学公司 (International Road Dynamics) 提供何种系统以确保车辆离开货运站时的重量在可接受的重量范围内？,"International Road Dynamics (IRD) provides a range of systems that help ensure vehicles depart terminals within acceptable weight limits. These systems typically include:

1. **Weigh-in-Motion (WIM) Systems**: These are used to measure the weight of vehicles as they move over sensors embedded in the road surface. It helps to accurately and efficiently ensure that vehicles comply with legal weight limits without stopping them.

2. **Static Weighing Systems**: These systems require vehicles to stop on a scale to measure their weight. They are generally used for precise weight measurements and are often found at loading docks or terminal exits.

3. **Overload Detection Systems**: These systems identify vehicles that exceed the weight limits and can trigger alerts or notifications for enforcement action or vehicle re-routing.

4. **Vehicle Classification Systems**: By classifying vehicles into categories, these systems can apply different weight limits and ensure compliance according to the vehicle type.

5. **Integrated Software Solutions**: IRD often pairs its physical systems with software for data collection, analysis, and reporting. This software helps monitor and manage vehicle weights and loads over time.

These systems collectively help in automating the process of weight compliance, reducing delays, and maintaining safety and regulatory compliance at terminals.","国际道路动力学公司 (International Road Dynamics) 提供的系统之一是动态称重系统（Weigh-In-Motion, WIM）。该系统用于测量车辆的重量和轴载荷，而无需车辆完全停下来。这种技术可以安装在道路或离开货运站的关键位置，以快速、准确地记录每辆车的重量。通过使用动态称重系统，公司可以确保车辆的重量在法律和安全许可的范围内，从而有效地监控和管理交通流量以及保护基础设施。",True,1,technology,other,225,325.0,0.6923076923076923,0,0.0,-0.4491289445771856,8.454313439886118,-4.16482679421948,1.1765020665978527,3.068965517241379,6,2,0.95,1,0,english,chinese,Indo-European,Germanic,Sino-Tibetan,Sinitic,LATIN,6949,7087876,HAN/JAPANESE,1274,1509727
67,en,zh,What was artistic swimming previously known as?,花样游泳以前被称为什么？,Artistic swimming was previously known as synchronized swimming. The name change was made to better reflect the sport's artistic elements and to align with other artistic sports. The International Swimming Federation (FINA) officially adopted the new name in 2017.,花样游泳以前被称为“synchronized swimming”或“同步游泳”。在2017年，国际泳联（FINA）为了更好地体现这一项目的艺术性和竞技性，将其正式更名为“艺术游泳”（artistic swimming）。,True,1,sports,definition,16,21.0,0.7619047619047619,0,0.0,-1.5681608121112736,4.036861562813029,-3.7276769077002623,1.6764849928925654,1.125,2,1,0.875,1,0,english,chinese,Indo-European,Germanic,Sino-Tibetan,Sinitic,LATIN,6949,7087876,HAN/JAPANESE,1274,1509727
36,en,zh,In which year did the Great Canadian flag debate officially begin?,加拿大国旗大辩论正式开始于哪一年？,"The Great Canadian Flag Debate officially began in 1964. This debate led to the adoption of the current national flag of Canada, which was inaugurated on February 15, 1965.",加拿大国旗大辩论正式开始于1964年。这场关于是否应改变加拿大国旗的辩论是在当时的加拿大总理莱斯特·B·皮尔逊的推动下展开的，最终导致了枫叶旗的采用。新的国旗设计于1965年2月15日首次升起，成为加拿大的国家象征。,True,3,history,date_time,21,36.0,0.5833333333333334,1,0.1111111111111111,-1.2723066795195,1.7807612064226912,-3.3343287146338167,1.1308823782371349,1.4545454545454546,2,0,0.9166666666666666,1,0,english,chinese,Indo-European,Germanic,Sino-Tibetan,Sinitic,LATIN,6949,7087876,HAN/JAPANESE,1274,1509727
59,en,zh,In which year did the Whitehaven School become the Whitehaven Academy?,白港学校 (Whitehaven School) 是在哪一年更名为白港学院 (Whitehaven Academy) 的？,Whitehaven School became the Whitehaven Academy in 2014 when it transitioned to academy status under the sponsorship of Bright Tribe Trust.,白港学校（Whitehaven School）更名为白港学院（Whitehaven Academy）是在2014年。,True,1,history,date_time,57,91.0,0.6263736263736264,2,0.1428571428571428,-0.3515680949607995,9.27634291953818,-3.2059184826012905,1.8382225589671484,2.0,3,0,0.9166666666666666,1,0,english,chinese,Indo-European,Germanic,Sino-Tibetan,Sinitic,LATIN,6949,7087876,HAN/JAPANESE,1274,1509727
38,en,zh,When was the Uniform Residential Landlord and Tenant Act created?,美国《统一住宅租赁法》是什么时候制定的？,"The Uniform Residential Landlord and Tenant Act (URLTA) was created in 1972 by the National Conference of Commissioners on Uniform State Laws, now known as the Uniform Law Commission. The act was designed to standardize and improve the legal relationship between landlords and tenants across different states.",美国《统一住宅租赁法》（Uniform Residential Landlord and Tenant Act，URLTA）是由全国统一州法律委员会议（NCCUSL）于1972年制定的。该法的目的是为美国各州提供一个均衡的法律框架，以规范房东和租户之间的关系。虽然这是一部建议法律，各州可以根据自己的需要选择是否采纳。,True,1,law,date_time,61,66.0,0.9242424242424242,0,0.0,-0.9932151708490816,1.203391260786652,-2.358316613929135,0.7115757002566189,1.4615384615384617,2,0,0.9090909090909092,1,0,english,chinese,Indo-European,Germanic,Sino-Tibetan,Sinitic,LATIN,6949,7087876,HAN/JAPANESE,1274,1509727
37,en,zh,Who was the first female mayor in Turkey?,谁是土耳其第一位女市长？,"The first female mayor in Turkey was Müfide İlhan. She was elected as the mayor of Mersin in 1950, becoming the first woman to hold such a position in Turkey.",土耳其第一位女市长是穆法尔卡·厄兹曼（Müfide İlhan）。她于1950年当选为麦尔辛市的市长，成为土耳其历史上第一位担任此职务的女性。,True,1,politics,person,14,28.0,0.5,2,0.25,-1.6296136438158717,-0.8758037085762974,-3.265367782036154,0.5993960995548043,1.0,2,0,0.8888888888888888,1,0,english,chinese,Indo-European,Germanic,Sino-Tibetan,Sinitic,LATIN,6949,7087876,HAN/JAPANESE,1274,1509727
44,en,zh,What was the specific purpose of a bulk material analyzer located just upstream of the raw mill in cement production?,散装物料分析仪安装在水泥生产中生料磨机上游的具体目的是什么？,"In cement production, the specific purpose of locating a bulk material analyzer just upstream of the raw mill is to ensure the consistent quality and composition of the raw material mix before it enters the raw mill for grinding. The bulk material analyzer provides real-time analysis of the elemental composition of the raw materials, typically using technologies such as prompt gamma neutron activation analysis (PGNAA) or X-ray fluorescence (XRF).

This real-time data allows plant operators to make immediate adjustments to the raw material mix, optimizing the blending of different materials such as limestone, clay, sand, and iron ore. By ensuring the precise and consistent composition of these inputs, the analyzer helps maintain the desired chemical proportions necessary for producing clinker with the desired properties, leading to higher quality cement. Additionally, this optimization contributes to increased efficiency in the kiln, reduced energy consumption, and minimized emissions by avoiding over- or underuse of corrective materials.","在水泥生产过程中，将散装物料分析仪安装在生料磨机上游的目的是为了优化生产流程和提高产品质量。具体目的包括：

1. **实时成分监测**：分析仪可以实时监测进入生料磨机物料的化学成分，如氧化钙、二氧化硅、三氧化二铝等。这有助于确保原料的成分符合生产要求，减少物料波动带来的影响。

2. **质量控制**：通过在早期检测出原材料的异常或偏差，可以及时调整配料比例，从而稳定生料的组分，提高熟料质量。

3. **生产效率**：分析仪提供的实时数据允许操作人员快速调整生产条件，例如燃料和电力的使用，从而提高生产线的整体效率和降低成本。

4. **节能减排**：通过有效监测和调整原料配比，可以减少能耗，并降低二氧化碳等温室气体的排放。

5. **减少废料和返工**：准确的成分控制减少了不合格产品的产生，从而降低了废料和返工的数量，节约了资源和时间。

总体来说，散装物料分析仪在生料磨机上游的安装有助于实现更加精准的生产控制，提升产品质量，同时降低生产成本和环境影响。",True,1,technology,scientific_technical,178,231.0,0.7705627705627706,0,0.0,-0.2962336229475671,5.3060411329237365,-2.632875850997061,1.351347720934896,2.611111111111111,5,1,0.9523809523809524,1,0,english,chinese,Indo-European,Germanic,Sino-Tibetan,Sinitic,LATIN,6949,7087876,HAN/JAPANESE,1274,1509727
65,en,zh,In what year was Greg Brown's album One More Goodnight Kiss released?,格雷格·布朗 (Greg Brown) 的专辑《再吻一夜情》(One More Goodnight Kiss) 是在哪一年发行的？,"Greg Brown's album ""One More Goodnight Kiss"" was released in 1988.",格雷格·布朗（Greg Brown）的专辑《再吻一夜情》（One More Goodnight Kiss）是在1988年发行的。,True,1,arts,date_time,87,171.0,0.5087719298245614,0,0.0,-0.0842430309369246,10.530983288615497,-4.58252924760699,2.551418462637349,2.6153846153846154,5,0,0.9230769230769232,1,0,english,chinese,Indo-European,Germanic,Sino-Tibetan,Sinitic,LATIN,6949,7087876,HAN/JAPANESE,1274,1509727
35,en,zh,What was the name of Nellie McKay's record label when Pretty Little Head was released?,《美丽小脑袋》(Pretty Little Head) 发行时，娜丽·麦凯 (Nellie McKay) 的唱片公司叫什么名字？,"Nellie McKay released ""Pretty Little Head"" on her own record label, titled Hungry Mouse.",《美丽小脑袋》(Pretty Little Head) 发行时，娜丽·麦凯 (Nellie McKay) 的唱片公司是Hungry Mouse。,True,1,history,organization,74,190.0,0.3894736842105263,2,0.1,-0.2607153956719875,10.2875605160276,-3.455408902323535,2.557378185470307,2.5833333333333335,6,0,0.9411764705882352,1,0,english,chinese,Indo-European,Germanic,Sino-Tibetan,Sinitic,LATIN,6949,7087876,HAN/JAPANESE,1274,1509727
51,en,zh,How long does a Rector of Università Cattolica del Sacro Cuore remain in office?,圣心天主教大学的校长任期是多久？,"The Rector of the Università Cattolica del Sacro Cuore typically serves a four-year term. However, the exact terms can vary based on the university's statutes or any amendments made to the governing rules, so it's always a good idea to check the latest guidelines from the university for the most accurate information.",圣心天主教大学（Università Cattolica del Sacro Cuore）的校长任期通常为四年。不过，具体情况可能会根据学校的政策或特定情况下的决策而有所变化。如果需要最新的和更具体的信息，建议查阅该大学的官方网站或直接联系学校。,True,1,education,other,24,36.0,0.6666666666666666,0,0.0,-0.5071985968245266,2.3301528518496313,-1.812325984141678,1.2024739878520083,1.9090909090909092,4,0,0.9333333333333332,1,0,english,chinese,Indo-European,Germanic,Sino-Tibetan,Sinitic,LATIN,6949,7087876,HAN/JAPANESE,1274,1509727
41,en,zh,What was the name of the conference Campbell University's women's basketball team played in from 1994 to 2011?,坎贝尔大学女子篮球队从 1994 年到 2011 年参加了哪个联盟的比赛？,"From 1994 to 2011, Campbell University's women's basketball team played in the Atlantic Sun Conference.",坎贝尔大学女子篮球队从1994年到2011年参加了大南方联盟（Big South Conference）的比赛。,False,1,sports,event,107,153.0,0.6993464052287581,1,0.0555555555555555,-0.5448414196064912,5.880683280433538,-2.8331560782942895,1.2124163826373646,1.7647058823529411,4,0,1.0526315789473684,2,0,english,chinese,Indo-European,Germanic,Sino-Tibetan,Sinitic,LATIN,6949,7087876,HAN/JAPANESE,1274,1509727
61,en,zh,"What is the name of the album that the song ""That's What Love Is For"" was released on?",歌曲《这就是爱的意义》(That's What Love Is For) 收录在哪张专辑中？,"The song ""That's What Love Is For"" is by Amy Grant and it was released on the album ""Heart in Motion"" in 1991.",歌曲《这就是爱的意义》（That's What Love Is For）由艾米·格兰特（Amy Grant）演唱，收录在她的专辑《Heart in Motion》中。该专辑于1991年发行，是艾米·格兰特最成功的专辑之一。,True,1,culture,work_creation,127,171.0,0.7426900584795322,0,0.0,-0.18119212308555,6.359397247889038,-3.652734279368569,2.501442131421768,2.761904761904762,4,0,0.95,1,0,english,chinese,Indo-European,Germanic,Sino-Tibetan,Sinitic,LATIN,6949,7087876,HAN/JAPANESE,1274,1509727
47,en,zh,When was the men's javelin throw event held at the 2010 Asian Games?,2010 年亚洲运动会男子标枪比赛是什么时候举行的？,"The men's javelin throw event at the 2010 Asian Games was held on November 22, 2010.",2010 年亚洲运动会男子标枪比赛于 2010 年 11 月 21 日在中国广州举行。,False,1,sports,event,117,120.0,0.975,0,0.0,-0.5484823723197453,4.241575849036434,-2.221951013032483,1.182629784439844,1.7692307692307692,3,1,1.0,2,0,english,chinese,Indo-European,Germanic,Sino-Tibetan,Sinitic,LATIN,6949,7087876,HAN/JAPANESE,1274,1509727
32,en,zh,"On which date was David Nail's album ""Fighter"" released?",大卫·奈尔 (David Nail) 的专辑《战士》(Fighter) 是在哪一天发行的？,"David Nail's album ""Fighter"" was released on July 15, 2016.",大卫·奈尔（David Nail）的专辑《战士》（Fighter）发行于2016年7月15日。,True,1,arts,date_time,112,153.0,0.7320261437908496,0,0.0,-0.3110446441345441,4.342474582876298,-2.70358658209139,1.5603461178301996,2.5,5,0,1.0,2,0,english,chinese,Indo-European,Germanic,Sino-Tibetan,Sinitic,LATIN,6949,7087876,HAN/JAPANESE,1274,1509727
62,en,zh,Which data protection regulation in Brazil requires subject access requests to be fulfilled within a specific time frame?,巴西哪项数据保护法规要求在特定时间范围内完成主体访问请求？,"In Brazil, the data protection regulation that mandates fulfilling subject access requests within a specific time frame is the Lei Geral de Proteção de Dados (LGPD), or General Data Protection Law. According to the LGPD, data controllers must respond to subject access requests within 15 days from the date of the request. This regulation is designed to ensure individuals have timely access to their personal data and to uphold their rights regarding data privacy.","巴西的《通用数据保护法》（Lei Geral de Proteção de Dados, LGPD）要求在特定时间范围内完成数据主体访问请求。根据LGPD第18条，数据主体有权要求访问其个人数据，数据控制者需在合理期限内予以回复或提供信息。然而，与一些其他国家的数据保护法规相比，LGPD并未明确规定具体的时间限制，通常要求是“合理的时间内”，具体时限可能会参考相关监管部门的指导或行业最佳实践。",False,1,law,definition,100,136.0,0.7352941176470589,1,0.0588235294117647,-0.8852434439138392,4.282365577220639,-3.101355850845649,0.9493784638422552,1.7058823529411764,3,0,0.9473684210526316,1,0,english,chinese,Indo-European,Germanic,Sino-Tibetan,Sinitic,LATIN,6949,7087876,HAN/JAPANESE,1274,1509727
64,en,zh,In which decade did Harry F. Sinclair purchase Rancocas Stable?,哈里·F·辛克莱 (Harry F. Sinclair) 是在哪个年代收购兰可卡斯马场 (Rancocas Stable) 的？,Harry F. Sinclair purchased Rancocas Stable in the 1910s.,哈里·F·辛克莱 (Harry F. Sinclair) 在1910年代末收购了兰可卡斯马场 (Rancocas Stable)。具体来说，大约是在1915年他开始兴建这个著名的赛马场，并在随后几年中将其发展成为当时美国最成功的赛马设施之一。,False,1,history,date_time,47,136.0,0.3455882352941176,3,0.1764705882352941,-0.3980325122635191,7.202755310362437,-2.1544295271072036,1.7482048284013256,1.8636363636363635,3,1,0.9090909090909092,1,0,english,chinese,Indo-European,Germanic,Sino-Tibetan,Sinitic,LATIN,6949,7087876,HAN/JAPANESE,1274,1509727
40,en,zh,Who contributed to the album Keys to the Kingdom by North Mississippi Allstars?,谁参与制作了北密西西比全明星乐队的专辑《通往王国之匙》(Keys to the Kingdom)？,"""Keys to the Kingdom"" by North Mississippi Allstars features contributions from several artists. The core members of the band, Luther Dickinson, Cody Dickinson, and Chris Chew, are central to the album. Additionally, the album includes guest appearances by a number of renowned musicians. Some of these contributors are Mavis Staples, Ry Cooder, Spooner Oldham, and Alvin Youngblood Hart. These artists helped enrich the album with their distinctive styles and talents.",北密西西比全明星乐队的专辑《通往王国之匙》(Keys to the Kingdom)由乐队的核心成员参与制作，包括Luther Dickinson和Cody Dickinson兄弟。此外，专辑可能还邀请了一些客座音乐家和制作人参与。如果你想了解具体的客座艺术家和制作人信息，可以查阅专辑的详细说明或线上的相关资料。,False,1,culture,work_creation,129,528.0,0.2443181818181818,6,0.1818181818181818,0.3519173698916911,9.663460486933154,-3.655298473221001,3.0269486907144203,3.5,5,0,0.9333333333333332,1,0,english,chinese,Indo-European,Germanic,Sino-Tibetan,Sinitic,LATIN,6949,7087876,HAN/JAPANESE,1274,1509727
43,en,zh,What term is used in South Africa to describe someone who obtains government contracts to facilitate outsourced services?,在南非，用什么术语来形容那些获得政府合同以促进外包服务的人？,"In South Africa, the term ""tenderpreneur"" is used to describe someone who obtains government contracts, often to facilitate outsourced services, typically through leveraging political connections. It is a portmanteau of ""tender"" (referring to the bidding process for government contracts) and ""entrepreneur."" This term often carries a negative connotation, suggesting that the individual might be exploiting their connections for personal gain rather than through genuine entrepreneurship or merit.",在南非，通常用“遏抑合同承包商”（Tenderpreneur）来形容那些通过与政府合作获得合同来促进外包服务的人。这一术语通常带有贬义，暗指利用政治关系或裙带关系来获取政府合同的个人或企业。,False,2,technology,definition,186,190.0,0.9789473684210528,0,0.0,-0.7240125430031757,1.8015258090242172,-3.799987370612393,0.8073626142433449,2.1052631578947367,4,2,0.9473684210526316,1,0,english,chinese,Indo-European,Germanic,Sino-Tibetan,Sinitic,LATIN,6949,7087876,HAN/JAPANESE,1274,1509727
53,en,zh,What type of health care group is St John of God Health Care?,圣约翰上帝医疗保健公司 (St John of God Health Care) 是什么类型的医疗保健集团？,"St John of God Health Care is a not-for-profit Catholic healthcare organization. It operates a range of services including hospitals, home nursing, disability services, and social outreach programs across Australia and New Zealand. The organization is committed to providing holistic care that aligns with its values based on the teachings of the Catholic Church.",圣约翰上帝医疗保健公司 (St John of God Health Care) 是澳大利亚的一家非营利私立医疗保健集团。该集团由天主教慈善机构运营，提供广泛的医疗服务，包括医院护理、社区服务和残疾人支持。他们在澳大利亚各地设有多所医院和医疗设施，以提供高质量的医疗服务。作为一个非营利组织，圣约翰上帝医疗保健公司将其盈利再投资于业务的改进和扩展，以更好地为患者和社区服务。,True,1,health,organization,82,136.0,0.6029411764705882,1,0.0588235294117647,0.2266120690751172,8.784459830692395,-5.967309558002106,3.0832124659300497,1.8421052631578947,3,0,0.9230769230769232,1,0,english,chinese,Indo-European,Germanic,Sino-Tibetan,Sinitic,LATIN,6949,7087876,HAN/JAPANESE,1274,1509727
49,en,zh,What did Archer Capital purchase in partnership with the management of Australian Geographic in 1998?,1998 年，Archer Capital 与 Australian Geographic 的管理层合作购买了什么？,"In 1998, Archer Capital, in partnership with the management of Australian Geographic, purchased the Australian Geographic business. This acquisition included the Australian Geographic journal and its related retail chain.",1998 年，Archer Capital 与 Australian Geographic 的管理层合作从约翰·费尔法克斯控股有限公司（John Fairfax Holdings Limited）手中收购了 Australian Geographic。,False,1,geography,work_creation,45,78.0,0.5769230769230769,0,0.0,-0.2443662710276288,9.562765029344082,-1.7072770417277716,2.2892536436381827,1.5625,3,1,0.9411764705882352,1,0,english,chinese,Indo-European,Germanic,Sino-Tibetan,Sinitic,LATIN,6949,7087876,HAN/JAPANESE,1274,1509727
34,en,zh,"According to some writers, which ancient city is equated with Parrhasia?",根据某些作家的说法，哪座古代城市等同于帕尔哈西亚 (Parrhasia)？,"According to some writers, the ancient city of Parrhasia is equated with the city of Lycosura. Lycosura is often considered one of the oldest cities in Arcadia, Greece, and is sometimes linked to Parrhasia in various historical texts.",根据一些古代作家的说法，帕尔哈西亚（Parrhasia）通常与古代城市吕科斯拉（Lycosura）等同。吕科斯拉位于古希腊阿卡迪亚地区，至今有人认为这是欧洲最古老的城市之一。,True,1,history,location,34,91.0,0.3736263736263736,3,0.2142857142857142,-0.464581510549182,2.617541478713798,-1.5216291352022084,0.9699799731135488,1.8,3,1,1.5,2,0,english,chinese,Indo-European,Germanic,Sino-Tibetan,Sinitic,LATIN,6949,7087876,HAN/JAPANESE,1274,1509727
52,en,zh,What is the Planck mass denoted by in the equation for the Vainshtein radius?,在 Vainshtein 半径方程中，普朗克质量用什么符号表示？,"The Planck mass in the equation for the Vainshtein radius is typically denoted by \( M_{\text{Pl}} \). The Vainshtein radius is a concept used in modified gravity theories, like massive gravity, to describe a scale below which modifications to gravity (such as those introduced by a massive graviton) become negligible. The Planck mass is a central constant in these equations, often appearing in the context of comparing gravitational interaction strengths.",在 Vainshtein 半径方程中，普朗克质量通常用 \( M_{\text{Pl}} \) 表示。在重力理论和宇宙学中，普朗克质量是一个重要的物理常数，它与引力常数相联系。,False,1,science,scientific_technical,53,78.0,0.6794871794871795,1,0.0769230769230769,-1.2341897703465992,4.9030037573166805,-3.614385459541704,1.4579074953845172,1.6153846153846154,3,1,0.9333333333333332,1,0,english,chinese,Indo-European,Germanic,Sino-Tibetan,Sinitic,LATIN,6949,7087876,HAN/JAPANESE,1274,1509727
54,en,zh,What month did the K-1: K’Festa 3 event take place in?,K'Festa 3 赛事在几月份举行？,The K-1: K’Festa 3 event took place in March 2020.,K'Festa 3 赛事是在2020年3月举行的。,True,1,history,event,16,28.0,0.5714285714285714,0,0.0,-0.4479293963632861,4.142388580451592,-3.1725674358555302,1.93742982159838,1.7,3,0,1.1538461538461535,2,0,english,chinese,Indo-European,Germanic,Sino-Tibetan,Sinitic,LATIN,6949,7087876,HAN/JAPANESE,1274,1509727
50,en,zh,What medal did Nguyễn Thị Mỹ Đức win in women's changquan at the 2002 Asian Games?,阮氏美德 (Nguyễn Thị Mỹ Đức) 在 2002 年亚运会女子长拳项目中赢得了什么奖牌？,Nguyễn Thị Mỹ Đức won the bronze medal in women's changquan at the 2002 Asian Games.,阮氏美德（Nguyễn Thị Mỹ Đức）在2002年釜山亚运会的女子长拳项目中获得了一枚银牌。,False,1,sports,other,121,190.0,0.6368421052631579,0,0.0,-0.3156736799445082,8.624017520210616,-4.011655541503483,2.1142746840664475,1.8333333333333333,3,0,1.411764705882353,2,0,english,chinese,Indo-European,Germanic,Sino-Tibetan,Sinitic,LATIN,6949,7087876,HAN/JAPANESE,1274,1509727
58,en,zh,In what city did the 1984 Summer Olympics men's 100 metre butterfly final take place?,1984 年夏季奥运会男子 100 米蝶泳决赛在哪个城市举行？,The 1984 Summer Olympics men's 100 metre butterfly final took place in Los Angeles.,1984 年夏季奥运会男子 100 米蝶泳决赛在美国洛杉矶举行。,True,1,sports,location,83,91.0,0.912087912087912,0,0.0,-0.7158499035914622,4.637574959079636,-4.613014161255477,1.3501926525211705,2.066666666666667,4,0,1.25,2,0,english,chinese,Indo-European,Germanic,Sino-Tibetan,Sinitic,LATIN,6949,7087876,HAN/JAPANESE,1274,1509727
48,en,zh,What was the name of the protagonist in the Prizzi novels?,普里兹 (Prizzi) 系列小说中的主角叫什么名字？,"The protagonist in the Prizzi novels, written by Richard Condon, is Charlie Partanna. He is a key character in the series, starting with ""Prizzi's Honor.""",普里兹系列小说的主角是查理·普里兹（Charley Partanna）。这个角色是在《普里兹家族的荣誉》（Prizzi's Honor）等作品中出现的，由作家理查德·康登（Richard Condon）创作。查理·普里兹是一名黑帮杀手，故事围绕着他的冒险和风波展开。,False,1,law,work_creation,31,66.0,0.4696969696969697,2,0.1666666666666666,-0.3198393283519333,4.646767680261337,-1.6577258599580127,1.5028404182201645,2.090909090909091,4,0,0.9230769230769232,1,0,english,chinese,Indo-European,Germanic,Sino-Tibetan,Sinitic,LATIN,6949,7087876,HAN/JAPANESE,1274,1509727
