question,answer,relation,sample_index,index
냇 킹 콜가 어떤 악기를 연주하나요?,피아노,instrument,0,4757
냇 킹 콜가 어떤 악기를 연주하나요?,피아노,instrument,0,4757
냇 킹 콜가 음악을 만들 때 무엇을 사용하나요?,피아노,instrument,0,4757
냇 킹 콜가 연주로 유명한 악기는 무엇인가요?,피아노,instrument,0,4757
냇 킹 콜가 능숙한 음악 도구는 무엇인가요?,피아노,instrument,0,4757
지미 페이지가 어떤 악기를 연주하나요?,바이올린,instrument,1,4758
지미 페이지가 어떤 악기를 연주하나요?,바이올린,instrument,1,4758
지미 페이지가 음악을 만들 때 무엇을 사용하나요?,바이올린,instrument,1,4758
지미 페이지가 연주로 유명한 악기는 무엇인가요?,바이올린,instrument,1,4758
지미 페이지가 능숙한 음악 도구는 무엇인가요?,바이올린,instrument,1,4758
닐 영가 어떤 악기를 연주하나요?,하모니카,instrument,2,4759
닐 영가 어떤 악기를 연주하나요?,하모니카,instrument,2,4759
닐 영가 음악을 만들 때 무엇을 사용하나요?,하모니카,instrument,2,4759
닐 영가 연주로 유명한 악기는 무엇인가요?,하모니카,instrument,2,4759
닐 영가 능숙한 음악 도구는 무엇인가요?,하모니카,instrument,2,4759
어리사 프랭클린가 어떤 악기를 연주하나요?,피아노,instrument,3,4760
어리사 프랭클린가 어떤 악기를 연주하나요?,피아노,instrument,3,4760
어리사 프랭클린가 음악을 만들 때 무엇을 사용하나요?,피아노,instrument,3,4760
어리사 프랭클린가 연주로 유명한 악기는 무엇인가요?,피아노,instrument,3,4760
어리사 프랭클린가 능숙한 음악 도구는 무엇인가요?,피아노,instrument,3,4760
레너드 번스타인가 어떤 악기를 연주하나요?,피아노,instrument,4,4761
레너드 번스타인가 어떤 악기를 연주하나요?,피아노,instrument,4,4761
레너드 번스타인가 음악을 만들 때 무엇을 사용하나요?,피아노,instrument,4,4761
레너드 번스타인가 연주로 유명한 악기는 무엇인가요?,피아노,instrument,4,4761
레너드 번스타인가 능숙한 음악 도구는 무엇인가요?,피아노,instrument,4,4761
에릭 클랩튼가 어떤 악기를 연주하나요?,바이올린,instrument,5,4762
에릭 클랩튼가 어떤 악기를 연주하나요?,바이올린,instrument,5,4762
에릭 클랩튼가 음악을 만들 때 무엇을 사용하나요?,바이올린,instrument,5,4762
에릭 클랩튼가 연주로 유명한 악기는 무엇인가요?,바이올린,instrument,5,4762
에릭 클랩튼가 능숙한 음악 도구는 무엇인가요?,바이올린,instrument,5,4762
에마뉘엘 샤브리에가 어떤 악기를 연주하나요?,피아노,instrument,6,4763
에마뉘엘 샤브리에가 어떤 악기를 연주하나요?,피아노,instrument,6,4763
에마뉘엘 샤브리에가 음악을 만들 때 무엇을 사용하나요?,피아노,instrument,6,4763
에마뉘엘 샤브리에가 연주로 유명한 악기는 무엇인가요?,피아노,instrument,6,4763
에마뉘엘 샤브리에가 능숙한 음악 도구는 무엇인가요?,피아노,instrument,6,4763
세르주 갱스부르가 어떤 악기를 연주하나요?,기타,instrument,7,4764
세르주 갱스부르가 어떤 악기를 연주하나요?,기타,instrument,7,4764
세르주 갱스부르가 음악을 만들 때 무엇을 사용하나요?,기타,instrument,7,4764
세르주 갱스부르가 연주로 유명한 악기는 무엇인가요?,기타,instrument,7,4764
세르주 갱스부르가 능숙한 음악 도구는 무엇인가요?,기타,instrument,7,4764
에드바르 그리그가 어떤 악기를 연주하나요?,피아노,instrument,8,4765
에드바르 그리그가 어떤 악기를 연주하나요?,피아노,instrument,8,4765
에드바르 그리그가 음악을 만들 때 무엇을 사용하나요?,피아노,instrument,8,4765
에드바르 그리그가 연주로 유명한 악기는 무엇인가요?,피아노,instrument,8,4765
에드바르 그리그가 능숙한 음악 도구는 무엇인가요?,피아노,instrument,8,4765
이츠하크 펄먼가 어떤 악기를 연주하나요?,바이올린,instrument,9,4766
이츠하크 펄먼가 어떤 악기를 연주하나요?,바이올린,instrument,9,4766
이츠하크 펄먼가 음악을 만들 때 무엇을 사용하나요?,바이올린,instrument,9,4766
이츠하크 펄먼가 연주로 유명한 악기는 무엇인가요?,바이올린,instrument,9,4766
이츠하크 펄먼가 능숙한 음악 도구는 무엇인가요?,바이올린,instrument,9,4766
조지 마틴가 어떤 악기를 연주하나요?,피아노,instrument,10,4767
조지 마틴가 어떤 악기를 연주하나요?,피아노,instrument,10,4767
조지 마틴가 음악을 만들 때 무엇을 사용하나요?,피아노,instrument,10,4767
조지 마틴가 연주로 유명한 악기는 무엇인가요?,피아노,instrument,10,4767
조지 마틴가 능숙한 음악 도구는 무엇인가요?,피아노,instrument,10,4767
밥 딜런가 어떤 악기를 연주하나요?,하모니카,instrument,11,4768
밥 딜런가 어떤 악기를 연주하나요?,하모니카,instrument,11,4768
밥 딜런가 음악을 만들 때 무엇을 사용하나요?,하모니카,instrument,11,4768
밥 딜런가 연주로 유명한 악기는 무엇인가요?,하모니카,instrument,11,4768
밥 딜런가 능숙한 음악 도구는 무엇인가요?,하모니카,instrument,11,4768
마이크 시노다가 어떤 악기를 연주하나요?,기타,instrument,12,4769
마이크 시노다가 어떤 악기를 연주하나요?,기타,instrument,12,4769
마이크 시노다가 음악을 만들 때 무엇을 사용하나요?,기타,instrument,12,4769
마이크 시노다가 연주로 유명한 악기는 무엇인가요?,기타,instrument,12,4769
마이크 시노다가 능숙한 음악 도구는 무엇인가요?,기타,instrument,12,4769
재러드 레토가 어떤 악기를 연주하나요?,기타,instrument,13,4770
재러드 레토가 어떤 악기를 연주하나요?,기타,instrument,13,4770
재러드 레토가 음악을 만들 때 무엇을 사용하나요?,기타,instrument,13,4770
재러드 레토가 연주로 유명한 악기는 무엇인가요?,기타,instrument,13,4770
재러드 레토가 능숙한 음악 도구는 무엇인가요?,기타,instrument,13,4770
볼프강 아마데우스 모차르트가 어떤 악기를 연주하나요?,비올라,instrument,14,4771
볼프강 아마데우스 모차르트가 어떤 악기를 연주하나요?,비올라,instrument,14,4771
볼프강 아마데우스 모차르트가 음악을 만들 때 무엇을 사용하나요?,비올라,instrument,14,4771
볼프강 아마데우스 모차르트가 연주로 유명한 악기는 무엇인가요?,비올라,instrument,14,4771
볼프강 아마데우스 모차르트가 능숙한 음악 도구는 무엇인가요?,비올라,instrument,14,4771
필립 글래스가 어떤 악기를 연주하나요?,피아노,instrument,15,4772
필립 글래스가 어떤 악기를 연주하나요?,피아노,instrument,15,4772
필립 글래스가 음악을 만들 때 무엇을 사용하나요?,피아노,instrument,15,4772
필립 글래스가 연주로 유명한 악기는 무엇인가요?,피아노,instrument,15,4772
필립 글래스가 능숙한 음악 도구는 무엇인가요?,피아노,instrument,15,4772
주세페 타르티니가 어떤 악기를 연주하나요?,바이올린,instrument,16,4773
주세페 타르티니가 어떤 악기를 연주하나요?,바이올린,instrument,16,4773
주세페 타르티니가 음악을 만들 때 무엇을 사용하나요?,바이올린,instrument,16,4773
주세페 타르티니가 연주로 유명한 악기는 무엇인가요?,바이올린,instrument,16,4773
주세페 타르티니가 능숙한 음악 도구는 무엇인가요?,바이올린,instrument,16,4773
프랑시스 풀랑크가 어떤 악기를 연주하나요?,피아노,instrument,17,4774
프랑시스 풀랑크가 어떤 악기를 연주하나요?,피아노,instrument,17,4774
프랑시스 풀랑크가 음악을 만들 때 무엇을 사용하나요?,피아노,instrument,17,4774
프랑시스 풀랑크가 연주로 유명한 악기는 무엇인가요?,피아노,instrument,17,4774
프랑시스 풀랑크가 능숙한 음악 도구는 무엇인가요?,피아노,instrument,17,4774
브래드 델슨가 어떤 악기를 연주하나요?,기타,instrument,18,4775
브래드 델슨가 어떤 악기를 연주하나요?,기타,instrument,18,4775
브래드 델슨가 음악을 만들 때 무엇을 사용하나요?,기타,instrument,18,4775
브래드 델슨가 연주로 유명한 악기는 무엇인가요?,기타,instrument,18,4775
브래드 델슨가 능숙한 음악 도구는 무엇인가요?,기타,instrument,18,4775
레이디 가가가 어떤 악기를 연주하나요?,피아노,instrument,19,4776
레이디 가가가 어떤 악기를 연주하나요?,피아노,instrument,19,4776
레이디 가가가 음악을 만들 때 무엇을 사용하나요?,피아노,instrument,19,4776
레이디 가가가 연주로 유명한 악기는 무엇인가요?,피아노,instrument,19,4776
레이디 가가가 능숙한 음악 도구는 무엇인가요?,피아노,instrument,19,4776
엘비스 프레슬리가 어떤 악기를 연주하나요?,기타,instrument,20,4777
엘비스 프레슬리가 어떤 악기를 연주하나요?,기타,instrument,20,4777
엘비스 프레슬리가 음악을 만들 때 무엇을 사용하나요?,기타,instrument,20,4777
엘비스 프레슬리가 연주로 유명한 악기는 무엇인가요?,기타,instrument,20,4777
엘비스 프레슬리가 능숙한 음악 도구는 무엇인가요?,기타,instrument,20,4777
요한 슈트라우스 1세가 어떤 악기를 연주하나요?,바이올린,instrument,21,4778
요한 슈트라우스 1세가 어떤 악기를 연주하나요?,바이올린,instrument,21,4778
요한 슈트라우스 1세가 음악을 만들 때 무엇을 사용하나요?,바이올린,instrument,21,4778
요한 슈트라우스 1세가 연주로 유명한 악기는 무엇인가요?,바이올린,instrument,21,4778
요한 슈트라우스 1세가 능숙한 음악 도구는 무엇인가요?,바이올린,instrument,21,4778
레너드 코언가 어떤 악기를 연주하나요?,기타,instrument,22,4779
레너드 코언가 어떤 악기를 연주하나요?,기타,instrument,22,4779
레너드 코언가 음악을 만들 때 무엇을 사용하나요?,기타,instrument,22,4779
레너드 코언가 연주로 유명한 악기는 무엇인가요?,기타,instrument,22,4779
레너드 코언가 능숙한 음악 도구는 무엇인가요?,기타,instrument,22,4779
조지 거슈윈가 어떤 악기를 연주하나요?,피아노,instrument,23,4780
조지 거슈윈가 어떤 악기를 연주하나요?,피아노,instrument,23,4780
조지 거슈윈가 음악을 만들 때 무엇을 사용하나요?,피아노,instrument,23,4780
조지 거슈윈가 연주로 유명한 악기는 무엇인가요?,피아노,instrument,23,4780
조지 거슈윈가 능숙한 음악 도구는 무엇인가요?,피아노,instrument,23,4780
에르네스트 쇼송가 어떤 악기를 연주하나요?,피아노,instrument,24,4781
에르네스트 쇼송가 어떤 악기를 연주하나요?,피아노,instrument,24,4781
에르네스트 쇼송가 음악을 만들 때 무엇을 사용하나요?,피아노,instrument,24,4781
에르네스트 쇼송가 연주로 유명한 악기는 무엇인가요?,피아노,instrument,24,4781
에르네스트 쇼송가 능숙한 음악 도구는 무엇인가요?,피아노,instrument,24,4781
셀린 디옹가 어떤 악기를 연주하나요?,피아노,instrument,25,4782
셀린 디옹가 어떤 악기를 연주하나요?,피아노,instrument,25,4782
셀린 디옹가 음악을 만들 때 무엇을 사용하나요?,피아노,instrument,25,4782
셀린 디옹가 연주로 유명한 악기는 무엇인가요?,피아노,instrument,25,4782
셀린 디옹가 능숙한 음악 도구는 무엇인가요?,피아노,instrument,25,4782
브루스 스프링스틴가 어떤 악기를 연주하나요?,하모니카,instrument,26,4783
브루스 스프링스틴가 어떤 악기를 연주하나요?,하모니카,instrument,26,4783
브루스 스프링스틴가 음악을 만들 때 무엇을 사용하나요?,하모니카,instrument,26,4783
브루스 스프링스틴가 연주로 유명한 악기는 무엇인가요?,하모니카,instrument,26,4783
브루스 스프링스틴가 능숙한 음악 도구는 무엇인가요?,하모니카,instrument,26,4783
카를 체르니가 어떤 악기를 연주하나요?,피아노,instrument,27,4784
카를 체르니가 어떤 악기를 연주하나요?,피아노,instrument,27,4784
카를 체르니가 음악을 만들 때 무엇을 사용하나요?,피아노,instrument,27,4784
카를 체르니가 연주로 유명한 악기는 무엇인가요?,피아노,instrument,27,4784
카를 체르니가 능숙한 음악 도구는 무엇인가요?,피아노,instrument,27,4784
안토니오 비발디가 어떤 악기를 연주하나요?,바이올린,instrument,28,4785
안토니오 비발디가 어떤 악기를 연주하나요?,바이올린,instrument,28,4785
안토니오 비발디가 음악을 만들 때 무엇을 사용하나요?,바이올린,instrument,28,4785
안토니오 비발디가 연주로 유명한 악기는 무엇인가요?,바이올린,instrument,28,4785
안토니오 비발디가 능숙한 음악 도구는 무엇인가요?,바이올린,instrument,28,4785
지미 헨드릭스가 어떤 악기를 연주하나요?,기타,instrument,29,4786
지미 헨드릭스가 어떤 악기를 연주하나요?,기타,instrument,29,4786
지미 헨드릭스가 음악을 만들 때 무엇을 사용하나요?,기타,instrument,29,4786
지미 헨드릭스가 연주로 유명한 악기는 무엇인가요?,기타,instrument,29,4786
지미 헨드릭스가 능숙한 음악 도구는 무엇인가요?,기타,instrument,29,4786
파울 힌데미트가 어떤 악기를 연주하나요?,비올라,instrument,30,4787
파울 힌데미트가 어떤 악기를 연주하나요?,비올라,instrument,30,4787
파울 힌데미트가 음악을 만들 때 무엇을 사용하나요?,비올라,instrument,30,4787
파울 힌데미트가 연주로 유명한 악기는 무엇인가요?,비올라,instrument,30,4787
파울 힌데미트가 능숙한 음악 도구는 무엇인가요?,비올라,instrument,30,4787
존 콜트레인가 어떤 악기를 연주하나요?,클라리넷,instrument,31,4788
존 콜트레인가 어떤 악기를 연주하나요?,클라리넷,instrument,31,4788
존 콜트레인가 음악을 만들 때 무엇을 사용하나요?,클라리넷,instrument,31,4788
존 콜트레인가 연주로 유명한 악기는 무엇인가요?,클라리넷,instrument,31,4788
존 콜트레인가 능숙한 음악 도구는 무엇인가요?,클라리넷,instrument,31,4788
제오르제 에네스쿠가 어떤 악기를 연주하나요?,바이올린,instrument,32,4789
제오르제 에네스쿠가 어떤 악기를 연주하나요?,바이올린,instrument,32,4789
제오르제 에네스쿠가 음악을 만들 때 무엇을 사용하나요?,바이올린,instrument,32,4789
제오르제 에네스쿠가 연주로 유명한 악기는 무엇인가요?,바이올린,instrument,32,4789
제오르제 에네스쿠가 능숙한 음악 도구는 무엇인가요?,바이올린,instrument,32,4789
폴 매카트니가 어떤 악기를 연주하나요?,피아노,instrument,33,4790
폴 매카트니가 어떤 악기를 연주하나요?,피아노,instrument,33,4790
폴 매카트니가 음악을 만들 때 무엇을 사용하나요?,피아노,instrument,33,4790
폴 매카트니가 연주로 유명한 악기는 무엇인가요?,피아노,instrument,33,4790
폴 매카트니가 능숙한 음악 도구는 무엇인가요?,피아노,instrument,33,4790
토마소 알비노니가 어떤 악기를 연주하나요?,바이올린,instrument,34,4791
토마소 알비노니가 어떤 악기를 연주하나요?,바이올린,instrument,34,4791
토마소 알비노니가 음악을 만들 때 무엇을 사용하나요?,바이올린,instrument,34,4791
토마소 알비노니가 연주로 유명한 악기는 무엇인가요?,바이올린,instrument,34,4791
토마소 알비노니가 능숙한 음악 도구는 무엇인가요?,바이올린,instrument,34,4791
로베르트 슈만가 어떤 악기를 연주하나요?,피아노,instrument,35,4792
로베르트 슈만가 어떤 악기를 연주하나요?,피아노,instrument,35,4792
로베르트 슈만가 음악을 만들 때 무엇을 사용하나요?,피아노,instrument,35,4792
로베르트 슈만가 연주로 유명한 악기는 무엇인가요?,피아노,instrument,35,4792
로베르트 슈만가 능숙한 음악 도구는 무엇인가요?,피아노,instrument,35,4792
아르투르 루빈스타인가 어떤 악기를 연주하나요?,피아노,instrument,36,4793
아르투르 루빈스타인가 어떤 악기를 연주하나요?,피아노,instrument,36,4793
아르투르 루빈스타인가 음악을 만들 때 무엇을 사용하나요?,피아노,instrument,36,4793
아르투르 루빈스타인가 연주로 유명한 악기는 무엇인가요?,피아노,instrument,36,4793
아르투르 루빈스타인가 능숙한 음악 도구는 무엇인가요?,피아노,instrument,36,4793
셀로니어스 멍크가 어떤 악기를 연주하나요?,피아노,instrument,37,4794
셀로니어스 멍크가 어떤 악기를 연주하나요?,피아노,instrument,37,4794
셀로니어스 멍크가 음악을 만들 때 무엇을 사용하나요?,피아노,instrument,37,4794
셀로니어스 멍크가 연주로 유명한 악기는 무엇인가요?,피아노,instrument,37,4794
셀로니어스 멍크가 능숙한 음악 도구는 무엇인가요?,피아노,instrument,37,4794
마이크 시노다가 어떤 악기를 연주하나요?,피아노,instrument,38,4795
마이크 시노다가 어떤 악기를 연주하나요?,피아노,instrument,38,4795
마이크 시노다가 음악을 만들 때 무엇을 사용하나요?,피아노,instrument,38,4795
마이크 시노다가 연주로 유명한 악기는 무엇인가요?,피아노,instrument,38,4795
마이크 시노다가 능숙한 음악 도구는 무엇인가요?,피아노,instrument,38,4795
에릭 클랩튼가 어떤 악기를 연주하나요?,기타,instrument,39,4796
에릭 클랩튼가 어떤 악기를 연주하나요?,기타,instrument,39,4796
에릭 클랩튼가 음악을 만들 때 무엇을 사용하나요?,기타,instrument,39,4796
에릭 클랩튼가 연주로 유명한 악기는 무엇인가요?,기타,instrument,39,4796
에릭 클랩튼가 능숙한 음악 도구는 무엇인가요?,기타,instrument,39,4796
프란츠 리스트가 어떤 악기를 연주하나요?,피아노,instrument,40,4797
프란츠 리스트가 어떤 악기를 연주하나요?,피아노,instrument,40,4797
프란츠 리스트가 음악을 만들 때 무엇을 사용하나요?,피아노,instrument,40,4797
프란츠 리스트가 연주로 유명한 악기는 무엇인가요?,피아노,instrument,40,4797
프란츠 리스트가 능숙한 음악 도구는 무엇인가요?,피아노,instrument,40,4797
스티비 원더가 어떤 악기를 연주하나요?,하모니카,instrument,41,4798
스티비 원더가 어떤 악기를 연주하나요?,하모니카,instrument,41,4798
스티비 원더가 음악을 만들 때 무엇을 사용하나요?,하모니카,instrument,41,4798
스티비 원더가 연주로 유명한 악기는 무엇인가요?,하모니카,instrument,41,4798
스티비 원더가 능숙한 음악 도구는 무엇인가요?,하모니카,instrument,41,4798
재러드 레토가 어떤 악기를 연주하나요?,바이올린,instrument,42,4799
재러드 레토가 어떤 악기를 연주하나요?,바이올린,instrument,42,4799
재러드 레토가 음악을 만들 때 무엇을 사용하나요?,바이올린,instrument,42,4799
재러드 레토가 연주로 유명한 악기는 무엇인가요?,바이올린,instrument,42,4799
재러드 레토가 능숙한 음악 도구는 무엇인가요?,바이올린,instrument,42,4799
요하네스 브람스가 어떤 악기를 연주하나요?,피아노,instrument,43,4800
요하네스 브람스가 어떤 악기를 연주하나요?,피아노,instrument,43,4800
요하네스 브람스가 음악을 만들 때 무엇을 사용하나요?,피아노,instrument,43,4800
요하네스 브람스가 연주로 유명한 악기는 무엇인가요?,피아노,instrument,43,4800
요하네스 브람스가 능숙한 음악 도구는 무엇인가요?,피아노,instrument,43,4800
레이 찰스가 어떤 악기를 연주하나요?,피아노,instrument,44,4801
레이 찰스가 어떤 악기를 연주하나요?,피아노,instrument,44,4801
레이 찰스가 음악을 만들 때 무엇을 사용하나요?,피아노,instrument,44,4801
레이 찰스가 연주로 유명한 악기는 무엇인가요?,피아노,instrument,44,4801
레이 찰스가 능숙한 음악 도구는 무엇인가요?,피아노,instrument,44,4801
브라이언 메이가 어떤 악기를 연주하나요?,기타,instrument,45,4802
브라이언 메이가 어떤 악기를 연주하나요?,기타,instrument,45,4802
브라이언 메이가 음악을 만들 때 무엇을 사용하나요?,기타,instrument,45,4802
브라이언 메이가 연주로 유명한 악기는 무엇인가요?,기타,instrument,45,4802
브라이언 메이가 능숙한 음악 도구는 무엇인가요?,기타,instrument,45,4802
석가모니가 속한 종교는 무엇인가요?,불교,religion,0,4632
석가모니의 종교적 신념은 무엇인가요?,불교,religion,0,4632
석가모니가 따르는 신앙은 무엇인가요?,불교,religion,0,4632
석가모니가 실천하는 종교는 무엇인가요?,불교,religion,0,4632
석가모니가 관여하는 종교는 무엇인가요?,불교,religion,0,4632
아우구스티누스가 속한 종교는 무엇인가요?,기독교,religion,1,4633
아우구스티누스의 종교적 신념은 무엇인가요?,기독교,religion,1,4633
아우구스티누스가 따르는 신앙은 무엇인가요?,기독교,religion,1,4633
아우구스티누스가 실천하는 종교는 무엇인가요?,기독교,religion,1,4633
아우구스티누스가 관여하는 종교는 무엇인가요?,기독교,religion,1,4633
알바니아인가 속한 종교는 무엇인가요?,무슬림,religion,2,4634
알바니아인의 종교적 신념은 무엇인가요?,무슬림,religion,2,4634
알바니아인가 따르는 신앙은 무엇인가요?,무슬림,religion,2,4634
알바니아인가 실천하는 종교는 무엇인가요?,무슬림,religion,2,4634
알바니아인가 관여하는 종교는 무엇인가요?,무슬림,religion,2,4634
베다 베네라빌리스가 속한 종교는 무엇인가요?,기독교,religion,3,4635
베다 베네라빌리스의 종교적 신념은 무엇인가요?,기독교,religion,3,4635
베다 베네라빌리스가 따르는 신앙은 무엇인가요?,기독교,religion,3,4635
베다 베네라빌리스가 실천하는 종교는 무엇인가요?,기독교,religion,3,4635
베다 베네라빌리스가 관여하는 종교는 무엇인가요?,기독교,religion,3,4635
콘스탄티누스 1세가 속한 종교는 무엇인가요?,기독교,religion,4,4636
콘스탄티누스 1세의 종교적 신념은 무엇인가요?,기독교,religion,4,4636
콘스탄티누스 1세가 따르는 신앙은 무엇인가요?,기독교,religion,4,4636
콘스탄티누스 1세가 실천하는 종교는 무엇인가요?,기독교,religion,4,4636
콘스탄티누스 1세가 관여하는 종교는 무엇인가요?,기독교,religion,4,4636
야곱가 속한 종교는 무엇인가요?,유대교,religion,5,4637
야곱의 종교적 신념은 무엇인가요?,유대교,religion,5,4637
야곱가 따르는 신앙은 무엇인가요?,유대교,religion,5,4637
야곱가 실천하는 종교는 무엇인가요?,유대교,religion,5,4637
야곱가 관여하는 종교는 무엇인가요?,유대교,religion,5,4637
주교가 속한 종교는 무엇인가요?,기독교,religion,6,4638
주교의 종교적 신념은 무엇인가요?,기독교,religion,6,4638
주교가 따르는 신앙은 무엇인가요?,기독교,religion,6,4638
주교가 실천하는 종교는 무엇인가요?,기독교,religion,6,4638
주교가 관여하는 종교는 무엇인가요?,기독교,religion,6,4638
교황 호노리오 3세가 속한 종교는 무엇인가요?,기독교,religion,7,4639
교황 호노리오 3세의 종교적 신념은 무엇인가요?,기독교,religion,7,4639
교황 호노리오 3세가 따르는 신앙은 무엇인가요?,기독교,religion,7,4639
교황 호노리오 3세가 실천하는 종교는 무엇인가요?,기독교,religion,7,4639
교황 호노리오 3세가 관여하는 종교는 무엇인가요?,기독교,religion,7,4639
교황 그레고리오 9세가 속한 종교는 무엇인가요?,기독교,religion,8,4640
교황 그레고리오 9세의 종교적 신념은 무엇인가요?,기독교,religion,8,4640
교황 그레고리오 9세가 따르는 신앙은 무엇인가요?,기독교,religion,8,4640
교황 그레고리오 9세가 실천하는 종교는 무엇인가요?,기독교,religion,8,4640
교황 그레고리오 9세가 관여하는 종교는 무엇인가요?,기독교,religion,8,4640
아프가니스탄가 속한 종교는 무엇인가요?,이슬람교,religion,9,4641
아프가니스탄의 종교적 신념은 무엇인가요?,이슬람교,religion,9,4641
아프가니스탄가 따르는 신앙은 무엇인가요?,이슬람교,religion,9,4641
아프가니스탄가 실천하는 종교는 무엇인가요?,이슬람교,religion,9,4641
아프가니스탄가 관여하는 종교는 무엇인가요?,이슬람교,religion,9,4641
예수가 속한 종교는 무엇인가요?,유대교,religion,10,4642
예수의 종교적 신념은 무엇인가요?,유대교,religion,10,4642
예수가 따르는 신앙은 무엇인가요?,유대교,religion,10,4642
예수가 실천하는 종교는 무엇인가요?,유대교,religion,10,4642
예수가 관여하는 종교는 무엇인가요?,유대교,religion,10,4642
아랍인가 속한 종교는 무엇인가요?,이슬람교,religion,11,4643
아랍인의 종교적 신념은 무엇인가요?,이슬람교,religion,11,4643
아랍인가 따르는 신앙은 무엇인가요?,이슬람교,religion,11,4643
아랍인가 실천하는 종교는 무엇인가요?,이슬람교,religion,11,4643
아랍인가 관여하는 종교는 무엇인가요?,이슬람교,religion,11,4643
이븐 바투타가 속한 종교는 무엇인가요?,이슬람교,religion,12,4644
이븐 바투타의 종교적 신념은 무엇인가요?,이슬람교,religion,12,4644
이븐 바투타가 따르는 신앙은 무엇인가요?,이슬람교,religion,12,4644
이븐 바투타가 실천하는 종교는 무엇인가요?,이슬람교,religion,12,4644
이븐 바투타가 관여하는 종교는 무엇인가요?,이슬람교,religion,12,4644
무함마드가 속한 종교는 무엇인가요?,이슬람교,religion,13,4645
무함마드의 종교적 신념은 무엇인가요?,이슬람교,religion,13,4645
무함마드가 따르는 신앙은 무엇인가요?,이슬람교,religion,13,4645
무함마드가 실천하는 종교는 무엇인가요?,이슬람교,religion,13,4645
무함마드가 관여하는 종교는 무엇인가요?,이슬람교,religion,13,4645
무슬림가 속한 종교는 무엇인가요?,이슬람교,religion,14,4646
무슬림의 종교적 신념은 무엇인가요?,이슬람교,religion,14,4646
무슬림가 따르는 신앙은 무엇인가요?,이슬람교,religion,14,4646
무슬림가 실천하는 종교는 무엇인가요?,이슬람교,religion,14,4646
무슬림가 관여하는 종교는 무엇인가요?,이슬람교,religion,14,4646
마이모니데스가 속한 종교는 무엇인가요?,유대교,religion,15,4647
마이모니데스의 종교적 신념은 무엇인가요?,유대교,religion,15,4647
마이모니데스가 따르는 신앙은 무엇인가요?,유대교,religion,15,4647
마이모니데스가 실천하는 종교는 무엇인가요?,유대교,religion,15,4647
마이모니데스가 관여하는 종교는 무엇인가요?,유대교,religion,15,4647
맬컴 엑스가 속한 종교는 무엇인가요?,이슬람교,religion,16,4648
맬컴 엑스의 종교적 신념은 무엇인가요?,이슬람교,religion,16,4648
맬컴 엑스가 따르는 신앙은 무엇인가요?,이슬람교,religion,16,4648
맬컴 엑스가 실천하는 종교는 무엇인가요?,이슬람교,religion,16,4648
맬컴 엑스가 관여하는 종교는 무엇인가요?,이슬람교,religion,16,4648
우즈베크인가 속한 종교는 무엇인가요?,이슬람교,religion,17,4649
우즈베크인의 종교적 신념은 무엇인가요?,이슬람교,religion,17,4649
우즈베크인가 따르는 신앙은 무엇인가요?,이슬람교,religion,17,4649
우즈베크인가 실천하는 종교는 무엇인가요?,이슬람교,religion,17,4649
우즈베크인가 관여하는 종교는 무엇인가요?,이슬람교,religion,17,4649
시나고그가 속한 종교는 무엇인가요?,유대교,religion,18,4650
시나고그의 종교적 신념은 무엇인가요?,유대교,religion,18,4650
시나고그가 따르는 신앙은 무엇인가요?,유대교,religion,18,4650
시나고그가 실천하는 종교는 무엇인가요?,유대교,religion,18,4650
시나고그가 관여하는 종교는 무엇인가요?,유대교,religion,18,4650
메흐메트 4세가 속한 종교는 무엇인가요?,이슬람교,religion,19,4651
메흐메트 4세의 종교적 신념은 무엇인가요?,이슬람교,religion,19,4651
메흐메트 4세가 따르는 신앙은 무엇인가요?,이슬람교,religion,19,4651
메흐메트 4세가 실천하는 종교는 무엇인가요?,이슬람교,religion,19,4651
메흐메트 4세가 관여하는 종교는 무엇인가요?,이슬람교,religion,19,4651
아브라함가 속한 종교는 무엇인가요?,유대교,religion,20,4652
아브라함의 종교적 신념은 무엇인가요?,유대교,religion,20,4652
아브라함가 따르는 신앙은 무엇인가요?,유대교,religion,20,4652
아브라함가 실천하는 종교는 무엇인가요?,유대교,religion,20,4652
아브라함가 관여하는 종교는 무엇인가요?,유대교,religion,20,4652
이븐 루시드가 속한 종교는 무엇인가요?,이슬람교,religion,21,4653
이븐 루시드의 종교적 신념은 무엇인가요?,이슬람교,religion,21,4653
이븐 루시드가 따르는 신앙은 무엇인가요?,이슬람교,religion,21,4653
이븐 루시드가 실천하는 종교는 무엇인가요?,이슬람교,religion,21,4653
이븐 루시드가 관여하는 종교는 무엇인가요?,이슬람교,religion,21,4653
이븐 할둔가 속한 종교는 무엇인가요?,이슬람교,religion,22,4654
이븐 할둔의 종교적 신념은 무엇인가요?,이슬람교,religion,22,4654
이븐 할둔가 따르는 신앙은 무엇인가요?,이슬람교,religion,22,4654
이븐 할둔가 실천하는 종교는 무엇인가요?,이슬람교,religion,22,4654
이븐 할둔가 관여하는 종교는 무엇인가요?,이슬람교,religion,22,4654
다윗가 속한 종교는 무엇인가요?,유대교,religion,23,4655
다윗의 종교적 신념은 무엇인가요?,유대교,religion,23,4655
다윗가 따르는 신앙은 무엇인가요?,유대교,religion,23,4655
다윗가 실천하는 종교는 무엇인가요?,유대교,religion,23,4655
다윗가 관여하는 종교는 무엇인가요?,유대교,religion,23,4655
쉴레이만 1세가 속한 종교는 무엇인가요?,이슬람교,religion,24,4656
쉴레이만 1세의 종교적 신념은 무엇인가요?,이슬람교,religion,24,4656
쉴레이만 1세가 따르는 신앙은 무엇인가요?,이슬람교,religion,24,4656
쉴레이만 1세가 실천하는 종교는 무엇인가요?,이슬람교,religion,24,4656
쉴레이만 1세가 관여하는 종교는 무엇인가요?,이슬람교,religion,24,4656
아랍인가 속한 종교는 무엇인가요?,기독교,religion,25,4657
아랍인의 종교적 신념은 무엇인가요?,기독교,religion,25,4657
아랍인가 따르는 신앙은 무엇인가요?,기독교,religion,25,4657
아랍인가 실천하는 종교는 무엇인가요?,기독교,religion,25,4657
아랍인가 관여하는 종교는 무엇인가요?,기독교,religion,25,4657
루미가 속한 종교는 무엇인가요?,이슬람교,religion,26,4658
루미의 종교적 신념은 무엇인가요?,이슬람교,religion,26,4658
루미가 따르는 신앙은 무엇인가요?,이슬람교,religion,26,4658
루미가 실천하는 종교는 무엇인가요?,이슬람교,religion,26,4658
루미가 관여하는 종교는 무엇인가요?,이슬람교,religion,26,4658
가잘리가 속한 종교는 무엇인가요?,이슬람교,religion,27,4659
가잘리의 종교적 신념은 무엇인가요?,이슬람교,religion,27,4659
가잘리가 따르는 신앙은 무엇인가요?,이슬람교,religion,27,4659
가잘리가 실천하는 종교는 무엇인가요?,이슬람교,religion,27,4659
가잘리가 관여하는 종교는 무엇인가요?,이슬람교,religion,27,4659
우마이야 칼리파조가 속한 종교는 무엇인가요?,이슬람교,religion,28,4660
우마이야 칼리파조의 종교적 신념은 무엇인가요?,이슬람교,religion,28,4660
우마이야 칼리파조가 따르는 신앙은 무엇인가요?,이슬람교,religion,28,4660
우마이야 칼리파조가 실천하는 종교는 무엇인가요?,이슬람교,religion,28,4660
우마이야 칼리파조가 관여하는 종교는 무엇인가요?,이슬람교,religion,28,4660
이슈트반 1세가 속한 종교는 무엇인가요?,기독교,religion,29,4661
이슈트반 1세의 종교적 신념은 무엇인가요?,기독교,religion,29,4661
이슈트반 1세가 따르는 신앙은 무엇인가요?,기독교,religion,29,4661
이슈트반 1세가 실천하는 종교는 무엇인가요?,기독교,religion,29,4661
이슈트반 1세가 관여하는 종교는 무엇인가요?,기독교,religion,29,4661
카롤루스 대제가 속한 종교는 무엇인가요?,기독교,religion,30,4662
카롤루스 대제의 종교적 신념은 무엇인가요?,기독교,religion,30,4662
카롤루스 대제가 따르는 신앙은 무엇인가요?,기독교,religion,30,4662
카롤루스 대제가 실천하는 종교는 무엇인가요?,기독교,religion,30,4662
카롤루스 대제가 관여하는 종교는 무엇인가요?,기독교,religion,30,4662
제7일 안식일 예수 재림교회가 속한 종교는 무엇인가요?,기독교,religion,31,4663
제7일 안식일 예수 재림교회의 종교적 신념은 무엇인가요?,기독교,religion,31,4663
제7일 안식일 예수 재림교회가 따르는 신앙은 무엇인가요?,기독교,religion,31,4663
제7일 안식일 예수 재림교회가 실천하는 종교는 무엇인가요?,기독교,religion,31,4663
제7일 안식일 예수 재림교회가 관여하는 종교는 무엇인가요?,기독교,religion,31,4663
블라디미르 1세가 속한 종교는 무엇인가요?,기독교,religion,32,4664
블라디미르 1세의 종교적 신념은 무엇인가요?,기독교,religion,32,4664
블라디미르 1세가 따르는 신앙은 무엇인가요?,기독교,religion,32,4664
블라디미르 1세가 실천하는 종교는 무엇인가요?,기독교,religion,32,4664
블라디미르 1세가 관여하는 종교는 무엇인가요?,기독교,religion,32,4664
성묘 교회가 속한 종교는 무엇인가요?,기독교,religion,33,4665
성묘 교회의 종교적 신념은 무엇인가요?,기독교,religion,33,4665
성묘 교회가 따르는 신앙은 무엇인가요?,기독교,religion,33,4665
성묘 교회가 실천하는 종교는 무엇인가요?,기독교,religion,33,4665
성묘 교회가 관여하는 종교는 무엇인가요?,기독교,religion,33,4665
무아위야 1세가 속한 종교는 무엇인가요?,이슬람교,religion,34,4666
무아위야 1세의 종교적 신념은 무엇인가요?,이슬람교,religion,34,4666
무아위야 1세가 따르는 신앙은 무엇인가요?,이슬람교,religion,34,4666
무아위야 1세가 실천하는 종교는 무엇인가요?,이슬람교,religion,34,4666
무아위야 1세가 관여하는 종교는 무엇인가요?,이슬람교,religion,34,4666
클로비스 1세가 속한 종교는 무엇인가요?,기독교,religion,35,4667
클로비스 1세의 종교적 신념은 무엇인가요?,기독교,religion,35,4667
클로비스 1세가 따르는 신앙은 무엇인가요?,기독교,religion,35,4667
클로비스 1세가 실천하는 종교는 무엇인가요?,기독교,religion,35,4667
클로비스 1세가 관여하는 종교는 무엇인가요?,기독교,religion,35,4667
당나라가 속한 종교는 무엇인가요?,불교,religion,36,4668
당나라의 종교적 신념은 무엇인가요?,불교,religion,36,4668
당나라가 따르는 신앙은 무엇인가요?,불교,religion,36,4668
당나라가 실천하는 종교는 무엇인가요?,불교,religion,36,4668
당나라가 관여하는 종교는 무엇인가요?,불교,religion,36,4668
우마르가 속한 종교는 무엇인가요?,이슬람교,religion,37,4669
우마르의 종교적 신념은 무엇인가요?,이슬람교,religion,37,4669
우마르가 따르는 신앙은 무엇인가요?,이슬람교,religion,37,4669
우마르가 실천하는 종교는 무엇인가요?,이슬람교,religion,37,4669
우마르가 관여하는 종교는 무엇인가요?,이슬람교,religion,37,4669
무하마드 이크발가 속한 종교는 무엇인가요?,이슬람교,religion,38,4670
무하마드 이크발의 종교적 신념은 무엇인가요?,이슬람교,religion,38,4670
무하마드 이크발가 따르는 신앙은 무엇인가요?,이슬람교,religion,38,4670
무하마드 이크발가 실천하는 종교는 무엇인가요?,이슬람교,religion,38,4670
무하마드 이크발가 관여하는 종교는 무엇인가요?,이슬람교,religion,38,4670
오마르 봉고가 속한 종교는 무엇인가요?,이슬람교,religion,39,4671
오마르 봉고의 종교적 신념은 무엇인가요?,이슬람교,religion,39,4671
오마르 봉고가 따르는 신앙은 무엇인가요?,이슬람교,religion,39,4671
오마르 봉고가 실천하는 종교는 무엇인가요?,이슬람교,religion,39,4671
오마르 봉고가 관여하는 종교는 무엇인가요?,이슬람교,religion,39,4671
교황 니콜라오 5세가 속한 종교는 무엇인가요?,기독교,religion,40,4672
교황 니콜라오 5세의 종교적 신념은 무엇인가요?,기독교,religion,40,4672
교황 니콜라오 5세가 따르는 신앙은 무엇인가요?,기독교,religion,40,4672
교황 니콜라오 5세가 실천하는 종교는 무엇인가요?,기독교,religion,40,4672
교황 니콜라오 5세가 관여하는 종교는 무엇인가요?,기독교,religion,40,4672
루홀라 호메이니가 속한 종교는 무엇인가요?,이슬람교,religion,41,4673
루홀라 호메이니의 종교적 신념은 무엇인가요?,이슬람교,religion,41,4673
루홀라 호메이니가 따르는 신앙은 무엇인가요?,이슬람교,religion,41,4673
루홀라 호메이니가 실천하는 종교는 무엇인가요?,이슬람교,religion,41,4673
루홀라 호메이니가 관여하는 종교는 무엇인가요?,이슬람교,religion,41,4673
교황 보니파시오 8세가 속한 종교는 무엇인가요?,기독교,religion,42,4674
교황 보니파시오 8세의 종교적 신념은 무엇인가요?,기독교,religion,42,4674
교황 보니파시오 8세가 따르는 신앙은 무엇인가요?,기독교,religion,42,4674
교황 보니파시오 8세가 실천하는 종교는 무엇인가요?,기독교,religion,42,4674
교황 보니파시오 8세가 관여하는 종교는 무엇인가요?,기독교,religion,42,4674
아이샤가 속한 종교는 무엇인가요?,이슬람교,religion,43,4675
아이샤의 종교적 신념은 무엇인가요?,이슬람교,religion,43,4675
아이샤가 따르는 신앙은 무엇인가요?,이슬람교,religion,43,4675
아이샤가 실천하는 종교는 무엇인가요?,이슬람교,religion,43,4675
아이샤가 관여하는 종교는 무엇인가요?,이슬람교,religion,43,4675
용수가 속한 종교는 무엇인가요?,불교,religion,44,4676
용수의 종교적 신념은 무엇인가요?,불교,religion,44,4676
용수가 따르는 신앙은 무엇인가요?,불교,religion,44,4676
용수가 실천하는 종교는 무엇인가요?,불교,religion,44,4676
용수가 관여하는 종교는 무엇인가요?,불교,religion,44,4676
후사인 이븐 알리가 속한 종교는 무엇인가요?,이슬람교,religion,45,4677
후사인 이븐 알리의 종교적 신념은 무엇인가요?,이슬람교,religion,45,4677
후사인 이븐 알리가 따르는 신앙은 무엇인가요?,이슬람교,religion,45,4677
후사인 이븐 알리가 실천하는 종교는 무엇인가요?,이슬람교,religion,45,4677
후사인 이븐 알리가 관여하는 종교는 무엇인가요?,이슬람교,religion,45,4677
브라만가 속한 종교는 무엇인가요?,힌두교,religion,46,4678
브라만의 종교적 신념은 무엇인가요?,힌두교,religion,46,4678
브라만가 따르는 신앙은 무엇인가요?,힌두교,religion,46,4678
브라만가 실천하는 종교는 무엇인가요?,힌두교,religion,46,4678
브라만가 관여하는 종교는 무엇인가요?,힌두교,religion,46,4678
살라딘가 속한 종교는 무엇인가요?,이슬람교,religion,47,4679
살라딘의 종교적 신념은 무엇인가요?,이슬람교,religion,47,4679
살라딘가 따르는 신앙은 무엇인가요?,이슬람교,religion,47,4679
살라딘가 실천하는 종교는 무엇인가요?,이슬람교,religion,47,4679
살라딘가 관여하는 종교는 무엇인가요?,이슬람교,religion,47,4679
로마 가톨릭교회가 속한 종교는 무엇인가요?,가톨릭주의,religion,48,4680
로마 가톨릭교회의 종교적 신념은 무엇인가요?,가톨릭주의,religion,48,4680
로마 가톨릭교회가 따르는 신앙은 무엇인가요?,가톨릭주의,religion,48,4680
로마 가톨릭교회가 실천하는 종교는 무엇인가요?,가톨릭주의,religion,48,4680
로마 가톨릭교회가 관여하는 종교는 무엇인가요?,가톨릭주의,religion,48,4680
테오도어 헤르츨가 속한 종교는 무엇인가요?,유대교,religion,49,4681
테오도어 헤르츨의 종교적 신념은 무엇인가요?,유대교,religion,49,4681
테오도어 헤르츨가 따르는 신앙은 무엇인가요?,유대교,religion,49,4681
테오도어 헤르츨가 실천하는 종교는 무엇인가요?,유대교,religion,49,4681
테오도어 헤르츨가 관여하는 종교는 무엇인가요?,유대교,religion,49,4681
크메르 제국가 속한 종교는 무엇인가요?,힌두교,religion,50,4682
크메르 제국의 종교적 신념은 무엇인가요?,힌두교,religion,50,4682
크메르 제국가 따르는 신앙은 무엇인가요?,힌두교,religion,50,4682
크메르 제국가 실천하는 종교는 무엇인가요?,힌두교,religion,50,4682
크메르 제국가 관여하는 종교는 무엇인가요?,힌두교,religion,50,4682
이븐 사우드가 속한 종교는 무엇인가요?,이슬람교,religion,51,4683
이븐 사우드의 종교적 신념은 무엇인가요?,이슬람교,religion,51,4683
이븐 사우드가 따르는 신앙은 무엇인가요?,이슬람교,religion,51,4683
이븐 사우드가 실천하는 종교는 무엇인가요?,이슬람교,religion,51,4683
이븐 사우드가 관여하는 종교는 무엇인가요?,이슬람교,religion,51,4683
호스니 무바라크가 속한 종교는 무엇인가요?,이슬람교,religion,52,4684
호스니 무바라크의 종교적 신념은 무엇인가요?,이슬람교,religion,52,4684
호스니 무바라크가 따르는 신앙은 무엇인가요?,이슬람교,religion,52,4684
호스니 무바라크가 실천하는 종교는 무엇인가요?,이슬람교,religion,52,4684
호스니 무바라크가 관여하는 종교는 무엇인가요?,이슬람교,religion,52,4684
교황 실베스테르 1세가 속한 종교는 무엇인가요?,기독교,religion,53,4685
교황 실베스테르 1세의 종교적 신념은 무엇인가요?,기독교,religion,53,4685
교황 실베스테르 1세가 따르는 신앙은 무엇인가요?,기독교,religion,53,4685
교황 실베스테르 1세가 실천하는 종교는 무엇인가요?,기독교,religion,53,4685
교황 실베스테르 1세가 관여하는 종교는 무엇인가요?,기독교,religion,53,4685
마이클 블룸버그가 속한 종교는 무엇인가요?,유대교,religion,54,4686
마이클 블룸버그의 종교적 신념은 무엇인가요?,유대교,religion,54,4686
마이클 블룸버그가 따르는 신앙은 무엇인가요?,유대교,religion,54,4686
마이클 블룸버그가 실천하는 종교는 무엇인가요?,유대교,religion,54,4686
마이클 블룸버그가 관여하는 종교는 무엇인가요?,유대교,religion,54,4686
알리 이븐 아비 탈리브가 속한 종교는 무엇인가요?,이슬람교,religion,55,4687
알리 이븐 아비 탈리브의 종교적 신념은 무엇인가요?,이슬람교,religion,55,4687
알리 이븐 아비 탈리브가 따르는 신앙은 무엇인가요?,이슬람교,religion,55,4687
알리 이븐 아비 탈리브가 실천하는 종교는 무엇인가요?,이슬람교,religion,55,4687
알리 이븐 아비 탈리브가 관여하는 종교는 무엇인가요?,이슬람교,religion,55,4687
도쿠 우마로프가 속한 종교는 무엇인가요?,이슬람교,religion,56,4688
도쿠 우마로프의 종교적 신념은 무엇인가요?,이슬람교,religion,56,4688
도쿠 우마로프가 따르는 신앙은 무엇인가요?,이슬람교,religion,56,4688
도쿠 우마로프가 실천하는 종교는 무엇인가요?,이슬람교,religion,56,4688
도쿠 우마로프가 관여하는 종교는 무엇인가요?,이슬람교,religion,56,4688
무함마드 알리가 속한 종교는 무엇인가요?,이슬람교,religion,57,4689
무함마드 알리의 종교적 신념은 무엇인가요?,이슬람교,religion,57,4689
무함마드 알리가 따르는 신앙은 무엇인가요?,이슬람교,religion,57,4689
무함마드 알리가 실천하는 종교는 무엇인가요?,이슬람교,religion,57,4689
무함마드 알리가 관여하는 종교는 무엇인가요?,이슬람교,religion,57,4689
리처드 1세가 속한 종교는 무엇인가요?,기독교,religion,58,4690
리처드 1세의 종교적 신념은 무엇인가요?,기독교,religion,58,4690
리처드 1세가 따르는 신앙은 무엇인가요?,기독교,religion,58,4690
리처드 1세가 실천하는 종교는 무엇인가요?,기독교,religion,58,4690
리처드 1세가 관여하는 종교는 무엇인가요?,기독교,religion,58,4690
우스만 이븐 아판가 속한 종교는 무엇인가요?,이슬람교,religion,59,4691
우스만 이븐 아판의 종교적 신념은 무엇인가요?,이슬람교,religion,59,4691
우스만 이븐 아판가 따르는 신앙은 무엇인가요?,이슬람교,religion,59,4691
우스만 이븐 아판가 실천하는 종교는 무엇인가요?,이슬람교,religion,59,4691
우스만 이븐 아판가 관여하는 종교는 무엇인가요?,이슬람교,religion,59,4691
알리 하메네이가 속한 종교는 무엇인가요?,이슬람교,religion,60,4692
알리 하메네이의 종교적 신념은 무엇인가요?,이슬람교,religion,60,4692
알리 하메네이가 따르는 신앙은 무엇인가요?,이슬람교,religion,60,4692
알리 하메네이가 실천하는 종교는 무엇인가요?,이슬람교,religion,60,4692
알리 하메네이가 관여하는 종교는 무엇인가요?,이슬람교,religion,60,4692
톰 크루즈가 속한 종교는 무엇인가요?,사이언톨로지교,religion,61,4693
톰 크루즈의 종교적 신념은 무엇인가요?,사이언톨로지교,religion,61,4693
톰 크루즈가 따르는 신앙은 무엇인가요?,사이언톨로지교,religion,61,4693
톰 크루즈가 실천하는 종교는 무엇인가요?,사이언톨로지교,religion,61,4693
톰 크루즈가 관여하는 종교는 무엇인가요?,사이언톨로지교,religion,61,4693
마하트마 간디가 속한 종교는 무엇인가요?,힌두교,religion,62,4694
마하트마 간디의 종교적 신념은 무엇인가요?,힌두교,religion,62,4694
마하트마 간디가 따르는 신앙은 무엇인가요?,힌두교,religion,62,4694
마하트마 간디가 실천하는 종교는 무엇인가요?,힌두교,religion,62,4694
마하트마 간디가 관여하는 종교는 무엇인가요?,힌두교,religion,62,4694
하미드 카르자이가 속한 종교는 무엇인가요?,이슬람교,religion,63,4695
하미드 카르자이의 종교적 신념은 무엇인가요?,이슬람교,religion,63,4695
하미드 카르자이가 따르는 신앙은 무엇인가요?,이슬람교,religion,63,4695
하미드 카르자이가 실천하는 종교는 무엇인가요?,이슬람교,religion,63,4695
하미드 카르자이가 관여하는 종교는 무엇인가요?,이슬람교,religion,63,4695
알베르트 슈바이처가 속한 종교는 무엇인가요?,기독교,religion,64,4696
알베르트 슈바이처의 종교적 신념은 무엇인가요?,기독교,religion,64,4696
알베르트 슈바이처가 따르는 신앙은 무엇인가요?,기독교,religion,64,4696
알베르트 슈바이처가 실천하는 종교는 무엇인가요?,기독교,religion,64,4696
알베르트 슈바이처가 관여하는 종교는 무엇인가요?,기독교,religion,64,4696
수카르노가 속한 종교는 무엇인가요?,이슬람교,religion,65,4697
수카르노의 종교적 신념은 무엇인가요?,이슬람교,religion,65,4697
수카르노가 따르는 신앙은 무엇인가요?,이슬람교,religion,65,4697
수카르노가 실천하는 종교는 무엇인가요?,이슬람교,religion,65,4697
수카르노가 관여하는 종교는 무엇인가요?,이슬람교,religion,65,4697
수하르토가 속한 종교는 무엇인가요?,이슬람교,religion,66,4698
수하르토의 종교적 신념은 무엇인가요?,이슬람교,religion,66,4698
수하르토가 따르는 신앙은 무엇인가요?,이슬람교,religion,66,4698
수하르토가 실천하는 종교는 무엇인가요?,이슬람교,religion,66,4698
수하르토가 관여하는 종교는 무엇인가요?,이슬람교,religion,66,4698
아이스 큐브가 속한 종교는 무엇인가요?,이슬람교,religion,67,4699
아이스 큐브의 종교적 신념은 무엇인가요?,이슬람교,religion,67,4699
아이스 큐브가 따르는 신앙은 무엇인가요?,이슬람교,religion,67,4699
아이스 큐브가 실천하는 종교는 무엇인가요?,이슬람교,religion,67,4699
아이스 큐브가 관여하는 종교는 무엇인가요?,이슬람교,religion,67,4699
일리치 라미레스 산체스가 속한 종교는 무엇인가요?,이슬람교,religion,68,4700
일리치 라미레스 산체스의 종교적 신념은 무엇인가요?,이슬람교,religion,68,4700
일리치 라미레스 산체스가 따르는 신앙은 무엇인가요?,이슬람교,religion,68,4700
일리치 라미레스 산체스가 실천하는 종교는 무엇인가요?,이슬람교,religion,68,4700
일리치 라미레스 산체스가 관여하는 종교는 무엇인가요?,이슬람교,religion,68,4700
알마으문가 속한 종교는 무엇인가요?,이슬람교,religion,69,4701
알마으문의 종교적 신념은 무엇인가요?,이슬람교,religion,69,4701
알마으문가 따르는 신앙은 무엇인가요?,이슬람교,religion,69,4701
알마으문가 실천하는 종교는 무엇인가요?,이슬람교,religion,69,4701
알마으문가 관여하는 종교는 무엇인가요?,이슬람교,religion,69,4701
파티마가 속한 종교는 무엇인가요?,이슬람교,religion,70,4702
파티마의 종교적 신념은 무엇인가요?,이슬람교,religion,70,4702
파티마가 따르는 신앙은 무엇인가요?,이슬람교,religion,70,4702
파티마가 실천하는 종교는 무엇인가요?,이슬람교,religion,70,4702
파티마가 관여하는 종교는 무엇인가요?,이슬람교,religion,70,4702
무하마드 알리 진나가 속한 종교는 무엇인가요?,이슬람교,religion,71,4703
무하마드 알리 진나의 종교적 신념은 무엇인가요?,이슬람교,religion,71,4703
무하마드 알리 진나가 따르는 신앙은 무엇인가요?,이슬람교,religion,71,4703
무하마드 알리 진나가 실천하는 종교는 무엇인가요?,이슬람교,religion,71,4703
무하마드 알리 진나가 관여하는 종교는 무엇인가요?,이슬람교,religion,71,4703
베트남 공화국가 속한 종교는 무엇인가요?,불교,religion,72,4704
베트남 공화국의 종교적 신념은 무엇인가요?,불교,religion,72,4704
베트남 공화국가 따르는 신앙은 무엇인가요?,불교,religion,72,4704
베트남 공화국가 실천하는 종교는 무엇인가요?,불교,religion,72,4704
베트남 공화국가 관여하는 종교는 무엇인가요?,불교,religion,72,4704
압뒬하미트 2세가 속한 종교는 무엇인가요?,이슬람교,religion,73,4705
압뒬하미트 2세의 종교적 신념은 무엇인가요?,이슬람교,religion,73,4705
압뒬하미트 2세가 따르는 신앙은 무엇인가요?,이슬람교,religion,73,4705
압뒬하미트 2세가 실천하는 종교는 무엇인가요?,이슬람교,religion,73,4705
압뒬하미트 2세가 관여하는 종교는 무엇인가요?,이슬람교,religion,73,4705
알레비파가 속한 종교는 무엇인가요?,이슬람교,religion,74,4706
알레비파의 종교적 신념은 무엇인가요?,이슬람교,religion,74,4706
알레비파가 따르는 신앙은 무엇인가요?,이슬람교,religion,74,4706
알레비파가 실천하는 종교는 무엇인가요?,이슬람교,religion,74,4706
알레비파가 관여하는 종교는 무엇인가요?,이슬람교,religion,74,4706
아웅산수찌가 속한 종교는 무엇인가요?,불교,religion,75,4707
아웅산수찌의 종교적 신념은 무엇인가요?,불교,religion,75,4707
아웅산수찌가 따르는 신앙은 무엇인가요?,불교,religion,75,4707
아웅산수찌가 실천하는 종교는 무엇인가요?,불교,religion,75,4707
아웅산수찌가 관여하는 종교는 무엇인가요?,불교,religion,75,4707
하룬 알라시드가 속한 종교는 무엇인가요?,이슬람교,religion,76,4708
하룬 알라시드의 종교적 신념은 무엇인가요?,이슬람교,religion,76,4708
하룬 알라시드가 따르는 신앙은 무엇인가요?,이슬람교,religion,76,4708
하룬 알라시드가 실천하는 종교는 무엇인가요?,이슬람교,religion,76,4708
하룬 알라시드가 관여하는 종교는 무엇인가요?,이슬람교,religion,76,4708
이사야가 속한 종교는 무엇인가요?,유대교,religion,77,4709
이사야의 종교적 신념은 무엇인가요?,유대교,religion,77,4709
이사야가 따르는 신앙은 무엇인가요?,유대교,religion,77,4709
이사야가 실천하는 종교는 무엇인가요?,유대교,religion,77,4709
이사야가 관여하는 종교는 무엇인가요?,유대교,religion,77,4709
아부 바크르가 속한 종교는 무엇인가요?,이슬람교,religion,78,4710
아부 바크르의 종교적 신념은 무엇인가요?,이슬람교,religion,78,4710
아부 바크르가 따르는 신앙은 무엇인가요?,이슬람교,religion,78,4710
아부 바크르가 실천하는 종교는 무엇인가요?,이슬람교,religion,78,4710
아부 바크르가 관여하는 종교는 무엇인가요?,이슬람교,religion,78,4710
굽타 왕조가 속한 종교는 무엇인가요?,힌두교,religion,79,4711
굽타 왕조의 종교적 신념은 무엇인가요?,힌두교,religion,79,4711
굽타 왕조가 따르는 신앙은 무엇인가요?,힌두교,religion,79,4711
굽타 왕조가 실천하는 종교는 무엇인가요?,힌두교,religion,79,4711
굽타 왕조가 관여하는 종교는 무엇인가요?,힌두교,religion,79,4711
악바르가 속한 종교는 무엇인가요?,이슬람교,religion,80,4712
악바르의 종교적 신념은 무엇인가요?,이슬람교,religion,80,4712
악바르가 따르는 신앙은 무엇인가요?,이슬람교,religion,80,4712
악바르가 실천하는 종교는 무엇인가요?,이슬람교,religion,80,4712
악바르가 관여하는 종교는 무엇인가요?,이슬람교,religion,80,4712
이맘가 속한 종교는 무엇인가요?,이슬람교,religion,81,4713
이맘의 종교적 신념은 무엇인가요?,이슬람교,religion,81,4713
이맘가 따르는 신앙은 무엇인가요?,이슬람교,religion,81,4713
이맘가 실천하는 종교는 무엇인가요?,이슬람교,religion,81,4713
이맘가 관여하는 종교는 무엇인가요?,이슬람교,religion,81,4713
루이 14세가 속한 종교는 무엇인가요?,가톨릭주의,religion,82,4714
루이 14세의 종교적 신념은 무엇인가요?,가톨릭주의,religion,82,4714
루이 14세가 따르는 신앙은 무엇인가요?,가톨릭주의,religion,82,4714
루이 14세가 실천하는 종교는 무엇인가요?,가톨릭주의,religion,82,4714
루이 14세가 관여하는 종교는 무엇인가요?,가톨릭주의,religion,82,4714
성령강림주일가 속한 종교는 무엇인가요?,기독교,religion,83,4715
성령강림주일의 종교적 신념은 무엇인가요?,기독교,religion,83,4715
성령강림주일가 따르는 신앙은 무엇인가요?,기독교,religion,83,4715
성령강림주일가 실천하는 종교는 무엇인가요?,기독교,religion,83,4715
성령강림주일가 관여하는 종교는 무엇인가요?,기독교,religion,83,4715
주님의 기도가 속한 종교는 무엇인가요?,기독교,religion,84,4716
주님의 기도의 종교적 신념은 무엇인가요?,기독교,religion,84,4716
주님의 기도가 따르는 신앙은 무엇인가요?,기독교,religion,84,4716
주님의 기도가 실천하는 종교는 무엇인가요?,기독교,religion,84,4716
주님의 기도가 관여하는 종교는 무엇인가요?,기독교,religion,84,4716
스칸데르베그가 속한 종교는 무엇인가요?,기독교,religion,85,4717
스칸데르베그의 종교적 신념은 무엇인가요?,기독교,religion,85,4717
스칸데르베그가 따르는 신앙은 무엇인가요?,기독교,religion,85,4717
스칸데르베그가 실천하는 종교는 무엇인가요?,기독교,religion,85,4717
스칸데르베그가 관여하는 종교는 무엇인가요?,기독교,religion,85,4717
에도 막부가 속한 종교는 무엇인가요?,불교,religion,86,4718
에도 막부의 종교적 신념은 무엇인가요?,불교,religion,86,4718
에도 막부가 따르는 신앙은 무엇인가요?,불교,religion,86,4718
에도 막부가 실천하는 종교는 무엇인가요?,불교,religion,86,4718
에도 막부가 관여하는 종교는 무엇인가요?,불교,religion,86,4718
앙리 3세가 속한 종교는 무엇인가요?,가톨릭주의,religion,87,4719
앙리 3세의 종교적 신념은 무엇인가요?,가톨릭주의,religion,87,4719
앙리 3세가 따르는 신앙은 무엇인가요?,가톨릭주의,religion,87,4719
앙리 3세가 실천하는 종교는 무엇인가요?,가톨릭주의,religion,87,4719
앙리 3세가 관여하는 종교는 무엇인가요?,가톨릭주의,religion,87,4719
무하마드 오마르가 속한 종교는 무엇인가요?,이슬람교,religion,88,4720
무하마드 오마르의 종교적 신념은 무엇인가요?,이슬람교,religion,88,4720
무하마드 오마르가 따르는 신앙은 무엇인가요?,이슬람교,religion,88,4720
무하마드 오마르가 실천하는 종교는 무엇인가요?,이슬람교,religion,88,4720
무하마드 오마르가 관여하는 종교는 무엇인가요?,이슬람교,religion,88,4720
샤를 5세가 속한 종교는 무엇인가요?,기독교,religion,89,4721
샤를 5세의 종교적 신념은 무엇인가요?,기독교,religion,89,4721
샤를 5세가 따르는 신앙은 무엇인가요?,기독교,religion,89,4721
샤를 5세가 실천하는 종교는 무엇인가요?,기독교,religion,89,4721
샤를 5세가 관여하는 종교는 무엇인가요?,기독교,religion,89,4721
마우리아 왕조가 속한 종교는 무엇인가요?,힌두교,religion,90,4722
마우리아 왕조의 종교적 신념은 무엇인가요?,힌두교,religion,90,4722
마우리아 왕조가 따르는 신앙은 무엇인가요?,힌두교,religion,90,4722
마우리아 왕조가 실천하는 종교는 무엇인가요?,힌두교,religion,90,4722
마우리아 왕조가 관여하는 종교는 무엇인가요?,힌두교,religion,90,4722
라마크리슈나가 속한 종교는 무엇인가요?,힌두교,religion,91,4723
라마크리슈나의 종교적 신념은 무엇인가요?,힌두교,religion,91,4723
라마크리슈나가 따르는 신앙은 무엇인가요?,힌두교,religion,91,4723
라마크리슈나가 실천하는 종교는 무엇인가요?,힌두교,religion,91,4723
라마크리슈나가 관여하는 종교는 무엇인가요?,힌두교,religion,91,4723
현장가 속한 종교는 무엇인가요?,불교,religion,92,4724
현장의 종교적 신념은 무엇인가요?,불교,religion,92,4724
현장가 따르는 신앙은 무엇인가요?,불교,religion,92,4724
현장가 실천하는 종교는 무엇인가요?,불교,religion,92,4724
현장가 관여하는 종교는 무엇인가요?,불교,religion,92,4724
오스만 1세가 속한 종교는 무엇인가요?,이슬람교,religion,93,4725
오스만 1세의 종교적 신념은 무엇인가요?,이슬람교,religion,93,4725
오스만 1세가 따르는 신앙은 무엇인가요?,이슬람교,religion,93,4725
오스만 1세가 실천하는 종교는 무엇인가요?,이슬람교,religion,93,4725
오스만 1세가 관여하는 종교는 무엇인가요?,이슬람교,religion,93,4725
마태오가 속한 종교는 무엇인가요?,기독교,religion,94,4726
마태오의 종교적 신념은 무엇인가요?,기독교,religion,94,4726
마태오가 따르는 신앙은 무엇인가요?,기독교,religion,94,4726
마태오가 실천하는 종교는 무엇인가요?,기독교,religion,94,4726
마태오가 관여하는 종교는 무엇인가요?,기독교,religion,94,4726
메흐메트 2세가 속한 종교는 무엇인가요?,이슬람교,religion,95,4727
메흐메트 2세의 종교적 신념은 무엇인가요?,이슬람교,religion,95,4727
메흐메트 2세가 따르는 신앙은 무엇인가요?,이슬람교,religion,95,4727
메흐메트 2세가 실천하는 종교는 무엇인가요?,이슬람교,religion,95,4727
메흐메트 2세가 관여하는 종교는 무엇인가요?,이슬람교,religion,95,4727
한나 아렌트가 속한 종교는 무엇인가요?,유대교,religion,96,4728
한나 아렌트의 종교적 신념은 무엇인가요?,유대교,religion,96,4728
한나 아렌트가 따르는 신앙은 무엇인가요?,유대교,religion,96,4728
한나 아렌트가 실천하는 종교는 무엇인가요?,유대교,religion,96,4728
한나 아렌트가 관여하는 종교는 무엇인가요?,유대교,religion,96,4728
존 트래볼타가 속한 종교는 무엇인가요?,사이언톨로지교,religion,97,4729
존 트래볼타의 종교적 신념은 무엇인가요?,사이언톨로지교,religion,97,4729
존 트래볼타가 따르는 신앙은 무엇인가요?,사이언톨로지교,religion,97,4729
존 트래볼타가 실천하는 종교는 무엇인가요?,사이언톨로지교,religion,97,4729
존 트래볼타가 관여하는 종교는 무엇인가요?,사이언톨로지교,religion,97,4729
로물루스 아우구스투스가 속한 종교는 무엇인가요?,기독교,religion,98,4730
로물루스 아우구스투스의 종교적 신념은 무엇인가요?,기독교,religion,98,4730
로물루스 아우구스투스가 따르는 신앙은 무엇인가요?,기독교,religion,98,4730
로물루스 아우구스투스가 실천하는 종교는 무엇인가요?,기독교,religion,98,4730
로물루스 아우구스투스가 관여하는 종교는 무엇인가요?,기독교,religion,98,4730
조지프 프리스틀리가 속한 종교는 무엇인가요?,기독교,religion,99,4731
조지프 프리스틀리의 종교적 신념은 무엇인가요?,기독교,religion,99,4731
조지프 프리스틀리가 따르는 신앙은 무엇인가요?,기독교,religion,99,4731
조지프 프리스틀리가 실천하는 종교는 무엇인가요?,기독교,religion,99,4731
조지프 프리스틀리가 관여하는 종교는 무엇인가요?,기독교,religion,99,4731
스칸데르베그가 속한 종교는 무엇인가요?,이슬람교,religion,100,4732
스칸데르베그의 종교적 신념은 무엇인가요?,이슬람교,religion,100,4732
스칸데르베그가 따르는 신앙은 무엇인가요?,이슬람교,religion,100,4732
스칸데르베그가 실천하는 종교는 무엇인가요?,이슬람교,religion,100,4732
스칸데르베그가 관여하는 종교는 무엇인가요?,이슬람교,religion,100,4732
하피즈가 속한 종교는 무엇인가요?,이슬람교,religion,101,4733
하피즈의 종교적 신념은 무엇인가요?,이슬람교,religion,101,4733
하피즈가 따르는 신앙은 무엇인가요?,이슬람교,religion,101,4733
하피즈가 실천하는 종교는 무엇인가요?,이슬람교,religion,101,4733
하피즈가 관여하는 종교는 무엇인가요?,이슬람교,religion,101,4733
장자크 루소가 속한 종교는 무엇인가요?,기독교,religion,102,4734
장자크 루소의 종교적 신념은 무엇인가요?,기독교,religion,102,4734
장자크 루소가 따르는 신앙은 무엇인가요?,기독교,religion,102,4734
장자크 루소가 실천하는 종교는 무엇인가요?,기독교,religion,102,4734
장자크 루소가 관여하는 종교는 무엇인가요?,기독교,religion,102,4734
앨프레드 대왕가 속한 종교는 무엇인가요?,기독교,religion,103,4735
앨프레드 대왕의 종교적 신념은 무엇인가요?,기독교,religion,103,4735
앨프레드 대왕가 따르는 신앙은 무엇인가요?,기독교,religion,103,4735
앨프레드 대왕가 실천하는 종교는 무엇인가요?,기독교,religion,103,4735
앨프레드 대왕가 관여하는 종교는 무엇인가요?,기독교,religion,103,4735
정화가 속한 종교는 무엇인가요?,이슬람교,religion,104,4736
정화의 종교적 신념은 무엇인가요?,이슬람교,religion,104,4736
정화가 따르는 신앙은 무엇인가요?,이슬람교,religion,104,4736
정화가 실천하는 종교는 무엇인가요?,이슬람교,religion,104,4736
정화가 관여하는 종교는 무엇인가요?,이슬람교,religion,104,4736
이드 울피트르가 속한 종교는 무엇인가요?,이슬람교,religion,105,4737
이드 울피트르의 종교적 신념은 무엇인가요?,이슬람교,religion,105,4737
이드 울피트르가 따르는 신앙은 무엇인가요?,이슬람교,religion,105,4737
이드 울피트르가 실천하는 종교는 무엇인가요?,이슬람교,religion,105,4737
이드 울피트르가 관여하는 종교는 무엇인가요?,이슬람교,religion,105,4737
자와할랄 네루가 속한 종교는 무엇인가요?,힌두교,religion,106,4738
자와할랄 네루의 종교적 신념은 무엇인가요?,힌두교,religion,106,4738
자와할랄 네루가 따르는 신앙은 무엇인가요?,힌두교,religion,106,4738
자와할랄 네루가 실천하는 종교는 무엇인가요?,힌두교,religion,106,4738
자와할랄 네루가 관여하는 종교는 무엇인가요?,힌두교,religion,106,4738
샤 자한가 속한 종교는 무엇인가요?,이슬람교,religion,107,4739
샤 자한의 종교적 신념은 무엇인가요?,이슬람교,religion,107,4739
샤 자한가 따르는 신앙은 무엇인가요?,이슬람교,religion,107,4739
샤 자한가 실천하는 종교는 무엇인가요?,이슬람교,religion,107,4739
샤 자한가 관여하는 종교는 무엇인가요?,이슬람교,religion,107,4739
무라비트 왕조가 속한 종교는 무엇인가요?,이슬람교,religion,108,4740
무라비트 왕조의 종교적 신념은 무엇인가요?,이슬람교,religion,108,4740
무라비트 왕조가 따르는 신앙은 무엇인가요?,이슬람교,religion,108,4740
무라비트 왕조가 실천하는 종교는 무엇인가요?,이슬람교,religion,108,4740
무라비트 왕조가 관여하는 종교는 무엇인가요?,이슬람교,religion,108,4740
몽골 인민공화국가 속한 종교는 무엇인가요?,불교,religion,109,4741
몽골 인민공화국의 종교적 신념은 무엇인가요?,불교,religion,109,4741
몽골 인민공화국가 따르는 신앙은 무엇인가요?,불교,religion,109,4741
몽골 인민공화국가 실천하는 종교는 무엇인가요?,불교,religion,109,4741
몽골 인민공화국가 관여하는 종교는 무엇인가요?,불교,religion,109,4741
스벤 포크발드가 속한 종교는 무엇인가요?,기독교,religion,110,4742
스벤 포크발드의 종교적 신념은 무엇인가요?,기독교,religion,110,4742
스벤 포크발드가 따르는 신앙은 무엇인가요?,기독교,religion,110,4742
스벤 포크발드가 실천하는 종교는 무엇인가요?,기독교,religion,110,4742
스벤 포크발드가 관여하는 종교는 무엇인가요?,기독교,religion,110,4742
사르베팔리 라다크리슈난가 속한 종교는 무엇인가요?,힌두교,religion,111,4743
사르베팔리 라다크리슈난의 종교적 신념은 무엇인가요?,힌두교,religion,111,4743
사르베팔리 라다크리슈난가 따르는 신앙은 무엇인가요?,힌두교,religion,111,4743
사르베팔리 라다크리슈난가 실천하는 종교는 무엇인가요?,힌두교,religion,111,4743
사르베팔리 라다크리슈난가 관여하는 종교는 무엇인가요?,힌두교,religion,111,4743
타지마할가 속한 종교는 무엇인가요?,이슬람교,religion,112,4744
타지마할의 종교적 신념은 무엇인가요?,이슬람교,religion,112,4744
타지마할가 따르는 신앙은 무엇인가요?,이슬람교,religion,112,4744
타지마할가 실천하는 종교는 무엇인가요?,이슬람교,religion,112,4744
타지마할가 관여하는 종교는 무엇인가요?,이슬람교,religion,112,4744
무함마드 모르시가 속한 종교는 무엇인가요?,이슬람교,religion,113,4745
무함마드 모르시의 종교적 신념은 무엇인가요?,이슬람교,religion,113,4745
무함마드 모르시가 따르는 신앙은 무엇인가요?,이슬람교,religion,113,4745
무함마드 모르시가 실천하는 종교는 무엇인가요?,이슬람교,religion,113,4745
무함마드 모르시가 관여하는 종교는 무엇인가요?,이슬람교,religion,113,4745
아흐메드 1세가 속한 종교는 무엇인가요?,이슬람교,religion,114,4746
아흐메드 1세의 종교적 신념은 무엇인가요?,이슬람교,religion,114,4746
아흐메드 1세가 따르는 신앙은 무엇인가요?,이슬람교,religion,114,4746
아흐메드 1세가 실천하는 종교는 무엇인가요?,이슬람교,religion,114,4746
아흐메드 1세가 관여하는 종교는 무엇인가요?,이슬람교,religion,114,4746
프란츠 카프카가 속한 종교는 무엇인가요?,유대교,religion,115,4747
프란츠 카프카의 종교적 신념은 무엇인가요?,유대교,religion,115,4747
프란츠 카프카가 따르는 신앙은 무엇인가요?,유대교,religion,115,4747
프란츠 카프카가 실천하는 종교는 무엇인가요?,유대교,religion,115,4747
프란츠 카프카가 관여하는 종교는 무엇인가요?,유대교,religion,115,4747
할리파 빈 자이드 나하얀가 속한 종교는 무엇인가요?,이슬람교,religion,116,4748
할리파 빈 자이드 나하얀의 종교적 신념은 무엇인가요?,이슬람교,religion,116,4748
할리파 빈 자이드 나하얀가 따르는 신앙은 무엇인가요?,이슬람교,religion,116,4748
할리파 빈 자이드 나하얀가 실천하는 종교는 무엇인가요?,이슬람교,religion,116,4748
할리파 빈 자이드 나하얀가 관여하는 종교는 무엇인가요?,이슬람교,religion,116,4748
에드워드 1세가 속한 종교는 무엇인가요?,기독교,religion,117,4749
에드워드 1세의 종교적 신념은 무엇인가요?,기독교,religion,117,4749
에드워드 1세가 따르는 신앙은 무엇인가요?,기독교,religion,117,4749
에드워드 1세가 실천하는 종교는 무엇인가요?,기독교,religion,117,4749
에드워드 1세가 관여하는 종교는 무엇인가요?,기독교,religion,117,4749
메릴린 먼로가 속한 종교는 무엇인가요?,유대교,religion,118,4750
메릴린 먼로의 종교적 신념은 무엇인가요?,유대교,religion,118,4750
메릴린 먼로가 따르는 신앙은 무엇인가요?,유대교,religion,118,4750
메릴린 먼로가 실천하는 종교는 무엇인가요?,유대교,religion,118,4750
메릴린 먼로가 관여하는 종교는 무엇인가요?,유대교,religion,118,4750
바부르가 속한 종교는 무엇인가요?,이슬람교,religion,119,4751
바부르의 종교적 신념은 무엇인가요?,이슬람교,religion,119,4751
바부르가 따르는 신앙은 무엇인가요?,이슬람교,religion,119,4751
바부르가 실천하는 종교는 무엇인가요?,이슬람교,religion,119,4751
바부르가 관여하는 종교는 무엇인가요?,이슬람교,religion,119,4751
셀림 1세가 속한 종교는 무엇인가요?,이슬람교,religion,120,4752
셀림 1세의 종교적 신념은 무엇인가요?,이슬람교,religion,120,4752
셀림 1세가 따르는 신앙은 무엇인가요?,이슬람교,religion,120,4752
셀림 1세가 실천하는 종교는 무엇인가요?,이슬람교,religion,120,4752
셀림 1세가 관여하는 종교는 무엇인가요?,이슬람교,religion,120,4752
파흐드 빈 압둘아지즈 알사우드가 속한 종교는 무엇인가요?,이슬람교,religion,121,4753
파흐드 빈 압둘아지즈 알사우드의 종교적 신념은 무엇인가요?,이슬람교,religion,121,4753
파흐드 빈 압둘아지즈 알사우드가 따르는 신앙은 무엇인가요?,이슬람교,religion,121,4753
파흐드 빈 압둘아지즈 알사우드가 실천하는 종교는 무엇인가요?,이슬람교,religion,121,4753
파흐드 빈 압둘아지즈 알사우드가 관여하는 종교는 무엇인가요?,이슬람교,religion,121,4753
페르베즈 무샤라프가 속한 종교는 무엇인가요?,이슬람교,religion,122,4754
페르베즈 무샤라프의 종교적 신념은 무엇인가요?,이슬람교,religion,122,4754
페르베즈 무샤라프가 따르는 신앙은 무엇인가요?,이슬람교,religion,122,4754
페르베즈 무샤라프가 실천하는 종교는 무엇인가요?,이슬람교,religion,122,4754
페르베즈 무샤라프가 관여하는 종교는 무엇인가요?,이슬람교,religion,122,4754
안와르 사다트가 속한 종교는 무엇인가요?,이슬람교,religion,123,4755
안와르 사다트의 종교적 신념은 무엇인가요?,이슬람교,religion,123,4755
안와르 사다트가 따르는 신앙은 무엇인가요?,이슬람교,religion,123,4755
안와르 사다트가 실천하는 종교는 무엇인가요?,이슬람교,religion,123,4755
안와르 사다트가 관여하는 종교는 무엇인가요?,이슬람교,religion,123,4755
교황 레오 9세가 속한 종교는 무엇인가요?,기독교,religion,124,4756
교황 레오 9세의 종교적 신념은 무엇인가요?,기독교,religion,124,4756
교황 레오 9세가 따르는 신앙은 무엇인가요?,기독교,religion,124,4756
교황 레오 9세가 실천하는 종교는 무엇인가요?,기독교,religion,124,4756
교황 레오 9세가 관여하는 종교는 무엇인가요?,기독교,religion,124,4756
파리 생제르맹의 본부는 어디에 있습니까?,파리,headquarters_location,0,6101
파리 생제르맹의 본부가 위치한 도시는 어디입니까?,파리,headquarters_location,0,6101
파리 생제르맹의 본부의 위치는 어디인가요?,파리,headquarters_location,0,6101
파리 생제르맹의 본부는 어디에 있습니까?,파리,headquarters_location,0,6101
파리 생제르맹의 본부를 호스팅하는 장소는 어디인가요?,파리,headquarters_location,0,6101
피렌체 대학교의 본부는 어디에 있습니까?,피렌체,headquarters_location,1,6102
피렌체 대학교의 본부가 위치한 도시는 어디입니까?,피렌체,headquarters_location,1,6102
피렌체 대학교의 본부의 위치는 어디인가요?,피렌체,headquarters_location,1,6102
피렌체 대학교의 본부는 어디에 있습니까?,피렌체,headquarters_location,1,6102
피렌체 대학교의 본부를 호스팅하는 장소는 어디인가요?,피렌체,headquarters_location,1,6102
국가사회주의 독일 노동자당의 본부는 어디에 있습니까?,뮌헨,headquarters_location,2,6103
국가사회주의 독일 노동자당의 본부가 위치한 도시는 어디입니까?,뮌헨,headquarters_location,2,6103
국가사회주의 독일 노동자당의 본부의 위치는 어디인가요?,뮌헨,headquarters_location,2,6103
국가사회주의 독일 노동자당의 본부는 어디에 있습니까?,뮌헨,headquarters_location,2,6103
국가사회주의 독일 노동자당의 본부를 호스팅하는 장소는 어디인가요?,뮌헨,headquarters_location,2,6103
지중해 연합의 본부는 어디에 있습니까?,바르셀로나,headquarters_location,3,6104
지중해 연합의 본부가 위치한 도시는 어디입니까?,바르셀로나,headquarters_location,3,6104
지중해 연합의 본부의 위치는 어디인가요?,바르셀로나,headquarters_location,3,6104
지중해 연합의 본부는 어디에 있습니까?,바르셀로나,headquarters_location,3,6104
지중해 연합의 본부를 호스팅하는 장소는 어디인가요?,바르셀로나,headquarters_location,3,6104
국제형사경찰기구의 본부는 어디에 있습니까?,리옹,headquarters_location,4,6105
국제형사경찰기구의 본부가 위치한 도시는 어디입니까?,리옹,headquarters_location,4,6105
국제형사경찰기구의 본부의 위치는 어디인가요?,리옹,headquarters_location,4,6105
국제형사경찰기구의 본부는 어디에 있습니까?,리옹,headquarters_location,4,6105
국제형사경찰기구의 본부를 호스팅하는 장소는 어디인가요?,리옹,headquarters_location,4,6105
민주진보당의 본부는 어디에 있습니까?,타이베이시,headquarters_location,5,6106
민주진보당의 본부가 위치한 도시는 어디입니까?,타이베이시,headquarters_location,5,6106
민주진보당의 본부의 위치는 어디인가요?,타이베이시,headquarters_location,5,6106
민주진보당의 본부는 어디에 있습니까?,타이베이시,headquarters_location,5,6106
민주진보당의 본부를 호스팅하는 장소는 어디인가요?,타이베이시,headquarters_location,5,6106
EMI의 본부는 어디에 있습니까?,런던,headquarters_location,6,6107
EMI의 본부가 위치한 도시는 어디입니까?,런던,headquarters_location,6,6107
EMI의 본부의 위치는 어디인가요?,런던,headquarters_location,6,6107
EMI의 본부는 어디에 있습니까?,런던,headquarters_location,6,6107
EMI의 본부를 호스팅하는 장소는 어디인가요?,런던,headquarters_location,6,6107
AS 낭시의 본부는 어디에 있습니까?,낭시,headquarters_location,7,6108
AS 낭시의 본부가 위치한 도시는 어디입니까?,낭시,headquarters_location,7,6108
AS 낭시의 본부의 위치는 어디인가요?,낭시,headquarters_location,7,6108
AS 낭시의 본부는 어디에 있습니까?,낭시,headquarters_location,7,6108
AS 낭시의 본부를 호스팅하는 장소는 어디인가요?,낭시,headquarters_location,7,6108
사운드클라우드의 본부는 어디에 있습니까?,베를린,headquarters_location,8,6109
사운드클라우드의 본부가 위치한 도시는 어디입니까?,베를린,headquarters_location,8,6109
사운드클라우드의 본부의 위치는 어디인가요?,베를린,headquarters_location,8,6109
사운드클라우드의 본부는 어디에 있습니까?,베를린,headquarters_location,8,6109
사운드클라우드의 본부를 호스팅하는 장소는 어디인가요?,베를린,headquarters_location,8,6109
캐딜락의 본부는 어디에 있습니까?,디트로이트,headquarters_location,9,6110
캐딜락의 본부가 위치한 도시는 어디입니까?,디트로이트,headquarters_location,9,6110
캐딜락의 본부의 위치는 어디인가요?,디트로이트,headquarters_location,9,6110
캐딜락의 본부는 어디에 있습니까?,디트로이트,headquarters_location,9,6110
캐딜락의 본부를 호스팅하는 장소는 어디인가요?,디트로이트,headquarters_location,9,6110
폴리도르 레코드의 본부는 어디에 있습니까?,런던,headquarters_location,10,6111
폴리도르 레코드의 본부가 위치한 도시는 어디입니까?,런던,headquarters_location,10,6111
폴리도르 레코드의 본부의 위치는 어디인가요?,런던,headquarters_location,10,6111
폴리도르 레코드의 본부는 어디에 있습니까?,런던,headquarters_location,10,6111
폴리도르 레코드의 본부를 호스팅하는 장소는 어디인가요?,런던,headquarters_location,10,6111
닌텐도의 본부는 어디에 있습니까?,교토시,headquarters_location,11,6112
닌텐도의 본부가 위치한 도시는 어디입니까?,교토시,headquarters_location,11,6112
닌텐도의 본부의 위치는 어디인가요?,교토시,headquarters_location,11,6112
닌텐도의 본부는 어디에 있습니까?,교토시,headquarters_location,11,6112
닌텐도의 본부를 호스팅하는 장소는 어디인가요?,교토시,headquarters_location,11,6112
케임브리지 대학교의 본부는 어디에 있습니까?,케임브리지,headquarters_location,12,6113
케임브리지 대학교의 본부가 위치한 도시는 어디입니까?,케임브리지,headquarters_location,12,6113
케임브리지 대학교의 본부의 위치는 어디인가요?,케임브리지,headquarters_location,12,6113
케임브리지 대학교의 본부는 어디에 있습니까?,케임브리지,headquarters_location,12,6113
케임브리지 대학교의 본부를 호스팅하는 장소는 어디인가요?,케임브리지,headquarters_location,12,6113
저먼윙스의 본부는 어디에 있습니까?,쾰른,headquarters_location,13,6114
저먼윙스의 본부가 위치한 도시는 어디입니까?,쾰른,headquarters_location,13,6114
저먼윙스의 본부의 위치는 어디인가요?,쾰른,headquarters_location,13,6114
저먼윙스의 본부는 어디에 있습니까?,쾰른,headquarters_location,13,6114
저먼윙스의 본부를 호스팅하는 장소는 어디인가요?,쾰른,headquarters_location,13,6114
워싱턴 대학교의 본부는 어디에 있습니까?,시애틀,headquarters_location,14,6115
워싱턴 대학교의 본부가 위치한 도시는 어디입니까?,시애틀,headquarters_location,14,6115
워싱턴 대학교의 본부의 위치는 어디인가요?,시애틀,headquarters_location,14,6115
워싱턴 대학교의 본부는 어디에 있습니까?,시애틀,headquarters_location,14,6115
워싱턴 대학교의 본부를 호스팅하는 장소는 어디인가요?,시애틀,headquarters_location,14,6115
에릭슨의 본부는 어디에 있습니까?,스톡홀름,headquarters_location,15,6116
에릭슨의 본부가 위치한 도시는 어디입니까?,스톡홀름,headquarters_location,15,6116
에릭슨의 본부의 위치는 어디인가요?,스톡홀름,headquarters_location,15,6116
에릭슨의 본부는 어디에 있습니까?,스톡홀름,headquarters_location,15,6116
에릭슨의 본부를 호스팅하는 장소는 어디인가요?,스톡홀름,headquarters_location,15,6116
브렌트퍼드 FC의 본부는 어디에 있습니까?,런던,headquarters_location,16,6117
브렌트퍼드 FC의 본부가 위치한 도시는 어디입니까?,런던,headquarters_location,16,6117
브렌트퍼드 FC의 본부의 위치는 어디인가요?,런던,headquarters_location,16,6117
브렌트퍼드 FC의 본부는 어디에 있습니까?,런던,headquarters_location,16,6117
브렌트퍼드 FC의 본부를 호스팅하는 장소는 어디인가요?,런던,headquarters_location,16,6117
아프가니스탄 인민민주당의 본부는 어디에 있습니까?,카불,headquarters_location,17,6118
아프가니스탄 인민민주당의 본부가 위치한 도시는 어디입니까?,카불,headquarters_location,17,6118
아프가니스탄 인민민주당의 본부의 위치는 어디인가요?,카불,headquarters_location,17,6118
아프가니스탄 인민민주당의 본부는 어디에 있습니까?,카불,headquarters_location,17,6118
아프가니스탄 인민민주당의 본부를 호스팅하는 장소는 어디인가요?,카불,headquarters_location,17,6118
삼성의 본부는 어디에 있습니까?,서울특별시,headquarters_location,18,6119
삼성의 본부가 위치한 도시는 어디입니까?,서울특별시,headquarters_location,18,6119
삼성의 본부의 위치는 어디인가요?,서울특별시,headquarters_location,18,6119
삼성의 본부는 어디에 있습니까?,서울특별시,headquarters_location,18,6119
삼성의 본부를 호스팅하는 장소는 어디인가요?,서울특별시,headquarters_location,18,6119
베이징 궈안의 본부는 어디에 있습니까?,베이징시,headquarters_location,19,6120
베이징 궈안의 본부가 위치한 도시는 어디입니까?,베이징시,headquarters_location,19,6120
베이징 궈안의 본부의 위치는 어디인가요?,베이징시,headquarters_location,19,6120
베이징 궈안의 본부는 어디에 있습니까?,베이징시,headquarters_location,19,6120
베이징 궈안의 본부를 호스팅하는 장소는 어디인가요?,베이징시,headquarters_location,19,6120
코민테른의 본부는 어디에 있습니까?,모스크바,headquarters_location,20,6121
코민테른의 본부가 위치한 도시는 어디입니까?,모스크바,headquarters_location,20,6121
코민테른의 본부의 위치는 어디인가요?,모스크바,headquarters_location,20,6121
코민테른의 본부는 어디에 있습니까?,모스크바,headquarters_location,20,6121
코민테른의 본부를 호스팅하는 장소는 어디인가요?,모스크바,headquarters_location,20,6121
기네스 세계 기록의 본부는 어디에 있습니까?,런던,headquarters_location,21,6122
기네스 세계 기록의 본부가 위치한 도시는 어디입니까?,런던,headquarters_location,21,6122
기네스 세계 기록의 본부의 위치는 어디인가요?,런던,headquarters_location,21,6122
기네스 세계 기록의 본부는 어디에 있습니까?,런던,headquarters_location,21,6122
기네스 세계 기록의 본부를 호스팅하는 장소는 어디인가요?,런던,headquarters_location,21,6122
세계 체스 연맹의 본부는 어디에 있습니까?,아테네,headquarters_location,22,6123
세계 체스 연맹의 본부가 위치한 도시는 어디입니까?,아테네,headquarters_location,22,6123
세계 체스 연맹의 본부의 위치는 어디인가요?,아테네,headquarters_location,22,6123
세계 체스 연맹의 본부는 어디에 있습니까?,아테네,headquarters_location,22,6123
세계 체스 연맹의 본부를 호스팅하는 장소는 어디인가요?,아테네,headquarters_location,22,6123
롤렉스의 본부는 어디에 있습니까?,제네바,headquarters_location,23,6124
롤렉스의 본부가 위치한 도시는 어디입니까?,제네바,headquarters_location,23,6124
롤렉스의 본부의 위치는 어디인가요?,제네바,headquarters_location,23,6124
롤렉스의 본부는 어디에 있습니까?,제네바,headquarters_location,23,6124
롤렉스의 본부를 호스팅하는 장소는 어디인가요?,제네바,headquarters_location,23,6124
아시리아 동방교회의 본부는 어디에 있습니까?,시카고,headquarters_location,24,6125
아시리아 동방교회의 본부가 위치한 도시는 어디입니까?,시카고,headquarters_location,24,6125
아시리아 동방교회의 본부의 위치는 어디인가요?,시카고,headquarters_location,24,6125
아시리아 동방교회의 본부는 어디에 있습니까?,시카고,headquarters_location,24,6125
아시리아 동방교회의 본부를 호스팅하는 장소는 어디인가요?,시카고,headquarters_location,24,6125
파리 대학교의 본부는 어디에 있습니까?,파리,headquarters_location,25,6126
파리 대학교의 본부가 위치한 도시는 어디입니까?,파리,headquarters_location,25,6126
파리 대학교의 본부의 위치는 어디인가요?,파리,headquarters_location,25,6126
파리 대학교의 본부는 어디에 있습니까?,파리,headquarters_location,25,6126
파리 대학교의 본부를 호스팅하는 장소는 어디인가요?,파리,headquarters_location,25,6126
국제 테니스 연맹의 본부는 어디에 있습니까?,런던,headquarters_location,26,6127
국제 테니스 연맹의 본부가 위치한 도시는 어디입니까?,런던,headquarters_location,26,6127
국제 테니스 연맹의 본부의 위치는 어디인가요?,런던,headquarters_location,26,6127
국제 테니스 연맹의 본부는 어디에 있습니까?,런던,headquarters_location,26,6127
국제 테니스 연맹의 본부를 호스팅하는 장소는 어디인가요?,런던,headquarters_location,26,6127
독일의 소리의 본부는 어디에 있습니까?,본,headquarters_location,27,6128
독일의 소리의 본부가 위치한 도시는 어디입니까?,본,headquarters_location,27,6128
독일의 소리의 본부의 위치는 어디인가요?,본,headquarters_location,27,6128
독일의 소리의 본부는 어디에 있습니까?,본,headquarters_location,27,6128
독일의 소리의 본부를 호스팅하는 장소는 어디인가요?,본,headquarters_location,27,6128
셰필드 웬즈데이 FC의 본부는 어디에 있습니까?,셰필드,headquarters_location,28,6129
셰필드 웬즈데이 FC의 본부가 위치한 도시는 어디입니까?,셰필드,headquarters_location,28,6129
셰필드 웬즈데이 FC의 본부의 위치는 어디인가요?,셰필드,headquarters_location,28,6129
셰필드 웬즈데이 FC의 본부는 어디에 있습니까?,셰필드,headquarters_location,28,6129
셰필드 웬즈데이 FC의 본부를 호스팅하는 장소는 어디인가요?,셰필드,headquarters_location,28,6129
세계무역기구의 본부는 어디에 있습니까?,제네바,headquarters_location,29,6130
세계무역기구의 본부가 위치한 도시는 어디입니까?,제네바,headquarters_location,29,6130
세계무역기구의 본부의 위치는 어디인가요?,제네바,headquarters_location,29,6130
세계무역기구의 본부는 어디에 있습니까?,제네바,headquarters_location,29,6130
세계무역기구의 본부를 호스팅하는 장소는 어디인가요?,제네바,headquarters_location,29,6130
RB 라이프치히의 본부는 어디에 있습니까?,라이프치히,headquarters_location,30,6131
RB 라이프치히의 본부가 위치한 도시는 어디입니까?,라이프치히,headquarters_location,30,6131
RB 라이프치히의 본부의 위치는 어디인가요?,라이프치히,headquarters_location,30,6131
RB 라이프치히의 본부는 어디에 있습니까?,라이프치히,headquarters_location,30,6131
RB 라이프치히의 본부를 호스팅하는 장소는 어디인가요?,라이프치히,headquarters_location,30,6131
미국 축구 연맹의 본부는 어디에 있습니까?,시카고,headquarters_location,31,6132
미국 축구 연맹의 본부가 위치한 도시는 어디입니까?,시카고,headquarters_location,31,6132
미국 축구 연맹의 본부의 위치는 어디인가요?,시카고,headquarters_location,31,6132
미국 축구 연맹의 본부는 어디에 있습니까?,시카고,headquarters_location,31,6132
미국 축구 연맹의 본부를 호스팅하는 장소는 어디인가요?,시카고,headquarters_location,31,6132
BP의 본부는 어디에 있습니까?,런던,headquarters_location,32,6133
BP의 본부가 위치한 도시는 어디입니까?,런던,headquarters_location,32,6133
BP의 본부의 위치는 어디인가요?,런던,headquarters_location,32,6133
BP의 본부는 어디에 있습니까?,런던,headquarters_location,32,6133
BP의 본부를 호스팅하는 장소는 어디인가요?,런던,headquarters_location,32,6133
레노버의 본부는 어디에 있습니까?,베이징시,headquarters_location,33,6134
레노버의 본부가 위치한 도시는 어디입니까?,베이징시,headquarters_location,33,6134
레노버의 본부의 위치는 어디인가요?,베이징시,headquarters_location,33,6134
레노버의 본부는 어디에 있습니까?,베이징시,headquarters_location,33,6134
레노버의 본부를 호스팅하는 장소는 어디인가요?,베이징시,headquarters_location,33,6134
토요타 자동차의 본부는 어디에 있습니까?,도요타시,headquarters_location,34,6135
토요타 자동차의 본부가 위치한 도시는 어디입니까?,도요타시,headquarters_location,34,6135
토요타 자동차의 본부의 위치는 어디인가요?,도요타시,headquarters_location,34,6135
토요타 자동차의 본부는 어디에 있습니까?,도요타시,headquarters_location,34,6135
토요타 자동차의 본부를 호스팅하는 장소는 어디인가요?,도요타시,headquarters_location,34,6135
프랑스 과학 아카데미의 본부는 어디에 있습니까?,파리,headquarters_location,35,6136
프랑스 과학 아카데미의 본부가 위치한 도시는 어디입니까?,파리,headquarters_location,35,6136
프랑스 과학 아카데미의 본부의 위치는 어디인가요?,파리,headquarters_location,35,6136
프랑스 과학 아카데미의 본부는 어디에 있습니까?,파리,headquarters_location,35,6136
프랑스 과학 아카데미의 본부를 호스팅하는 장소는 어디인가요?,파리,headquarters_location,35,6136
독일 축구 연맹의 본부는 어디에 있습니까?,프랑크푸르트,headquarters_location,36,6137
독일 축구 연맹의 본부가 위치한 도시는 어디입니까?,프랑크푸르트,headquarters_location,36,6137
독일 축구 연맹의 본부의 위치는 어디인가요?,프랑크푸르트,headquarters_location,36,6137
독일 축구 연맹의 본부는 어디에 있습니까?,프랑크푸르트,headquarters_location,36,6137
독일 축구 연맹의 본부를 호스팅하는 장소는 어디인가요?,프랑크푸르트,headquarters_location,36,6137
카롤린스카 연구소의 본부는 어디에 있습니까?,스톡홀름,headquarters_location,37,6138
카롤린스카 연구소의 본부가 위치한 도시는 어디입니까?,스톡홀름,headquarters_location,37,6138
카롤린스카 연구소의 본부의 위치는 어디인가요?,스톡홀름,headquarters_location,37,6138
카롤린스카 연구소의 본부는 어디에 있습니까?,스톡홀름,headquarters_location,37,6138
카롤린스카 연구소의 본부를 호스팅하는 장소는 어디인가요?,스톡홀름,headquarters_location,37,6138
이슬람 혁명수비군의 본부는 어디에 있습니까?,테헤란,headquarters_location,38,6139
이슬람 혁명수비군의 본부가 위치한 도시는 어디입니까?,테헤란,headquarters_location,38,6139
이슬람 혁명수비군의 본부의 위치는 어디인가요?,테헤란,headquarters_location,38,6139
이슬람 혁명수비군의 본부는 어디에 있습니까?,테헤란,headquarters_location,38,6139
이슬람 혁명수비군의 본부를 호스팅하는 장소는 어디인가요?,테헤란,headquarters_location,38,6139
파리 정치 대학의 본부는 어디에 있습니까?,파리,headquarters_location,39,6140
파리 정치 대학의 본부가 위치한 도시는 어디입니까?,파리,headquarters_location,39,6140
파리 정치 대학의 본부의 위치는 어디인가요?,파리,headquarters_location,39,6140
파리 정치 대학의 본부는 어디에 있습니까?,파리,headquarters_location,39,6140
파리 정치 대학의 본부를 호스팅하는 장소는 어디인가요?,파리,headquarters_location,39,6140
FC 디나모 키예프의 본부는 어디에 있습니까?,키예프,headquarters_location,40,6141
FC 디나모 키예프의 본부가 위치한 도시는 어디입니까?,키예프,headquarters_location,40,6141
FC 디나모 키예프의 본부의 위치는 어디인가요?,키예프,headquarters_location,40,6141
FC 디나모 키예프의 본부는 어디에 있습니까?,키예프,headquarters_location,40,6141
FC 디나모 키예프의 본부를 호스팅하는 장소는 어디인가요?,키예프,headquarters_location,40,6141
FK 사라예보의 본부는 어디에 있습니까?,사라예보,headquarters_location,41,6142
FK 사라예보의 본부가 위치한 도시는 어디입니까?,사라예보,headquarters_location,41,6142
FK 사라예보의 본부의 위치는 어디인가요?,사라예보,headquarters_location,41,6142
FK 사라예보의 본부는 어디에 있습니까?,사라예보,headquarters_location,41,6142
FK 사라예보의 본부를 호스팅하는 장소는 어디인가요?,사라예보,headquarters_location,41,6142
유럽 우주국의 본부는 어디에 있습니까?,파리,headquarters_location,42,6143
유럽 우주국의 본부가 위치한 도시는 어디입니까?,파리,headquarters_location,42,6143
유럽 우주국의 본부의 위치는 어디인가요?,파리,headquarters_location,42,6143
유럽 우주국의 본부는 어디에 있습니까?,파리,headquarters_location,42,6143
유럽 우주국의 본부를 호스팅하는 장소는 어디인가요?,파리,headquarters_location,42,6143
브라운 대학교의 본부는 어디에 있습니까?,프로비던스,headquarters_location,43,6144
브라운 대학교의 본부가 위치한 도시는 어디입니까?,프로비던스,headquarters_location,43,6144
브라운 대학교의 본부의 위치는 어디인가요?,프로비던스,headquarters_location,43,6144
브라운 대학교의 본부는 어디에 있습니까?,프로비던스,headquarters_location,43,6144
브라운 대학교의 본부를 호스팅하는 장소는 어디인가요?,프로비던스,headquarters_location,43,6144
제네바 대학교의 본부는 어디에 있습니까?,제네바,headquarters_location,44,6145
제네바 대학교의 본부가 위치한 도시는 어디입니까?,제네바,headquarters_location,44,6145
제네바 대학교의 본부의 위치는 어디인가요?,제네바,headquarters_location,44,6145
제네바 대학교의 본부는 어디에 있습니까?,제네바,headquarters_location,44,6145
제네바 대학교의 본부를 호스팅하는 장소는 어디인가요?,제네바,headquarters_location,44,6145
도미니코 수도회의 본부는 어디에 있습니까?,로마,headquarters_location,45,6146
도미니코 수도회의 본부가 위치한 도시는 어디입니까?,로마,headquarters_location,45,6146
도미니코 수도회의 본부의 위치는 어디인가요?,로마,headquarters_location,45,6146
도미니코 수도회의 본부는 어디에 있습니까?,로마,headquarters_location,45,6146
도미니코 수도회의 본부를 호스팅하는 장소는 어디인가요?,로마,headquarters_location,45,6146
WWE의 본부는 어디에 있습니까?,스탬퍼드,headquarters_location,46,6147
WWE의 본부가 위치한 도시는 어디입니까?,스탬퍼드,headquarters_location,46,6147
WWE의 본부의 위치는 어디인가요?,스탬퍼드,headquarters_location,46,6147
WWE의 본부는 어디에 있습니까?,스탬퍼드,headquarters_location,46,6147
WWE의 본부를 호스팅하는 장소는 어디인가요?,스탬퍼드,headquarters_location,46,6147
맥길 대학교의 본부는 어디에 있습니까?,몬트리올,headquarters_location,47,6148
맥길 대학교의 본부가 위치한 도시는 어디입니까?,몬트리올,headquarters_location,47,6148
맥길 대학교의 본부의 위치는 어디인가요?,몬트리올,headquarters_location,47,6148
맥길 대학교의 본부는 어디에 있습니까?,몬트리올,headquarters_location,47,6148
맥길 대학교의 본부를 호스팅하는 장소는 어디인가요?,몬트리올,headquarters_location,47,6148
카리브 공동체의 본부는 어디에 있습니까?,조지타운,headquarters_location,48,6149
카리브 공동체의 본부가 위치한 도시는 어디입니까?,조지타운,headquarters_location,48,6149
카리브 공동체의 본부의 위치는 어디인가요?,조지타운,headquarters_location,48,6149
카리브 공동체의 본부는 어디에 있습니까?,조지타운,headquarters_location,48,6149
카리브 공동체의 본부를 호스팅하는 장소는 어디인가요?,조지타운,headquarters_location,48,6149
렉서스의 본부는 어디에 있습니까?,나고야시,headquarters_location,49,6150
렉서스의 본부가 위치한 도시는 어디입니까?,나고야시,headquarters_location,49,6150
렉서스의 본부의 위치는 어디인가요?,나고야시,headquarters_location,49,6150
렉서스의 본부는 어디에 있습니까?,나고야시,headquarters_location,49,6150
렉서스의 본부를 호스팅하는 장소는 어디인가요?,나고야시,headquarters_location,49,6150
셰필드 유나이티드 FC의 본부는 어디에 있습니까?,셰필드,headquarters_location,50,6151
셰필드 유나이티드 FC의 본부가 위치한 도시는 어디입니까?,셰필드,headquarters_location,50,6151
셰필드 유나이티드 FC의 본부의 위치는 어디인가요?,셰필드,headquarters_location,50,6151
셰필드 유나이티드 FC의 본부는 어디에 있습니까?,셰필드,headquarters_location,50,6151
셰필드 유나이티드 FC의 본부를 호스팅하는 장소는 어디인가요?,셰필드,headquarters_location,50,6151
macOS의 개발자는 어떤 회사입니까?,애플,developer,0,3674
macOS를 누가 개발했습니까?,애플,developer,0,3674
macOS를 개발한 책임이 있는 회사는 무엇입니까?,애플,developer,0,3674
macOS가 누에 의해 개발되었습니까?,애플,developer,0,3674
macOS의 개발을 인정받은 조직은 무엇입니까?,애플,developer,0,3674
iOS의 개발자는 어떤 회사입니까?,애플,developer,1,3675
iOS를 누가 개발했습니까?,애플,developer,1,3675
iOS를 개발한 책임이 있는 회사는 무엇입니까?,애플,developer,1,3675
iOS가 누에 의해 개발되었습니까?,애플,developer,1,3675
iOS의 개발을 인정받은 조직은 무엇입니까?,애플,developer,1,3675
사파리의 개발자는 어떤 회사입니까?,애플,developer,2,3676
사파리를 누가 개발했습니까?,애플,developer,2,3676
사파리를 개발한 책임이 있는 회사는 무엇입니까?,애플,developer,2,3676
사파리가 누에 의해 개발되었습니까?,애플,developer,2,3676
사파리의 개발을 인정받은 조직은 무엇입니까?,애플,developer,2,3676
포스트스크립트의 개발자는 어떤 회사입니까?,어도비 시스템즈,developer,3,3677
포스트스크립트를 누가 개발했습니까?,어도비 시스템즈,developer,3,3677
포스트스크립트를 개발한 책임이 있는 회사는 무엇입니까?,어도비 시스템즈,developer,3,3677
포스트스크립트가 누에 의해 개발되었습니까?,어도비 시스템즈,developer,3,3677
포스트스크립트의 개발을 인정받은 조직은 무엇입니까?,어도비 시스템즈,developer,3,3677
윈도 비스타의 개발자는 어떤 회사입니까?,마이크로소프트,developer,4,3678
윈도 비스타를 누가 개발했습니까?,마이크로소프트,developer,4,3678
윈도 비스타를 개발한 책임이 있는 회사는 무엇입니까?,마이크로소프트,developer,4,3678
윈도 비스타가 누에 의해 개발되었습니까?,마이크로소프트,developer,4,3678
윈도 비스타의 개발을 인정받은 조직은 무엇입니까?,마이크로소프트,developer,4,3678
인터넷 익스플로러의 개발자는 어떤 회사입니까?,마이크로소프트,developer,5,3679
인터넷 익스플로러를 누가 개발했습니까?,마이크로소프트,developer,5,3679
인터넷 익스플로러를 개발한 책임이 있는 회사는 무엇입니까?,마이크로소프트,developer,5,3679
인터넷 익스플로러가 누에 의해 개발되었습니까?,마이크로소프트,developer,5,3679
인터넷 익스플로러의 개발을 인정받은 조직은 무엇입니까?,마이크로소프트,developer,5,3679
보잉 B-17 플라잉 포트리스의 개발자는 어떤 회사입니까?,보잉,developer,6,3680
보잉 B-17 플라잉 포트리스를 누가 개발했습니까?,보잉,developer,6,3680
보잉 B-17 플라잉 포트리스를 개발한 책임이 있는 회사는 무엇입니까?,보잉,developer,6,3680
보잉 B-17 플라잉 포트리스가 누에 의해 개발되었습니까?,보잉,developer,6,3680
보잉 B-17 플라잉 포트리스의 개발을 인정받은 조직은 무엇입니까?,보잉,developer,6,3680
DirectX의 개발자는 어떤 회사입니까?,마이크로소프트,developer,7,3681
DirectX를 누가 개발했습니까?,마이크로소프트,developer,7,3681
DirectX를 개발한 책임이 있는 회사는 무엇입니까?,마이크로소프트,developer,7,3681
DirectX가 누에 의해 개발되었습니까?,마이크로소프트,developer,7,3681
DirectX의 개발을 인정받은 조직은 무엇입니까?,마이크로소프트,developer,7,3681
마이크로소프트 윈도우의 개발자는 어떤 회사입니까?,마이크로소프트,developer,8,3682
마이크로소프트 윈도우를 누가 개발했습니까?,마이크로소프트,developer,8,3682
마이크로소프트 윈도우를 개발한 책임이 있는 회사는 무엇입니까?,마이크로소프트,developer,8,3682
마이크로소프트 윈도우가 누에 의해 개발되었습니까?,마이크로소프트,developer,8,3682
마이크로소프트 윈도우의 개발을 인정받은 조직은 무엇입니까?,마이크로소프트,developer,8,3682
엑스박스 360의 개발자는 어떤 회사입니까?,마이크로소프트,developer,9,3683
엑스박스 360를 누가 개발했습니까?,마이크로소프트,developer,9,3683
엑스박스 360를 개발한 책임이 있는 회사는 무엇입니까?,마이크로소프트,developer,9,3683
엑스박스 360가 누에 의해 개발되었습니까?,마이크로소프트,developer,9,3683
엑스박스 360의 개발을 인정받은 조직은 무엇입니까?,마이크로소프트,developer,9,3683
엑스박스 원의 개발자는 어떤 회사입니까?,마이크로소프트,developer,10,3684
엑스박스 원를 누가 개발했습니까?,마이크로소프트,developer,10,3684
엑스박스 원를 개발한 책임이 있는 회사는 무엇입니까?,마이크로소프트,developer,10,3684
엑스박스 원가 누에 의해 개발되었습니까?,마이크로소프트,developer,10,3684
엑스박스 원의 개발을 인정받은 조직은 무엇입니까?,마이크로소프트,developer,10,3684
MS-DOS의 개발자는 어떤 회사입니까?,마이크로소프트,developer,11,3685
MS-DOS를 누가 개발했습니까?,마이크로소프트,developer,11,3685
MS-DOS를 개발한 책임이 있는 회사는 무엇입니까?,마이크로소프트,developer,11,3685
MS-DOS가 누에 의해 개발되었습니까?,마이크로소프트,developer,11,3685
MS-DOS의 개발을 인정받은 조직은 무엇입니까?,마이크로소프트,developer,11,3685
포트란의 개발자는 어떤 회사입니까?,IBM,developer,12,3686
포트란를 누가 개발했습니까?,IBM,developer,12,3686
포트란를 개발한 책임이 있는 회사는 무엇입니까?,IBM,developer,12,3686
포트란가 누에 의해 개발되었습니까?,IBM,developer,12,3686
포트란의 개발을 인정받은 조직은 무엇입니까?,IBM,developer,12,3686
윈도 1.0의 개발자는 어떤 회사입니까?,마이크로소프트,developer,13,3687
윈도 1.0를 누가 개발했습니까?,마이크로소프트,developer,13,3687
윈도 1.0를 개발한 책임이 있는 회사는 무엇입니까?,마이크로소프트,developer,13,3687
윈도 1.0가 누에 의해 개발되었습니까?,마이크로소프트,developer,13,3687
윈도 1.0의 개발을 인정받은 조직은 무엇입니까?,마이크로소프트,developer,13,3687
닌텐도 3DS의 개발자는 어떤 회사입니까?,닌텐도,developer,14,3688
닌텐도 3DS를 누가 개발했습니까?,닌텐도,developer,14,3688
닌텐도 3DS를 개발한 책임이 있는 회사는 무엇입니까?,닌텐도,developer,14,3688
닌텐도 3DS가 누에 의해 개발되었습니까?,닌텐도,developer,14,3688
닌텐도 3DS의 개발을 인정받은 조직은 무엇입니까?,닌텐도,developer,14,3688
인텔 80386의 개발자는 어떤 회사입니까?,인텔,developer,15,3689
인텔 80386를 누가 개발했습니까?,인텔,developer,15,3689
인텔 80386를 개발한 책임이 있는 회사는 무엇입니까?,인텔,developer,15,3689
인텔 80386가 누에 의해 개발되었습니까?,인텔,developer,15,3689
인텔 80386의 개발을 인정받은 조직은 무엇입니까?,인텔,developer,15,3689
윈도우 10의 개발자는 어떤 회사입니까?,마이크로소프트,developer,16,3690
윈도우 10를 누가 개발했습니까?,마이크로소프트,developer,16,3690
윈도우 10를 개발한 책임이 있는 회사는 무엇입니까?,마이크로소프트,developer,16,3690
윈도우 10가 누에 의해 개발되었습니까?,마이크로소프트,developer,16,3690
윈도우 10의 개발을 인정받은 조직은 무엇입니까?,마이크로소프트,developer,16,3690
마이크로소프트 엑셀의 개발자는 어떤 회사입니까?,마이크로소프트,developer,17,3691
마이크로소프트 엑셀를 누가 개발했습니까?,마이크로소프트,developer,17,3691
마이크로소프트 엑셀를 개발한 책임이 있는 회사는 무엇입니까?,마이크로소프트,developer,17,3691
마이크로소프트 엑셀가 누에 의해 개발되었습니까?,마이크로소프트,developer,17,3691
마이크로소프트 엑셀의 개발을 인정받은 조직은 무엇입니까?,마이크로소프트,developer,17,3691
마이크로소프트 오피스의 개발자는 어떤 회사입니까?,마이크로소프트,developer,18,3692
마이크로소프트 오피스를 누가 개발했습니까?,마이크로소프트,developer,18,3692
마이크로소프트 오피스를 개발한 책임이 있는 회사는 무엇입니까?,마이크로소프트,developer,18,3692
마이크로소프트 오피스가 누에 의해 개발되었습니까?,마이크로소프트,developer,18,3692
마이크로소프트 오피스의 개발을 인정받은 조직은 무엇입니까?,마이크로소프트,developer,18,3692
마이크로소프트 워드의 개발자는 어떤 회사입니까?,마이크로소프트,developer,19,3693
마이크로소프트 워드를 누가 개발했습니까?,마이크로소프트,developer,19,3693
마이크로소프트 워드를 개발한 책임이 있는 회사는 무엇입니까?,마이크로소프트,developer,19,3693
마이크로소프트 워드가 누에 의해 개발되었습니까?,마이크로소프트,developer,19,3693
마이크로소프트 워드의 개발을 인정받은 조직은 무엇입니까?,마이크로소프트,developer,19,3693
맥 OS의 개발자는 어떤 회사입니까?,애플,developer,20,3694
맥 OS를 누가 개발했습니까?,애플,developer,20,3694
맥 OS를 개발한 책임이 있는 회사는 무엇입니까?,애플,developer,20,3694
맥 OS가 누에 의해 개발되었습니까?,애플,developer,20,3694
맥 OS의 개발을 인정받은 조직은 무엇입니까?,애플,developer,20,3694
윈도 95의 개발자는 어떤 회사입니까?,마이크로소프트,developer,21,3695
윈도 95를 누가 개발했습니까?,마이크로소프트,developer,21,3695
윈도 95를 개발한 책임이 있는 회사는 무엇입니까?,마이크로소프트,developer,21,3695
윈도 95가 누에 의해 개발되었습니까?,마이크로소프트,developer,21,3695
윈도 95의 개발을 인정받은 조직은 무엇입니까?,마이크로소프트,developer,21,3695
마이크로소프트 비주얼 스튜디오의 개발자는 어떤 회사입니까?,마이크로소프트,developer,22,3696
마이크로소프트 비주얼 스튜디오를 누가 개발했습니까?,마이크로소프트,developer,22,3696
마이크로소프트 비주얼 스튜디오를 개발한 책임이 있는 회사는 무엇입니까?,마이크로소프트,developer,22,3696
마이크로소프트 비주얼 스튜디오가 누에 의해 개발되었습니까?,마이크로소프트,developer,22,3696
마이크로소프트 비주얼 스튜디오의 개발을 인정받은 조직은 무엇입니까?,마이크로소프트,developer,22,3696
윈도 98의 개발자는 어떤 회사입니까?,마이크로소프트,developer,23,3697
윈도 98를 누가 개발했습니까?,마이크로소프트,developer,23,3697
윈도 98를 개발한 책임이 있는 회사는 무엇입니까?,마이크로소프트,developer,23,3697
윈도 98가 누에 의해 개발되었습니까?,마이크로소프트,developer,23,3697
윈도 98의 개발을 인정받은 조직은 무엇입니까?,마이크로소프트,developer,23,3697
어도비 애크러뱃의 개발자는 어떤 회사입니까?,어도비 시스템즈,developer,24,3698
어도비 애크러뱃를 누가 개발했습니까?,어도비 시스템즈,developer,24,3698
어도비 애크러뱃를 개발한 책임이 있는 회사는 무엇입니까?,어도비 시스템즈,developer,24,3698
어도비 애크러뱃가 누에 의해 개발되었습니까?,어도비 시스템즈,developer,24,3698
어도비 애크러뱃의 개발을 인정받은 조직은 무엇입니까?,어도비 시스템즈,developer,24,3698
PDF의 개발자는 어떤 회사입니까?,어도비 시스템즈,developer,25,3699
PDF를 누가 개발했습니까?,어도비 시스템즈,developer,25,3699
PDF를 개발한 책임이 있는 회사는 무엇입니까?,어도비 시스템즈,developer,25,3699
PDF가 누에 의해 개발되었습니까?,어도비 시스템즈,developer,25,3699
PDF의 개발을 인정받은 조직은 무엇입니까?,어도비 시스템즈,developer,25,3699
인텔 코어 2의 개발자는 어떤 회사입니까?,인텔,developer,26,3700
인텔 코어 2를 누가 개발했습니까?,인텔,developer,26,3700
인텔 코어 2를 개발한 책임이 있는 회사는 무엇입니까?,인텔,developer,26,3700
인텔 코어 2가 누에 의해 개발되었습니까?,인텔,developer,26,3700
인텔 코어 2의 개발을 인정받은 조직은 무엇입니까?,인텔,developer,26,3700
어도비 플래시의 개발자는 어떤 회사입니까?,어도비 시스템즈,developer,27,3701
어도비 플래시를 누가 개발했습니까?,어도비 시스템즈,developer,27,3701
어도비 플래시를 개발한 책임이 있는 회사는 무엇입니까?,어도비 시스템즈,developer,27,3701
어도비 플래시가 누에 의해 개발되었습니까?,어도비 시스템즈,developer,27,3701
어도비 플래시의 개발을 인정받은 조직은 무엇입니까?,어도비 시스템즈,developer,27,3701
심비안 OS의 개발자는 어떤 회사입니까?,노키아,developer,28,3702
심비안 OS를 누가 개발했습니까?,노키아,developer,28,3702
심비안 OS를 개발한 책임이 있는 회사는 무엇입니까?,노키아,developer,28,3702
심비안 OS가 누에 의해 개발되었습니까?,노키아,developer,28,3702
심비안 OS의 개발을 인정받은 조직은 무엇입니까?,노키아,developer,28,3702
윈도 폰의 개발자는 어떤 회사입니까?,마이크로소프트,developer,29,3703
윈도 폰를 누가 개발했습니까?,마이크로소프트,developer,29,3703
윈도 폰를 개발한 책임이 있는 회사는 무엇입니까?,마이크로소프트,developer,29,3703
윈도 폰가 누에 의해 개발되었습니까?,마이크로소프트,developer,29,3703
윈도 폰의 개발을 인정받은 조직은 무엇입니까?,마이크로소프트,developer,29,3703
펜티엄의 개발자는 어떤 회사입니까?,인텔,developer,30,3704
펜티엄를 누가 개발했습니까?,인텔,developer,30,3704
펜티엄를 개발한 책임이 있는 회사는 무엇입니까?,인텔,developer,30,3704
펜티엄가 누에 의해 개발되었습니까?,인텔,developer,30,3704
펜티엄의 개발을 인정받은 조직은 무엇입니까?,인텔,developer,30,3704
어도비 포토샵의 개발자는 어떤 회사입니까?,어도비 시스템즈,developer,31,3705
어도비 포토샵를 누가 개발했습니까?,어도비 시스템즈,developer,31,3705
어도비 포토샵를 개발한 책임이 있는 회사는 무엇입니까?,어도비 시스템즈,developer,31,3705
어도비 포토샵가 누에 의해 개발되었습니까?,어도비 시스템즈,developer,31,3705
어도비 포토샵의 개발을 인정받은 조직은 무엇입니까?,어도비 시스템즈,developer,31,3705
퀵타임의 개발자는 어떤 회사입니까?,애플,developer,32,3706
퀵타임를 누가 개발했습니까?,애플,developer,32,3706
퀵타임를 개발한 책임이 있는 회사는 무엇입니까?,애플,developer,32,3706
퀵타임가 누에 의해 개발되었습니까?,애플,developer,32,3706
퀵타임의 개발을 인정받은 조직은 무엇입니까?,애플,developer,32,3706
Wii U의 개발자는 어떤 회사입니까?,닌텐도,developer,33,3707
Wii U를 누가 개발했습니까?,닌텐도,developer,33,3707
Wii U를 개발한 책임이 있는 회사는 무엇입니까?,닌텐도,developer,33,3707
Wii U가 누에 의해 개발되었습니까?,닌텐도,developer,33,3707
Wii U의 개발을 인정받은 조직은 무엇입니까?,닌텐도,developer,33,3707
윈도 XP의 개발자는 어떤 회사입니까?,마이크로소프트,developer,34,3708
윈도 XP를 누가 개발했습니까?,마이크로소프트,developer,34,3708
윈도 XP를 개발한 책임이 있는 회사는 무엇입니까?,마이크로소프트,developer,34,3708
윈도 XP가 누에 의해 개발되었습니까?,마이크로소프트,developer,34,3708
윈도 XP의 개발을 인정받은 조직은 무엇입니까?,마이크로소프트,developer,34,3708
윈도 2000의 개발자는 어떤 회사입니까?,마이크로소프트,developer,35,3709
윈도 2000를 누가 개발했습니까?,마이크로소프트,developer,35,3709
윈도 2000를 개발한 책임이 있는 회사는 무엇입니까?,마이크로소프트,developer,35,3709
윈도 2000가 누에 의해 개발되었습니까?,마이크로소프트,developer,35,3709
윈도 2000의 개발을 인정받은 조직은 무엇입니까?,마이크로소프트,developer,35,3709
NTFS의 개발자는 어떤 회사입니까?,마이크로소프트,developer,36,3710
NTFS를 누가 개발했습니까?,마이크로소프트,developer,36,3710
NTFS를 개발한 책임이 있는 회사는 무엇입니까?,마이크로소프트,developer,36,3710
NTFS가 누에 의해 개발되었습니까?,마이크로소프트,developer,36,3710
NTFS의 개발을 인정받은 조직은 무엇입니까?,마이크로소프트,developer,36,3710
윈도 8의 개발자는 어떤 회사입니까?,마이크로소프트,developer,37,3711
윈도 8를 누가 개발했습니까?,마이크로소프트,developer,37,3711
윈도 8를 개발한 책임이 있는 회사는 무엇입니까?,마이크로소프트,developer,37,3711
윈도 8가 누에 의해 개발되었습니까?,마이크로소프트,developer,37,3711
윈도 8의 개발을 인정받은 조직은 무엇입니까?,마이크로소프트,developer,37,3711
아이팟의 개발자는 어떤 회사입니까?,애플,developer,38,3712
아이팟를 누가 개발했습니까?,애플,developer,38,3712
아이팟를 개발한 책임이 있는 회사는 무엇입니까?,애플,developer,38,3712
아이팟가 누에 의해 개발되었습니까?,애플,developer,38,3712
아이팟의 개발을 인정받은 조직은 무엇입니까?,애플,developer,38,3712
G메일의 개발자는 어떤 회사입니까?,구글,developer,39,3713
G메일를 누가 개발했습니까?,구글,developer,39,3713
G메일를 개발한 책임이 있는 회사는 무엇입니까?,구글,developer,39,3713
G메일가 누에 의해 개발되었습니까?,구글,developer,39,3713
G메일의 개발을 인정받은 조직은 무엇입니까?,구글,developer,39,3713
구글 지도의 개발자는 어떤 회사입니까?,구글,developer,40,3714
구글 지도를 누가 개발했습니까?,구글,developer,40,3714
구글 지도를 개발한 책임이 있는 회사는 무엇입니까?,구글,developer,40,3714
구글 지도가 누에 의해 개발되었습니까?,구글,developer,40,3714
구글 지도의 개발을 인정받은 조직은 무엇입니까?,구글,developer,40,3714
윈도 라이브 메신저의 개발자는 어떤 회사입니까?,마이크로소프트,developer,41,3715
윈도 라이브 메신저를 누가 개발했습니까?,마이크로소프트,developer,41,3715
윈도 라이브 메신저를 개발한 책임이 있는 회사는 무엇입니까?,마이크로소프트,developer,41,3715
윈도 라이브 메신저가 누에 의해 개발되었습니까?,마이크로소프트,developer,41,3715
윈도 라이브 메신저의 개발을 인정받은 조직은 무엇입니까?,마이크로소프트,developer,41,3715
구글 스트리트 뷰의 개발자는 어떤 회사입니까?,구글,developer,42,3716
구글 스트리트 뷰를 누가 개발했습니까?,구글,developer,42,3716
구글 스트리트 뷰를 개발한 책임이 있는 회사는 무엇입니까?,구글,developer,42,3716
구글 스트리트 뷰가 누에 의해 개발되었습니까?,구글,developer,42,3716
구글 스트리트 뷰의 개발을 인정받은 조직은 무엇입니까?,구글,developer,42,3716
윈도 미디어 플레이어의 개발자는 어떤 회사입니까?,마이크로소프트,developer,43,3717
윈도 미디어 플레이어를 누가 개발했습니까?,마이크로소프트,developer,43,3717
윈도 미디어 플레이어를 개발한 책임이 있는 회사는 무엇입니까?,마이크로소프트,developer,43,3717
윈도 미디어 플레이어가 누에 의해 개발되었습니까?,마이크로소프트,developer,43,3717
윈도 미디어 플레이어의 개발을 인정받은 조직은 무엇입니까?,마이크로소프트,developer,43,3717
닷넷 프레임워크의 개발자는 어떤 회사입니까?,마이크로소프트,developer,44,3718
닷넷 프레임워크를 누가 개발했습니까?,마이크로소프트,developer,44,3718
닷넷 프레임워크를 개발한 책임이 있는 회사는 무엇입니까?,마이크로소프트,developer,44,3718
닷넷 프레임워크가 누에 의해 개발되었습니까?,마이크로소프트,developer,44,3718
닷넷 프레임워크의 개발을 인정받은 조직은 무엇입니까?,마이크로소프트,developer,44,3718
윈도 업데이트의 개발자는 어떤 회사입니까?,마이크로소프트,developer,45,3719
윈도 업데이트를 누가 개발했습니까?,마이크로소프트,developer,45,3719
윈도 업데이트를 개발한 책임이 있는 회사는 무엇입니까?,마이크로소프트,developer,45,3719
윈도 업데이트가 누에 의해 개발되었습니까?,마이크로소프트,developer,45,3719
윈도 업데이트의 개발을 인정받은 조직은 무엇입니까?,마이크로소프트,developer,45,3719
보잉 B-52 스트래토포트리스의 개발자는 어떤 회사입니까?,보잉,developer,46,3720
보잉 B-52 스트래토포트리스를 누가 개발했습니까?,보잉,developer,46,3720
보잉 B-52 스트래토포트리스를 개발한 책임이 있는 회사는 무엇입니까?,보잉,developer,46,3720
보잉 B-52 스트래토포트리스가 누에 의해 개발되었습니까?,보잉,developer,46,3720
보잉 B-52 스트래토포트리스의 개발을 인정받은 조직은 무엇입니까?,보잉,developer,46,3720
아이튠즈의 개발자는 어떤 회사입니까?,애플,developer,47,3721
아이튠즈를 누가 개발했습니까?,애플,developer,47,3721
아이튠즈를 개발한 책임이 있는 회사는 무엇입니까?,애플,developer,47,3721
아이튠즈가 누에 의해 개발되었습니까?,애플,developer,47,3721
아이튠즈의 개발을 인정받은 조직은 무엇입니까?,애플,developer,47,3721
윈도 2.0의 개발자는 어떤 회사입니까?,마이크로소프트,developer,48,3722
윈도 2.0를 누가 개발했습니까?,마이크로소프트,developer,48,3722
윈도 2.0를 개발한 책임이 있는 회사는 무엇입니까?,마이크로소프트,developer,48,3722
윈도 2.0가 누에 의해 개발되었습니까?,마이크로소프트,developer,48,3722
윈도 2.0의 개발을 인정받은 조직은 무엇입니까?,마이크로소프트,developer,48,3722
애드센스의 개발자는 어떤 회사입니까?,구글,developer,49,3723
애드센스를 누가 개발했습니까?,구글,developer,49,3723
애드센스를 개발한 책임이 있는 회사는 무엇입니까?,구글,developer,49,3723
애드센스가 누에 의해 개발되었습니까?,구글,developer,49,3723
애드센스의 개발을 인정받은 조직은 무엇입니까?,구글,developer,49,3723
윈도 7의 개발자는 어떤 회사입니까?,마이크로소프트,developer,50,3724
윈도 7를 누가 개발했습니까?,마이크로소프트,developer,50,3724
윈도 7를 개발한 책임이 있는 회사는 무엇입니까?,마이크로소프트,developer,50,3724
윈도 7가 누에 의해 개발되었습니까?,마이크로소프트,developer,50,3724
윈도 7의 개발을 인정받은 조직은 무엇입니까?,마이크로소프트,developer,50,3724
에어버스 A350의 개발자는 어떤 회사입니까?,에어버스,developer,51,3725
에어버스 A350를 누가 개발했습니까?,에어버스,developer,51,3725
에어버스 A350를 개발한 책임이 있는 회사는 무엇입니까?,에어버스,developer,51,3725
에어버스 A350가 누에 의해 개발되었습니까?,에어버스,developer,51,3725
에어버스 A350의 개발을 인정받은 조직은 무엇입니까?,에어버스,developer,51,3725
피카사의 개발자는 어떤 회사입니까?,구글,developer,52,3726
피카사를 누가 개발했습니까?,구글,developer,52,3726
피카사를 개발한 책임이 있는 회사는 무엇입니까?,구글,developer,52,3726
피카사가 누에 의해 개발되었습니까?,구글,developer,52,3726
피카사의 개발을 인정받은 조직은 무엇입니까?,구글,developer,52,3726
구글 어스의 개발자는 어떤 회사입니까?,구글,developer,53,3727
구글 어스를 누가 개발했습니까?,구글,developer,53,3727
구글 어스를 개발한 책임이 있는 회사는 무엇입니까?,구글,developer,53,3727
구글 어스가 누에 의해 개발되었습니까?,구글,developer,53,3727
구글 어스의 개발을 인정받은 조직은 무엇입니까?,구글,developer,53,3727
구글 플레이의 개발자는 어떤 회사입니까?,구글,developer,54,3728
구글 플레이를 누가 개발했습니까?,구글,developer,54,3728
구글 플레이를 개발한 책임이 있는 회사는 무엇입니까?,구글,developer,54,3728
구글 플레이가 누에 의해 개발되었습니까?,구글,developer,54,3728
구글 플레이의 개발을 인정받은 조직은 무엇입니까?,구글,developer,54,3728
iCloud의 개발자는 어떤 회사입니까?,애플,developer,55,3729
iCloud를 누가 개발했습니까?,애플,developer,55,3729
iCloud를 개발한 책임이 있는 회사는 무엇입니까?,애플,developer,55,3729
iCloud가 누에 의해 개발되었습니까?,애플,developer,55,3729
iCloud의 개발을 인정받은 조직은 무엇입니까?,애플,developer,55,3729
시리의 개발자는 어떤 회사입니까?,애플,developer,56,3730
시리를 누가 개발했습니까?,애플,developer,56,3730
시리를 개발한 책임이 있는 회사는 무엇입니까?,애플,developer,56,3730
시리가 누에 의해 개발되었습니까?,애플,developer,56,3730
시리의 개발을 인정받은 조직은 무엇입니까?,애플,developer,56,3730
앱 스토어의 개발자는 어떤 회사입니까?,애플,developer,57,3731
앱 스토어를 누가 개발했습니까?,애플,developer,57,3731
앱 스토어를 개발한 책임이 있는 회사는 무엇입니까?,애플,developer,57,3731
앱 스토어가 누에 의해 개발되었습니까?,애플,developer,57,3731
앱 스토어의 개발을 인정받은 조직은 무엇입니까?,애플,developer,57,3731
마이크로소프트 액세스의 개발자는 어떤 회사입니까?,마이크로소프트,developer,58,3732
마이크로소프트 액세스를 누가 개발했습니까?,마이크로소프트,developer,58,3732
마이크로소프트 액세스를 개발한 책임이 있는 회사는 무엇입니까?,마이크로소프트,developer,58,3732
마이크로소프트 액세스가 누에 의해 개발되었습니까?,마이크로소프트,developer,58,3732
마이크로소프트 액세스의 개발을 인정받은 조직은 무엇입니까?,마이크로소프트,developer,58,3732
애플 워치의 개발자는 어떤 회사입니까?,애플,developer,59,3733
애플 워치를 누가 개발했습니까?,애플,developer,59,3733
애플 워치를 개발한 책임이 있는 회사는 무엇입니까?,애플,developer,59,3733
애플 워치가 누에 의해 개발되었습니까?,애플,developer,59,3733
애플 워치의 개발을 인정받은 조직은 무엇입니까?,애플,developer,59,3733
애플 북스의 개발자는 어떤 회사입니까?,애플,developer,60,3734
애플 북스를 누가 개발했습니까?,애플,developer,60,3734
애플 북스를 개발한 책임이 있는 회사는 무엇입니까?,애플,developer,60,3734
애플 북스가 누에 의해 개발되었습니까?,애플,developer,60,3734
애플 북스의 개발을 인정받은 조직은 무엇입니까?,애플,developer,60,3734
Google Drive의 개발자는 어떤 회사입니까?,구글,developer,61,3735
Google Drive를 누가 개발했습니까?,구글,developer,61,3735
Google Drive를 개발한 책임이 있는 회사는 무엇입니까?,구글,developer,61,3735
Google Drive가 누에 의해 개발되었습니까?,구글,developer,61,3735
Google Drive의 개발을 인정받은 조직은 무엇입니까?,구글,developer,61,3735
구글 행아웃의 개발자는 어떤 회사입니까?,구글,developer,62,3736
구글 행아웃를 누가 개발했습니까?,구글,developer,62,3736
구글 행아웃를 개발한 책임이 있는 회사는 무엇입니까?,구글,developer,62,3736
구글 행아웃가 누에 의해 개발되었습니까?,구글,developer,62,3736
구글 행아웃의 개발을 인정받은 조직은 무엇입니까?,구글,developer,62,3736
구글 캘린더의 개발자는 어떤 회사입니까?,구글,developer,63,3737
구글 캘린더를 누가 개발했습니까?,구글,developer,63,3737
구글 캘린더를 개발한 책임이 있는 회사는 무엇입니까?,구글,developer,63,3737
구글 캘린더가 누에 의해 개발되었습니까?,구글,developer,63,3737
구글 캘린더의 개발을 인정받은 조직은 무엇입니까?,구글,developer,63,3737
스카이프의 개발자는 어떤 회사입니까?,마이크로소프트,developer,64,3738
스카이프를 누가 개발했습니까?,마이크로소프트,developer,64,3738
스카이프를 개발한 책임이 있는 회사는 무엇입니까?,마이크로소프트,developer,64,3738
스카이프가 누에 의해 개발되었습니까?,마이크로소프트,developer,64,3738
스카이프의 개발을 인정받은 조직은 무엇입니까?,마이크로소프트,developer,64,3738
어도비 인디자인의 개발자는 어떤 회사입니까?,어도비 시스템즈,developer,65,3739
어도비 인디자인를 누가 개발했습니까?,어도비 시스템즈,developer,65,3739
어도비 인디자인를 개발한 책임이 있는 회사는 무엇입니까?,어도비 시스템즈,developer,65,3739
어도비 인디자인가 누에 의해 개발되었습니까?,어도비 시스템즈,developer,65,3739
어도비 인디자인의 개발을 인정받은 조직은 무엇입니까?,어도비 시스템즈,developer,65,3739
윈도 스토어의 개발자는 어떤 회사입니까?,마이크로소프트,developer,66,3740
윈도 스토어를 누가 개발했습니까?,마이크로소프트,developer,66,3740
윈도 스토어를 개발한 책임이 있는 회사는 무엇입니까?,마이크로소프트,developer,66,3740
윈도 스토어가 누에 의해 개발되었습니까?,마이크로소프트,developer,66,3740
윈도 스토어의 개발을 인정받은 조직은 무엇입니까?,마이크로소프트,developer,66,3740
인텔 8051의 개발자는 어떤 회사입니까?,인텔,developer,67,3741
인텔 8051를 누가 개발했습니까?,인텔,developer,67,3741
인텔 8051를 개발한 책임이 있는 회사는 무엇입니까?,인텔,developer,67,3741
인텔 8051가 누에 의해 개발되었습니까?,인텔,developer,67,3741
인텔 8051의 개발을 인정받은 조직은 무엇입니까?,인텔,developer,67,3741
블로거의 개발자는 어떤 회사입니까?,구글,developer,68,3742
블로거를 누가 개발했습니까?,구글,developer,68,3742
블로거를 개발한 책임이 있는 회사는 무엇입니까?,구글,developer,68,3742
블로거가 누에 의해 개발되었습니까?,구글,developer,68,3742
블로거의 개발을 인정받은 조직은 무엇입니까?,구글,developer,68,3742
구글 크롬의 개발자는 어떤 회사입니까?,구글,developer,69,3743
구글 크롬를 누가 개발했습니까?,구글,developer,69,3743
구글 크롬를 개발한 책임이 있는 회사는 무엇입니까?,구글,developer,69,3743
구글 크롬가 누에 의해 개발되었습니까?,구글,developer,69,3743
구글 크롬의 개발을 인정받은 조직은 무엇입니까?,구글,developer,69,3743
구글 번역의 개발자는 어떤 회사입니까?,구글,developer,70,3744
구글 번역를 누가 개발했습니까?,구글,developer,70,3744
구글 번역를 개발한 책임이 있는 회사는 무엇입니까?,구글,developer,70,3744
구글 번역가 누에 의해 개발되었습니까?,구글,developer,70,3744
구글 번역의 개발을 인정받은 조직은 무엇입니까?,구글,developer,70,3744
구글 글래스의 개발자는 어떤 회사입니까?,구글,developer,71,3745
구글 글래스를 누가 개발했습니까?,구글,developer,71,3745
구글 글래스를 개발한 책임이 있는 회사는 무엇입니까?,구글,developer,71,3745
구글 글래스가 누에 의해 개발되었습니까?,구글,developer,71,3745
구글 글래스의 개발을 인정받은 조직은 무엇입니까?,구글,developer,71,3745
윈도 모바일의 개발자는 어떤 회사입니까?,마이크로소프트,developer,72,3746
윈도 모바일를 누가 개발했습니까?,마이크로소프트,developer,72,3746
윈도 모바일를 개발한 책임이 있는 회사는 무엇입니까?,마이크로소프트,developer,72,3746
윈도 모바일가 누에 의해 개발되었습니까?,마이크로소프트,developer,72,3746
윈도 모바일의 개발을 인정받은 조직은 무엇입니까?,마이크로소프트,developer,72,3746
윈도 Me의 개발자는 어떤 회사입니까?,마이크로소프트,developer,73,3747
윈도 Me를 누가 개발했습니까?,마이크로소프트,developer,73,3747
윈도 Me를 개발한 책임이 있는 회사는 무엇입니까?,마이크로소프트,developer,73,3747
윈도 Me가 누에 의해 개발되었습니까?,마이크로소프트,developer,73,3747
윈도 Me의 개발을 인정받은 조직은 무엇입니까?,마이크로소프트,developer,73,3747
마인크래프트의 개발자는 어떤 회사입니까?,마이크로소프트,developer,74,3748
마인크래프트를 누가 개발했습니까?,마이크로소프트,developer,74,3748
마인크래프트를 개발한 책임이 있는 회사는 무엇입니까?,마이크로소프트,developer,74,3748
마인크래프트가 누에 의해 개발되었습니까?,마이크로소프트,developer,74,3748
마인크래프트의 개발을 인정받은 조직은 무엇입니까?,마이크로소프트,developer,74,3748
마이크로소프트 시큐리티 에센셜의 개발자는 어떤 회사입니까?,마이크로소프트,developer,75,3749
마이크로소프트 시큐리티 에센셜를 누가 개발했습니까?,마이크로소프트,developer,75,3749
마이크로소프트 시큐리티 에센셜를 개발한 책임이 있는 회사는 무엇입니까?,마이크로소프트,developer,75,3749
마이크로소프트 시큐리티 에센셜가 누에 의해 개발되었습니까?,마이크로소프트,developer,75,3749
마이크로소프트 시큐리티 에센셜의 개발을 인정받은 조직은 무엇입니까?,마이크로소프트,developer,75,3749
프랑스의 대통령를 법적 용어로 사용하는 나라는 어디인가요?,프랑스,applies_to_jurisdiction,0,5960
프랑스의 대통령가 법적 용어로 사용되는 관할권은 어디인가요?,프랑스,applies_to_jurisdiction,0,5960
법적 용어 프랑스의 대통령이(가) 적용되는 곳은 어디인가요?,프랑스,applies_to_jurisdiction,0,5960
어떤 법적 단체가 프랑스의 대통령을(를) 사용합니까?,프랑스,applies_to_jurisdiction,0,5960
프랑스의 대통령가 법적 용어로 인정받는 지역은 어디인가요?,프랑스,applies_to_jurisdiction,0,5960
캐나다의 총리를 법적 용어로 사용하는 나라는 어디인가요?,캐나다,applies_to_jurisdiction,1,5961
캐나다의 총리가 법적 용어로 사용되는 관할권은 어디인가요?,캐나다,applies_to_jurisdiction,1,5961
법적 용어 캐나다의 총리이(가) 적용되는 곳은 어디인가요?,캐나다,applies_to_jurisdiction,1,5961
어떤 법적 단체가 캐나다의 총리을(를) 사용합니까?,캐나다,applies_to_jurisdiction,1,5961
캐나다의 총리가 법적 용어로 인정받는 지역은 어디인가요?,캐나다,applies_to_jurisdiction,1,5961
오스트레일리아 노동당를 법적 용어로 사용하는 나라는 어디인가요?,오스트레일리아,applies_to_jurisdiction,2,5962
오스트레일리아 노동당가 법적 용어로 사용되는 관할권은 어디인가요?,오스트레일리아,applies_to_jurisdiction,2,5962
법적 용어 오스트레일리아 노동당이(가) 적용되는 곳은 어디인가요?,오스트레일리아,applies_to_jurisdiction,2,5962
어떤 법적 단체가 오스트레일리아 노동당을(를) 사용합니까?,오스트레일리아,applies_to_jurisdiction,2,5962
오스트레일리아 노동당가 법적 용어로 인정받는 지역은 어디인가요?,오스트레일리아,applies_to_jurisdiction,2,5962
멕시코의 대통령를 법적 용어로 사용하는 나라는 어디인가요?,멕시코,applies_to_jurisdiction,3,5963
멕시코의 대통령가 법적 용어로 사용되는 관할권은 어디인가요?,멕시코,applies_to_jurisdiction,3,5963
법적 용어 멕시코의 대통령이(가) 적용되는 곳은 어디인가요?,멕시코,applies_to_jurisdiction,3,5963
어떤 법적 단체가 멕시코의 대통령을(를) 사용합니까?,멕시코,applies_to_jurisdiction,3,5963
멕시코의 대통령가 법적 용어로 인정받는 지역은 어디인가요?,멕시코,applies_to_jurisdiction,3,5963
독일의 총리를 법적 용어로 사용하는 나라는 어디인가요?,독일,applies_to_jurisdiction,4,5964
독일의 총리가 법적 용어로 사용되는 관할권은 어디인가요?,독일,applies_to_jurisdiction,4,5964
법적 용어 독일의 총리이(가) 적용되는 곳은 어디인가요?,독일,applies_to_jurisdiction,4,5964
어떤 법적 단체가 독일의 총리을(를) 사용합니까?,독일,applies_to_jurisdiction,4,5964
독일의 총리가 법적 용어로 인정받는 지역은 어디인가요?,독일,applies_to_jurisdiction,4,5964
독일연방공화국 기본법를 법적 용어로 사용하는 나라는 어디인가요?,독일,applies_to_jurisdiction,5,5965
독일연방공화국 기본법가 법적 용어로 사용되는 관할권은 어디인가요?,독일,applies_to_jurisdiction,5,5965
법적 용어 독일연방공화국 기본법이(가) 적용되는 곳은 어디인가요?,독일,applies_to_jurisdiction,5,5965
어떤 법적 단체가 독일연방공화국 기본법을(를) 사용합니까?,독일,applies_to_jurisdiction,5,5965
독일연방공화국 기본법가 법적 용어로 인정받는 지역은 어디인가요?,독일,applies_to_jurisdiction,5,5965
캐나다 의회를 법적 용어로 사용하는 나라는 어디인가요?,캐나다,applies_to_jurisdiction,6,5966
캐나다 의회가 법적 용어로 사용되는 관할권은 어디인가요?,캐나다,applies_to_jurisdiction,6,5966
법적 용어 캐나다 의회이(가) 적용되는 곳은 어디인가요?,캐나다,applies_to_jurisdiction,6,5966
어떤 법적 단체가 캐나다 의회을(를) 사용합니까?,캐나다,applies_to_jurisdiction,6,5966
캐나다 의회가 법적 용어로 인정받는 지역은 어디인가요?,캐나다,applies_to_jurisdiction,6,5966
로크 사바를 법적 용어로 사용하는 나라는 어디인가요?,인도,applies_to_jurisdiction,7,5967
로크 사바가 법적 용어로 사용되는 관할권은 어디인가요?,인도,applies_to_jurisdiction,7,5967
법적 용어 로크 사바이(가) 적용되는 곳은 어디인가요?,인도,applies_to_jurisdiction,7,5967
어떤 법적 단체가 로크 사바을(를) 사용합니까?,인도,applies_to_jurisdiction,7,5967
로크 사바가 법적 용어로 인정받는 지역은 어디인가요?,인도,applies_to_jurisdiction,7,5967
크네셋를 법적 용어로 사용하는 나라는 어디인가요?,이스라엘,applies_to_jurisdiction,8,5968
크네셋가 법적 용어로 사용되는 관할권은 어디인가요?,이스라엘,applies_to_jurisdiction,8,5968
법적 용어 크네셋이(가) 적용되는 곳은 어디인가요?,이스라엘,applies_to_jurisdiction,8,5968
어떤 법적 단체가 크네셋을(를) 사용합니까?,이스라엘,applies_to_jurisdiction,8,5968
크네셋가 법적 용어로 인정받는 지역은 어디인가요?,이스라엘,applies_to_jurisdiction,8,5968
일본의 내각총리대신를 법적 용어로 사용하는 나라는 어디인가요?,일본,applies_to_jurisdiction,9,5969
일본의 내각총리대신가 법적 용어로 사용되는 관할권은 어디인가요?,일본,applies_to_jurisdiction,9,5969
법적 용어 일본의 내각총리대신이(가) 적용되는 곳은 어디인가요?,일본,applies_to_jurisdiction,9,5969
어떤 법적 단체가 일본의 내각총리대신을(를) 사용합니까?,일본,applies_to_jurisdiction,9,5969
일본의 내각총리대신가 법적 용어로 인정받는 지역은 어디인가요?,일본,applies_to_jurisdiction,9,5969
우아크타런를 법적 용어로 사용하는 나라는 어디인가요?,아일랜드,applies_to_jurisdiction,10,5970
우아크타런가 법적 용어로 사용되는 관할권은 어디인가요?,아일랜드,applies_to_jurisdiction,10,5970
법적 용어 우아크타런이(가) 적용되는 곳은 어디인가요?,아일랜드,applies_to_jurisdiction,10,5970
어떤 법적 단체가 우아크타런을(를) 사용합니까?,아일랜드,applies_to_jurisdiction,10,5970
우아크타런가 법적 용어로 인정받는 지역은 어디인가요?,아일랜드,applies_to_jurisdiction,10,5970
오스트레일리아 달러를 법적 용어로 사용하는 나라는 어디인가요?,오스트레일리아,applies_to_jurisdiction,11,5971
오스트레일리아 달러가 법적 용어로 사용되는 관할권은 어디인가요?,오스트레일리아,applies_to_jurisdiction,11,5971
법적 용어 오스트레일리아 달러이(가) 적용되는 곳은 어디인가요?,오스트레일리아,applies_to_jurisdiction,11,5971
어떤 법적 단체가 오스트레일리아 달러을(를) 사용합니까?,오스트레일리아,applies_to_jurisdiction,11,5971
오스트레일리아 달러가 법적 용어로 인정받는 지역은 어디인가요?,오스트레일리아,applies_to_jurisdiction,11,5971
파키스탄의 대통령를 법적 용어로 사용하는 나라는 어디인가요?,파키스탄,applies_to_jurisdiction,12,5972
파키스탄의 대통령가 법적 용어로 사용되는 관할권은 어디인가요?,파키스탄,applies_to_jurisdiction,12,5972
법적 용어 파키스탄의 대통령이(가) 적용되는 곳은 어디인가요?,파키스탄,applies_to_jurisdiction,12,5972
어떤 법적 단체가 파키스탄의 대통령을(를) 사용합니까?,파키스탄,applies_to_jurisdiction,12,5972
파키스탄의 대통령가 법적 용어로 인정받는 지역은 어디인가요?,파키스탄,applies_to_jurisdiction,12,5972
러시아의 대통령를 법적 용어로 사용하는 나라는 어디인가요?,러시아,applies_to_jurisdiction,13,5973
러시아의 대통령가 법적 용어로 사용되는 관할권은 어디인가요?,러시아,applies_to_jurisdiction,13,5973
법적 용어 러시아의 대통령이(가) 적용되는 곳은 어디인가요?,러시아,applies_to_jurisdiction,13,5973
어떤 법적 단체가 러시아의 대통령을(를) 사용합니까?,러시아,applies_to_jurisdiction,13,5973
러시아의 대통령가 법적 용어로 인정받는 지역은 어디인가요?,러시아,applies_to_jurisdiction,13,5973
오스트리아의 총리를 법적 용어로 사용하는 나라는 어디인가요?,오스트리아,applies_to_jurisdiction,14,5974
오스트리아의 총리가 법적 용어로 사용되는 관할권은 어디인가요?,오스트리아,applies_to_jurisdiction,14,5974
법적 용어 오스트리아의 총리이(가) 적용되는 곳은 어디인가요?,오스트리아,applies_to_jurisdiction,14,5974
어떤 법적 단체가 오스트리아의 총리을(를) 사용합니까?,오스트리아,applies_to_jurisdiction,14,5974
오스트리아의 총리가 법적 용어로 인정받는 지역은 어디인가요?,오스트리아,applies_to_jurisdiction,14,5974
스웨덴 의회를 법적 용어로 사용하는 나라는 어디인가요?,스웨덴,applies_to_jurisdiction,15,5975
스웨덴 의회가 법적 용어로 사용되는 관할권은 어디인가요?,스웨덴,applies_to_jurisdiction,15,5975
법적 용어 스웨덴 의회이(가) 적용되는 곳은 어디인가요?,스웨덴,applies_to_jurisdiction,15,5975
어떤 법적 단체가 스웨덴 의회을(를) 사용합니까?,스웨덴,applies_to_jurisdiction,15,5975
스웨덴 의회가 법적 용어로 인정받는 지역은 어디인가요?,스웨덴,applies_to_jurisdiction,15,5975
스페인의 국기를 법적 용어로 사용하는 나라는 어디인가요?,스페인,applies_to_jurisdiction,16,5976
스페인의 국기가 법적 용어로 사용되는 관할권은 어디인가요?,스페인,applies_to_jurisdiction,16,5976
법적 용어 스페인의 국기이(가) 적용되는 곳은 어디인가요?,스페인,applies_to_jurisdiction,16,5976
어떤 법적 단체가 스페인의 국기을(를) 사용합니까?,스페인,applies_to_jurisdiction,16,5976
스페인의 국기가 법적 용어로 인정받는 지역은 어디인가요?,스페인,applies_to_jurisdiction,16,5976
프랑스의 국기를 법적 용어로 사용하는 나라는 어디인가요?,프랑스,applies_to_jurisdiction,17,5977
프랑스의 국기가 법적 용어로 사용되는 관할권은 어디인가요?,프랑스,applies_to_jurisdiction,17,5977
법적 용어 프랑스의 국기이(가) 적용되는 곳은 어디인가요?,프랑스,applies_to_jurisdiction,17,5977
어떤 법적 단체가 프랑스의 국기을(를) 사용합니까?,프랑스,applies_to_jurisdiction,17,5977
프랑스의 국기가 법적 용어로 인정받는 지역은 어디인가요?,프랑스,applies_to_jurisdiction,17,5977
우크라이나의 대통령를 법적 용어로 사용하는 나라는 어디인가요?,우크라이나,applies_to_jurisdiction,18,5978
우크라이나의 대통령가 법적 용어로 사용되는 관할권은 어디인가요?,우크라이나,applies_to_jurisdiction,18,5978
법적 용어 우크라이나의 대통령이(가) 적용되는 곳은 어디인가요?,우크라이나,applies_to_jurisdiction,18,5978
어떤 법적 단체가 우크라이나의 대통령을(를) 사용합니까?,우크라이나,applies_to_jurisdiction,18,5978
우크라이나의 대통령가 법적 용어로 인정받는 지역은 어디인가요?,우크라이나,applies_to_jurisdiction,18,5978
프랑스의 총리를 법적 용어로 사용하는 나라는 어디인가요?,프랑스,applies_to_jurisdiction,19,5979
프랑스의 총리가 법적 용어로 사용되는 관할권은 어디인가요?,프랑스,applies_to_jurisdiction,19,5979
법적 용어 프랑스의 총리이(가) 적용되는 곳은 어디인가요?,프랑스,applies_to_jurisdiction,19,5979
어떤 법적 단체가 프랑스의 총리을(를) 사용합니까?,프랑스,applies_to_jurisdiction,19,5979
프랑스의 총리가 법적 용어로 인정받는 지역은 어디인가요?,프랑스,applies_to_jurisdiction,19,5979
덴마크의 국기를 법적 용어로 사용하는 나라는 어디인가요?,덴마크,applies_to_jurisdiction,20,5980
덴마크의 국기가 법적 용어로 사용되는 관할권은 어디인가요?,덴마크,applies_to_jurisdiction,20,5980
법적 용어 덴마크의 국기이(가) 적용되는 곳은 어디인가요?,덴마크,applies_to_jurisdiction,20,5980
어떤 법적 단체가 덴마크의 국기을(를) 사용합니까?,덴마크,applies_to_jurisdiction,20,5980
덴마크의 국기가 법적 용어로 인정받는 지역은 어디인가요?,덴마크,applies_to_jurisdiction,20,5980
독일 연방의회를 법적 용어로 사용하는 나라는 어디인가요?,독일,applies_to_jurisdiction,21,5981
독일 연방의회가 법적 용어로 사용되는 관할권은 어디인가요?,독일,applies_to_jurisdiction,21,5981
법적 용어 독일 연방의회이(가) 적용되는 곳은 어디인가요?,독일,applies_to_jurisdiction,21,5981
어떤 법적 단체가 독일 연방의회을(를) 사용합니까?,독일,applies_to_jurisdiction,21,5981
독일 연방의회가 법적 용어로 인정받는 지역은 어디인가요?,독일,applies_to_jurisdiction,21,5981
아일랜드의 국기를 법적 용어로 사용하는 나라는 어디인가요?,아일랜드,applies_to_jurisdiction,22,5982
아일랜드의 국기가 법적 용어로 사용되는 관할권은 어디인가요?,아일랜드,applies_to_jurisdiction,22,5982
법적 용어 아일랜드의 국기이(가) 적용되는 곳은 어디인가요?,아일랜드,applies_to_jurisdiction,22,5982
어떤 법적 단체가 아일랜드의 국기을(를) 사용합니까?,아일랜드,applies_to_jurisdiction,22,5982
아일랜드의 국기가 법적 용어로 인정받는 지역은 어디인가요?,아일랜드,applies_to_jurisdiction,22,5982
오스트리아의 대통령를 법적 용어로 사용하는 나라는 어디인가요?,오스트리아,applies_to_jurisdiction,23,5983
오스트리아의 대통령가 법적 용어로 사용되는 관할권은 어디인가요?,오스트리아,applies_to_jurisdiction,23,5983
법적 용어 오스트리아의 대통령이(가) 적용되는 곳은 어디인가요?,오스트리아,applies_to_jurisdiction,23,5983
어떤 법적 단체가 오스트리아의 대통령을(를) 사용합니까?,오스트리아,applies_to_jurisdiction,23,5983
오스트리아의 대통령가 법적 용어로 인정받는 지역은 어디인가요?,오스트리아,applies_to_jurisdiction,23,5983
파키스탄의 총리를 법적 용어로 사용하는 나라는 어디인가요?,파키스탄,applies_to_jurisdiction,24,5984
파키스탄의 총리가 법적 용어로 사용되는 관할권은 어디인가요?,파키스탄,applies_to_jurisdiction,24,5984
법적 용어 파키스탄의 총리이(가) 적용되는 곳은 어디인가요?,파키스탄,applies_to_jurisdiction,24,5984
어떤 법적 단체가 파키스탄의 총리을(를) 사용합니까?,파키스탄,applies_to_jurisdiction,24,5984
파키스탄의 총리가 법적 용어로 인정받는 지역은 어디인가요?,파키스탄,applies_to_jurisdiction,24,5984
독일의 대통령를 법적 용어로 사용하는 나라는 어디인가요?,독일,applies_to_jurisdiction,25,5985
독일의 대통령가 법적 용어로 사용되는 관할권은 어디인가요?,독일,applies_to_jurisdiction,25,5985
법적 용어 독일의 대통령이(가) 적용되는 곳은 어디인가요?,독일,applies_to_jurisdiction,25,5985
어떤 법적 단체가 독일의 대통령을(를) 사용합니까?,독일,applies_to_jurisdiction,25,5985
독일의 대통령가 법적 용어로 인정받는 지역은 어디인가요?,독일,applies_to_jurisdiction,25,5985
스웨덴의 총리를 법적 용어로 사용하는 나라는 어디인가요?,스웨덴,applies_to_jurisdiction,26,5986
스웨덴의 총리가 법적 용어로 사용되는 관할권은 어디인가요?,스웨덴,applies_to_jurisdiction,26,5986
법적 용어 스웨덴의 총리이(가) 적용되는 곳은 어디인가요?,스웨덴,applies_to_jurisdiction,26,5986
어떤 법적 단체가 스웨덴의 총리을(를) 사용합니까?,스웨덴,applies_to_jurisdiction,26,5986
스웨덴의 총리가 법적 용어로 인정받는 지역은 어디인가요?,스웨덴,applies_to_jurisdiction,26,5986
프랑스 국민의회를 법적 용어로 사용하는 나라는 어디인가요?,프랑스,applies_to_jurisdiction,27,5987
프랑스 국민의회가 법적 용어로 사용되는 관할권은 어디인가요?,프랑스,applies_to_jurisdiction,27,5987
법적 용어 프랑스 국민의회이(가) 적용되는 곳은 어디인가요?,프랑스,applies_to_jurisdiction,27,5987
어떤 법적 단체가 프랑스 국민의회을(를) 사용합니까?,프랑스,applies_to_jurisdiction,27,5987
프랑스 국민의회가 법적 용어로 인정받는 지역은 어디인가요?,프랑스,applies_to_jurisdiction,27,5987
스위스의 국기를 법적 용어로 사용하는 나라는 어디인가요?,스위스,applies_to_jurisdiction,28,5988
스위스의 국기가 법적 용어로 사용되는 관할권은 어디인가요?,스위스,applies_to_jurisdiction,28,5988
법적 용어 스위스의 국기이(가) 적용되는 곳은 어디인가요?,스위스,applies_to_jurisdiction,28,5988
어떤 법적 단체가 스위스의 국기을(를) 사용합니까?,스위스,applies_to_jurisdiction,28,5988
스위스의 국기가 법적 용어로 인정받는 지역은 어디인가요?,스위스,applies_to_jurisdiction,28,5988
러시아의 총리를 법적 용어로 사용하는 나라는 어디인가요?,러시아,applies_to_jurisdiction,29,5989
러시아의 총리가 법적 용어로 사용되는 관할권은 어디인가요?,러시아,applies_to_jurisdiction,29,5989
법적 용어 러시아의 총리이(가) 적용되는 곳은 어디인가요?,러시아,applies_to_jurisdiction,29,5989
어떤 법적 단체가 러시아의 총리을(를) 사용합니까?,러시아,applies_to_jurisdiction,29,5989
러시아의 총리가 법적 용어로 인정받는 지역은 어디인가요?,러시아,applies_to_jurisdiction,29,5989
싱가포르의 국기를 법적 용어로 사용하는 나라는 어디인가요?,싱가포르,applies_to_jurisdiction,30,5990
싱가포르의 국기가 법적 용어로 사용되는 관할권은 어디인가요?,싱가포르,applies_to_jurisdiction,30,5990
법적 용어 싱가포르의 국기이(가) 적용되는 곳은 어디인가요?,싱가포르,applies_to_jurisdiction,30,5990
어떤 법적 단체가 싱가포르의 국기을(를) 사용합니까?,싱가포르,applies_to_jurisdiction,30,5990
싱가포르의 국기가 법적 용어로 인정받는 지역은 어디인가요?,싱가포르,applies_to_jurisdiction,30,5990
프랑스 상원를 법적 용어로 사용하는 나라는 어디인가요?,프랑스,applies_to_jurisdiction,31,5991
프랑스 상원가 법적 용어로 사용되는 관할권은 어디인가요?,프랑스,applies_to_jurisdiction,31,5991
법적 용어 프랑스 상원이(가) 적용되는 곳은 어디인가요?,프랑스,applies_to_jurisdiction,31,5991
어떤 법적 단체가 프랑스 상원을(를) 사용합니까?,프랑스,applies_to_jurisdiction,31,5991
프랑스 상원가 법적 용어로 인정받는 지역은 어디인가요?,프랑스,applies_to_jurisdiction,31,5991
우크라이나의 총리를 법적 용어로 사용하는 나라는 어디인가요?,우크라이나,applies_to_jurisdiction,32,5992
우크라이나의 총리가 법적 용어로 사용되는 관할권은 어디인가요?,우크라이나,applies_to_jurisdiction,32,5992
법적 용어 우크라이나의 총리이(가) 적용되는 곳은 어디인가요?,우크라이나,applies_to_jurisdiction,32,5992
어떤 법적 단체가 우크라이나의 총리을(를) 사용합니까?,우크라이나,applies_to_jurisdiction,32,5992
우크라이나의 총리가 법적 용어로 인정받는 지역은 어디인가요?,우크라이나,applies_to_jurisdiction,32,5992
러시아의 국기를 법적 용어로 사용하는 나라는 어디인가요?,러시아,applies_to_jurisdiction,33,5993
러시아의 국기가 법적 용어로 사용되는 관할권은 어디인가요?,러시아,applies_to_jurisdiction,33,5993
법적 용어 러시아의 국기이(가) 적용되는 곳은 어디인가요?,러시아,applies_to_jurisdiction,33,5993
어떤 법적 단체가 러시아의 국기을(를) 사용합니까?,러시아,applies_to_jurisdiction,33,5993
러시아의 국기가 법적 용어로 인정받는 지역은 어디인가요?,러시아,applies_to_jurisdiction,33,5993
캐나다의 국기를 법적 용어로 사용하는 나라는 어디인가요?,캐나다,applies_to_jurisdiction,34,5994
캐나다의 국기가 법적 용어로 사용되는 관할권은 어디인가요?,캐나다,applies_to_jurisdiction,34,5994
법적 용어 캐나다의 국기이(가) 적용되는 곳은 어디인가요?,캐나다,applies_to_jurisdiction,34,5994
어떤 법적 단체가 캐나다의 국기을(를) 사용합니까?,캐나다,applies_to_jurisdiction,34,5994
캐나다의 국기가 법적 용어로 인정받는 지역은 어디인가요?,캐나다,applies_to_jurisdiction,34,5994
루마니아의 대통령를 법적 용어로 사용하는 나라는 어디인가요?,루마니아,applies_to_jurisdiction,35,5995
루마니아의 대통령가 법적 용어로 사용되는 관할권은 어디인가요?,루마니아,applies_to_jurisdiction,35,5995
법적 용어 루마니아의 대통령이(가) 적용되는 곳은 어디인가요?,루마니아,applies_to_jurisdiction,35,5995
어떤 법적 단체가 루마니아의 대통령을(를) 사용합니까?,루마니아,applies_to_jurisdiction,35,5995
루마니아의 대통령가 법적 용어로 인정받는 지역은 어디인가요?,루마니아,applies_to_jurisdiction,35,5995
네덜란드의 국기를 법적 용어로 사용하는 나라는 어디인가요?,네덜란드,applies_to_jurisdiction,36,5996
네덜란드의 국기가 법적 용어로 사용되는 관할권은 어디인가요?,네덜란드,applies_to_jurisdiction,36,5996
법적 용어 네덜란드의 국기이(가) 적용되는 곳은 어디인가요?,네덜란드,applies_to_jurisdiction,36,5996
어떤 법적 단체가 네덜란드의 국기을(를) 사용합니까?,네덜란드,applies_to_jurisdiction,36,5996
네덜란드의 국기가 법적 용어로 인정받는 지역은 어디인가요?,네덜란드,applies_to_jurisdiction,36,5996
말레이시아의 총리를 법적 용어로 사용하는 나라는 어디인가요?,말레이시아,applies_to_jurisdiction,37,5997
말레이시아의 총리가 법적 용어로 사용되는 관할권은 어디인가요?,말레이시아,applies_to_jurisdiction,37,5997
법적 용어 말레이시아의 총리이(가) 적용되는 곳은 어디인가요?,말레이시아,applies_to_jurisdiction,37,5997
어떤 법적 단체가 말레이시아의 총리을(를) 사용합니까?,말레이시아,applies_to_jurisdiction,37,5997
말레이시아의 총리가 법적 용어로 인정받는 지역은 어디인가요?,말레이시아,applies_to_jurisdiction,37,5997
자메이카의 국기를 법적 용어로 사용하는 나라는 어디인가요?,자메이카,applies_to_jurisdiction,38,5998
자메이카의 국기가 법적 용어로 사용되는 관할권은 어디인가요?,자메이카,applies_to_jurisdiction,38,5998
법적 용어 자메이카의 국기이(가) 적용되는 곳은 어디인가요?,자메이카,applies_to_jurisdiction,38,5998
어떤 법적 단체가 자메이카의 국기을(를) 사용합니까?,자메이카,applies_to_jurisdiction,38,5998
자메이카의 국기가 법적 용어로 인정받는 지역은 어디인가요?,자메이카,applies_to_jurisdiction,38,5998
아르헨티나의 국기를 법적 용어로 사용하는 나라는 어디인가요?,아르헨티나,applies_to_jurisdiction,39,5999
아르헨티나의 국기가 법적 용어로 사용되는 관할권은 어디인가요?,아르헨티나,applies_to_jurisdiction,39,5999
법적 용어 아르헨티나의 국기이(가) 적용되는 곳은 어디인가요?,아르헨티나,applies_to_jurisdiction,39,5999
어떤 법적 단체가 아르헨티나의 국기을(를) 사용합니까?,아르헨티나,applies_to_jurisdiction,39,5999
아르헨티나의 국기가 법적 용어로 인정받는 지역은 어디인가요?,아르헨티나,applies_to_jurisdiction,39,5999
노르웨이의 국기를 법적 용어로 사용하는 나라는 어디인가요?,노르웨이,applies_to_jurisdiction,40,6000
노르웨이의 국기가 법적 용어로 사용되는 관할권은 어디인가요?,노르웨이,applies_to_jurisdiction,40,6000
법적 용어 노르웨이의 국기이(가) 적용되는 곳은 어디인가요?,노르웨이,applies_to_jurisdiction,40,6000
어떤 법적 단체가 노르웨이의 국기을(를) 사용합니까?,노르웨이,applies_to_jurisdiction,40,6000
노르웨이의 국기가 법적 용어로 인정받는 지역은 어디인가요?,노르웨이,applies_to_jurisdiction,40,6000
스페인 하원를 법적 용어로 사용하는 나라는 어디인가요?,스페인,applies_to_jurisdiction,41,6001
스페인 하원가 법적 용어로 사용되는 관할권은 어디인가요?,스페인,applies_to_jurisdiction,41,6001
법적 용어 스페인 하원이(가) 적용되는 곳은 어디인가요?,스페인,applies_to_jurisdiction,41,6001
어떤 법적 단체가 스페인 하원을(를) 사용합니까?,스페인,applies_to_jurisdiction,41,6001
스페인 하원가 법적 용어로 인정받는 지역은 어디인가요?,스페인,applies_to_jurisdiction,41,6001
일본 천황를 법적 용어로 사용하는 나라는 어디인가요?,일본,applies_to_jurisdiction,42,6002
일본 천황가 법적 용어로 사용되는 관할권은 어디인가요?,일본,applies_to_jurisdiction,42,6002
법적 용어 일본 천황이(가) 적용되는 곳은 어디인가요?,일본,applies_to_jurisdiction,42,6002
어떤 법적 단체가 일본 천황을(를) 사용합니까?,일본,applies_to_jurisdiction,42,6002
일본 천황가 법적 용어로 인정받는 지역은 어디인가요?,일본,applies_to_jurisdiction,42,6002
리투아니아의 국기를 법적 용어로 사용하는 나라는 어디인가요?,리투아니아,applies_to_jurisdiction,43,6003
리투아니아의 국기가 법적 용어로 사용되는 관할권은 어디인가요?,리투아니아,applies_to_jurisdiction,43,6003
법적 용어 리투아니아의 국기이(가) 적용되는 곳은 어디인가요?,리투아니아,applies_to_jurisdiction,43,6003
어떤 법적 단체가 리투아니아의 국기을(를) 사용합니까?,리투아니아,applies_to_jurisdiction,43,6003
리투아니아의 국기가 법적 용어로 인정받는 지역은 어디인가요?,리투아니아,applies_to_jurisdiction,43,6003
불가리아의 국기를 법적 용어로 사용하는 나라는 어디인가요?,불가리아,applies_to_jurisdiction,44,6004
불가리아의 국기가 법적 용어로 사용되는 관할권은 어디인가요?,불가리아,applies_to_jurisdiction,44,6004
법적 용어 불가리아의 국기이(가) 적용되는 곳은 어디인가요?,불가리아,applies_to_jurisdiction,44,6004
어떤 법적 단체가 불가리아의 국기을(를) 사용합니까?,불가리아,applies_to_jurisdiction,44,6004
불가리아의 국기가 법적 용어로 인정받는 지역은 어디인가요?,불가리아,applies_to_jurisdiction,44,6004
이라크의 대통령를 법적 용어로 사용하는 나라는 어디인가요?,이라크,applies_to_jurisdiction,45,6005
이라크의 대통령가 법적 용어로 사용되는 관할권은 어디인가요?,이라크,applies_to_jurisdiction,45,6005
법적 용어 이라크의 대통령이(가) 적용되는 곳은 어디인가요?,이라크,applies_to_jurisdiction,45,6005
어떤 법적 단체가 이라크의 대통령을(를) 사용합니까?,이라크,applies_to_jurisdiction,45,6005
이라크의 대통령가 법적 용어로 인정받는 지역은 어디인가요?,이라크,applies_to_jurisdiction,45,6005
터키의 국기를 법적 용어로 사용하는 나라는 어디인가요?,터키,applies_to_jurisdiction,46,6006
터키의 국기가 법적 용어로 사용되는 관할권은 어디인가요?,터키,applies_to_jurisdiction,46,6006
법적 용어 터키의 국기이(가) 적용되는 곳은 어디인가요?,터키,applies_to_jurisdiction,46,6006
어떤 법적 단체가 터키의 국기을(를) 사용합니까?,터키,applies_to_jurisdiction,46,6006
터키의 국기가 법적 용어로 인정받는 지역은 어디인가요?,터키,applies_to_jurisdiction,46,6006
말레이시아의 국기를 법적 용어로 사용하는 나라는 어디인가요?,말레이시아,applies_to_jurisdiction,47,6007
말레이시아의 국기가 법적 용어로 사용되는 관할권은 어디인가요?,말레이시아,applies_to_jurisdiction,47,6007
법적 용어 말레이시아의 국기이(가) 적용되는 곳은 어디인가요?,말레이시아,applies_to_jurisdiction,47,6007
어떤 법적 단체가 말레이시아의 국기을(를) 사용합니까?,말레이시아,applies_to_jurisdiction,47,6007
말레이시아의 국기가 법적 용어로 인정받는 지역은 어디인가요?,말레이시아,applies_to_jurisdiction,47,6007
벨라루스의 국기를 법적 용어로 사용하는 나라는 어디인가요?,벨라루스,applies_to_jurisdiction,48,6008
벨라루스의 국기가 법적 용어로 사용되는 관할권은 어디인가요?,벨라루스,applies_to_jurisdiction,48,6008
법적 용어 벨라루스의 국기이(가) 적용되는 곳은 어디인가요?,벨라루스,applies_to_jurisdiction,48,6008
어떤 법적 단체가 벨라루스의 국기을(를) 사용합니까?,벨라루스,applies_to_jurisdiction,48,6008
벨라루스의 국기가 법적 용어로 인정받는 지역은 어디인가요?,벨라루스,applies_to_jurisdiction,48,6008
쿠바의 국기를 법적 용어로 사용하는 나라는 어디인가요?,쿠바,applies_to_jurisdiction,49,6009
쿠바의 국기가 법적 용어로 사용되는 관할권은 어디인가요?,쿠바,applies_to_jurisdiction,49,6009
법적 용어 쿠바의 국기이(가) 적용되는 곳은 어디인가요?,쿠바,applies_to_jurisdiction,49,6009
어떤 법적 단체가 쿠바의 국기을(를) 사용합니까?,쿠바,applies_to_jurisdiction,49,6009
쿠바의 국기가 법적 용어로 인정받는 지역은 어디인가요?,쿠바,applies_to_jurisdiction,49,6009
베트남의 국기를 법적 용어로 사용하는 나라는 어디인가요?,베트남,applies_to_jurisdiction,50,6010
베트남의 국기가 법적 용어로 사용되는 관할권은 어디인가요?,베트남,applies_to_jurisdiction,50,6010
법적 용어 베트남의 국기이(가) 적용되는 곳은 어디인가요?,베트남,applies_to_jurisdiction,50,6010
어떤 법적 단체가 베트남의 국기을(를) 사용합니까?,베트남,applies_to_jurisdiction,50,6010
베트남의 국기가 법적 용어로 인정받는 지역은 어디인가요?,베트남,applies_to_jurisdiction,50,6010
볼리비아의 국기를 법적 용어로 사용하는 나라는 어디인가요?,볼리비아,applies_to_jurisdiction,51,6011
볼리비아의 국기가 법적 용어로 사용되는 관할권은 어디인가요?,볼리비아,applies_to_jurisdiction,51,6011
법적 용어 볼리비아의 국기이(가) 적용되는 곳은 어디인가요?,볼리비아,applies_to_jurisdiction,51,6011
어떤 법적 단체가 볼리비아의 국기을(를) 사용합니까?,볼리비아,applies_to_jurisdiction,51,6011
볼리비아의 국기가 법적 용어로 인정받는 지역은 어디인가요?,볼리비아,applies_to_jurisdiction,51,6011
인도의 국기를 법적 용어로 사용하는 나라는 어디인가요?,인도,applies_to_jurisdiction,52,6012
인도의 국기가 법적 용어로 사용되는 관할권은 어디인가요?,인도,applies_to_jurisdiction,52,6012
법적 용어 인도의 국기이(가) 적용되는 곳은 어디인가요?,인도,applies_to_jurisdiction,52,6012
어떤 법적 단체가 인도의 국기을(를) 사용합니까?,인도,applies_to_jurisdiction,52,6012
인도의 국기가 법적 용어로 인정받는 지역은 어디인가요?,인도,applies_to_jurisdiction,52,6012
마카오 파타카를 법적 용어로 사용하는 나라는 어디인가요?,마카오,applies_to_jurisdiction,53,6014
마카오 파타카가 법적 용어로 사용되는 관할권은 어디인가요?,마카오,applies_to_jurisdiction,53,6014
법적 용어 마카오 파타카이(가) 적용되는 곳은 어디인가요?,마카오,applies_to_jurisdiction,53,6014
어떤 법적 단체가 마카오 파타카을(를) 사용합니까?,마카오,applies_to_jurisdiction,53,6014
마카오 파타카가 법적 용어로 인정받는 지역은 어디인가요?,마카오,applies_to_jurisdiction,53,6014
모나코의 국기를 법적 용어로 사용하는 나라는 어디인가요?,모나코,applies_to_jurisdiction,54,6015
모나코의 국기가 법적 용어로 사용되는 관할권은 어디인가요?,모나코,applies_to_jurisdiction,54,6015
법적 용어 모나코의 국기이(가) 적용되는 곳은 어디인가요?,모나코,applies_to_jurisdiction,54,6015
어떤 법적 단체가 모나코의 국기을(를) 사용합니까?,모나코,applies_to_jurisdiction,54,6015
모나코의 국기가 법적 용어로 인정받는 지역은 어디인가요?,모나코,applies_to_jurisdiction,54,6015
소말리아의 국기를 법적 용어로 사용하는 나라는 어디인가요?,소말리아,applies_to_jurisdiction,55,6016
소말리아의 국기가 법적 용어로 사용되는 관할권은 어디인가요?,소말리아,applies_to_jurisdiction,55,6016
법적 용어 소말리아의 국기이(가) 적용되는 곳은 어디인가요?,소말리아,applies_to_jurisdiction,55,6016
어떤 법적 단체가 소말리아의 국기을(를) 사용합니까?,소말리아,applies_to_jurisdiction,55,6016
소말리아의 국기가 법적 용어로 인정받는 지역은 어디인가요?,소말리아,applies_to_jurisdiction,55,6016
이스라엘의 대통령를 법적 용어로 사용하는 나라는 어디인가요?,이스라엘,applies_to_jurisdiction,56,6017
이스라엘의 대통령가 법적 용어로 사용되는 관할권은 어디인가요?,이스라엘,applies_to_jurisdiction,56,6017
법적 용어 이스라엘의 대통령이(가) 적용되는 곳은 어디인가요?,이스라엘,applies_to_jurisdiction,56,6017
어떤 법적 단체가 이스라엘의 대통령을(를) 사용합니까?,이스라엘,applies_to_jurisdiction,56,6017
이스라엘의 대통령가 법적 용어로 인정받는 지역은 어디인가요?,이스라엘,applies_to_jurisdiction,56,6017
스웨덴의 국기를 법적 용어로 사용하는 나라는 어디인가요?,스웨덴,applies_to_jurisdiction,57,6018
스웨덴의 국기가 법적 용어로 사용되는 관할권은 어디인가요?,스웨덴,applies_to_jurisdiction,57,6018
법적 용어 스웨덴의 국기이(가) 적용되는 곳은 어디인가요?,스웨덴,applies_to_jurisdiction,57,6018
어떤 법적 단체가 스웨덴의 국기을(를) 사용합니까?,스웨덴,applies_to_jurisdiction,57,6018
스웨덴의 국기가 법적 용어로 인정받는 지역은 어디인가요?,스웨덴,applies_to_jurisdiction,57,6018
중화민국의 국기를 법적 용어로 사용하는 나라는 어디인가요?,중화민국,applies_to_jurisdiction,58,6019
중화민국의 국기가 법적 용어로 사용되는 관할권은 어디인가요?,중화민국,applies_to_jurisdiction,58,6019
법적 용어 중화민국의 국기이(가) 적용되는 곳은 어디인가요?,중화민국,applies_to_jurisdiction,58,6019
어떤 법적 단체가 중화민국의 국기을(를) 사용합니까?,중화민국,applies_to_jurisdiction,58,6019
중화민국의 국기가 법적 용어로 인정받는 지역은 어디인가요?,중화민국,applies_to_jurisdiction,58,6019
오스트레일리아의 국기를 법적 용어로 사용하는 나라는 어디인가요?,오스트레일리아,applies_to_jurisdiction,59,6020
오스트레일리아의 국기가 법적 용어로 사용되는 관할권은 어디인가요?,오스트레일리아,applies_to_jurisdiction,59,6020
법적 용어 오스트레일리아의 국기이(가) 적용되는 곳은 어디인가요?,오스트레일리아,applies_to_jurisdiction,59,6020
어떤 법적 단체가 오스트레일리아의 국기을(를) 사용합니까?,오스트레일리아,applies_to_jurisdiction,59,6020
오스트레일리아의 국기가 법적 용어로 인정받는 지역은 어디인가요?,오스트레일리아,applies_to_jurisdiction,59,6020
우크라이나의 국기를 법적 용어로 사용하는 나라는 어디인가요?,우크라이나,applies_to_jurisdiction,60,6021
우크라이나의 국기가 법적 용어로 사용되는 관할권은 어디인가요?,우크라이나,applies_to_jurisdiction,60,6021
법적 용어 우크라이나의 국기이(가) 적용되는 곳은 어디인가요?,우크라이나,applies_to_jurisdiction,60,6021
어떤 법적 단체가 우크라이나의 국기을(를) 사용합니까?,우크라이나,applies_to_jurisdiction,60,6021
우크라이나의 국기가 법적 용어로 인정받는 지역은 어디인가요?,우크라이나,applies_to_jurisdiction,60,6021
벨라루스의 대통령를 법적 용어로 사용하는 나라는 어디인가요?,벨라루스,applies_to_jurisdiction,61,6022
벨라루스의 대통령가 법적 용어로 사용되는 관할권은 어디인가요?,벨라루스,applies_to_jurisdiction,61,6022
법적 용어 벨라루스의 대통령이(가) 적용되는 곳은 어디인가요?,벨라루스,applies_to_jurisdiction,61,6022
어떤 법적 단체가 벨라루스의 대통령을(를) 사용합니까?,벨라루스,applies_to_jurisdiction,61,6022
벨라루스의 대통령가 법적 용어로 인정받는 지역은 어디인가요?,벨라루스,applies_to_jurisdiction,61,6022
아이티의 국기를 법적 용어로 사용하는 나라는 어디인가요?,아이티,applies_to_jurisdiction,62,6023
아이티의 국기가 법적 용어로 사용되는 관할권은 어디인가요?,아이티,applies_to_jurisdiction,62,6023
법적 용어 아이티의 국기이(가) 적용되는 곳은 어디인가요?,아이티,applies_to_jurisdiction,62,6023
어떤 법적 단체가 아이티의 국기을(를) 사용합니까?,아이티,applies_to_jurisdiction,62,6023
아이티의 국기가 법적 용어로 인정받는 지역은 어디인가요?,아이티,applies_to_jurisdiction,62,6023
멕시코의 국장를 법적 용어로 사용하는 나라는 어디인가요?,멕시코,applies_to_jurisdiction,63,6024
멕시코의 국장가 법적 용어로 사용되는 관할권은 어디인가요?,멕시코,applies_to_jurisdiction,63,6024
법적 용어 멕시코의 국장이(가) 적용되는 곳은 어디인가요?,멕시코,applies_to_jurisdiction,63,6024
어떤 법적 단체가 멕시코의 국장을(를) 사용합니까?,멕시코,applies_to_jurisdiction,63,6024
멕시코의 국장가 법적 용어로 인정받는 지역은 어디인가요?,멕시코,applies_to_jurisdiction,63,6024
핀란드의 국기를 법적 용어로 사용하는 나라는 어디인가요?,핀란드,applies_to_jurisdiction,64,6025
핀란드의 국기가 법적 용어로 사용되는 관할권은 어디인가요?,핀란드,applies_to_jurisdiction,64,6025
법적 용어 핀란드의 국기이(가) 적용되는 곳은 어디인가요?,핀란드,applies_to_jurisdiction,64,6025
어떤 법적 단체가 핀란드의 국기을(를) 사용합니까?,핀란드,applies_to_jurisdiction,64,6025
핀란드의 국기가 법적 용어로 인정받는 지역은 어디인가요?,핀란드,applies_to_jurisdiction,64,6025
크로아티아의 국기를 법적 용어로 사용하는 나라는 어디인가요?,크로아티아,applies_to_jurisdiction,65,6026
크로아티아의 국기가 법적 용어로 사용되는 관할권은 어디인가요?,크로아티아,applies_to_jurisdiction,65,6026
법적 용어 크로아티아의 국기이(가) 적용되는 곳은 어디인가요?,크로아티아,applies_to_jurisdiction,65,6026
어떤 법적 단체가 크로아티아의 국기을(를) 사용합니까?,크로아티아,applies_to_jurisdiction,65,6026
크로아티아의 국기가 법적 용어로 인정받는 지역은 어디인가요?,크로아티아,applies_to_jurisdiction,65,6026
핀란드의 대통령를 법적 용어로 사용하는 나라는 어디인가요?,핀란드,applies_to_jurisdiction,66,6027
핀란드의 대통령가 법적 용어로 사용되는 관할권은 어디인가요?,핀란드,applies_to_jurisdiction,66,6027
법적 용어 핀란드의 대통령이(가) 적용되는 곳은 어디인가요?,핀란드,applies_to_jurisdiction,66,6027
어떤 법적 단체가 핀란드의 대통령을(를) 사용합니까?,핀란드,applies_to_jurisdiction,66,6027
핀란드의 대통령가 법적 용어로 인정받는 지역은 어디인가요?,핀란드,applies_to_jurisdiction,66,6027
알바니아의 국기를 법적 용어로 사용하는 나라는 어디인가요?,알바니아,applies_to_jurisdiction,67,6028
알바니아의 국기가 법적 용어로 사용되는 관할권은 어디인가요?,알바니아,applies_to_jurisdiction,67,6028
법적 용어 알바니아의 국기이(가) 적용되는 곳은 어디인가요?,알바니아,applies_to_jurisdiction,67,6028
어떤 법적 단체가 알바니아의 국기을(를) 사용합니까?,알바니아,applies_to_jurisdiction,67,6028
알바니아의 국기가 법적 용어로 인정받는 지역은 어디인가요?,알바니아,applies_to_jurisdiction,67,6028
이탈리아의 국기를 법적 용어로 사용하는 나라는 어디인가요?,이탈리아,applies_to_jurisdiction,68,6029
이탈리아의 국기가 법적 용어로 사용되는 관할권은 어디인가요?,이탈리아,applies_to_jurisdiction,68,6029
법적 용어 이탈리아의 국기이(가) 적용되는 곳은 어디인가요?,이탈리아,applies_to_jurisdiction,68,6029
어떤 법적 단체가 이탈리아의 국기을(를) 사용합니까?,이탈리아,applies_to_jurisdiction,68,6029
이탈리아의 국기가 법적 용어로 인정받는 지역은 어디인가요?,이탈리아,applies_to_jurisdiction,68,6029
독일의 국기를 법적 용어로 사용하는 나라는 어디인가요?,독일,applies_to_jurisdiction,69,6030
독일의 국기가 법적 용어로 사용되는 관할권은 어디인가요?,독일,applies_to_jurisdiction,69,6030
법적 용어 독일의 국기이(가) 적용되는 곳은 어디인가요?,독일,applies_to_jurisdiction,69,6030
어떤 법적 단체가 독일의 국기을(를) 사용합니까?,독일,applies_to_jurisdiction,69,6030
독일의 국기가 법적 용어로 인정받는 지역은 어디인가요?,독일,applies_to_jurisdiction,69,6030
리비아의 국기를 법적 용어로 사용하는 나라는 어디인가요?,리비아,applies_to_jurisdiction,70,6031
리비아의 국기가 법적 용어로 사용되는 관할권은 어디인가요?,리비아,applies_to_jurisdiction,70,6031
법적 용어 리비아의 국기이(가) 적용되는 곳은 어디인가요?,리비아,applies_to_jurisdiction,70,6031
어떤 법적 단체가 리비아의 국기을(를) 사용합니까?,리비아,applies_to_jurisdiction,70,6031
리비아의 국기가 법적 용어로 인정받는 지역은 어디인가요?,리비아,applies_to_jurisdiction,70,6031
필리핀의 국기를 법적 용어로 사용하는 나라는 어디인가요?,필리핀,applies_to_jurisdiction,71,6032
필리핀의 국기가 법적 용어로 사용되는 관할권은 어디인가요?,필리핀,applies_to_jurisdiction,71,6032
법적 용어 필리핀의 국기이(가) 적용되는 곳은 어디인가요?,필리핀,applies_to_jurisdiction,71,6032
어떤 법적 단체가 필리핀의 국기을(를) 사용합니까?,필리핀,applies_to_jurisdiction,71,6032
필리핀의 국기가 법적 용어로 인정받는 지역은 어디인가요?,필리핀,applies_to_jurisdiction,71,6032
.de를 법적 용어로 사용하는 나라는 어디인가요?,독일,applies_to_jurisdiction,72,6033
.de가 법적 용어로 사용되는 관할권은 어디인가요?,독일,applies_to_jurisdiction,72,6033
법적 용어 .de이(가) 적용되는 곳은 어디인가요?,독일,applies_to_jurisdiction,72,6033
어떤 법적 단체가 .de을(를) 사용합니까?,독일,applies_to_jurisdiction,72,6033
.de가 법적 용어로 인정받는 지역은 어디인가요?,독일,applies_to_jurisdiction,72,6033
이란의 대통령를 법적 용어로 사용하는 나라는 어디인가요?,이란,applies_to_jurisdiction,73,6034
이란의 대통령가 법적 용어로 사용되는 관할권은 어디인가요?,이란,applies_to_jurisdiction,73,6034
법적 용어 이란의 대통령이(가) 적용되는 곳은 어디인가요?,이란,applies_to_jurisdiction,73,6034
어떤 법적 단체가 이란의 대통령을(를) 사용합니까?,이란,applies_to_jurisdiction,73,6034
이란의 대통령가 법적 용어로 인정받는 지역은 어디인가요?,이란,applies_to_jurisdiction,73,6034
파키스탄의 국기를 법적 용어로 사용하는 나라는 어디인가요?,파키스탄,applies_to_jurisdiction,74,6035
파키스탄의 국기가 법적 용어로 사용되는 관할권은 어디인가요?,파키스탄,applies_to_jurisdiction,74,6035
법적 용어 파키스탄의 국기이(가) 적용되는 곳은 어디인가요?,파키스탄,applies_to_jurisdiction,74,6035
어떤 법적 단체가 파키스탄의 국기을(를) 사용합니까?,파키스탄,applies_to_jurisdiction,74,6035
파키스탄의 국기가 법적 용어로 인정받는 지역은 어디인가요?,파키스탄,applies_to_jurisdiction,74,6035
포르투갈의 국기를 법적 용어로 사용하는 나라는 어디인가요?,포르투갈,applies_to_jurisdiction,75,6036
포르투갈의 국기가 법적 용어로 사용되는 관할권은 어디인가요?,포르투갈,applies_to_jurisdiction,75,6036
법적 용어 포르투갈의 국기이(가) 적용되는 곳은 어디인가요?,포르투갈,applies_to_jurisdiction,75,6036
어떤 법적 단체가 포르투갈의 국기을(를) 사용합니까?,포르투갈,applies_to_jurisdiction,75,6036
포르투갈의 국기가 법적 용어로 인정받는 지역은 어디인가요?,포르투갈,applies_to_jurisdiction,75,6036
그리스의 국기를 법적 용어로 사용하는 나라는 어디인가요?,그리스,applies_to_jurisdiction,76,6037
그리스의 국기가 법적 용어로 사용되는 관할권은 어디인가요?,그리스,applies_to_jurisdiction,76,6037
법적 용어 그리스의 국기이(가) 적용되는 곳은 어디인가요?,그리스,applies_to_jurisdiction,76,6037
어떤 법적 단체가 그리스의 국기을(를) 사용합니까?,그리스,applies_to_jurisdiction,76,6037
그리스의 국기가 법적 용어로 인정받는 지역은 어디인가요?,그리스,applies_to_jurisdiction,76,6037
멕시코의 국기를 법적 용어로 사용하는 나라는 어디인가요?,멕시코,applies_to_jurisdiction,77,6038
멕시코의 국기가 법적 용어로 사용되는 관할권은 어디인가요?,멕시코,applies_to_jurisdiction,77,6038
법적 용어 멕시코의 국기이(가) 적용되는 곳은 어디인가요?,멕시코,applies_to_jurisdiction,77,6038
어떤 법적 단체가 멕시코의 국기을(를) 사용합니까?,멕시코,applies_to_jurisdiction,77,6038
멕시코의 국기가 법적 용어로 인정받는 지역은 어디인가요?,멕시코,applies_to_jurisdiction,77,6038
일본의 국기를 법적 용어로 사용하는 나라는 어디인가요?,일본,applies_to_jurisdiction,78,6039
일본의 국기가 법적 용어로 사용되는 관할권은 어디인가요?,일본,applies_to_jurisdiction,78,6039
법적 용어 일본의 국기이(가) 적용되는 곳은 어디인가요?,일본,applies_to_jurisdiction,78,6039
어떤 법적 단체가 일본의 국기을(를) 사용합니까?,일본,applies_to_jurisdiction,78,6039
일본의 국기가 법적 용어로 인정받는 지역은 어디인가요?,일본,applies_to_jurisdiction,78,6039
보리스 스파스키가 시민권을 가지고 있는 나라는 어디입니까?,프랑스,country_of_citizenship,0,3319
보리스 스파스키의 국적은 무엇입니까?,프랑스,country_of_citizenship,0,3319
보리스 스파스키가 시민권을 가지고 있는 나라는 어디입니까?,프랑스,country_of_citizenship,0,3319
보리스 스파스키가 시민권을 가지고 있는 나라는 어디입니까?,프랑스,country_of_citizenship,0,3319
보리스 스파스키에게 시민권을 부여하는 국가는 어디입니까?,프랑스,country_of_citizenship,0,3319
아다 요나스가 시민권을 가지고 있는 나라는 어디입니까?,이스라엘,country_of_citizenship,1,3320
아다 요나스의 국적은 무엇입니까?,이스라엘,country_of_citizenship,1,3320
아다 요나스가 시민권을 가지고 있는 나라는 어디입니까?,이스라엘,country_of_citizenship,1,3320
아다 요나스가 시민권을 가지고 있는 나라는 어디입니까?,이스라엘,country_of_citizenship,1,3320
아다 요나스에게 시민권을 부여하는 국가는 어디입니까?,이스라엘,country_of_citizenship,1,3320
리오넬 메시가 시민권을 가지고 있는 나라는 어디입니까?,아르헨티나,country_of_citizenship,2,3321
리오넬 메시의 국적은 무엇입니까?,아르헨티나,country_of_citizenship,2,3321
리오넬 메시가 시민권을 가지고 있는 나라는 어디입니까?,아르헨티나,country_of_citizenship,2,3321
리오넬 메시가 시민권을 가지고 있는 나라는 어디입니까?,아르헨티나,country_of_citizenship,2,3321
리오넬 메시에게 시민권을 부여하는 국가는 어디입니까?,아르헨티나,country_of_citizenship,2,3321
카를로스 2세가 시민권을 가지고 있는 나라는 어디입니까?,스페인,country_of_citizenship,3,3322
카를로스 2세의 국적은 무엇입니까?,스페인,country_of_citizenship,3,3322
카를로스 2세가 시민권을 가지고 있는 나라는 어디입니까?,스페인,country_of_citizenship,3,3322
카를로스 2세가 시민권을 가지고 있는 나라는 어디입니까?,스페인,country_of_citizenship,3,3322
카를로스 2세에게 시민권을 부여하는 국가는 어디입니까?,스페인,country_of_citizenship,3,3322
아드리아노 첼렌타노가 시민권을 가지고 있는 나라는 어디입니까?,이탈리아,country_of_citizenship,4,3323
아드리아노 첼렌타노의 국적은 무엇입니까?,이탈리아,country_of_citizenship,4,3323
아드리아노 첼렌타노가 시민권을 가지고 있는 나라는 어디입니까?,이탈리아,country_of_citizenship,4,3323
아드리아노 첼렌타노가 시민권을 가지고 있는 나라는 어디입니까?,이탈리아,country_of_citizenship,4,3323
아드리아노 첼렌타노에게 시민권을 부여하는 국가는 어디입니까?,이탈리아,country_of_citizenship,4,3323
게오르기 퍼르바노프가 시민권을 가지고 있는 나라는 어디입니까?,불가리아,country_of_citizenship,5,3324
게오르기 퍼르바노프의 국적은 무엇입니까?,불가리아,country_of_citizenship,5,3324
게오르기 퍼르바노프가 시민권을 가지고 있는 나라는 어디입니까?,불가리아,country_of_citizenship,5,3324
게오르기 퍼르바노프가 시민권을 가지고 있는 나라는 어디입니까?,불가리아,country_of_citizenship,5,3324
게오르기 퍼르바노프에게 시민권을 부여하는 국가는 어디입니까?,불가리아,country_of_citizenship,5,3324
지우마 호세프가 시민권을 가지고 있는 나라는 어디입니까?,브라질,country_of_citizenship,6,3325
지우마 호세프의 국적은 무엇입니까?,브라질,country_of_citizenship,6,3325
지우마 호세프가 시민권을 가지고 있는 나라는 어디입니까?,브라질,country_of_citizenship,6,3325
지우마 호세프가 시민권을 가지고 있는 나라는 어디입니까?,브라질,country_of_citizenship,6,3325
지우마 호세프에게 시민권을 부여하는 국가는 어디입니까?,브라질,country_of_citizenship,6,3325
호나우두가 시민권을 가지고 있는 나라는 어디입니까?,브라질,country_of_citizenship,7,3326
호나우두의 국적은 무엇입니까?,브라질,country_of_citizenship,7,3326
호나우두가 시민권을 가지고 있는 나라는 어디입니까?,브라질,country_of_citizenship,7,3326
호나우두가 시민권을 가지고 있는 나라는 어디입니까?,브라질,country_of_citizenship,7,3326
호나우두에게 시민권을 부여하는 국가는 어디입니까?,브라질,country_of_citizenship,7,3326
트라야누스가 시민권을 가지고 있는 나라는 어디입니까?,스페인,country_of_citizenship,8,3327
트라야누스의 국적은 무엇입니까?,스페인,country_of_citizenship,8,3327
트라야누스가 시민권을 가지고 있는 나라는 어디입니까?,스페인,country_of_citizenship,8,3327
트라야누스가 시민권을 가지고 있는 나라는 어디입니까?,스페인,country_of_citizenship,8,3327
트라야누스에게 시민권을 부여하는 국가는 어디입니까?,스페인,country_of_citizenship,8,3327
호나우지뉴가 시민권을 가지고 있는 나라는 어디입니까?,브라질,country_of_citizenship,9,3328
호나우지뉴의 국적은 무엇입니까?,브라질,country_of_citizenship,9,3328
호나우지뉴가 시민권을 가지고 있는 나라는 어디입니까?,브라질,country_of_citizenship,9,3328
호나우지뉴가 시민권을 가지고 있는 나라는 어디입니까?,브라질,country_of_citizenship,9,3328
호나우지뉴에게 시민권을 부여하는 국가는 어디입니까?,브라질,country_of_citizenship,9,3328
스캇 머리슨가 시민권을 가지고 있는 나라는 어디입니까?,오스트레일리아,country_of_citizenship,10,3329
스캇 머리슨의 국적은 무엇입니까?,오스트레일리아,country_of_citizenship,10,3329
스캇 머리슨가 시민권을 가지고 있는 나라는 어디입니까?,오스트레일리아,country_of_citizenship,10,3329
스캇 머리슨가 시민권을 가지고 있는 나라는 어디입니까?,오스트레일리아,country_of_citizenship,10,3329
스캇 머리슨에게 시민권을 부여하는 국가는 어디입니까?,오스트레일리아,country_of_citizenship,10,3329
호찌민가 시민권을 가지고 있는 나라는 어디입니까?,베트남,country_of_citizenship,11,3330
호찌민의 국적은 무엇입니까?,베트남,country_of_citizenship,11,3330
호찌민가 시민권을 가지고 있는 나라는 어디입니까?,베트남,country_of_citizenship,11,3330
호찌민가 시민권을 가지고 있는 나라는 어디입니까?,베트남,country_of_citizenship,11,3330
호찌민에게 시민권을 부여하는 국가는 어디입니까?,베트남,country_of_citizenship,11,3330
알랭 로베르가 시민권을 가지고 있는 나라는 어디입니까?,프랑스,country_of_citizenship,12,3331
알랭 로베르의 국적은 무엇입니까?,프랑스,country_of_citizenship,12,3331
알랭 로베르가 시민권을 가지고 있는 나라는 어디입니까?,프랑스,country_of_citizenship,12,3331
알랭 로베르가 시민권을 가지고 있는 나라는 어디입니까?,프랑스,country_of_citizenship,12,3331
알랭 로베르에게 시민권을 부여하는 국가는 어디입니까?,프랑스,country_of_citizenship,12,3331
페르디낭 드 소쉬르가 시민권을 가지고 있는 나라는 어디입니까?,스위스,country_of_citizenship,13,3332
페르디낭 드 소쉬르의 국적은 무엇입니까?,스위스,country_of_citizenship,13,3332
페르디낭 드 소쉬르가 시민권을 가지고 있는 나라는 어디입니까?,스위스,country_of_citizenship,13,3332
페르디낭 드 소쉬르가 시민권을 가지고 있는 나라는 어디입니까?,스위스,country_of_citizenship,13,3332
페르디낭 드 소쉬르에게 시민권을 부여하는 국가는 어디입니까?,스위스,country_of_citizenship,13,3332
오귀스트 로댕가 시민권을 가지고 있는 나라는 어디입니까?,프랑스,country_of_citizenship,14,3333
오귀스트 로댕의 국적은 무엇입니까?,프랑스,country_of_citizenship,14,3333
오귀스트 로댕가 시민권을 가지고 있는 나라는 어디입니까?,프랑스,country_of_citizenship,14,3333
오귀스트 로댕가 시민권을 가지고 있는 나라는 어디입니까?,프랑스,country_of_citizenship,14,3333
오귀스트 로댕에게 시민권을 부여하는 국가는 어디입니까?,프랑스,country_of_citizenship,14,3333
프리드리히 베셀가 시민권을 가지고 있는 나라는 어디입니까?,독일,country_of_citizenship,15,3334
프리드리히 베셀의 국적은 무엇입니까?,독일,country_of_citizenship,15,3334
프리드리히 베셀가 시민권을 가지고 있는 나라는 어디입니까?,독일,country_of_citizenship,15,3334
프리드리히 베셀가 시민권을 가지고 있는 나라는 어디입니까?,독일,country_of_citizenship,15,3334
프리드리히 베셀에게 시민권을 부여하는 국가는 어디입니까?,독일,country_of_citizenship,15,3334
요한 볼프강 폰 괴테가 시민권을 가지고 있는 나라는 어디입니까?,프랑크푸르트,country_of_citizenship,16,3335
요한 볼프강 폰 괴테의 국적은 무엇입니까?,프랑크푸르트,country_of_citizenship,16,3335
요한 볼프강 폰 괴테가 시민권을 가지고 있는 나라는 어디입니까?,프랑크푸르트,country_of_citizenship,16,3335
요한 볼프강 폰 괴테가 시민권을 가지고 있는 나라는 어디입니까?,프랑크푸르트,country_of_citizenship,16,3335
요한 볼프강 폰 괴테에게 시민권을 부여하는 국가는 어디입니까?,프랑크푸르트,country_of_citizenship,16,3335
마시모 달레마가 시민권을 가지고 있는 나라는 어디입니까?,이탈리아,country_of_citizenship,17,3336
마시모 달레마의 국적은 무엇입니까?,이탈리아,country_of_citizenship,17,3336
마시모 달레마가 시민권을 가지고 있는 나라는 어디입니까?,이탈리아,country_of_citizenship,17,3336
마시모 달레마가 시민권을 가지고 있는 나라는 어디입니까?,이탈리아,country_of_citizenship,17,3336
마시모 달레마에게 시민권을 부여하는 국가는 어디입니까?,이탈리아,country_of_citizenship,17,3336
루돌프 헤스가 시민권을 가지고 있는 나라는 어디입니까?,독일,country_of_citizenship,18,3337
루돌프 헤스의 국적은 무엇입니까?,독일,country_of_citizenship,18,3337
루돌프 헤스가 시민권을 가지고 있는 나라는 어디입니까?,독일,country_of_citizenship,18,3337
루돌프 헤스가 시민권을 가지고 있는 나라는 어디입니까?,독일,country_of_citizenship,18,3337
루돌프 헤스에게 시민권을 부여하는 국가는 어디입니까?,독일,country_of_citizenship,18,3337
헨리 5세가 시민권을 가지고 있는 나라는 어디입니까?,잉글랜드 왕국,country_of_citizenship,19,3338
헨리 5세의 국적은 무엇입니까?,잉글랜드 왕국,country_of_citizenship,19,3338
헨리 5세가 시민권을 가지고 있는 나라는 어디입니까?,잉글랜드 왕국,country_of_citizenship,19,3338
헨리 5세가 시민권을 가지고 있는 나라는 어디입니까?,잉글랜드 왕국,country_of_citizenship,19,3338
헨리 5세에게 시민권을 부여하는 국가는 어디입니까?,잉글랜드 왕국,country_of_citizenship,19,3338
미셸 우엘벡가 시민권을 가지고 있는 나라는 어디입니까?,프랑스,country_of_citizenship,20,3339
미셸 우엘벡의 국적은 무엇입니까?,프랑스,country_of_citizenship,20,3339
미셸 우엘벡가 시민권을 가지고 있는 나라는 어디입니까?,프랑스,country_of_citizenship,20,3339
미셸 우엘벡가 시민권을 가지고 있는 나라는 어디입니까?,프랑스,country_of_citizenship,20,3339
미셸 우엘벡에게 시민권을 부여하는 국가는 어디입니까?,프랑스,country_of_citizenship,20,3339
마사초가 시민권을 가지고 있는 나라는 어디입니까?,이탈리아,country_of_citizenship,21,3340
마사초의 국적은 무엇입니까?,이탈리아,country_of_citizenship,21,3340
마사초가 시민권을 가지고 있는 나라는 어디입니까?,이탈리아,country_of_citizenship,21,3340
마사초가 시민권을 가지고 있는 나라는 어디입니까?,이탈리아,country_of_citizenship,21,3340
마사초에게 시민권을 부여하는 국가는 어디입니까?,이탈리아,country_of_citizenship,21,3340
프랑스 갈가 시민권을 가지고 있는 나라는 어디입니까?,프랑스,country_of_citizenship,22,3341
프랑스 갈의 국적은 무엇입니까?,프랑스,country_of_citizenship,22,3341
프랑스 갈가 시민권을 가지고 있는 나라는 어디입니까?,프랑스,country_of_citizenship,22,3341
프랑스 갈가 시민권을 가지고 있는 나라는 어디입니까?,프랑스,country_of_citizenship,22,3341
프랑스 갈에게 시민권을 부여하는 국가는 어디입니까?,프랑스,country_of_citizenship,22,3341
라파엘 알베르티가 시민권을 가지고 있는 나라는 어디입니까?,스페인,country_of_citizenship,23,3342
라파엘 알베르티의 국적은 무엇입니까?,스페인,country_of_citizenship,23,3342
라파엘 알베르티가 시민권을 가지고 있는 나라는 어디입니까?,스페인,country_of_citizenship,23,3342
라파엘 알베르티가 시민권을 가지고 있는 나라는 어디입니까?,스페인,country_of_citizenship,23,3342
라파엘 알베르티에게 시민권을 부여하는 국가는 어디입니까?,스페인,country_of_citizenship,23,3342
베르나르도 우사이가 시민권을 가지고 있는 나라는 어디입니까?,아르헨티나,country_of_citizenship,24,3343
베르나르도 우사이의 국적은 무엇입니까?,아르헨티나,country_of_citizenship,24,3343
베르나르도 우사이가 시민권을 가지고 있는 나라는 어디입니까?,아르헨티나,country_of_citizenship,24,3343
베르나르도 우사이가 시민권을 가지고 있는 나라는 어디입니까?,아르헨티나,country_of_citizenship,24,3343
베르나르도 우사이에게 시민권을 부여하는 국가는 어디입니까?,아르헨티나,country_of_citizenship,24,3343
미야자와 기이치가 시민권을 가지고 있는 나라는 어디입니까?,일본,country_of_citizenship,25,3344
미야자와 기이치의 국적은 무엇입니까?,일본,country_of_citizenship,25,3344
미야자와 기이치가 시민권을 가지고 있는 나라는 어디입니까?,일본,country_of_citizenship,25,3344
미야자와 기이치가 시민권을 가지고 있는 나라는 어디입니까?,일본,country_of_citizenship,25,3344
미야자와 기이치에게 시민권을 부여하는 국가는 어디입니까?,일본,country_of_citizenship,25,3344
오스카르 1세가 시민권을 가지고 있는 나라는 어디입니까?,스웨덴,country_of_citizenship,26,3345
오스카르 1세의 국적은 무엇입니까?,스웨덴,country_of_citizenship,26,3345
오스카르 1세가 시민권을 가지고 있는 나라는 어디입니까?,스웨덴,country_of_citizenship,26,3345
오스카르 1세가 시민권을 가지고 있는 나라는 어디입니까?,스웨덴,country_of_citizenship,26,3345
오스카르 1세에게 시민권을 부여하는 국가는 어디입니까?,스웨덴,country_of_citizenship,26,3345
카를 보슈가 시민권을 가지고 있는 나라는 어디입니까?,독일,country_of_citizenship,27,3346
카를 보슈의 국적은 무엇입니까?,독일,country_of_citizenship,27,3346
카를 보슈가 시민권을 가지고 있는 나라는 어디입니까?,독일,country_of_citizenship,27,3346
카를 보슈가 시민권을 가지고 있는 나라는 어디입니까?,독일,country_of_citizenship,27,3346
카를 보슈에게 시민권을 부여하는 국가는 어디입니까?,독일,country_of_citizenship,27,3346
지두 크리슈나무르티가 시민권을 가지고 있는 나라는 어디입니까?,인도,country_of_citizenship,28,3347
지두 크리슈나무르티의 국적은 무엇입니까?,인도,country_of_citizenship,28,3347
지두 크리슈나무르티가 시민권을 가지고 있는 나라는 어디입니까?,인도,country_of_citizenship,28,3347
지두 크리슈나무르티가 시민권을 가지고 있는 나라는 어디입니까?,인도,country_of_citizenship,28,3347
지두 크리슈나무르티에게 시민권을 부여하는 국가는 어디입니까?,인도,country_of_citizenship,28,3347
엘리자베스 1세가 시민권을 가지고 있는 나라는 어디입니까?,잉글랜드 왕국,country_of_citizenship,29,3348
엘리자베스 1세의 국적은 무엇입니까?,잉글랜드 왕국,country_of_citizenship,29,3348
엘리자베스 1세가 시민권을 가지고 있는 나라는 어디입니까?,잉글랜드 왕국,country_of_citizenship,29,3348
엘리자베스 1세가 시민권을 가지고 있는 나라는 어디입니까?,잉글랜드 왕국,country_of_citizenship,29,3348
엘리자베스 1세에게 시민권을 부여하는 국가는 어디입니까?,잉글랜드 왕국,country_of_citizenship,29,3348
에마뉘엘 세니에르가 시민권을 가지고 있는 나라는 어디입니까?,프랑스,country_of_citizenship,30,3349
에마뉘엘 세니에르의 국적은 무엇입니까?,프랑스,country_of_citizenship,30,3349
에마뉘엘 세니에르가 시민권을 가지고 있는 나라는 어디입니까?,프랑스,country_of_citizenship,30,3349
에마뉘엘 세니에르가 시민권을 가지고 있는 나라는 어디입니까?,프랑스,country_of_citizenship,30,3349
에마뉘엘 세니에르에게 시민권을 부여하는 국가는 어디입니까?,프랑스,country_of_citizenship,30,3349
그제고시 라토가 시민권을 가지고 있는 나라는 어디입니까?,폴란드,country_of_citizenship,31,3350
그제고시 라토의 국적은 무엇입니까?,폴란드,country_of_citizenship,31,3350
그제고시 라토가 시민권을 가지고 있는 나라는 어디입니까?,폴란드,country_of_citizenship,31,3350
그제고시 라토가 시민권을 가지고 있는 나라는 어디입니까?,폴란드,country_of_citizenship,31,3350
그제고시 라토에게 시민권을 부여하는 국가는 어디입니까?,폴란드,country_of_citizenship,31,3350
쿠르트 발트하임가 시민권을 가지고 있는 나라는 어디입니까?,오스트리아,country_of_citizenship,32,3351
쿠르트 발트하임의 국적은 무엇입니까?,오스트리아,country_of_citizenship,32,3351
쿠르트 발트하임가 시민권을 가지고 있는 나라는 어디입니까?,오스트리아,country_of_citizenship,32,3351
쿠르트 발트하임가 시민권을 가지고 있는 나라는 어디입니까?,오스트리아,country_of_citizenship,32,3351
쿠르트 발트하임에게 시민권을 부여하는 국가는 어디입니까?,오스트리아,country_of_citizenship,32,3351
마거릿 애트우드가 시민권을 가지고 있는 나라는 어디입니까?,캐나다,country_of_citizenship,33,3352
마거릿 애트우드의 국적은 무엇입니까?,캐나다,country_of_citizenship,33,3352
마거릿 애트우드가 시민권을 가지고 있는 나라는 어디입니까?,캐나다,country_of_citizenship,33,3352
마거릿 애트우드가 시민권을 가지고 있는 나라는 어디입니까?,캐나다,country_of_citizenship,33,3352
마거릿 애트우드에게 시민권을 부여하는 국가는 어디입니까?,캐나다,country_of_citizenship,33,3352
엔초 페라리가 시민권을 가지고 있는 나라는 어디입니까?,이탈리아,country_of_citizenship,34,3353
엔초 페라리의 국적은 무엇입니까?,이탈리아,country_of_citizenship,34,3353
엔초 페라리가 시민권을 가지고 있는 나라는 어디입니까?,이탈리아,country_of_citizenship,34,3353
엔초 페라리가 시민권을 가지고 있는 나라는 어디입니까?,이탈리아,country_of_citizenship,34,3353
엔초 페라리에게 시민권을 부여하는 국가는 어디입니까?,이탈리아,country_of_citizenship,34,3353
부르빌가 시민권을 가지고 있는 나라는 어디입니까?,프랑스,country_of_citizenship,35,3354
부르빌의 국적은 무엇입니까?,프랑스,country_of_citizenship,35,3354
부르빌가 시민권을 가지고 있는 나라는 어디입니까?,프랑스,country_of_citizenship,35,3354
부르빌가 시민권을 가지고 있는 나라는 어디입니까?,프랑스,country_of_citizenship,35,3354
부르빌에게 시민권을 부여하는 국가는 어디입니까?,프랑스,country_of_citizenship,35,3354
볼프강 파울리가 시민권을 가지고 있는 나라는 어디입니까?,오스트리아,country_of_citizenship,36,3355
볼프강 파울리의 국적은 무엇입니까?,오스트리아,country_of_citizenship,36,3355
볼프강 파울리가 시민권을 가지고 있는 나라는 어디입니까?,오스트리아,country_of_citizenship,36,3355
볼프강 파울리가 시민권을 가지고 있는 나라는 어디입니까?,오스트리아,country_of_citizenship,36,3355
볼프강 파울리에게 시민권을 부여하는 국가는 어디입니까?,오스트리아,country_of_citizenship,36,3355
샤를 6세가 시민권을 가지고 있는 나라는 어디입니까?,프랑스,country_of_citizenship,37,3356
샤를 6세의 국적은 무엇입니까?,프랑스,country_of_citizenship,37,3356
샤를 6세가 시민권을 가지고 있는 나라는 어디입니까?,프랑스,country_of_citizenship,37,3356
샤를 6세가 시민권을 가지고 있는 나라는 어디입니까?,프랑스,country_of_citizenship,37,3356
샤를 6세에게 시민권을 부여하는 국가는 어디입니까?,프랑스,country_of_citizenship,37,3356
미셸 아운가 시민권을 가지고 있는 나라는 어디입니까?,레바논,country_of_citizenship,38,3357
미셸 아운의 국적은 무엇입니까?,레바논,country_of_citizenship,38,3357
미셸 아운가 시민권을 가지고 있는 나라는 어디입니까?,레바논,country_of_citizenship,38,3357
미셸 아운가 시민권을 가지고 있는 나라는 어디입니까?,레바논,country_of_citizenship,38,3357
미셸 아운에게 시민권을 부여하는 국가는 어디입니까?,레바논,country_of_citizenship,38,3357
망누스 칼센가 시민권을 가지고 있는 나라는 어디입니까?,노르웨이,country_of_citizenship,39,3358
망누스 칼센의 국적은 무엇입니까?,노르웨이,country_of_citizenship,39,3358
망누스 칼센가 시민권을 가지고 있는 나라는 어디입니까?,노르웨이,country_of_citizenship,39,3358
망누스 칼센가 시민권을 가지고 있는 나라는 어디입니까?,노르웨이,country_of_citizenship,39,3358
망누스 칼센에게 시민권을 부여하는 국가는 어디입니까?,노르웨이,country_of_citizenship,39,3358
헨리크 시엔키에비치가 시민권을 가지고 있는 나라는 어디입니까?,폴란드,country_of_citizenship,40,3359
헨리크 시엔키에비치의 국적은 무엇입니까?,폴란드,country_of_citizenship,40,3359
헨리크 시엔키에비치가 시민권을 가지고 있는 나라는 어디입니까?,폴란드,country_of_citizenship,40,3359
헨리크 시엔키에비치가 시민권을 가지고 있는 나라는 어디입니까?,폴란드,country_of_citizenship,40,3359
헨리크 시엔키에비치에게 시민권을 부여하는 국가는 어디입니까?,폴란드,country_of_citizenship,40,3359
아서 튜더가 시민권을 가지고 있는 나라는 어디입니까?,잉글랜드 왕국,country_of_citizenship,41,3360
아서 튜더의 국적은 무엇입니까?,잉글랜드 왕국,country_of_citizenship,41,3360
아서 튜더가 시민권을 가지고 있는 나라는 어디입니까?,잉글랜드 왕국,country_of_citizenship,41,3360
아서 튜더가 시민권을 가지고 있는 나라는 어디입니까?,잉글랜드 왕국,country_of_citizenship,41,3360
아서 튜더에게 시민권을 부여하는 국가는 어디입니까?,잉글랜드 왕국,country_of_citizenship,41,3360
제임스 2세가 시민권을 가지고 있는 나라는 어디입니까?,잉글랜드 왕국,country_of_citizenship,42,3361
제임스 2세의 국적은 무엇입니까?,잉글랜드 왕국,country_of_citizenship,42,3361
제임스 2세가 시민권을 가지고 있는 나라는 어디입니까?,잉글랜드 왕국,country_of_citizenship,42,3361
제임스 2세가 시민권을 가지고 있는 나라는 어디입니까?,잉글랜드 왕국,country_of_citizenship,42,3361
제임스 2세에게 시민권을 부여하는 국가는 어디입니까?,잉글랜드 왕국,country_of_citizenship,42,3361
하마드 빈 할리파 알사니가 시민권을 가지고 있는 나라는 어디입니까?,카타르,country_of_citizenship,43,3362
하마드 빈 할리파 알사니의 국적은 무엇입니까?,카타르,country_of_citizenship,43,3362
하마드 빈 할리파 알사니가 시민권을 가지고 있는 나라는 어디입니까?,카타르,country_of_citizenship,43,3362
하마드 빈 할리파 알사니가 시민권을 가지고 있는 나라는 어디입니까?,카타르,country_of_citizenship,43,3362
하마드 빈 할리파 알사니에게 시민권을 부여하는 국가는 어디입니까?,카타르,country_of_citizenship,43,3362
프란시스코 데 고야가 시민권을 가지고 있는 나라는 어디입니까?,스페인,country_of_citizenship,44,3363
프란시스코 데 고야의 국적은 무엇입니까?,스페인,country_of_citizenship,44,3363
프란시스코 데 고야가 시민권을 가지고 있는 나라는 어디입니까?,스페인,country_of_citizenship,44,3363
프란시스코 데 고야가 시민권을 가지고 있는 나라는 어디입니까?,스페인,country_of_citizenship,44,3363
프란시스코 데 고야에게 시민권을 부여하는 국가는 어디입니까?,스페인,country_of_citizenship,44,3363
잘랄 탈라바니가 시민권을 가지고 있는 나라는 어디입니까?,쿠르디스탄,country_of_citizenship,45,3364
잘랄 탈라바니의 국적은 무엇입니까?,쿠르디스탄,country_of_citizenship,45,3364
잘랄 탈라바니가 시민권을 가지고 있는 나라는 어디입니까?,쿠르디스탄,country_of_citizenship,45,3364
잘랄 탈라바니가 시민권을 가지고 있는 나라는 어디입니까?,쿠르디스탄,country_of_citizenship,45,3364
잘랄 탈라바니에게 시민권을 부여하는 국가는 어디입니까?,쿠르디스탄,country_of_citizenship,45,3364
플로리아누 페이쇼투가 시민권을 가지고 있는 나라는 어디입니까?,브라질,country_of_citizenship,46,3365
플로리아누 페이쇼투의 국적은 무엇입니까?,브라질,country_of_citizenship,46,3365
플로리아누 페이쇼투가 시민권을 가지고 있는 나라는 어디입니까?,브라질,country_of_citizenship,46,3365
플로리아누 페이쇼투가 시민권을 가지고 있는 나라는 어디입니까?,브라질,country_of_citizenship,46,3365
플로리아누 페이쇼투에게 시민권을 부여하는 국가는 어디입니까?,브라질,country_of_citizenship,46,3365
안토니스 사마라스가 시민권을 가지고 있는 나라는 어디입니까?,그리스,country_of_citizenship,47,3366
안토니스 사마라스의 국적은 무엇입니까?,그리스,country_of_citizenship,47,3366
안토니스 사마라스가 시민권을 가지고 있는 나라는 어디입니까?,그리스,country_of_citizenship,47,3366
안토니스 사마라스가 시민권을 가지고 있는 나라는 어디입니까?,그리스,country_of_citizenship,47,3366
안토니스 사마라스에게 시민권을 부여하는 국가는 어디입니까?,그리스,country_of_citizenship,47,3366
베페 그릴로가 시민권을 가지고 있는 나라는 어디입니까?,이탈리아,country_of_citizenship,48,3367
베페 그릴로의 국적은 무엇입니까?,이탈리아,country_of_citizenship,48,3367
베페 그릴로가 시민권을 가지고 있는 나라는 어디입니까?,이탈리아,country_of_citizenship,48,3367
베페 그릴로가 시민권을 가지고 있는 나라는 어디입니까?,이탈리아,country_of_citizenship,48,3367
베페 그릴로에게 시민권을 부여하는 국가는 어디입니까?,이탈리아,country_of_citizenship,48,3367
프레데리크 9세가 시민권을 가지고 있는 나라는 어디입니까?,덴마크,country_of_citizenship,49,3368
프레데리크 9세의 국적은 무엇입니까?,덴마크,country_of_citizenship,49,3368
프레데리크 9세가 시민권을 가지고 있는 나라는 어디입니까?,덴마크,country_of_citizenship,49,3368
프레데리크 9세가 시민권을 가지고 있는 나라는 어디입니까?,덴마크,country_of_citizenship,49,3368
프레데리크 9세에게 시민권을 부여하는 국가는 어디입니까?,덴마크,country_of_citizenship,49,3368
마이클 패스벤더가 시민권을 가지고 있는 나라는 어디입니까?,아일랜드,country_of_citizenship,50,3369
마이클 패스벤더의 국적은 무엇입니까?,아일랜드,country_of_citizenship,50,3369
마이클 패스벤더가 시민권을 가지고 있는 나라는 어디입니까?,아일랜드,country_of_citizenship,50,3369
마이클 패스벤더가 시민권을 가지고 있는 나라는 어디입니까?,아일랜드,country_of_citizenship,50,3369
마이클 패스벤더에게 시민권을 부여하는 국가는 어디입니까?,아일랜드,country_of_citizenship,50,3369
덴마크의 알렉산드라가 시민권을 가지고 있는 나라는 어디입니까?,덴마크,country_of_citizenship,51,3370
덴마크의 알렉산드라의 국적은 무엇입니까?,덴마크,country_of_citizenship,51,3370
덴마크의 알렉산드라가 시민권을 가지고 있는 나라는 어디입니까?,덴마크,country_of_citizenship,51,3370
덴마크의 알렉산드라가 시민권을 가지고 있는 나라는 어디입니까?,덴마크,country_of_citizenship,51,3370
덴마크의 알렉산드라에게 시민권을 부여하는 국가는 어디입니까?,덴마크,country_of_citizenship,51,3370
미겔 이달고 이 코스티야가 시민권을 가지고 있는 나라는 어디입니까?,스페인,country_of_citizenship,52,3371
미겔 이달고 이 코스티야의 국적은 무엇입니까?,스페인,country_of_citizenship,52,3371
미겔 이달고 이 코스티야가 시민권을 가지고 있는 나라는 어디입니까?,스페인,country_of_citizenship,52,3371
미겔 이달고 이 코스티야가 시민권을 가지고 있는 나라는 어디입니까?,스페인,country_of_citizenship,52,3371
미겔 이달고 이 코스티야에게 시민권을 부여하는 국가는 어디입니까?,스페인,country_of_citizenship,52,3371
에드문트 후설가 시민권을 가지고 있는 나라는 어디입니까?,독일,country_of_citizenship,53,3372
에드문트 후설의 국적은 무엇입니까?,독일,country_of_citizenship,53,3372
에드문트 후설가 시민권을 가지고 있는 나라는 어디입니까?,독일,country_of_citizenship,53,3372
에드문트 후설가 시민권을 가지고 있는 나라는 어디입니까?,독일,country_of_citizenship,53,3372
에드문트 후설에게 시민권을 부여하는 국가는 어디입니까?,독일,country_of_citizenship,53,3372
리제 마이트너가 시민권을 가지고 있는 나라는 어디입니까?,스웨덴,country_of_citizenship,54,3373
리제 마이트너의 국적은 무엇입니까?,스웨덴,country_of_citizenship,54,3373
리제 마이트너가 시민권을 가지고 있는 나라는 어디입니까?,스웨덴,country_of_citizenship,54,3373
리제 마이트너가 시민권을 가지고 있는 나라는 어디입니까?,스웨덴,country_of_citizenship,54,3373
리제 마이트너에게 시민권을 부여하는 국가는 어디입니까?,스웨덴,country_of_citizenship,54,3373
알베르 2세가 시민권을 가지고 있는 나라는 어디입니까?,벨기에,country_of_citizenship,55,3374
알베르 2세의 국적은 무엇입니까?,벨기에,country_of_citizenship,55,3374
알베르 2세가 시민권을 가지고 있는 나라는 어디입니까?,벨기에,country_of_citizenship,55,3374
알베르 2세가 시민권을 가지고 있는 나라는 어디입니까?,벨기에,country_of_citizenship,55,3374
알베르 2세에게 시민권을 부여하는 국가는 어디입니까?,벨기에,country_of_citizenship,55,3374
마하비라가 시민권을 가지고 있는 나라는 어디입니까?,인도,country_of_citizenship,56,3375
마하비라의 국적은 무엇입니까?,인도,country_of_citizenship,56,3375
마하비라가 시민권을 가지고 있는 나라는 어디입니까?,인도,country_of_citizenship,56,3375
마하비라가 시민권을 가지고 있는 나라는 어디입니까?,인도,country_of_citizenship,56,3375
마하비라에게 시민권을 부여하는 국가는 어디입니까?,인도,country_of_citizenship,56,3375
스반테 아레니우스가 시민권을 가지고 있는 나라는 어디입니까?,스웨덴,country_of_citizenship,57,3376
스반테 아레니우스의 국적은 무엇입니까?,스웨덴,country_of_citizenship,57,3376
스반테 아레니우스가 시민권을 가지고 있는 나라는 어디입니까?,스웨덴,country_of_citizenship,57,3376
스반테 아레니우스가 시민권을 가지고 있는 나라는 어디입니까?,스웨덴,country_of_citizenship,57,3376
스반테 아레니우스에게 시민권을 부여하는 국가는 어디입니까?,스웨덴,country_of_citizenship,57,3376
마리오 몬티가 시민권을 가지고 있는 나라는 어디입니까?,이탈리아,country_of_citizenship,58,3377
마리오 몬티의 국적은 무엇입니까?,이탈리아,country_of_citizenship,58,3377
마리오 몬티가 시민권을 가지고 있는 나라는 어디입니까?,이탈리아,country_of_citizenship,58,3377
마리오 몬티가 시민권을 가지고 있는 나라는 어디입니까?,이탈리아,country_of_citizenship,58,3377
마리오 몬티에게 시민권을 부여하는 국가는 어디입니까?,이탈리아,country_of_citizenship,58,3377
피에르 장센가 시민권을 가지고 있는 나라는 어디입니까?,프랑스,country_of_citizenship,59,3378
피에르 장센의 국적은 무엇입니까?,프랑스,country_of_citizenship,59,3378
피에르 장센가 시민권을 가지고 있는 나라는 어디입니까?,프랑스,country_of_citizenship,59,3378
피에르 장센가 시민권을 가지고 있는 나라는 어디입니까?,프랑스,country_of_citizenship,59,3378
피에르 장센에게 시민권을 부여하는 국가는 어디입니까?,프랑스,country_of_citizenship,59,3378
에드먼턴의 수도가되는 나라 또는 주는 무엇인가요?,앨버타주,capital_of,0,3750
에드먼턴의 수도가 되는 곳은 어디인가요?,앨버타주,capital_of,0,3750
에드먼턴를 수도로하는 나라 또는 주는 무엇인가요?,앨버타주,capital_of,0,3750
에드먼턴를 수도로 하는 장소는 어디인가요?,앨버타주,capital_of,0,3750
에드먼턴가 수도로 섬기는 곳은 어디인가요?,앨버타주,capital_of,0,3750
앙카라의 수도가되는 나라 또는 주는 무엇인가요?,터키,capital_of,1,3751
앙카라의 수도가 되는 곳은 어디인가요?,터키,capital_of,1,3751
앙카라를 수도로하는 나라 또는 주는 무엇인가요?,터키,capital_of,1,3751
앙카라를 수도로 하는 장소는 어디인가요?,터키,capital_of,1,3751
앙카라가 수도로 섬기는 곳은 어디인가요?,터키,capital_of,1,3751
암스테르담의 수도가되는 나라 또는 주는 무엇인가요?,네덜란드,capital_of,2,3752
암스테르담의 수도가 되는 곳은 어디인가요?,네덜란드,capital_of,2,3752
암스테르담를 수도로하는 나라 또는 주는 무엇인가요?,네덜란드,capital_of,2,3752
암스테르담를 수도로 하는 장소는 어디인가요?,네덜란드,capital_of,2,3752
암스테르담가 수도로 섬기는 곳은 어디인가요?,네덜란드,capital_of,2,3752
바쿠의 수도가되는 나라 또는 주는 무엇인가요?,아제르바이잔,capital_of,3,3753
바쿠의 수도가 되는 곳은 어디인가요?,아제르바이잔,capital_of,3,3753
바쿠를 수도로하는 나라 또는 주는 무엇인가요?,아제르바이잔,capital_of,3,3753
바쿠를 수도로 하는 장소는 어디인가요?,아제르바이잔,capital_of,3,3753
바쿠가 수도로 섬기는 곳은 어디인가요?,아제르바이잔,capital_of,3,3753
카이로의 수도가되는 나라 또는 주는 무엇인가요?,이집트,capital_of,4,3754
카이로의 수도가 되는 곳은 어디인가요?,이집트,capital_of,4,3754
카이로를 수도로하는 나라 또는 주는 무엇인가요?,이집트,capital_of,4,3754
카이로를 수도로 하는 장소는 어디인가요?,이집트,capital_of,4,3754
카이로가 수도로 섬기는 곳은 어디인가요?,이집트,capital_of,4,3754
코펜하겐의 수도가되는 나라 또는 주는 무엇인가요?,덴마크,capital_of,5,3755
코펜하겐의 수도가 되는 곳은 어디인가요?,덴마크,capital_of,5,3755
코펜하겐를 수도로하는 나라 또는 주는 무엇인가요?,덴마크,capital_of,5,3755
코펜하겐를 수도로 하는 장소는 어디인가요?,덴마크,capital_of,5,3755
코펜하겐가 수도로 섬기는 곳은 어디인가요?,덴마크,capital_of,5,3755
바르셀로나의 수도가되는 나라 또는 주는 무엇인가요?,카탈루냐 지방,capital_of,6,3756
바르셀로나의 수도가 되는 곳은 어디인가요?,카탈루냐 지방,capital_of,6,3756
바르셀로나를 수도로하는 나라 또는 주는 무엇인가요?,카탈루냐 지방,capital_of,6,3756
바르셀로나를 수도로 하는 장소는 어디인가요?,카탈루냐 지방,capital_of,6,3756
바르셀로나가 수도로 섬기는 곳은 어디인가요?,카탈루냐 지방,capital_of,6,3756
부에노스아이레스의 수도가되는 나라 또는 주는 무엇인가요?,아르헨티나,capital_of,7,3757
부에노스아이레스의 수도가 되는 곳은 어디인가요?,아르헨티나,capital_of,7,3757
부에노스아이레스를 수도로하는 나라 또는 주는 무엇인가요?,아르헨티나,capital_of,7,3757
부에노스아이레스를 수도로 하는 장소는 어디인가요?,아르헨티나,capital_of,7,3757
부에노스아이레스가 수도로 섬기는 곳은 어디인가요?,아르헨티나,capital_of,7,3757
뮌헨의 수도가되는 나라 또는 주는 무엇인가요?,바이에른주,capital_of,8,3758
뮌헨의 수도가 되는 곳은 어디인가요?,바이에른주,capital_of,8,3758
뮌헨를 수도로하는 나라 또는 주는 무엇인가요?,바이에른주,capital_of,8,3758
뮌헨를 수도로 하는 장소는 어디인가요?,바이에른주,capital_of,8,3758
뮌헨가 수도로 섬기는 곳은 어디인가요?,바이에른주,capital_of,8,3758
피렌체의 수도가되는 나라 또는 주는 무엇인가요?,토스카나주,capital_of,9,3759
피렌체의 수도가 되는 곳은 어디인가요?,토스카나주,capital_of,9,3759
피렌체를 수도로하는 나라 또는 주는 무엇인가요?,토스카나주,capital_of,9,3759
피렌체를 수도로 하는 장소는 어디인가요?,토스카나주,capital_of,9,3759
피렌체가 수도로 섬기는 곳은 어디인가요?,토스카나주,capital_of,9,3759
로마의 수도가되는 나라 또는 주는 무엇인가요?,이탈리아,capital_of,10,3760
로마의 수도가 되는 곳은 어디인가요?,이탈리아,capital_of,10,3760
로마를 수도로하는 나라 또는 주는 무엇인가요?,이탈리아,capital_of,10,3760
로마를 수도로 하는 장소는 어디인가요?,이탈리아,capital_of,10,3760
로마가 수도로 섬기는 곳은 어디인가요?,이탈리아,capital_of,10,3760
알제의 수도가되는 나라 또는 주는 무엇인가요?,알제리,capital_of,11,3761
알제의 수도가 되는 곳은 어디인가요?,알제리,capital_of,11,3761
알제를 수도로하는 나라 또는 주는 무엇인가요?,알제리,capital_of,11,3761
알제를 수도로 하는 장소는 어디인가요?,알제리,capital_of,11,3761
알제가 수도로 섬기는 곳은 어디인가요?,알제리,capital_of,11,3761
트리폴리의 수도가되는 나라 또는 주는 무엇인가요?,리비아,capital_of,12,3762
트리폴리의 수도가 되는 곳은 어디인가요?,리비아,capital_of,12,3762
트리폴리를 수도로하는 나라 또는 주는 무엇인가요?,리비아,capital_of,12,3762
트리폴리를 수도로 하는 장소는 어디인가요?,리비아,capital_of,12,3762
트리폴리가 수도로 섬기는 곳은 어디인가요?,리비아,capital_of,12,3762
캔버라의 수도가되는 나라 또는 주는 무엇인가요?,오스트레일리아,capital_of,13,3763
캔버라의 수도가 되는 곳은 어디인가요?,오스트레일리아,capital_of,13,3763
캔버라를 수도로하는 나라 또는 주는 무엇인가요?,오스트레일리아,capital_of,13,3763
캔버라를 수도로 하는 장소는 어디인가요?,오스트레일리아,capital_of,13,3763
캔버라가 수도로 섬기는 곳은 어디인가요?,오스트레일리아,capital_of,13,3763
빈트후크의 수도가되는 나라 또는 주는 무엇인가요?,나미비아,capital_of,14,3764
빈트후크의 수도가 되는 곳은 어디인가요?,나미비아,capital_of,14,3764
빈트후크를 수도로하는 나라 또는 주는 무엇인가요?,나미비아,capital_of,14,3764
빈트후크를 수도로 하는 장소는 어디인가요?,나미비아,capital_of,14,3764
빈트후크가 수도로 섬기는 곳은 어디인가요?,나미비아,capital_of,14,3764
이라클리오의 수도가되는 나라 또는 주는 무엇인가요?,크레타,capital_of,15,3765
이라클리오의 수도가 되는 곳은 어디인가요?,크레타,capital_of,15,3765
이라클리오를 수도로하는 나라 또는 주는 무엇인가요?,크레타,capital_of,15,3765
이라클리오를 수도로 하는 장소는 어디인가요?,크레타,capital_of,15,3765
이라클리오가 수도로 섬기는 곳은 어디인가요?,크레타,capital_of,15,3765
바그다드의 수도가되는 나라 또는 주는 무엇인가요?,이라크,capital_of,16,3766
바그다드의 수도가 되는 곳은 어디인가요?,이라크,capital_of,16,3766
바그다드를 수도로하는 나라 또는 주는 무엇인가요?,이라크,capital_of,16,3766
바그다드를 수도로 하는 장소는 어디인가요?,이라크,capital_of,16,3766
바그다드가 수도로 섬기는 곳은 어디인가요?,이라크,capital_of,16,3766
에든버러의 수도가되는 나라 또는 주는 무엇인가요?,스코틀랜드,capital_of,17,3767
에든버러의 수도가 되는 곳은 어디인가요?,스코틀랜드,capital_of,17,3767
에든버러를 수도로하는 나라 또는 주는 무엇인가요?,스코틀랜드,capital_of,17,3767
에든버러를 수도로 하는 장소는 어디인가요?,스코틀랜드,capital_of,17,3767
에든버러가 수도로 섬기는 곳은 어디인가요?,스코틀랜드,capital_of,17,3767
카불의 수도가되는 나라 또는 주는 무엇인가요?,아프가니스탄,capital_of,18,3768
카불의 수도가 되는 곳은 어디인가요?,아프가니스탄,capital_of,18,3768
카불를 수도로하는 나라 또는 주는 무엇인가요?,아프가니스탄,capital_of,18,3768
카불를 수도로 하는 장소는 어디인가요?,아프가니스탄,capital_of,18,3768
카불가 수도로 섬기는 곳은 어디인가요?,아프가니스탄,capital_of,18,3768
본의 수도가되는 나라 또는 주는 무엇인가요?,독일,capital_of,19,3769
본의 수도가 되는 곳은 어디인가요?,독일,capital_of,19,3769
본를 수도로하는 나라 또는 주는 무엇인가요?,독일,capital_of,19,3769
본를 수도로 하는 장소는 어디인가요?,독일,capital_of,19,3769
본가 수도로 섬기는 곳은 어디인가요?,독일,capital_of,19,3769
베를린의 수도가되는 나라 또는 주는 무엇인가요?,독일,capital_of,20,3770
베를린의 수도가 되는 곳은 어디인가요?,독일,capital_of,20,3770
베를린를 수도로하는 나라 또는 주는 무엇인가요?,독일,capital_of,20,3770
베를린를 수도로 하는 장소는 어디인가요?,독일,capital_of,20,3770
베를린가 수도로 섬기는 곳은 어디인가요?,독일,capital_of,20,3770
포르토노보의 수도가되는 나라 또는 주는 무엇인가요?,베냉,capital_of,21,3771
포르토노보의 수도가 되는 곳은 어디인가요?,베냉,capital_of,21,3771
포르토노보를 수도로하는 나라 또는 주는 무엇인가요?,베냉,capital_of,21,3771
포르토노보를 수도로 하는 장소는 어디인가요?,베냉,capital_of,21,3771
포르토노보가 수도로 섬기는 곳은 어디인가요?,베냉,capital_of,21,3771
가보로네의 수도가되는 나라 또는 주는 무엇인가요?,보츠와나,capital_of,22,3772
가보로네의 수도가 되는 곳은 어디인가요?,보츠와나,capital_of,22,3772
가보로네를 수도로하는 나라 또는 주는 무엇인가요?,보츠와나,capital_of,22,3772
가보로네를 수도로 하는 장소는 어디인가요?,보츠와나,capital_of,22,3772
가보로네가 수도로 섬기는 곳은 어디인가요?,보츠와나,capital_of,22,3772
파리의 수도가되는 나라 또는 주는 무엇인가요?,프랑스,capital_of,23,3773
파리의 수도가 되는 곳은 어디인가요?,프랑스,capital_of,23,3773
파리를 수도로하는 나라 또는 주는 무엇인가요?,프랑스,capital_of,23,3773
파리를 수도로 하는 장소는 어디인가요?,프랑스,capital_of,23,3773
파리가 수도로 섬기는 곳은 어디인가요?,프랑스,capital_of,23,3773
뭄바이의 수도가되는 나라 또는 주는 무엇인가요?,마하라슈트라주,capital_of,24,3774
뭄바이의 수도가 되는 곳은 어디인가요?,마하라슈트라주,capital_of,24,3774
뭄바이를 수도로하는 나라 또는 주는 무엇인가요?,마하라슈트라주,capital_of,24,3774
뭄바이를 수도로 하는 장소는 어디인가요?,마하라슈트라주,capital_of,24,3774
뭄바이가 수도로 섬기는 곳은 어디인가요?,마하라슈트라주,capital_of,24,3774
오슬로의 수도가되는 나라 또는 주는 무엇인가요?,노르웨이,capital_of,25,3775
오슬로의 수도가 되는 곳은 어디인가요?,노르웨이,capital_of,25,3775
오슬로를 수도로하는 나라 또는 주는 무엇인가요?,노르웨이,capital_of,25,3775
오슬로를 수도로 하는 장소는 어디인가요?,노르웨이,capital_of,25,3775
오슬로가 수도로 섬기는 곳은 어디인가요?,노르웨이,capital_of,25,3775
예루살렘의 수도가되는 나라 또는 주는 무엇인가요?,유다 왕국,capital_of,26,3776
예루살렘의 수도가 되는 곳은 어디인가요?,유다 왕국,capital_of,26,3776
예루살렘를 수도로하는 나라 또는 주는 무엇인가요?,유다 왕국,capital_of,26,3776
예루살렘를 수도로 하는 장소는 어디인가요?,유다 왕국,capital_of,26,3776
예루살렘가 수도로 섬기는 곳은 어디인가요?,유다 왕국,capital_of,26,3776
비슈케크의 수도가되는 나라 또는 주는 무엇인가요?,키르기스스탄,capital_of,27,3777
비슈케크의 수도가 되는 곳은 어디인가요?,키르기스스탄,capital_of,27,3777
비슈케크를 수도로하는 나라 또는 주는 무엇인가요?,키르기스스탄,capital_of,27,3777
비슈케크를 수도로 하는 장소는 어디인가요?,키르기스스탄,capital_of,27,3777
비슈케크가 수도로 섬기는 곳은 어디인가요?,키르기스스탄,capital_of,27,3777
부쿠레슈티의 수도가되는 나라 또는 주는 무엇인가요?,루마니아,capital_of,28,3778
부쿠레슈티의 수도가 되는 곳은 어디인가요?,루마니아,capital_of,28,3778
부쿠레슈티를 수도로하는 나라 또는 주는 무엇인가요?,루마니아,capital_of,28,3778
부쿠레슈티를 수도로 하는 장소는 어디인가요?,루마니아,capital_of,28,3778
부쿠레슈티가 수도로 섬기는 곳은 어디인가요?,루마니아,capital_of,28,3778
멜버른의 수도가되는 나라 또는 주는 무엇인가요?,빅토리아주,capital_of,29,3779
멜버른의 수도가 되는 곳은 어디인가요?,빅토리아주,capital_of,29,3779
멜버른를 수도로하는 나라 또는 주는 무엇인가요?,빅토리아주,capital_of,29,3779
멜버른를 수도로 하는 장소는 어디인가요?,빅토리아주,capital_of,29,3779
멜버른가 수도로 섬기는 곳은 어디인가요?,빅토리아주,capital_of,29,3779
베이징시의 수도가되는 나라 또는 주는 무엇인가요?,중화민국,capital_of,30,3780
베이징시의 수도가 되는 곳은 어디인가요?,중화민국,capital_of,30,3780
베이징시를 수도로하는 나라 또는 주는 무엇인가요?,중화민국,capital_of,30,3780
베이징시를 수도로 하는 장소는 어디인가요?,중화민국,capital_of,30,3780
베이징시가 수도로 섬기는 곳은 어디인가요?,중화민국,capital_of,30,3780
충칭시의 수도가되는 나라 또는 주는 무엇인가요?,중화민국,capital_of,31,3781
충칭시의 수도가 되는 곳은 어디인가요?,중화민국,capital_of,31,3781
충칭시를 수도로하는 나라 또는 주는 무엇인가요?,중화민국,capital_of,31,3781
충칭시를 수도로 하는 장소는 어디인가요?,중화민국,capital_of,31,3781
충칭시가 수도로 섬기는 곳은 어디인가요?,중화민국,capital_of,31,3781
아바나의 수도가되는 나라 또는 주는 무엇인가요?,쿠바,capital_of,32,3782
아바나의 수도가 되는 곳은 어디인가요?,쿠바,capital_of,32,3782
아바나를 수도로하는 나라 또는 주는 무엇인가요?,쿠바,capital_of,32,3782
아바나를 수도로 하는 장소는 어디인가요?,쿠바,capital_of,32,3782
아바나가 수도로 섬기는 곳은 어디인가요?,쿠바,capital_of,32,3782
덴버의 수도가되는 나라 또는 주는 무엇인가요?,콜로라도주,capital_of,33,3783
덴버의 수도가 되는 곳은 어디인가요?,콜로라도주,capital_of,33,3783
덴버를 수도로하는 나라 또는 주는 무엇인가요?,콜로라도주,capital_of,33,3783
덴버를 수도로 하는 장소는 어디인가요?,콜로라도주,capital_of,33,3783
덴버가 수도로 섬기는 곳은 어디인가요?,콜로라도주,capital_of,33,3783
모가디슈의 수도가되는 나라 또는 주는 무엇인가요?,소말리아,capital_of,34,3784
모가디슈의 수도가 되는 곳은 어디인가요?,소말리아,capital_of,34,3784
모가디슈를 수도로하는 나라 또는 주는 무엇인가요?,소말리아,capital_of,34,3784
모가디슈를 수도로 하는 장소는 어디인가요?,소말리아,capital_of,34,3784
모가디슈가 수도로 섬기는 곳은 어디인가요?,소말리아,capital_of,34,3784
카디프의 수도가되는 나라 또는 주는 무엇인가요?,웨일스,capital_of,35,3785
카디프의 수도가 되는 곳은 어디인가요?,웨일스,capital_of,35,3785
카디프를 수도로하는 나라 또는 주는 무엇인가요?,웨일스,capital_of,35,3785
카디프를 수도로 하는 장소는 어디인가요?,웨일스,capital_of,35,3785
카디프가 수도로 섬기는 곳은 어디인가요?,웨일스,capital_of,35,3785
더블린의 수도가되는 나라 또는 주는 무엇인가요?,아일랜드,capital_of,36,3786
더블린의 수도가 되는 곳은 어디인가요?,아일랜드,capital_of,36,3786
더블린를 수도로하는 나라 또는 주는 무엇인가요?,아일랜드,capital_of,36,3786
더블린를 수도로 하는 장소는 어디인가요?,아일랜드,capital_of,36,3786
더블린가 수도로 섬기는 곳은 어디인가요?,아일랜드,capital_of,36,3786
튀니스의 수도가되는 나라 또는 주는 무엇인가요?,튀니지,capital_of,37,3787
튀니스의 수도가 되는 곳은 어디인가요?,튀니지,capital_of,37,3787
튀니스를 수도로하는 나라 또는 주는 무엇인가요?,튀니지,capital_of,37,3787
튀니스를 수도로 하는 장소는 어디인가요?,튀니지,capital_of,37,3787
튀니스가 수도로 섬기는 곳은 어디인가요?,튀니지,capital_of,37,3787
리우데자네이루의 수도가되는 나라 또는 주는 무엇인가요?,브라질,capital_of,38,3788
리우데자네이루의 수도가 되는 곳은 어디인가요?,브라질,capital_of,38,3788
리우데자네이루를 수도로하는 나라 또는 주는 무엇인가요?,브라질,capital_of,38,3788
리우데자네이루를 수도로 하는 장소는 어디인가요?,브라질,capital_of,38,3788
리우데자네이루가 수도로 섬기는 곳은 어디인가요?,브라질,capital_of,38,3788
발레타의 수도가되는 나라 또는 주는 무엇인가요?,몰타,capital_of,39,3789
발레타의 수도가 되는 곳은 어디인가요?,몰타,capital_of,39,3789
발레타를 수도로하는 나라 또는 주는 무엇인가요?,몰타,capital_of,39,3789
발레타를 수도로 하는 장소는 어디인가요?,몰타,capital_of,39,3789
발레타가 수도로 섬기는 곳은 어디인가요?,몰타,capital_of,39,3789
런던의 수도가되는 나라 또는 주는 무엇인가요?,잉글랜드,capital_of,40,3790
런던의 수도가 되는 곳은 어디인가요?,잉글랜드,capital_of,40,3790
런던를 수도로하는 나라 또는 주는 무엇인가요?,잉글랜드,capital_of,40,3790
런던를 수도로 하는 장소는 어디인가요?,잉글랜드,capital_of,40,3790
런던가 수도로 섬기는 곳은 어디인가요?,잉글랜드,capital_of,40,3790
라바트의 수도가되는 나라 또는 주는 무엇인가요?,모로코,capital_of,41,3791
라바트의 수도가 되는 곳은 어디인가요?,모로코,capital_of,41,3791
라바트를 수도로하는 나라 또는 주는 무엇인가요?,모로코,capital_of,41,3791
라바트를 수도로 하는 장소는 어디인가요?,모로코,capital_of,41,3791
라바트가 수도로 섬기는 곳은 어디인가요?,모로코,capital_of,41,3791
리가의 수도가되는 나라 또는 주는 무엇인가요?,라트비아,capital_of,42,3792
리가의 수도가 되는 곳은 어디인가요?,라트비아,capital_of,42,3792
리가를 수도로하는 나라 또는 주는 무엇인가요?,라트비아,capital_of,42,3792
리가를 수도로 하는 장소는 어디인가요?,라트비아,capital_of,42,3792
리가가 수도로 섬기는 곳은 어디인가요?,라트비아,capital_of,42,3792
다마스쿠스의 수도가되는 나라 또는 주는 무엇인가요?,시리아,capital_of,43,3793
다마스쿠스의 수도가 되는 곳은 어디인가요?,시리아,capital_of,43,3793
다마스쿠스를 수도로하는 나라 또는 주는 무엇인가요?,시리아,capital_of,43,3793
다마스쿠스를 수도로 하는 장소는 어디인가요?,시리아,capital_of,43,3793
다마스쿠스가 수도로 섬기는 곳은 어디인가요?,시리아,capital_of,43,3793
다르에스살람의 수도가되는 나라 또는 주는 무엇인가요?,탄자니아,capital_of,44,3794
다르에스살람의 수도가 되는 곳은 어디인가요?,탄자니아,capital_of,44,3794
다르에스살람를 수도로하는 나라 또는 주는 무엇인가요?,탄자니아,capital_of,44,3794
다르에스살람를 수도로 하는 장소는 어디인가요?,탄자니아,capital_of,44,3794
다르에스살람가 수도로 섬기는 곳은 어디인가요?,탄자니아,capital_of,44,3794
런던의 수도가되는 나라 또는 주는 무엇인가요?,잉글랜드 왕국,capital_of,45,3795
런던의 수도가 되는 곳은 어디인가요?,잉글랜드 왕국,capital_of,45,3795
런던를 수도로하는 나라 또는 주는 무엇인가요?,잉글랜드 왕국,capital_of,45,3795
런던를 수도로 하는 장소는 어디인가요?,잉글랜드 왕국,capital_of,45,3795
런던가 수도로 섬기는 곳은 어디인가요?,잉글랜드 왕국,capital_of,45,3795
스톡홀름의 수도가되는 나라 또는 주는 무엇인가요?,스웨덴,capital_of,46,3796
스톡홀름의 수도가 되는 곳은 어디인가요?,스웨덴,capital_of,46,3796
스톡홀름를 수도로하는 나라 또는 주는 무엇인가요?,스웨덴,capital_of,46,3796
스톡홀름를 수도로 하는 장소는 어디인가요?,스웨덴,capital_of,46,3796
스톡홀름가 수도로 섬기는 곳은 어디인가요?,스웨덴,capital_of,46,3796
헬싱키의 수도가되는 나라 또는 주는 무엇인가요?,핀란드,capital_of,47,3797
헬싱키의 수도가 되는 곳은 어디인가요?,핀란드,capital_of,47,3797
헬싱키를 수도로하는 나라 또는 주는 무엇인가요?,핀란드,capital_of,47,3797
헬싱키를 수도로 하는 장소는 어디인가요?,핀란드,capital_of,47,3797
헬싱키가 수도로 섬기는 곳은 어디인가요?,핀란드,capital_of,47,3797
프라하의 수도가되는 나라 또는 주는 무엇인가요?,보헤미아,capital_of,48,3798
프라하의 수도가 되는 곳은 어디인가요?,보헤미아,capital_of,48,3798
프라하를 수도로하는 나라 또는 주는 무엇인가요?,보헤미아,capital_of,48,3798
프라하를 수도로 하는 장소는 어디인가요?,보헤미아,capital_of,48,3798
프라하가 수도로 섬기는 곳은 어디인가요?,보헤미아,capital_of,48,3798
인디애나폴리스의 수도가되는 나라 또는 주는 무엇인가요?,인디애나주,capital_of,49,3799
인디애나폴리스의 수도가 되는 곳은 어디인가요?,인디애나주,capital_of,49,3799
인디애나폴리스를 수도로하는 나라 또는 주는 무엇인가요?,인디애나주,capital_of,49,3799
인디애나폴리스를 수도로 하는 장소는 어디인가요?,인디애나주,capital_of,49,3799
인디애나폴리스가 수도로 섬기는 곳은 어디인가요?,인디애나주,capital_of,49,3799
마드리드의 수도가되는 나라 또는 주는 무엇인가요?,스페인,capital_of,50,3800
마드리드의 수도가 되는 곳은 어디인가요?,스페인,capital_of,50,3800
마드리드를 수도로하는 나라 또는 주는 무엇인가요?,스페인,capital_of,50,3800
마드리드를 수도로 하는 장소는 어디인가요?,스페인,capital_of,50,3800
마드리드가 수도로 섬기는 곳은 어디인가요?,스페인,capital_of,50,3800
과테말라 시티의 수도가되는 나라 또는 주는 무엇인가요?,과테말라,capital_of,51,3801
과테말라 시티의 수도가 되는 곳은 어디인가요?,과테말라,capital_of,51,3801
과테말라 시티를 수도로하는 나라 또는 주는 무엇인가요?,과테말라,capital_of,51,3801
과테말라 시티를 수도로 하는 장소는 어디인가요?,과테말라,capital_of,51,3801
과테말라 시티가 수도로 섬기는 곳은 어디인가요?,과테말라,capital_of,51,3801
바르샤바의 수도가되는 나라 또는 주는 무엇인가요?,폴란드,capital_of,52,3802
바르샤바의 수도가 되는 곳은 어디인가요?,폴란드,capital_of,52,3802
바르샤바를 수도로하는 나라 또는 주는 무엇인가요?,폴란드,capital_of,52,3802
바르샤바를 수도로 하는 장소는 어디인가요?,폴란드,capital_of,52,3802
바르샤바가 수도로 섬기는 곳은 어디인가요?,폴란드,capital_of,52,3802
광저우시의 수도가되는 나라 또는 주는 무엇인가요?,광둥성,capital_of,53,3803
광저우시의 수도가 되는 곳은 어디인가요?,광둥성,capital_of,53,3803
광저우시를 수도로하는 나라 또는 주는 무엇인가요?,광둥성,capital_of,53,3803
광저우시를 수도로 하는 장소는 어디인가요?,광둥성,capital_of,53,3803
광저우시가 수도로 섬기는 곳은 어디인가요?,광둥성,capital_of,53,3803
드레스덴의 수도가되는 나라 또는 주는 무엇인가요?,작센주,capital_of,54,3804
드레스덴의 수도가 되는 곳은 어디인가요?,작센주,capital_of,54,3804
드레스덴를 수도로하는 나라 또는 주는 무엇인가요?,작센주,capital_of,54,3804
드레스덴를 수도로 하는 장소는 어디인가요?,작센주,capital_of,54,3804
드레스덴가 수도로 섬기는 곳은 어디인가요?,작센주,capital_of,54,3804
포르토프랭스의 수도가되는 나라 또는 주는 무엇인가요?,아이티,capital_of,55,3805
포르토프랭스의 수도가 되는 곳은 어디인가요?,아이티,capital_of,55,3805
포르토프랭스를 수도로하는 나라 또는 주는 무엇인가요?,아이티,capital_of,55,3805
포르토프랭스를 수도로 하는 장소는 어디인가요?,아이티,capital_of,55,3805
포르토프랭스가 수도로 섬기는 곳은 어디인가요?,아이티,capital_of,55,3805
아테네의 수도가되는 나라 또는 주는 무엇인가요?,그리스,capital_of,56,3806
아테네의 수도가 되는 곳은 어디인가요?,그리스,capital_of,56,3806
아테네를 수도로하는 나라 또는 주는 무엇인가요?,그리스,capital_of,56,3806
아테네를 수도로 하는 장소는 어디인가요?,그리스,capital_of,56,3806
아테네가 수도로 섬기는 곳은 어디인가요?,그리스,capital_of,56,3806
호바트의 수도가되는 나라 또는 주는 무엇인가요?,태즈메이니아주,capital_of,57,3807
호바트의 수도가 되는 곳은 어디인가요?,태즈메이니아주,capital_of,57,3807
호바트를 수도로하는 나라 또는 주는 무엇인가요?,태즈메이니아주,capital_of,57,3807
호바트를 수도로 하는 장소는 어디인가요?,태즈메이니아주,capital_of,57,3807
호바트가 수도로 섬기는 곳은 어디인가요?,태즈메이니아주,capital_of,57,3807
탈린의 수도가되는 나라 또는 주는 무엇인가요?,에스토니아,capital_of,58,3808
탈린의 수도가 되는 곳은 어디인가요?,에스토니아,capital_of,58,3808
탈린를 수도로하는 나라 또는 주는 무엇인가요?,에스토니아,capital_of,58,3808
탈린를 수도로 하는 장소는 어디인가요?,에스토니아,capital_of,58,3808
탈린가 수도로 섬기는 곳은 어디인가요?,에스토니아,capital_of,58,3808
도쿄도의 수도가되는 나라 또는 주는 무엇인가요?,일본,capital_of,59,3809
도쿄도의 수도가 되는 곳은 어디인가요?,일본,capital_of,59,3809
도쿄도를 수도로하는 나라 또는 주는 무엇인가요?,일본,capital_of,59,3809
도쿄도를 수도로 하는 장소는 어디인가요?,일본,capital_of,59,3809
도쿄도가 수도로 섬기는 곳은 어디인가요?,일본,capital_of,59,3809
빈의 수도가되는 나라 또는 주는 무엇인가요?,오스트리아,capital_of,60,3810
빈의 수도가 되는 곳은 어디인가요?,오스트리아,capital_of,60,3810
빈를 수도로하는 나라 또는 주는 무엇인가요?,오스트리아,capital_of,60,3810
빈를 수도로 하는 장소는 어디인가요?,오스트리아,capital_of,60,3810
빈가 수도로 섬기는 곳은 어디인가요?,오스트리아,capital_of,60,3810
류블랴나의 수도가되는 나라 또는 주는 무엇인가요?,슬로베니아,capital_of,61,3811
류블랴나의 수도가 되는 곳은 어디인가요?,슬로베니아,capital_of,61,3811
류블랴나를 수도로하는 나라 또는 주는 무엇인가요?,슬로베니아,capital_of,61,3811
류블랴나를 수도로 하는 장소는 어디인가요?,슬로베니아,capital_of,61,3811
류블랴나가 수도로 섬기는 곳은 어디인가요?,슬로베니아,capital_of,61,3811
예루살렘의 수도가되는 나라 또는 주는 무엇인가요?,이스라엘,capital_of,62,3812
예루살렘의 수도가 되는 곳은 어디인가요?,이스라엘,capital_of,62,3812
예루살렘를 수도로하는 나라 또는 주는 무엇인가요?,이스라엘,capital_of,62,3812
예루살렘를 수도로 하는 장소는 어디인가요?,이스라엘,capital_of,62,3812
예루살렘가 수도로 섬기는 곳은 어디인가요?,이스라엘,capital_of,62,3812
자카르타의 수도가되는 나라 또는 주는 무엇인가요?,인도네시아,capital_of,63,3813
자카르타의 수도가 되는 곳은 어디인가요?,인도네시아,capital_of,63,3813
자카르타를 수도로하는 나라 또는 주는 무엇인가요?,인도네시아,capital_of,63,3813
자카르타를 수도로 하는 장소는 어디인가요?,인도네시아,capital_of,63,3813
자카르타가 수도로 섬기는 곳은 어디인가요?,인도네시아,capital_of,63,3813
토리노의 수도가되는 나라 또는 주는 무엇인가요?,피에몬테주,capital_of,64,3814
토리노의 수도가 되는 곳은 어디인가요?,피에몬테주,capital_of,64,3814
토리노를 수도로하는 나라 또는 주는 무엇인가요?,피에몬테주,capital_of,64,3814
토리노를 수도로 하는 장소는 어디인가요?,피에몬테주,capital_of,64,3814
토리노가 수도로 섬기는 곳은 어디인가요?,피에몬테주,capital_of,64,3814
나이로비의 수도가되는 나라 또는 주는 무엇인가요?,케냐,capital_of,65,3815
나이로비의 수도가 되는 곳은 어디인가요?,케냐,capital_of,65,3815
나이로비를 수도로하는 나라 또는 주는 무엇인가요?,케냐,capital_of,65,3815
나이로비를 수도로 하는 장소는 어디인가요?,케냐,capital_of,65,3815
나이로비가 수도로 섬기는 곳은 어디인가요?,케냐,capital_of,65,3815
쿠알라룸푸르의 수도가되는 나라 또는 주는 무엇인가요?,말레이시아,capital_of,66,3816
쿠알라룸푸르의 수도가 되는 곳은 어디인가요?,말레이시아,capital_of,66,3816
쿠알라룸푸르를 수도로하는 나라 또는 주는 무엇인가요?,말레이시아,capital_of,66,3816
쿠알라룸푸르를 수도로 하는 장소는 어디인가요?,말레이시아,capital_of,66,3816
쿠알라룸푸르가 수도로 섬기는 곳은 어디인가요?,말레이시아,capital_of,66,3816
이슬라마바드의 수도가되는 나라 또는 주는 무엇인가요?,파키스탄,capital_of,67,3817
이슬라마바드의 수도가 되는 곳은 어디인가요?,파키스탄,capital_of,67,3817
이슬라마바드를 수도로하는 나라 또는 주는 무엇인가요?,파키스탄,capital_of,67,3817
이슬라마바드를 수도로 하는 장소는 어디인가요?,파키스탄,capital_of,67,3817
이슬라마바드가 수도로 섬기는 곳은 어디인가요?,파키스탄,capital_of,67,3817
카트만두의 수도가되는 나라 또는 주는 무엇인가요?,네팔,capital_of,68,3818
카트만두의 수도가 되는 곳은 어디인가요?,네팔,capital_of,68,3818
카트만두를 수도로하는 나라 또는 주는 무엇인가요?,네팔,capital_of,68,3818
카트만두를 수도로 하는 장소는 어디인가요?,네팔,capital_of,68,3818
카트만두가 수도로 섬기는 곳은 어디인가요?,네팔,capital_of,68,3818
하르툼의 수도가되는 나라 또는 주는 무엇인가요?,수단,capital_of,69,3819
하르툼의 수도가 되는 곳은 어디인가요?,수단,capital_of,69,3819
하르툼를 수도로하는 나라 또는 주는 무엇인가요?,수단,capital_of,69,3819
하르툼를 수도로 하는 장소는 어디인가요?,수단,capital_of,69,3819
하르툼가 수도로 섬기는 곳은 어디인가요?,수단,capital_of,69,3819
빌뉴스의 수도가되는 나라 또는 주는 무엇인가요?,리투아니아,capital_of,70,3820
빌뉴스의 수도가 되는 곳은 어디인가요?,리투아니아,capital_of,70,3820
빌뉴스를 수도로하는 나라 또는 주는 무엇인가요?,리투아니아,capital_of,70,3820
빌뉴스를 수도로 하는 장소는 어디인가요?,리투아니아,capital_of,70,3820
빌뉴스가 수도로 섬기는 곳은 어디인가요?,리투아니아,capital_of,70,3820
베이루트의 수도가되는 나라 또는 주는 무엇인가요?,레바논,capital_of,71,3821
베이루트의 수도가 되는 곳은 어디인가요?,레바논,capital_of,71,3821
베이루트를 수도로하는 나라 또는 주는 무엇인가요?,레바논,capital_of,71,3821
베이루트를 수도로 하는 장소는 어디인가요?,레바논,capital_of,71,3821
베이루트가 수도로 섬기는 곳은 어디인가요?,레바논,capital_of,71,3821
리스본의 수도가되는 나라 또는 주는 무엇인가요?,포르투갈,capital_of,72,3822
리스본의 수도가 되는 곳은 어디인가요?,포르투갈,capital_of,72,3822
리스본를 수도로하는 나라 또는 주는 무엇인가요?,포르투갈,capital_of,72,3822
리스본를 수도로 하는 장소는 어디인가요?,포르투갈,capital_of,72,3822
리스본가 수도로 섬기는 곳은 어디인가요?,포르투갈,capital_of,72,3822
루안다의 수도가되는 나라 또는 주는 무엇인가요?,앙골라,capital_of,73,3823
루안다의 수도가 되는 곳은 어디인가요?,앙골라,capital_of,73,3823
루안다를 수도로하는 나라 또는 주는 무엇인가요?,앙골라,capital_of,73,3823
루안다를 수도로 하는 장소는 어디인가요?,앙골라,capital_of,73,3823
루안다가 수도로 섬기는 곳은 어디인가요?,앙골라,capital_of,73,3823
모스크바의 수도가되는 나라 또는 주는 무엇인가요?,러시아,capital_of,74,3824
모스크바의 수도가 되는 곳은 어디인가요?,러시아,capital_of,74,3824
모스크바를 수도로하는 나라 또는 주는 무엇인가요?,러시아,capital_of,74,3824
모스크바를 수도로 하는 장소는 어디인가요?,러시아,capital_of,74,3824
모스크바가 수도로 섬기는 곳은 어디인가요?,러시아,capital_of,74,3824
위니펙의 수도가되는 나라 또는 주는 무엇인가요?,매니토바주,capital_of,75,3825
위니펙의 수도가 되는 곳은 어디인가요?,매니토바주,capital_of,75,3825
위니펙를 수도로하는 나라 또는 주는 무엇인가요?,매니토바주,capital_of,75,3825
위니펙를 수도로 하는 장소는 어디인가요?,매니토바주,capital_of,75,3825
위니펙가 수도로 섬기는 곳은 어디인가요?,매니토바주,capital_of,75,3825
릴롱궤의 수도가되는 나라 또는 주는 무엇인가요?,말라위,capital_of,76,3826
릴롱궤의 수도가 되는 곳은 어디인가요?,말라위,capital_of,76,3826
릴롱궤를 수도로하는 나라 또는 주는 무엇인가요?,말라위,capital_of,76,3826
릴롱궤를 수도로 하는 장소는 어디인가요?,말라위,capital_of,76,3826
릴롱궤가 수도로 섬기는 곳은 어디인가요?,말라위,capital_of,76,3826
멕시코시티의 수도가되는 나라 또는 주는 무엇인가요?,멕시코,capital_of,77,3827
멕시코시티의 수도가 되는 곳은 어디인가요?,멕시코,capital_of,77,3827
멕시코시티를 수도로하는 나라 또는 주는 무엇인가요?,멕시코,capital_of,77,3827
멕시코시티를 수도로 하는 장소는 어디인가요?,멕시코,capital_of,77,3827
멕시코시티가 수도로 섬기는 곳은 어디인가요?,멕시코,capital_of,77,3827
마푸투의 수도가되는 나라 또는 주는 무엇인가요?,모잠비크,capital_of,78,3828
마푸투의 수도가 되는 곳은 어디인가요?,모잠비크,capital_of,78,3828
마푸투를 수도로하는 나라 또는 주는 무엇인가요?,모잠비크,capital_of,78,3828
마푸투를 수도로 하는 장소는 어디인가요?,모잠비크,capital_of,78,3828
마푸투가 수도로 섬기는 곳은 어디인가요?,모잠비크,capital_of,78,3828
보스턴의 수도가되는 나라 또는 주는 무엇인가요?,매사추세츠주,capital_of,79,3829
보스턴의 수도가 되는 곳은 어디인가요?,매사추세츠주,capital_of,79,3829
보스턴를 수도로하는 나라 또는 주는 무엇인가요?,매사추세츠주,capital_of,79,3829
보스턴를 수도로 하는 장소는 어디인가요?,매사추세츠주,capital_of,79,3829
보스턴가 수도로 섬기는 곳은 어디인가요?,매사추세츠주,capital_of,79,3829
오타와의 수도가되는 나라 또는 주는 무엇인가요?,캐나다,capital_of,80,3830
오타와의 수도가 되는 곳은 어디인가요?,캐나다,capital_of,80,3830
오타와를 수도로하는 나라 또는 주는 무엇인가요?,캐나다,capital_of,80,3830
오타와를 수도로 하는 장소는 어디인가요?,캐나다,capital_of,80,3830
오타와가 수도로 섬기는 곳은 어디인가요?,캐나다,capital_of,80,3830
몬테비데오의 수도가되는 나라 또는 주는 무엇인가요?,우루과이,capital_of,81,3831
몬테비데오의 수도가 되는 곳은 어디인가요?,우루과이,capital_of,81,3831
몬테비데오를 수도로하는 나라 또는 주는 무엇인가요?,우루과이,capital_of,81,3831
몬테비데오를 수도로 하는 장소는 어디인가요?,우루과이,capital_of,81,3831
몬테비데오가 수도로 섬기는 곳은 어디인가요?,우루과이,capital_of,81,3831
마나마의 수도가되는 나라 또는 주는 무엇인가요?,바레인,capital_of,82,3832
마나마의 수도가 되는 곳은 어디인가요?,바레인,capital_of,82,3832
마나마를 수도로하는 나라 또는 주는 무엇인가요?,바레인,capital_of,82,3832
마나마를 수도로 하는 장소는 어디인가요?,바레인,capital_of,82,3832
마나마가 수도로 섬기는 곳은 어디인가요?,바레인,capital_of,82,3832
벵갈루루의 수도가되는 나라 또는 주는 무엇인가요?,카르나타카주,capital_of,83,3833
벵갈루루의 수도가 되는 곳은 어디인가요?,카르나타카주,capital_of,83,3833
벵갈루루를 수도로하는 나라 또는 주는 무엇인가요?,카르나타카주,capital_of,83,3833
벵갈루루를 수도로 하는 장소는 어디인가요?,카르나타카주,capital_of,83,3833
벵갈루루가 수도로 섬기는 곳은 어디인가요?,카르나타카주,capital_of,83,3833
부다페스트의 수도가되는 나라 또는 주는 무엇인가요?,헝가리,capital_of,84,3834
부다페스트의 수도가 되는 곳은 어디인가요?,헝가리,capital_of,84,3834
부다페스트를 수도로하는 나라 또는 주는 무엇인가요?,헝가리,capital_of,84,3834
부다페스트를 수도로 하는 장소는 어디인가요?,헝가리,capital_of,84,3834
부다페스트가 수도로 섬기는 곳은 어디인가요?,헝가리,capital_of,84,3834
테구시갈파의 수도가되는 나라 또는 주는 무엇인가요?,온두라스,capital_of,85,3835
테구시갈파의 수도가 되는 곳은 어디인가요?,온두라스,capital_of,85,3835
테구시갈파를 수도로하는 나라 또는 주는 무엇인가요?,온두라스,capital_of,85,3835
테구시갈파를 수도로 하는 장소는 어디인가요?,온두라스,capital_of,85,3835
테구시갈파가 수도로 섬기는 곳은 어디인가요?,온두라스,capital_of,85,3835
간디나가르의 수도가되는 나라 또는 주는 무엇인가요?,구자라트주,capital_of,86,3836
간디나가르의 수도가 되는 곳은 어디인가요?,구자라트주,capital_of,86,3836
간디나가르를 수도로하는 나라 또는 주는 무엇인가요?,구자라트주,capital_of,86,3836
간디나가르를 수도로 하는 장소는 어디인가요?,구자라트주,capital_of,86,3836
간디나가르가 수도로 섬기는 곳은 어디인가요?,구자라트주,capital_of,86,3836
포드고리차의 수도가되는 나라 또는 주는 무엇인가요?,몬테네그로,capital_of,87,3837
포드고리차의 수도가 되는 곳은 어디인가요?,몬테네그로,capital_of,87,3837
포드고리차를 수도로하는 나라 또는 주는 무엇인가요?,몬테네그로,capital_of,87,3837
포드고리차를 수도로 하는 장소는 어디인가요?,몬테네그로,capital_of,87,3837
포드고리차가 수도로 섬기는 곳은 어디인가요?,몬테네그로,capital_of,87,3837
토론토의 수도가되는 나라 또는 주는 무엇인가요?,온타리오주,capital_of,88,3838
토론토의 수도가 되는 곳은 어디인가요?,온타리오주,capital_of,88,3838
토론토를 수도로하는 나라 또는 주는 무엇인가요?,온타리오주,capital_of,88,3838
토론토를 수도로 하는 장소는 어디인가요?,온타리오주,capital_of,88,3838
토론토가 수도로 섬기는 곳은 어디인가요?,온타리오주,capital_of,88,3838
파나마시티의 수도가되는 나라 또는 주는 무엇인가요?,파나마,capital_of,89,3839
파나마시티의 수도가 되는 곳은 어디인가요?,파나마,capital_of,89,3839
파나마시티를 수도로하는 나라 또는 주는 무엇인가요?,파나마,capital_of,89,3839
파나마시티를 수도로 하는 장소는 어디인가요?,파나마,capital_of,89,3839
파나마시티가 수도로 섬기는 곳은 어디인가요?,파나마,capital_of,89,3839
다카르의 수도가되는 나라 또는 주는 무엇인가요?,세네갈,capital_of,90,3840
다카르의 수도가 되는 곳은 어디인가요?,세네갈,capital_of,90,3840
다카르를 수도로하는 나라 또는 주는 무엇인가요?,세네갈,capital_of,90,3840
다카르를 수도로 하는 장소는 어디인가요?,세네갈,capital_of,90,3840
다카르가 수도로 섬기는 곳은 어디인가요?,세네갈,capital_of,90,3840
라고스의 수도가되는 나라 또는 주는 무엇인가요?,나이지리아,capital_of,91,3841
라고스의 수도가 되는 곳은 어디인가요?,나이지리아,capital_of,91,3841
라고스를 수도로하는 나라 또는 주는 무엇인가요?,나이지리아,capital_of,91,3841
라고스를 수도로 하는 장소는 어디인가요?,나이지리아,capital_of,91,3841
라고스가 수도로 섬기는 곳은 어디인가요?,나이지리아,capital_of,91,3841
방콕의 수도가되는 나라 또는 주는 무엇인가요?,태국,capital_of,92,3842
방콕의 수도가 되는 곳은 어디인가요?,태국,capital_of,92,3842
방콕를 수도로하는 나라 또는 주는 무엇인가요?,태국,capital_of,92,3842
방콕를 수도로 하는 장소는 어디인가요?,태국,capital_of,92,3842
방콕가 수도로 섬기는 곳은 어디인가요?,태국,capital_of,92,3842
산티아고의 수도가되는 나라 또는 주는 무엇인가요?,칠레,capital_of,93,3843
산티아고의 수도가 되는 곳은 어디인가요?,칠레,capital_of,93,3843
산티아고를 수도로하는 나라 또는 주는 무엇인가요?,칠레,capital_of,93,3843
산티아고를 수도로 하는 장소는 어디인가요?,칠레,capital_of,93,3843
산티아고가 수도로 섬기는 곳은 어디인가요?,칠레,capital_of,93,3843
뉴델리의 수도가되는 나라 또는 주는 무엇인가요?,인도,capital_of,94,3844
뉴델리의 수도가 되는 곳은 어디인가요?,인도,capital_of,94,3844
뉴델리를 수도로하는 나라 또는 주는 무엇인가요?,인도,capital_of,94,3844
뉴델리를 수도로 하는 장소는 어디인가요?,인도,capital_of,94,3844
뉴델리가 수도로 섬기는 곳은 어디인가요?,인도,capital_of,94,3844
베오그라드의 수도가되는 나라 또는 주는 무엇인가요?,세르비아,capital_of,95,3845
베오그라드의 수도가 되는 곳은 어디인가요?,세르비아,capital_of,95,3845
베오그라드를 수도로하는 나라 또는 주는 무엇인가요?,세르비아,capital_of,95,3845
베오그라드를 수도로 하는 장소는 어디인가요?,세르비아,capital_of,95,3845
베오그라드가 수도로 섬기는 곳은 어디인가요?,세르비아,capital_of,95,3845
칼리아리의 수도가되는 나라 또는 주는 무엇인가요?,사르데냐,capital_of,96,3846
칼리아리의 수도가 되는 곳은 어디인가요?,사르데냐,capital_of,96,3846
칼리아리를 수도로하는 나라 또는 주는 무엇인가요?,사르데냐,capital_of,96,3846
칼리아리를 수도로 하는 장소는 어디인가요?,사르데냐,capital_of,96,3846
칼리아리가 수도로 섬기는 곳은 어디인가요?,사르데냐,capital_of,96,3846
카라카스의 수도가되는 나라 또는 주는 무엇인가요?,베네수엘라,capital_of,97,3847
카라카스의 수도가 되는 곳은 어디인가요?,베네수엘라,capital_of,97,3847
카라카스를 수도로하는 나라 또는 주는 무엇인가요?,베네수엘라,capital_of,97,3847
카라카스를 수도로 하는 장소는 어디인가요?,베네수엘라,capital_of,97,3847
카라카스가 수도로 섬기는 곳은 어디인가요?,베네수엘라,capital_of,97,3847
니코시아의 수도가되는 나라 또는 주는 무엇인가요?,키프로스,capital_of,98,3848
니코시아의 수도가 되는 곳은 어디인가요?,키프로스,capital_of,98,3848
니코시아를 수도로하는 나라 또는 주는 무엇인가요?,키프로스,capital_of,98,3848
니코시아를 수도로 하는 장소는 어디인가요?,키프로스,capital_of,98,3848
니코시아가 수도로 섬기는 곳은 어디인가요?,키프로스,capital_of,98,3848
키예프의 수도가되는 나라 또는 주는 무엇인가요?,우크라이나,capital_of,99,3849
키예프의 수도가 되는 곳은 어디인가요?,우크라이나,capital_of,99,3849
키예프를 수도로하는 나라 또는 주는 무엇인가요?,우크라이나,capital_of,99,3849
키예프를 수도로 하는 장소는 어디인가요?,우크라이나,capital_of,99,3849
키예프가 수도로 섬기는 곳은 어디인가요?,우크라이나,capital_of,99,3849
타이베이시의 수도가되는 나라 또는 주는 무엇인가요?,중화민국,capital_of,100,3850
타이베이시의 수도가 되는 곳은 어디인가요?,중화민국,capital_of,100,3850
타이베이시를 수도로하는 나라 또는 주는 무엇인가요?,중화민국,capital_of,100,3850
타이베이시를 수도로 하는 장소는 어디인가요?,중화민국,capital_of,100,3850
타이베이시가 수도로 섬기는 곳은 어디인가요?,중화민국,capital_of,100,3850
아부자의 수도가되는 나라 또는 주는 무엇인가요?,나이지리아,capital_of,101,3851
아부자의 수도가 되는 곳은 어디인가요?,나이지리아,capital_of,101,3851
아부자를 수도로하는 나라 또는 주는 무엇인가요?,나이지리아,capital_of,101,3851
아부자를 수도로 하는 장소는 어디인가요?,나이지리아,capital_of,101,3851
아부자가 수도로 섬기는 곳은 어디인가요?,나이지리아,capital_of,101,3851
소피아의 수도가되는 나라 또는 주는 무엇인가요?,불가리아,capital_of,102,3852
소피아의 수도가 되는 곳은 어디인가요?,불가리아,capital_of,102,3852
소피아를 수도로하는 나라 또는 주는 무엇인가요?,불가리아,capital_of,102,3852
소피아를 수도로 하는 장소는 어디인가요?,불가리아,capital_of,102,3852
소피아가 수도로 섬기는 곳은 어디인가요?,불가리아,capital_of,102,3852
솔트레이크시티의 수도가되는 나라 또는 주는 무엇인가요?,유타주,capital_of,103,3853
솔트레이크시티의 수도가 되는 곳은 어디인가요?,유타주,capital_of,103,3853
솔트레이크시티를 수도로하는 나라 또는 주는 무엇인가요?,유타주,capital_of,103,3853
솔트레이크시티를 수도로 하는 장소는 어디인가요?,유타주,capital_of,103,3853
솔트레이크시티가 수도로 섬기는 곳은 어디인가요?,유타주,capital_of,103,3853
팔레르모의 수도가되는 나라 또는 주는 무엇인가요?,시칠리아,capital_of,104,3854
팔레르모의 수도가 되는 곳은 어디인가요?,시칠리아,capital_of,104,3854
팔레르모를 수도로하는 나라 또는 주는 무엇인가요?,시칠리아,capital_of,104,3854
팔레르모를 수도로 하는 장소는 어디인가요?,시칠리아,capital_of,104,3854
팔레르모가 수도로 섬기는 곳은 어디인가요?,시칠리아,capital_of,104,3854
테헤란의 수도가되는 나라 또는 주는 무엇인가요?,이란,capital_of,105,3855
테헤란의 수도가 되는 곳은 어디인가요?,이란,capital_of,105,3855
테헤란를 수도로하는 나라 또는 주는 무엇인가요?,이란,capital_of,105,3855
테헤란를 수도로 하는 장소는 어디인가요?,이란,capital_of,105,3855
테헤란가 수도로 섬기는 곳은 어디인가요?,이란,capital_of,105,3855
퀘벡의 수도가되는 나라 또는 주는 무엇인가요?,퀘벡주,capital_of,106,3856
퀘벡의 수도가 되는 곳은 어디인가요?,퀘벡주,capital_of,106,3856
퀘벡를 수도로하는 나라 또는 주는 무엇인가요?,퀘벡주,capital_of,106,3856
퀘벡를 수도로 하는 장소는 어디인가요?,퀘벡주,capital_of,106,3856
퀘벡가 수도로 섬기는 곳은 어디인가요?,퀘벡주,capital_of,106,3856
프라하의 수도가되는 나라 또는 주는 무엇인가요?,체코슬로바키아,capital_of,107,3857
프라하의 수도가 되는 곳은 어디인가요?,체코슬로바키아,capital_of,107,3857
프라하를 수도로하는 나라 또는 주는 무엇인가요?,체코슬로바키아,capital_of,107,3857
프라하를 수도로 하는 장소는 어디인가요?,체코슬로바키아,capital_of,107,3857
프라하가 수도로 섬기는 곳은 어디인가요?,체코슬로바키아,capital_of,107,3857
다카의 수도가되는 나라 또는 주는 무엇인가요?,방글라데시,capital_of,108,3858
다카의 수도가 되는 곳은 어디인가요?,방글라데시,capital_of,108,3858
다카를 수도로하는 나라 또는 주는 무엇인가요?,방글라데시,capital_of,108,3858
다카를 수도로 하는 장소는 어디인가요?,방글라데시,capital_of,108,3858
다카가 수도로 섬기는 곳은 어디인가요?,방글라데시,capital_of,108,3858
브리즈번의 수도가되는 나라 또는 주는 무엇인가요?,퀸즐랜드주,capital_of,109,3859
브리즈번의 수도가 되는 곳은 어디인가요?,퀸즐랜드주,capital_of,109,3859
브리즈번를 수도로하는 나라 또는 주는 무엇인가요?,퀸즐랜드주,capital_of,109,3859
브리즈번를 수도로 하는 장소는 어디인가요?,퀸즐랜드주,capital_of,109,3859
브리즈번가 수도로 섬기는 곳은 어디인가요?,퀸즐랜드주,capital_of,109,3859
하라레의 수도가되는 나라 또는 주는 무엇인가요?,짐바브웨,capital_of,110,3860
하라레의 수도가 되는 곳은 어디인가요?,짐바브웨,capital_of,110,3860
하라레를 수도로하는 나라 또는 주는 무엇인가요?,짐바브웨,capital_of,110,3860
하라레를 수도로 하는 장소는 어디인가요?,짐바브웨,capital_of,110,3860
하라레가 수도로 섬기는 곳은 어디인가요?,짐바브웨,capital_of,110,3860
엑상프로방스의 수도가되는 나라 또는 주는 무엇인가요?,프로방스,capital_of,111,3861
엑상프로방스의 수도가 되는 곳은 어디인가요?,프로방스,capital_of,111,3861
엑상프로방스를 수도로하는 나라 또는 주는 무엇인가요?,프로방스,capital_of,111,3861
엑상프로방스를 수도로 하는 장소는 어디인가요?,프로방스,capital_of,111,3861
엑상프로방스가 수도로 섬기는 곳은 어디인가요?,프로방스,capital_of,111,3861
몬로비아의 수도가되는 나라 또는 주는 무엇인가요?,라이베리아,capital_of,112,3862
몬로비아의 수도가 되는 곳은 어디인가요?,라이베리아,capital_of,112,3862
몬로비아를 수도로하는 나라 또는 주는 무엇인가요?,라이베리아,capital_of,112,3862
몬로비아를 수도로 하는 장소는 어디인가요?,라이베리아,capital_of,112,3862
몬로비아가 수도로 섬기는 곳은 어디인가요?,라이베리아,capital_of,112,3862
베른의 수도가되는 나라 또는 주는 무엇인가요?,스위스,capital_of,113,3863
베른의 수도가 되는 곳은 어디인가요?,스위스,capital_of,113,3863
베른를 수도로하는 나라 또는 주는 무엇인가요?,스위스,capital_of,113,3863
베른를 수도로 하는 장소는 어디인가요?,스위스,capital_of,113,3863
베른가 수도로 섬기는 곳은 어디인가요?,스위스,capital_of,113,3863
아디스아바바의 수도가되는 나라 또는 주는 무엇인가요?,에티오피아,capital_of,114,3864
아디스아바바의 수도가 되는 곳은 어디인가요?,에티오피아,capital_of,114,3864
아디스아바바를 수도로하는 나라 또는 주는 무엇인가요?,에티오피아,capital_of,114,3864
아디스아바바를 수도로 하는 장소는 어디인가요?,에티오피아,capital_of,114,3864
아디스아바바가 수도로 섬기는 곳은 어디인가요?,에티오피아,capital_of,114,3864
자그레브의 수도가되는 나라 또는 주는 무엇인가요?,크로아티아,capital_of,115,3865
자그레브의 수도가 되는 곳은 어디인가요?,크로아티아,capital_of,115,3865
자그레브를 수도로하는 나라 또는 주는 무엇인가요?,크로아티아,capital_of,115,3865
자그레브를 수도로 하는 장소는 어디인가요?,크로아티아,capital_of,115,3865
자그레브가 수도로 섬기는 곳은 어디인가요?,크로아티아,capital_of,115,3865
프놈펜의 수도가되는 나라 또는 주는 무엇인가요?,캄보디아,capital_of,116,3866
프놈펜의 수도가 되는 곳은 어디인가요?,캄보디아,capital_of,116,3866
프놈펜를 수도로하는 나라 또는 주는 무엇인가요?,캄보디아,capital_of,116,3866
프놈펜를 수도로 하는 장소는 어디인가요?,캄보디아,capital_of,116,3866
프놈펜가 수도로 섬기는 곳은 어디인가요?,캄보디아,capital_of,116,3866
두샨베의 수도가되는 나라 또는 주는 무엇인가요?,타지키스탄,capital_of,117,3867
두샨베의 수도가 되는 곳은 어디인가요?,타지키스탄,capital_of,117,3867
두샨베를 수도로하는 나라 또는 주는 무엇인가요?,타지키스탄,capital_of,117,3867
두샨베를 수도로 하는 장소는 어디인가요?,타지키스탄,capital_of,117,3867
두샨베가 수도로 섬기는 곳은 어디인가요?,타지키스탄,capital_of,117,3867
랜싱의 수도가되는 나라 또는 주는 무엇인가요?,미시간주,capital_of,118,3868
랜싱의 수도가 되는 곳은 어디인가요?,미시간주,capital_of,118,3868
랜싱를 수도로하는 나라 또는 주는 무엇인가요?,미시간주,capital_of,118,3868
랜싱를 수도로 하는 장소는 어디인가요?,미시간주,capital_of,118,3868
랜싱가 수도로 섬기는 곳은 어디인가요?,미시간주,capital_of,118,3868
쿠칭의 수도가되는 나라 또는 주는 무엇인가요?,사라왁주,capital_of,119,3869
쿠칭의 수도가 되는 곳은 어디인가요?,사라왁주,capital_of,119,3869
쿠칭를 수도로하는 나라 또는 주는 무엇인가요?,사라왁주,capital_of,119,3869
쿠칭를 수도로 하는 장소는 어디인가요?,사라왁주,capital_of,119,3869
쿠칭가 수도로 섬기는 곳은 어디인가요?,사라왁주,capital_of,119,3869
마닐라의 수도가되는 나라 또는 주는 무엇인가요?,필리핀,capital_of,120,3870
마닐라의 수도가 되는 곳은 어디인가요?,필리핀,capital_of,120,3870
마닐라를 수도로하는 나라 또는 주는 무엇인가요?,필리핀,capital_of,120,3870
마닐라를 수도로 하는 장소는 어디인가요?,필리핀,capital_of,120,3870
마닐라가 수도로 섬기는 곳은 어디인가요?,필리핀,capital_of,120,3870
웨스트민스터의 수도가되는 나라 또는 주는 무엇인가요?,잉글랜드 왕국,capital_of,121,3871
웨스트민스터의 수도가 되는 곳은 어디인가요?,잉글랜드 왕국,capital_of,121,3871
웨스트민스터를 수도로하는 나라 또는 주는 무엇인가요?,잉글랜드 왕국,capital_of,121,3871
웨스트민스터를 수도로 하는 장소는 어디인가요?,잉글랜드 왕국,capital_of,121,3871
웨스트민스터가 수도로 섬기는 곳은 어디인가요?,잉글랜드 왕국,capital_of,121,3871
키토의 수도가되는 나라 또는 주는 무엇인가요?,에콰도르,capital_of,122,3872
키토의 수도가 되는 곳은 어디인가요?,에콰도르,capital_of,122,3872
키토를 수도로하는 나라 또는 주는 무엇인가요?,에콰도르,capital_of,122,3872
키토를 수도로 하는 장소는 어디인가요?,에콰도르,capital_of,122,3872
키토가 수도로 섬기는 곳은 어디인가요?,에콰도르,capital_of,122,3872
레스터의 수도가되는 나라 또는 주는 무엇인가요?,레스터셔주,capital_of,123,3873
레스터의 수도가 되는 곳은 어디인가요?,레스터셔주,capital_of,123,3873
레스터를 수도로하는 나라 또는 주는 무엇인가요?,레스터셔주,capital_of,123,3873
레스터를 수도로 하는 장소는 어디인가요?,레스터셔주,capital_of,123,3873
레스터가 수도로 섬기는 곳은 어디인가요?,레스터셔주,capital_of,123,3873
쿤밍시의 수도가되는 나라 또는 주는 무엇인가요?,윈난성,capital_of,124,3874
쿤밍시의 수도가 되는 곳은 어디인가요?,윈난성,capital_of,124,3874
쿤밍시를 수도로하는 나라 또는 주는 무엇인가요?,윈난성,capital_of,124,3874
쿤밍시를 수도로 하는 장소는 어디인가요?,윈난성,capital_of,124,3874
쿤밍시가 수도로 섬기는 곳은 어디인가요?,윈난성,capital_of,124,3874
마나과의 수도가되는 나라 또는 주는 무엇인가요?,니카라과,capital_of,125,3875
마나과의 수도가 되는 곳은 어디인가요?,니카라과,capital_of,125,3875
마나과를 수도로하는 나라 또는 주는 무엇인가요?,니카라과,capital_of,125,3875
마나과를 수도로 하는 장소는 어디인가요?,니카라과,capital_of,125,3875
마나과가 수도로 섬기는 곳은 어디인가요?,니카라과,capital_of,125,3875
수크레의 수도가되는 나라 또는 주는 무엇인가요?,볼리비아,capital_of,126,3876
수크레의 수도가 되는 곳은 어디인가요?,볼리비아,capital_of,126,3876
수크레를 수도로하는 나라 또는 주는 무엇인가요?,볼리비아,capital_of,126,3876
수크레를 수도로 하는 장소는 어디인가요?,볼리비아,capital_of,126,3876
수크레가 수도로 섬기는 곳은 어디인가요?,볼리비아,capital_of,126,3876
호놀룰루의 수도가되는 나라 또는 주는 무엇인가요?,하와이주,capital_of,127,3877
호놀룰루의 수도가 되는 곳은 어디인가요?,하와이주,capital_of,127,3877
호놀룰루를 수도로하는 나라 또는 주는 무엇인가요?,하와이주,capital_of,127,3877
호놀룰루를 수도로 하는 장소는 어디인가요?,하와이주,capital_of,127,3877
호놀룰루가 수도로 섬기는 곳은 어디인가요?,하와이주,capital_of,127,3877
비엔티안의 수도가되는 나라 또는 주는 무엇인가요?,라오스,capital_of,128,3878
비엔티안의 수도가 되는 곳은 어디인가요?,라오스,capital_of,128,3878
비엔티안를 수도로하는 나라 또는 주는 무엇인가요?,라오스,capital_of,128,3878
비엔티안를 수도로 하는 장소는 어디인가요?,라오스,capital_of,128,3878
비엔티안가 수도로 섬기는 곳은 어디인가요?,라오스,capital_of,128,3878
청두시의 수도가되는 나라 또는 주는 무엇인가요?,쓰촨성,capital_of,129,3879
청두시의 수도가 되는 곳은 어디인가요?,쓰촨성,capital_of,129,3879
청두시를 수도로하는 나라 또는 주는 무엇인가요?,쓰촨성,capital_of,129,3879
청두시를 수도로 하는 장소는 어디인가요?,쓰촨성,capital_of,129,3879
청두시가 수도로 섬기는 곳은 어디인가요?,쓰촨성,capital_of,129,3879
사라고사의 수도가되는 나라 또는 주는 무엇인가요?,아라곤 지방,capital_of,130,3880
사라고사의 수도가 되는 곳은 어디인가요?,아라곤 지방,capital_of,130,3880
사라고사를 수도로하는 나라 또는 주는 무엇인가요?,아라곤 지방,capital_of,130,3880
사라고사를 수도로 하는 장소는 어디인가요?,아라곤 지방,capital_of,130,3880
사라고사가 수도로 섬기는 곳은 어디인가요?,아라곤 지방,capital_of,130,3880
옥스퍼드의 수도가되는 나라 또는 주는 무엇인가요?,옥스퍼드셔주,capital_of,131,3881
옥스퍼드의 수도가 되는 곳은 어디인가요?,옥스퍼드셔주,capital_of,131,3881
옥스퍼드를 수도로하는 나라 또는 주는 무엇인가요?,옥스퍼드셔주,capital_of,131,3881
옥스퍼드를 수도로 하는 장소는 어디인가요?,옥스퍼드셔주,capital_of,131,3881
옥스퍼드가 수도로 섬기는 곳은 어디인가요?,옥스퍼드셔주,capital_of,131,3881
찬디가르의 수도가되는 나라 또는 주는 무엇인가요?,하리아나주,capital_of,132,3882
찬디가르의 수도가 되는 곳은 어디인가요?,하리아나주,capital_of,132,3882
찬디가르를 수도로하는 나라 또는 주는 무엇인가요?,하리아나주,capital_of,132,3882
찬디가르를 수도로 하는 장소는 어디인가요?,하리아나주,capital_of,132,3882
찬디가르가 수도로 섬기는 곳은 어디인가요?,하리아나주,capital_of,132,3882
니아메의 수도가되는 나라 또는 주는 무엇인가요?,니제르,capital_of,133,3883
니아메의 수도가 되는 곳은 어디인가요?,니제르,capital_of,133,3883
니아메를 수도로하는 나라 또는 주는 무엇인가요?,니제르,capital_of,133,3883
니아메를 수도로 하는 장소는 어디인가요?,니제르,capital_of,133,3883
니아메가 수도로 섬기는 곳은 어디인가요?,니제르,capital_of,133,3883
도하의 수도가되는 나라 또는 주는 무엇인가요?,카타르,capital_of,134,3885
도하의 수도가 되는 곳은 어디인가요?,카타르,capital_of,134,3885
도하를 수도로하는 나라 또는 주는 무엇인가요?,카타르,capital_of,134,3885
도하를 수도로 하는 장소는 어디인가요?,카타르,capital_of,134,3885
도하가 수도로 섬기는 곳은 어디인가요?,카타르,capital_of,134,3885
하라레의 수도가되는 나라 또는 주는 무엇인가요?,로디지아,capital_of,135,3886
하라레의 수도가 되는 곳은 어디인가요?,로디지아,capital_of,135,3886
하라레를 수도로하는 나라 또는 주는 무엇인가요?,로디지아,capital_of,135,3886
하라레를 수도로 하는 장소는 어디인가요?,로디지아,capital_of,135,3886
하라레가 수도로 섬기는 곳은 어디인가요?,로디지아,capital_of,135,3886
아피아의 수도가되는 나라 또는 주는 무엇인가요?,사모아,capital_of,136,3887
아피아의 수도가 되는 곳은 어디인가요?,사모아,capital_of,136,3887
아피아를 수도로하는 나라 또는 주는 무엇인가요?,사모아,capital_of,136,3887
아피아를 수도로 하는 장소는 어디인가요?,사모아,capital_of,136,3887
아피아가 수도로 섬기는 곳은 어디인가요?,사모아,capital_of,136,3887
브라티슬라바의 수도가되는 나라 또는 주는 무엇인가요?,슬로바키아,capital_of,137,3888
브라티슬라바의 수도가 되는 곳은 어디인가요?,슬로바키아,capital_of,137,3888
브라티슬라바를 수도로하는 나라 또는 주는 무엇인가요?,슬로바키아,capital_of,137,3888
브라티슬라바를 수도로 하는 장소는 어디인가요?,슬로바키아,capital_of,137,3888
브라티슬라바가 수도로 섬기는 곳은 어디인가요?,슬로바키아,capital_of,137,3888
코타키나발루의 수도가되는 나라 또는 주는 무엇인가요?,사바주,capital_of,138,3889
코타키나발루의 수도가 되는 곳은 어디인가요?,사바주,capital_of,138,3889
코타키나발루를 수도로하는 나라 또는 주는 무엇인가요?,사바주,capital_of,138,3889
코타키나발루를 수도로 하는 장소는 어디인가요?,사바주,capital_of,138,3889
코타키나발루가 수도로 섬기는 곳은 어디인가요?,사바주,capital_of,138,3889
타슈켄트의 수도가되는 나라 또는 주는 무엇인가요?,우즈베키스탄,capital_of,139,3890
타슈켄트의 수도가 되는 곳은 어디인가요?,우즈베키스탄,capital_of,139,3890
타슈켄트를 수도로하는 나라 또는 주는 무엇인가요?,우즈베키스탄,capital_of,139,3890
타슈켄트를 수도로 하는 장소는 어디인가요?,우즈베키스탄,capital_of,139,3890
타슈켄트가 수도로 섬기는 곳은 어디인가요?,우즈베키스탄,capital_of,139,3890
도도마의 수도가되는 나라 또는 주는 무엇인가요?,탄자니아,capital_of,140,3891
도도마의 수도가 되는 곳은 어디인가요?,탄자니아,capital_of,140,3891
도도마를 수도로하는 나라 또는 주는 무엇인가요?,탄자니아,capital_of,140,3891
도도마를 수도로 하는 장소는 어디인가요?,탄자니아,capital_of,140,3891
도도마가 수도로 섬기는 곳은 어디인가요?,탄자니아,capital_of,140,3891
티라나의 수도가되는 나라 또는 주는 무엇인가요?,알바니아,capital_of,141,3892
티라나의 수도가 되는 곳은 어디인가요?,알바니아,capital_of,141,3892
티라나를 수도로하는 나라 또는 주는 무엇인가요?,알바니아,capital_of,141,3892
티라나를 수도로 하는 장소는 어디인가요?,알바니아,capital_of,141,3892
티라나가 수도로 섬기는 곳은 어디인가요?,알바니아,capital_of,141,3892
캄팔라의 수도가되는 나라 또는 주는 무엇인가요?,우간다,capital_of,142,3893
캄팔라의 수도가 되는 곳은 어디인가요?,우간다,capital_of,142,3893
캄팔라를 수도로하는 나라 또는 주는 무엇인가요?,우간다,capital_of,142,3893
캄팔라를 수도로 하는 장소는 어디인가요?,우간다,capital_of,142,3893
캄팔라가 수도로 섬기는 곳은 어디인가요?,우간다,capital_of,142,3893
하노이의 수도가되는 나라 또는 주는 무엇인가요?,베트남,capital_of,143,3894
하노이의 수도가 되는 곳은 어디인가요?,베트남,capital_of,143,3894
하노이를 수도로하는 나라 또는 주는 무엇인가요?,베트남,capital_of,143,3894
하노이를 수도로 하는 장소는 어디인가요?,베트남,capital_of,143,3894
하노이가 수도로 섬기는 곳은 어디인가요?,베트남,capital_of,143,3894
아덴의 수도가되는 나라 또는 주는 무엇인가요?,예멘,capital_of,144,3895
아덴의 수도가 되는 곳은 어디인가요?,예멘,capital_of,144,3895
아덴를 수도로하는 나라 또는 주는 무엇인가요?,예멘,capital_of,144,3895
아덴를 수도로 하는 장소는 어디인가요?,예멘,capital_of,144,3895
아덴가 수도로 섬기는 곳은 어디인가요?,예멘,capital_of,144,3895
루사카의 수도가되는 나라 또는 주는 무엇인가요?,잠비아,capital_of,145,3896
루사카의 수도가 되는 곳은 어디인가요?,잠비아,capital_of,145,3896
루사카를 수도로하는 나라 또는 주는 무엇인가요?,잠비아,capital_of,145,3896
루사카를 수도로 하는 장소는 어디인가요?,잠비아,capital_of,145,3896
루사카가 수도로 섬기는 곳은 어디인가요?,잠비아,capital_of,145,3896
예레반의 수도가되는 나라 또는 주는 무엇인가요?,아르메니아,capital_of,146,3897
예레반의 수도가 되는 곳은 어디인가요?,아르메니아,capital_of,146,3897
예레반를 수도로하는 나라 또는 주는 무엇인가요?,아르메니아,capital_of,146,3897
예레반를 수도로 하는 장소는 어디인가요?,아르메니아,capital_of,146,3897
예레반가 수도로 섬기는 곳은 어디인가요?,아르메니아,capital_of,146,3897
쿠웨이트 시의 수도가되는 나라 또는 주는 무엇인가요?,쿠웨이트,capital_of,147,3898
쿠웨이트 시의 수도가 되는 곳은 어디인가요?,쿠웨이트,capital_of,147,3898
쿠웨이트 시를 수도로하는 나라 또는 주는 무엇인가요?,쿠웨이트,capital_of,147,3898
쿠웨이트 시를 수도로 하는 장소는 어디인가요?,쿠웨이트,capital_of,147,3898
쿠웨이트 시가 수도로 섬기는 곳은 어디인가요?,쿠웨이트,capital_of,147,3898
포트루이스의 수도가되는 나라 또는 주는 무엇인가요?,모리셔스,capital_of,148,3899
포트루이스의 수도가 되는 곳은 어디인가요?,모리셔스,capital_of,148,3899
포트루이스를 수도로하는 나라 또는 주는 무엇인가요?,모리셔스,capital_of,148,3899
포트루이스를 수도로 하는 장소는 어디인가요?,모리셔스,capital_of,148,3899
포트루이스가 수도로 섬기는 곳은 어디인가요?,모리셔스,capital_of,148,3899
아크라의 수도가되는 나라 또는 주는 무엇인가요?,가나,capital_of,149,3900
아크라의 수도가 되는 곳은 어디인가요?,가나,capital_of,149,3900
아크라를 수도로하는 나라 또는 주는 무엇인가요?,가나,capital_of,149,3900
아크라를 수도로 하는 장소는 어디인가요?,가나,capital_of,149,3900
아크라가 수도로 섬기는 곳은 어디인가요?,가나,capital_of,149,3900
자이푸르의 수도가되는 나라 또는 주는 무엇인가요?,라자스탄주,capital_of,150,3901
자이푸르의 수도가 되는 곳은 어디인가요?,라자스탄주,capital_of,150,3901
자이푸르를 수도로하는 나라 또는 주는 무엇인가요?,라자스탄주,capital_of,150,3901
자이푸르를 수도로 하는 장소는 어디인가요?,라자스탄주,capital_of,150,3901
자이푸르가 수도로 섬기는 곳은 어디인가요?,라자스탄주,capital_of,150,3901
민스크의 수도가되는 나라 또는 주는 무엇인가요?,벨라루스,capital_of,151,3902
민스크의 수도가 되는 곳은 어디인가요?,벨라루스,capital_of,151,3902
민스크를 수도로하는 나라 또는 주는 무엇인가요?,벨라루스,capital_of,151,3902
민스크를 수도로 하는 장소는 어디인가요?,벨라루스,capital_of,151,3902
민스크가 수도로 섬기는 곳은 어디인가요?,벨라루스,capital_of,151,3902
디모인의 수도가되는 나라 또는 주는 무엇인가요?,아이오와주,capital_of,152,3903
디모인의 수도가 되는 곳은 어디인가요?,아이오와주,capital_of,152,3903
디모인를 수도로하는 나라 또는 주는 무엇인가요?,아이오와주,capital_of,152,3903
디모인를 수도로 하는 장소는 어디인가요?,아이오와주,capital_of,152,3903
디모인가 수도로 섬기는 곳은 어디인가요?,아이오와주,capital_of,152,3903
파트나의 수도가되는 나라 또는 주는 무엇인가요?,비하르주,capital_of,153,3904
파트나의 수도가 되는 곳은 어디인가요?,비하르주,capital_of,153,3904
파트나를 수도로하는 나라 또는 주는 무엇인가요?,비하르주,capital_of,153,3904
파트나를 수도로 하는 장소는 어디인가요?,비하르주,capital_of,153,3904
파트나가 수도로 섬기는 곳은 어디인가요?,비하르주,capital_of,153,3904
배턴루지의 수도가되는 나라 또는 주는 무엇인가요?,루이지애나주,capital_of,154,3905
배턴루지의 수도가 되는 곳은 어디인가요?,루이지애나주,capital_of,154,3905
배턴루지를 수도로하는 나라 또는 주는 무엇인가요?,루이지애나주,capital_of,154,3905
배턴루지를 수도로 하는 장소는 어디인가요?,루이지애나주,capital_of,154,3905
배턴루지가 수도로 섬기는 곳은 어디인가요?,루이지애나주,capital_of,154,3905
욕야카르타의 수도가되는 나라 또는 주는 무엇인가요?,인도네시아,capital_of,155,3906
욕야카르타의 수도가 되는 곳은 어디인가요?,인도네시아,capital_of,155,3906
욕야카르타를 수도로하는 나라 또는 주는 무엇인가요?,인도네시아,capital_of,155,3906
욕야카르타를 수도로 하는 장소는 어디인가요?,인도네시아,capital_of,155,3906
욕야카르타가 수도로 섬기는 곳은 어디인가요?,인도네시아,capital_of,155,3906
누르술탄의 수도가되는 나라 또는 주는 무엇인가요?,카자흐스탄,capital_of,156,3907
누르술탄의 수도가 되는 곳은 어디인가요?,카자흐스탄,capital_of,156,3907
누르술탄를 수도로하는 나라 또는 주는 무엇인가요?,카자흐스탄,capital_of,156,3907
누르술탄를 수도로 하는 장소는 어디인가요?,카자흐스탄,capital_of,156,3907
누르술탄가 수도로 섬기는 곳은 어디인가요?,카자흐스탄,capital_of,156,3907
비스바덴의 수도가되는 나라 또는 주는 무엇인가요?,헤센주,capital_of,157,3908
비스바덴의 수도가 되는 곳은 어디인가요?,헤센주,capital_of,157,3908
비스바덴를 수도로하는 나라 또는 주는 무엇인가요?,헤센주,capital_of,157,3908
비스바덴를 수도로 하는 장소는 어디인가요?,헤센주,capital_of,157,3908
비스바덴가 수도로 섬기는 곳은 어디인가요?,헤센주,capital_of,157,3908
디종의 수도가되는 나라 또는 주는 무엇인가요?,부르고뉴,capital_of,158,3909
디종의 수도가 되는 곳은 어디인가요?,부르고뉴,capital_of,158,3909
디종를 수도로하는 나라 또는 주는 무엇인가요?,부르고뉴,capital_of,158,3909
디종를 수도로 하는 장소는 어디인가요?,부르고뉴,capital_of,158,3909
디종가 수도로 섬기는 곳은 어디인가요?,부르고뉴,capital_of,158,3909
루앙의 수도가되는 나라 또는 주는 무엇인가요?,노르망디,capital_of,159,3910
루앙의 수도가 되는 곳은 어디인가요?,노르망디,capital_of,159,3910
루앙를 수도로하는 나라 또는 주는 무엇인가요?,노르망디,capital_of,159,3910
루앙를 수도로 하는 장소는 어디인가요?,노르망디,capital_of,159,3910
루앙가 수도로 섬기는 곳은 어디인가요?,노르망디,capital_of,159,3910
오클라호마시티의 수도가되는 나라 또는 주는 무엇인가요?,오클라호마주,capital_of,160,3911
오클라호마시티의 수도가 되는 곳은 어디인가요?,오클라호마주,capital_of,160,3911
오클라호마시티를 수도로하는 나라 또는 주는 무엇인가요?,오클라호마주,capital_of,160,3911
오클라호마시티를 수도로 하는 장소는 어디인가요?,오클라호마주,capital_of,160,3911
오클라호마시티가 수도로 섬기는 곳은 어디인가요?,오클라호마주,capital_of,160,3911
리틀록의 수도가되는 나라 또는 주는 무엇인가요?,아칸소주,capital_of,161,3912
리틀록의 수도가 되는 곳은 어디인가요?,아칸소주,capital_of,161,3912
리틀록를 수도로하는 나라 또는 주는 무엇인가요?,아칸소주,capital_of,161,3912
리틀록를 수도로 하는 장소는 어디인가요?,아칸소주,capital_of,161,3912
리틀록가 수도로 섬기는 곳은 어디인가요?,아칸소주,capital_of,161,3912
은자메나의 수도가되는 나라 또는 주는 무엇인가요?,차드,capital_of,162,3913
은자메나의 수도가 되는 곳은 어디인가요?,차드,capital_of,162,3913
은자메나를 수도로하는 나라 또는 주는 무엇인가요?,차드,capital_of,162,3913
은자메나를 수도로 하는 장소는 어디인가요?,차드,capital_of,162,3913
은자메나가 수도로 섬기는 곳은 어디인가요?,차드,capital_of,162,3913
암만의 수도가되는 나라 또는 주는 무엇인가요?,요르단,capital_of,163,3914
암만의 수도가 되는 곳은 어디인가요?,요르단,capital_of,163,3914
암만를 수도로하는 나라 또는 주는 무엇인가요?,요르단,capital_of,163,3914
암만를 수도로 하는 장소는 어디인가요?,요르단,capital_of,163,3914
암만가 수도로 섬기는 곳은 어디인가요?,요르단,capital_of,163,3914
티루바난타푸람의 수도가되는 나라 또는 주는 무엇인가요?,케랄라주,capital_of,164,3915
티루바난타푸람의 수도가 되는 곳은 어디인가요?,케랄라주,capital_of,164,3915
티루바난타푸람를 수도로하는 나라 또는 주는 무엇인가요?,케랄라주,capital_of,164,3915
티루바난타푸람를 수도로 하는 장소는 어디인가요?,케랄라주,capital_of,164,3915
티루바난타푸람가 수도로 섬기는 곳은 어디인가요?,케랄라주,capital_of,164,3915
브리지타운의 수도가되는 나라 또는 주는 무엇인가요?,바베이도스,capital_of,165,3916
브리지타운의 수도가 되는 곳은 어디인가요?,바베이도스,capital_of,165,3916
브리지타운를 수도로하는 나라 또는 주는 무엇인가요?,바베이도스,capital_of,165,3916
브리지타운를 수도로 하는 장소는 어디인가요?,바베이도스,capital_of,165,3916
브리지타운가 수도로 섬기는 곳은 어디인가요?,바베이도스,capital_of,165,3916
두바이의 수도가되는 나라 또는 주는 무엇인가요?,두바이 토후국,capital_of,166,3917
두바이의 수도가 되는 곳은 어디인가요?,두바이 토후국,capital_of,166,3917
두바이를 수도로하는 나라 또는 주는 무엇인가요?,두바이 토후국,capital_of,166,3917
두바이를 수도로 하는 장소는 어디인가요?,두바이 토후국,capital_of,166,3917
두바이가 수도로 섬기는 곳은 어디인가요?,두바이 토후국,capital_of,166,3917
포츠담의 수도가되는 나라 또는 주는 무엇인가요?,브란덴부르크주,capital_of,167,3918
포츠담의 수도가 되는 곳은 어디인가요?,브란덴부르크주,capital_of,167,3918
포츠담를 수도로하는 나라 또는 주는 무엇인가요?,브란덴부르크주,capital_of,167,3918
포츠담를 수도로 하는 장소는 어디인가요?,브란덴부르크주,capital_of,167,3918
포츠담가 수도로 섬기는 곳은 어디인가요?,브란덴부르크주,capital_of,167,3918
안타나나리보의 수도가되는 나라 또는 주는 무엇인가요?,마다가스카르,capital_of,168,3919
안타나나리보의 수도가 되는 곳은 어디인가요?,마다가스카르,capital_of,168,3919
안타나나리보를 수도로하는 나라 또는 주는 무엇인가요?,마다가스카르,capital_of,168,3919
안타나나리보를 수도로 하는 장소는 어디인가요?,마다가스카르,capital_of,168,3919
안타나나리보가 수도로 섬기는 곳은 어디인가요?,마다가스카르,capital_of,168,3919
바마코의 수도가되는 나라 또는 주는 무엇인가요?,말리,capital_of,169,3920
바마코의 수도가 되는 곳은 어디인가요?,말리,capital_of,169,3920
바마코를 수도로하는 나라 또는 주는 무엇인가요?,말리,capital_of,169,3920
바마코를 수도로 하는 장소는 어디인가요?,말리,capital_of,169,3920
바마코가 수도로 섬기는 곳은 어디인가요?,말리,capital_of,169,3920
아나폴리스의 수도가되는 나라 또는 주는 무엇인가요?,메릴랜드주,capital_of,170,3921
아나폴리스의 수도가 되는 곳은 어디인가요?,메릴랜드주,capital_of,170,3921
아나폴리스를 수도로하는 나라 또는 주는 무엇인가요?,메릴랜드주,capital_of,170,3921
아나폴리스를 수도로 하는 장소는 어디인가요?,메릴랜드주,capital_of,170,3921
아나폴리스가 수도로 섬기는 곳은 어디인가요?,메릴랜드주,capital_of,170,3921
하이데라바드의 수도가되는 나라 또는 주는 무엇인가요?,텔랑가나주,capital_of,171,3922
하이데라바드의 수도가 되는 곳은 어디인가요?,텔랑가나주,capital_of,171,3922
하이데라바드를 수도로하는 나라 또는 주는 무엇인가요?,텔랑가나주,capital_of,171,3922
하이데라바드를 수도로 하는 장소는 어디인가요?,텔랑가나주,capital_of,171,3922
하이데라바드가 수도로 섬기는 곳은 어디인가요?,텔랑가나주,capital_of,171,3922
찬디가르의 수도가되는 나라 또는 주는 무엇인가요?,펀자브주,capital_of,172,3923
찬디가르의 수도가 되는 곳은 어디인가요?,펀자브주,capital_of,172,3923
찬디가르를 수도로하는 나라 또는 주는 무엇인가요?,펀자브주,capital_of,172,3923
찬디가르를 수도로 하는 장소는 어디인가요?,펀자브주,capital_of,172,3923
찬디가르가 수도로 섬기는 곳은 어디인가요?,펀자브주,capital_of,172,3923
부르캉브레스의 수도가되는 나라 또는 주는 무엇인가요?,앵주,capital_of,173,3924
부르캉브레스의 수도가 되는 곳은 어디인가요?,앵주,capital_of,173,3924
부르캉브레스를 수도로하는 나라 또는 주는 무엇인가요?,앵주,capital_of,173,3924
부르캉브레스를 수도로 하는 장소는 어디인가요?,앵주,capital_of,173,3924
부르캉브레스가 수도로 섬기는 곳은 어디인가요?,앵주,capital_of,173,3924
수바의 수도가되는 나라 또는 주는 무엇인가요?,피지,capital_of,174,3925
수바의 수도가 되는 곳은 어디인가요?,피지,capital_of,174,3925
수바를 수도로하는 나라 또는 주는 무엇인가요?,피지,capital_of,174,3925
수바를 수도로 하는 장소는 어디인가요?,피지,capital_of,174,3925
수바가 수도로 섬기는 곳은 어디인가요?,피지,capital_of,174,3925
해리스버그의 수도가되는 나라 또는 주는 무엇인가요?,펜실베이니아주,capital_of,175,3926
해리스버그의 수도가 되는 곳은 어디인가요?,펜실베이니아주,capital_of,175,3926
해리스버그를 수도로하는 나라 또는 주는 무엇인가요?,펜실베이니아주,capital_of,175,3926
해리스버그를 수도로 하는 장소는 어디인가요?,펜실베이니아주,capital_of,175,3926
해리스버그가 수도로 섬기는 곳은 어디인가요?,펜실베이니아주,capital_of,175,3926
사나의 수도가되는 나라 또는 주는 무엇인가요?,예멘,capital_of,176,3927
사나의 수도가 되는 곳은 어디인가요?,예멘,capital_of,176,3927
사나를 수도로하는 나라 또는 주는 무엇인가요?,예멘,capital_of,176,3927
사나를 수도로 하는 장소는 어디인가요?,예멘,capital_of,176,3927
사나가 수도로 섬기는 곳은 어디인가요?,예멘,capital_of,176,3927
파나지의 수도가되는 나라 또는 주는 무엇인가요?,고아주,capital_of,177,3928
파나지의 수도가 되는 곳은 어디인가요?,고아주,capital_of,177,3928
파나지를 수도로하는 나라 또는 주는 무엇인가요?,고아주,capital_of,177,3928
파나지를 수도로 하는 장소는 어디인가요?,고아주,capital_of,177,3928
파나지가 수도로 섬기는 곳은 어디인가요?,고아주,capital_of,177,3928
반다르스리브가완의 수도가되는 나라 또는 주는 무엇인가요?,브루나이,capital_of,178,3929
반다르스리브가완의 수도가 되는 곳은 어디인가요?,브루나이,capital_of,178,3929
반다르스리브가완를 수도로하는 나라 또는 주는 무엇인가요?,브루나이,capital_of,178,3929
반다르스리브가완를 수도로 하는 장소는 어디인가요?,브루나이,capital_of,178,3929
반다르스리브가완가 수도로 섬기는 곳은 어디인가요?,브루나이,capital_of,178,3929
샤이엔의 수도가되는 나라 또는 주는 무엇인가요?,와이오밍주,capital_of,179,3930
샤이엔의 수도가 되는 곳은 어디인가요?,와이오밍주,capital_of,179,3930
샤이엔를 수도로하는 나라 또는 주는 무엇인가요?,와이오밍주,capital_of,179,3930
샤이엔를 수도로 하는 장소는 어디인가요?,와이오밍주,capital_of,179,3930
샤이엔가 수도로 섬기는 곳은 어디인가요?,와이오밍주,capital_of,179,3930
팜플로나의 수도가되는 나라 또는 주는 무엇인가요?,나바라 지방,capital_of,180,3931
팜플로나의 수도가 되는 곳은 어디인가요?,나바라 지방,capital_of,180,3931
팜플로나를 수도로하는 나라 또는 주는 무엇인가요?,나바라 지방,capital_of,180,3931
팜플로나를 수도로 하는 장소는 어디인가요?,나바라 지방,capital_of,180,3931
팜플로나가 수도로 섬기는 곳은 어디인가요?,나바라 지방,capital_of,180,3931
리브르빌의 수도가되는 나라 또는 주는 무엇인가요?,가봉,capital_of,181,3932
리브르빌의 수도가 되는 곳은 어디인가요?,가봉,capital_of,181,3932
리브르빌를 수도로하는 나라 또는 주는 무엇인가요?,가봉,capital_of,181,3932
리브르빌를 수도로 하는 장소는 어디인가요?,가봉,capital_of,181,3932
리브르빌가 수도로 섬기는 곳은 어디인가요?,가봉,capital_of,181,3932
프리슈티나의 수도가되는 나라 또는 주는 무엇인가요?,코소보,capital_of,182,3933
프리슈티나의 수도가 되는 곳은 어디인가요?,코소보,capital_of,182,3933
프리슈티나를 수도로하는 나라 또는 주는 무엇인가요?,코소보,capital_of,182,3933
프리슈티나를 수도로 하는 장소는 어디인가요?,코소보,capital_of,182,3933
프리슈티나가 수도로 섬기는 곳은 어디인가요?,코소보,capital_of,182,3933
누크의 수도가되는 나라 또는 주는 무엇인가요?,그린란드,capital_of,183,3934
누크의 수도가 되는 곳은 어디인가요?,그린란드,capital_of,183,3934
누크를 수도로하는 나라 또는 주는 무엇인가요?,그린란드,capital_of,183,3934
누크를 수도로 하는 장소는 어디인가요?,그린란드,capital_of,183,3934
누크가 수도로 섬기는 곳은 어디인가요?,그린란드,capital_of,183,3934
윈체스터의 수도가되는 나라 또는 주는 무엇인가요?,잉글랜드 왕국,capital_of,184,3935
윈체스터의 수도가 되는 곳은 어디인가요?,잉글랜드 왕국,capital_of,184,3935
윈체스터를 수도로하는 나라 또는 주는 무엇인가요?,잉글랜드 왕국,capital_of,184,3935
윈체스터를 수도로 하는 장소는 어디인가요?,잉글랜드 왕국,capital_of,184,3935
윈체스터가 수도로 섬기는 곳은 어디인가요?,잉글랜드 왕국,capital_of,184,3935
베오그라드의 수도가되는 나라 또는 주는 무엇인가요?,유고슬라비아,capital_of,185,3936
베오그라드의 수도가 되는 곳은 어디인가요?,유고슬라비아,capital_of,185,3936
베오그라드를 수도로하는 나라 또는 주는 무엇인가요?,유고슬라비아,capital_of,185,3936
베오그라드를 수도로 하는 장소는 어디인가요?,유고슬라비아,capital_of,185,3936
베오그라드가 수도로 섬기는 곳은 어디인가요?,유고슬라비아,capital_of,185,3936
하트퍼드의 수도가되는 나라 또는 주는 무엇인가요?,코네티컷주,capital_of,186,3937
하트퍼드의 수도가 되는 곳은 어디인가요?,코네티컷주,capital_of,186,3937
하트퍼드를 수도로하는 나라 또는 주는 무엇인가요?,코네티컷주,capital_of,186,3937
하트퍼드를 수도로 하는 장소는 어디인가요?,코네티컷주,capital_of,186,3937
하트퍼드가 수도로 섬기는 곳은 어디인가요?,코네티컷주,capital_of,186,3937
리마의 수도가되는 나라 또는 주는 무엇인가요?,페루,capital_of,187,3938
리마의 수도가 되는 곳은 어디인가요?,페루,capital_of,187,3938
리마를 수도로하는 나라 또는 주는 무엇인가요?,페루,capital_of,187,3938
리마를 수도로 하는 장소는 어디인가요?,페루,capital_of,187,3938
리마가 수도로 섬기는 곳은 어디인가요?,페루,capital_of,187,3938
코나크리의 수도가되는 나라 또는 주는 무엇인가요?,기니,capital_of,188,3939
코나크리의 수도가 되는 곳은 어디인가요?,기니,capital_of,188,3939
코나크리를 수도로하는 나라 또는 주는 무엇인가요?,기니,capital_of,188,3939
코나크리를 수도로 하는 장소는 어디인가요?,기니,capital_of,188,3939
코나크리가 수도로 섬기는 곳은 어디인가요?,기니,capital_of,188,3939
주노의 수도가되는 나라 또는 주는 무엇인가요?,알래스카주,capital_of,189,3940
주노의 수도가 되는 곳은 어디인가요?,알래스카주,capital_of,189,3940
주노를 수도로하는 나라 또는 주는 무엇인가요?,알래스카주,capital_of,189,3940
주노를 수도로 하는 장소는 어디인가요?,알래스카주,capital_of,189,3940
주노가 수도로 섬기는 곳은 어디인가요?,알래스카주,capital_of,189,3940
벨모판의 수도가되는 나라 또는 주는 무엇인가요?,벨리즈,capital_of,190,3941
벨모판의 수도가 되는 곳은 어디인가요?,벨리즈,capital_of,190,3941
벨모판를 수도로하는 나라 또는 주는 무엇인가요?,벨리즈,capital_of,190,3941
벨모판를 수도로 하는 장소는 어디인가요?,벨리즈,capital_of,190,3941
벨모판가 수도로 섬기는 곳은 어디인가요?,벨리즈,capital_of,190,3941
새크라멘토의 수도가되는 나라 또는 주는 무엇인가요?,캘리포니아주,capital_of,191,3942
새크라멘토의 수도가 되는 곳은 어디인가요?,캘리포니아주,capital_of,191,3942
새크라멘토를 수도로하는 나라 또는 주는 무엇인가요?,캘리포니아주,capital_of,191,3942
새크라멘토를 수도로 하는 장소는 어디인가요?,캘리포니아주,capital_of,191,3942
새크라멘토가 수도로 섬기는 곳은 어디인가요?,캘리포니아주,capital_of,191,3942
시티오브런던의 수도가되는 나라 또는 주는 무엇인가요?,잉글랜드 왕국,capital_of,192,3943
시티오브런던의 수도가 되는 곳은 어디인가요?,잉글랜드 왕국,capital_of,192,3943
시티오브런던를 수도로하는 나라 또는 주는 무엇인가요?,잉글랜드 왕국,capital_of,192,3943
시티오브런던를 수도로 하는 장소는 어디인가요?,잉글랜드 왕국,capital_of,192,3943
시티오브런던가 수도로 섬기는 곳은 어디인가요?,잉글랜드 왕국,capital_of,192,3943
키갈리의 수도가되는 나라 또는 주는 무엇인가요?,르완다,capital_of,193,3944
키갈리의 수도가 되는 곳은 어디인가요?,르완다,capital_of,193,3944
키갈리를 수도로하는 나라 또는 주는 무엇인가요?,르완다,capital_of,193,3944
키갈리를 수도로 하는 장소는 어디인가요?,르완다,capital_of,193,3944
키갈리가 수도로 섬기는 곳은 어디인가요?,르완다,capital_of,193,3944
브뤼셀 시의 수도가되는 나라 또는 주는 무엇인가요?,벨기에,capital_of,194,3945
브뤼셀 시의 수도가 되는 곳은 어디인가요?,벨기에,capital_of,194,3945
브뤼셀 시를 수도로하는 나라 또는 주는 무엇인가요?,벨기에,capital_of,194,3945
브뤼셀 시를 수도로 하는 장소는 어디인가요?,벨기에,capital_of,194,3945
브뤼셀 시가 수도로 섬기는 곳은 어디인가요?,벨기에,capital_of,194,3945
팀부의 수도가되는 나라 또는 주는 무엇인가요?,부탄,capital_of,195,3946
팀부의 수도가 되는 곳은 어디인가요?,부탄,capital_of,195,3946
팀부를 수도로하는 나라 또는 주는 무엇인가요?,부탄,capital_of,195,3946
팀부를 수도로 하는 장소는 어디인가요?,부탄,capital_of,195,3946
팀부가 수도로 섬기는 곳은 어디인가요?,부탄,capital_of,195,3946
나플리오의 수도가되는 나라 또는 주는 무엇인가요?,그리스,capital_of,196,3947
나플리오의 수도가 되는 곳은 어디인가요?,그리스,capital_of,196,3947
나플리오를 수도로하는 나라 또는 주는 무엇인가요?,그리스,capital_of,196,3947
나플리오를 수도로 하는 장소는 어디인가요?,그리스,capital_of,196,3947
나플리오가 수도로 섬기는 곳은 어디인가요?,그리스,capital_of,196,3947
알바이울리아의 수도가되는 나라 또는 주는 무엇인가요?,알바주,capital_of,197,3948
알바이울리아의 수도가 되는 곳은 어디인가요?,알바주,capital_of,197,3948
알바이울리아를 수도로하는 나라 또는 주는 무엇인가요?,알바주,capital_of,197,3948
알바이울리아를 수도로 하는 장소는 어디인가요?,알바주,capital_of,197,3948
알바이울리아가 수도로 섬기는 곳은 어디인가요?,알바주,capital_of,197,3948
보이시의 수도가되는 나라 또는 주는 무엇인가요?,아이다호주,capital_of,198,3949
보이시의 수도가 되는 곳은 어디인가요?,아이다호주,capital_of,198,3949
보이시를 수도로하는 나라 또는 주는 무엇인가요?,아이다호주,capital_of,198,3949
보이시를 수도로 하는 장소는 어디인가요?,아이다호주,capital_of,198,3949
보이시가 수도로 섬기는 곳은 어디인가요?,아이다호주,capital_of,198,3949
내슈빌의 수도가되는 나라 또는 주는 무엇인가요?,테네시주,capital_of,199,3950
내슈빌의 수도가 되는 곳은 어디인가요?,테네시주,capital_of,199,3950
내슈빌를 수도로하는 나라 또는 주는 무엇인가요?,테네시주,capital_of,199,3950
내슈빌를 수도로 하는 장소는 어디인가요?,테네시주,capital_of,199,3950
내슈빌가 수도로 섬기는 곳은 어디인가요?,테네시주,capital_of,199,3950
아를롱의 수도가되는 나라 또는 주는 무엇인가요?,뤽상부르주,capital_of,200,3951
아를롱의 수도가 되는 곳은 어디인가요?,뤽상부르주,capital_of,200,3951
아를롱를 수도로하는 나라 또는 주는 무엇인가요?,뤽상부르주,capital_of,200,3951
아를롱를 수도로 하는 장소는 어디인가요?,뤽상부르주,capital_of,200,3951
아를롱가 수도로 섬기는 곳은 어디인가요?,뤽상부르주,capital_of,200,3951
잘츠부르크의 수도가되는 나라 또는 주는 무엇인가요?,잘츠부르크주,capital_of,201,3952
잘츠부르크의 수도가 되는 곳은 어디인가요?,잘츠부르크주,capital_of,201,3952
잘츠부르크를 수도로하는 나라 또는 주는 무엇인가요?,잘츠부르크주,capital_of,201,3952
잘츠부르크를 수도로 하는 장소는 어디인가요?,잘츠부르크주,capital_of,201,3952
잘츠부르크가 수도로 섬기는 곳은 어디인가요?,잘츠부르크주,capital_of,201,3952
오스틴의 수도가되는 나라 또는 주는 무엇인가요?,텍사스주,capital_of,202,3953
오스틴의 수도가 되는 곳은 어디인가요?,텍사스주,capital_of,202,3953
오스틴를 수도로하는 나라 또는 주는 무엇인가요?,텍사스주,capital_of,202,3953
오스틴를 수도로 하는 장소는 어디인가요?,텍사스주,capital_of,202,3953
오스틴가 수도로 섬기는 곳은 어디인가요?,텍사스주,capital_of,202,3953
세인트폴의 수도가되는 나라 또는 주는 무엇인가요?,미네소타주,capital_of,203,3954
세인트폴의 수도가 되는 곳은 어디인가요?,미네소타주,capital_of,203,3954
세인트폴를 수도로하는 나라 또는 주는 무엇인가요?,미네소타주,capital_of,203,3954
세인트폴를 수도로 하는 장소는 어디인가요?,미네소타주,capital_of,203,3954
세인트폴가 수도로 섬기는 곳은 어디인가요?,미네소타주,capital_of,203,3954
무스카트의 수도가되는 나라 또는 주는 무엇인가요?,오만,capital_of,204,3955
무스카트의 수도가 되는 곳은 어디인가요?,오만,capital_of,204,3955
무스카트를 수도로하는 나라 또는 주는 무엇인가요?,오만,capital_of,204,3955
무스카트를 수도로 하는 장소는 어디인가요?,오만,capital_of,204,3955
무스카트가 수도로 섬기는 곳은 어디인가요?,오만,capital_of,204,3955
탤러해시의 수도가되는 나라 또는 주는 무엇인가요?,플로리다주,capital_of,205,3956
탤러해시의 수도가 되는 곳은 어디인가요?,플로리다주,capital_of,205,3956
탤러해시를 수도로하는 나라 또는 주는 무엇인가요?,플로리다주,capital_of,205,3956
탤러해시를 수도로 하는 장소는 어디인가요?,플로리다주,capital_of,205,3956
탤러해시가 수도로 섬기는 곳은 어디인가요?,플로리다주,capital_of,205,3956
트빌리시의 수도가되는 나라 또는 주는 무엇인가요?,조지아,capital_of,206,3957
트빌리시의 수도가 되는 곳은 어디인가요?,조지아,capital_of,206,3957
트빌리시를 수도로하는 나라 또는 주는 무엇인가요?,조지아,capital_of,206,3957
트빌리시를 수도로 하는 장소는 어디인가요?,조지아,capital_of,206,3957
트빌리시가 수도로 섬기는 곳은 어디인가요?,조지아,capital_of,206,3957
브뤼셀 시의 수도가되는 나라 또는 주는 무엇인가요?,플랑드르,capital_of,207,3958
브뤼셀 시의 수도가 되는 곳은 어디인가요?,플랑드르,capital_of,207,3958
브뤼셀 시를 수도로하는 나라 또는 주는 무엇인가요?,플랑드르,capital_of,207,3958
브뤼셀 시를 수도로 하는 장소는 어디인가요?,플랑드르,capital_of,207,3958
브뤼셀 시가 수도로 섬기는 곳은 어디인가요?,플랑드르,capital_of,207,3958
헤브론의 수도가되는 나라 또는 주는 무엇인가요?,유다 왕국,capital_of,208,3959
헤브론의 수도가 되는 곳은 어디인가요?,유다 왕국,capital_of,208,3959
헤브론를 수도로하는 나라 또는 주는 무엇인가요?,유다 왕국,capital_of,208,3959
헤브론를 수도로 하는 장소는 어디인가요?,유다 왕국,capital_of,208,3959
헤브론가 수도로 섬기는 곳은 어디인가요?,유다 왕국,capital_of,208,3959
릴의 수도가되는 나라 또는 주는 무엇인가요?,노르주,capital_of,209,3960
릴의 수도가 되는 곳은 어디인가요?,노르주,capital_of,209,3960
릴를 수도로하는 나라 또는 주는 무엇인가요?,노르주,capital_of,209,3960
릴를 수도로 하는 장소는 어디인가요?,노르주,capital_of,209,3960
릴가 수도로 섬기는 곳은 어디인가요?,노르주,capital_of,209,3960
토피카의 수도가되는 나라 또는 주는 무엇인가요?,캔자스주,capital_of,210,3961
토피카의 수도가 되는 곳은 어디인가요?,캔자스주,capital_of,210,3961
토피카를 수도로하는 나라 또는 주는 무엇인가요?,캔자스주,capital_of,210,3961
토피카를 수도로 하는 장소는 어디인가요?,캔자스주,capital_of,210,3961
토피카가 수도로 섬기는 곳은 어디인가요?,캔자스주,capital_of,210,3961
산티아고데콤포스텔라의 수도가되는 나라 또는 주는 무엇인가요?,갈리시아 지방,capital_of,211,3962
산티아고데콤포스텔라의 수도가 되는 곳은 어디인가요?,갈리시아 지방,capital_of,211,3962
산티아고데콤포스텔라를 수도로하는 나라 또는 주는 무엇인가요?,갈리시아 지방,capital_of,211,3962
산티아고데콤포스텔라를 수도로 하는 장소는 어디인가요?,갈리시아 지방,capital_of,211,3962
산티아고데콤포스텔라가 수도로 섬기는 곳은 어디인가요?,갈리시아 지방,capital_of,211,3962
원초적 본능가 어디에서 만들어졌나요?,프랑스,location_of_formation,0,6071
어떤 장소에서 원초적 본능가 형성되었나요?,프랑스,location_of_formation,0,6071
원초적 본능의 형성은 어느 위치에서 이루어졌나요?,프랑스,location_of_formation,0,6071
원초적 본능가 만들어진 나라나 장소는 어디인가요?,프랑스,location_of_formation,0,6071
원초적 본능는 어디에서 만들어졌나요?,프랑스,location_of_formation,0,6071
욕망가 어디에서 만들어졌나요?,이탈리아,location_of_formation,1,6072
어떤 장소에서 욕망가 형성되었나요?,이탈리아,location_of_formation,1,6072
욕망의 형성은 어느 위치에서 이루어졌나요?,이탈리아,location_of_formation,1,6072
욕망가 만들어진 나라나 장소는 어디인가요?,이탈리아,location_of_formation,1,6072
욕망는 어디에서 만들어졌나요?,이탈리아,location_of_formation,1,6072
테니스가 어디에서 만들어졌나요?,잉글랜드,location_of_formation,2,6073
어떤 장소에서 테니스가 형성되었나요?,잉글랜드,location_of_formation,2,6073
테니스의 형성은 어느 위치에서 이루어졌나요?,잉글랜드,location_of_formation,2,6073
테니스가 만들어진 나라나 장소는 어디인가요?,잉글랜드,location_of_formation,2,6073
테니스는 어디에서 만들어졌나요?,잉글랜드,location_of_formation,2,6073
레게가 어디에서 만들어졌나요?,자메이카,location_of_formation,3,6074
어떤 장소에서 레게가 형성되었나요?,자메이카,location_of_formation,3,6074
레게의 형성은 어느 위치에서 이루어졌나요?,자메이카,location_of_formation,3,6074
레게가 만들어진 나라나 장소는 어디인가요?,자메이카,location_of_formation,3,6074
레게는 어디에서 만들어졌나요?,자메이카,location_of_formation,3,6074
프랑크푸르터 알게마이네 차이퉁가 어디에서 만들어졌나요?,독일,location_of_formation,4,6075
어떤 장소에서 프랑크푸르터 알게마이네 차이퉁가 형성되었나요?,독일,location_of_formation,4,6075
프랑크푸르터 알게마이네 차이퉁의 형성은 어느 위치에서 이루어졌나요?,독일,location_of_formation,4,6075
프랑크푸르터 알게마이네 차이퉁가 만들어진 나라나 장소는 어디인가요?,독일,location_of_formation,4,6075
프랑크푸르터 알게마이네 차이퉁는 어디에서 만들어졌나요?,독일,location_of_formation,4,6075
높이뛰기가 어디에서 만들어졌나요?,스코틀랜드,location_of_formation,5,6076
어떤 장소에서 높이뛰기가 형성되었나요?,스코틀랜드,location_of_formation,5,6076
높이뛰기의 형성은 어느 위치에서 이루어졌나요?,스코틀랜드,location_of_formation,5,6076
높이뛰기가 만들어진 나라나 장소는 어디인가요?,스코틀랜드,location_of_formation,5,6076
높이뛰기는 어디에서 만들어졌나요?,스코틀랜드,location_of_formation,5,6076
이탈리아 파시즘가 어디에서 만들어졌나요?,이탈리아,location_of_formation,6,6077
어떤 장소에서 이탈리아 파시즘가 형성되었나요?,이탈리아,location_of_formation,6,6077
이탈리아 파시즘의 형성은 어느 위치에서 이루어졌나요?,이탈리아,location_of_formation,6,6077
이탈리아 파시즘가 만들어진 나라나 장소는 어디인가요?,이탈리아,location_of_formation,6,6077
이탈리아 파시즘는 어디에서 만들어졌나요?,이탈리아,location_of_formation,6,6077
다다미가 어디에서 만들어졌나요?,일본,location_of_formation,7,6078
어떤 장소에서 다다미가 형성되었나요?,일본,location_of_formation,7,6078
다다미의 형성은 어느 위치에서 이루어졌나요?,일본,location_of_formation,7,6078
다다미가 만들어진 나라나 장소는 어디인가요?,일본,location_of_formation,7,6078
다다미는 어디에서 만들어졌나요?,일본,location_of_formation,7,6078
기네스 세계 기록가 어디에서 만들어졌나요?,아일랜드,location_of_formation,8,6079
어떤 장소에서 기네스 세계 기록가 형성되었나요?,아일랜드,location_of_formation,8,6079
기네스 세계 기록의 형성은 어느 위치에서 이루어졌나요?,아일랜드,location_of_formation,8,6079
기네스 세계 기록가 만들어진 나라나 장소는 어디인가요?,아일랜드,location_of_formation,8,6079
기네스 세계 기록는 어디에서 만들어졌나요?,아일랜드,location_of_formation,8,6079
고도를 기다리며가 어디에서 만들어졌나요?,프랑스,location_of_formation,9,6080
어떤 장소에서 고도를 기다리며가 형성되었나요?,프랑스,location_of_formation,9,6080
고도를 기다리며의 형성은 어느 위치에서 이루어졌나요?,프랑스,location_of_formation,9,6080
고도를 기다리며가 만들어진 나라나 장소는 어디인가요?,프랑스,location_of_formation,9,6080
고도를 기다리며는 어디에서 만들어졌나요?,프랑스,location_of_formation,9,6080
인생은 아름다워가 어디에서 만들어졌나요?,이탈리아,location_of_formation,10,6081
어떤 장소에서 인생은 아름다워가 형성되었나요?,이탈리아,location_of_formation,10,6081
인생은 아름다워의 형성은 어느 위치에서 이루어졌나요?,이탈리아,location_of_formation,10,6081
인생은 아름다워가 만들어진 나라나 장소는 어디인가요?,이탈리아,location_of_formation,10,6081
인생은 아름다워는 어디에서 만들어졌나요?,이탈리아,location_of_formation,10,6081
코리에레 델라 세라가 어디에서 만들어졌나요?,이탈리아,location_of_formation,11,6082
어떤 장소에서 코리에레 델라 세라가 형성되었나요?,이탈리아,location_of_formation,11,6082
코리에레 델라 세라의 형성은 어느 위치에서 이루어졌나요?,이탈리아,location_of_formation,11,6082
코리에레 델라 세라가 만들어진 나라나 장소는 어디인가요?,이탈리아,location_of_formation,11,6082
코리에레 델라 세라는 어디에서 만들어졌나요?,이탈리아,location_of_formation,11,6082
터키 커피가 어디에서 만들어졌나요?,터키,location_of_formation,12,6083
어떤 장소에서 터키 커피가 형성되었나요?,터키,location_of_formation,12,6083
터키 커피의 형성은 어느 위치에서 이루어졌나요?,터키,location_of_formation,12,6083
터키 커피가 만들어진 나라나 장소는 어디인가요?,터키,location_of_formation,12,6083
터키 커피는 어디에서 만들어졌나요?,터키,location_of_formation,12,6083
카망베르가 어디에서 만들어졌나요?,프랑스,location_of_formation,13,6084
어떤 장소에서 카망베르가 형성되었나요?,프랑스,location_of_formation,13,6084
카망베르의 형성은 어느 위치에서 이루어졌나요?,프랑스,location_of_formation,13,6084
카망베르가 만들어진 나라나 장소는 어디인가요?,프랑스,location_of_formation,13,6084
카망베르는 어디에서 만들어졌나요?,프랑스,location_of_formation,13,6084
데스노트가 어디에서 만들어졌나요?,일본,location_of_formation,14,6085
어떤 장소에서 데스노트가 형성되었나요?,일본,location_of_formation,14,6085
데스노트의 형성은 어느 위치에서 이루어졌나요?,일본,location_of_formation,14,6085
데스노트가 만들어진 나라나 장소는 어디인가요?,일본,location_of_formation,14,6085
데스노트는 어디에서 만들어졌나요?,일본,location_of_formation,14,6085
두부가 어디에서 만들어졌나요?,일본,location_of_formation,15,6086
어떤 장소에서 두부가 형성되었나요?,일본,location_of_formation,15,6086
두부의 형성은 어느 위치에서 이루어졌나요?,일본,location_of_formation,15,6086
두부가 만들어진 나라나 장소는 어디인가요?,일본,location_of_formation,15,6086
두부는 어디에서 만들어졌나요?,일본,location_of_formation,15,6086
페스토가 어디에서 만들어졌나요?,이탈리아,location_of_formation,16,6087
어떤 장소에서 페스토가 형성되었나요?,이탈리아,location_of_formation,16,6087
페스토의 형성은 어느 위치에서 이루어졌나요?,이탈리아,location_of_formation,16,6087
페스토가 만들어진 나라나 장소는 어디인가요?,이탈리아,location_of_formation,16,6087
페스토는 어디에서 만들어졌나요?,이탈리아,location_of_formation,16,6087
크라프트베르크가 어디에서 만들어졌나요?,독일,location_of_formation,17,6088
어떤 장소에서 크라프트베르크가 형성되었나요?,독일,location_of_formation,17,6088
크라프트베르크의 형성은 어느 위치에서 이루어졌나요?,독일,location_of_formation,17,6088
크라프트베르크가 만들어진 나라나 장소는 어디인가요?,독일,location_of_formation,17,6088
크라프트베르크는 어디에서 만들어졌나요?,독일,location_of_formation,17,6088
도베르만가 어디에서 만들어졌나요?,독일,location_of_formation,18,6089
어떤 장소에서 도베르만가 형성되었나요?,독일,location_of_formation,18,6089
도베르만의 형성은 어느 위치에서 이루어졌나요?,독일,location_of_formation,18,6089
도베르만가 만들어진 나라나 장소는 어디인가요?,독일,location_of_formation,18,6089
도베르만는 어디에서 만들어졌나요?,독일,location_of_formation,18,6089
겐지 이야기가 어디에서 만들어졌나요?,일본,location_of_formation,19,6090
어떤 장소에서 겐지 이야기가 형성되었나요?,일본,location_of_formation,19,6090
겐지 이야기의 형성은 어느 위치에서 이루어졌나요?,일본,location_of_formation,19,6090
겐지 이야기가 만들어진 나라나 장소는 어디인가요?,일본,location_of_formation,19,6090
겐지 이야기는 어디에서 만들어졌나요?,일본,location_of_formation,19,6090
과카몰레가 어디에서 만들어졌나요?,멕시코,location_of_formation,20,6091
어떤 장소에서 과카몰레가 형성되었나요?,멕시코,location_of_formation,20,6091
과카몰레의 형성은 어느 위치에서 이루어졌나요?,멕시코,location_of_formation,20,6091
과카몰레가 만들어진 나라나 장소는 어디인가요?,멕시코,location_of_formation,20,6091
과카몰레는 어디에서 만들어졌나요?,멕시코,location_of_formation,20,6091
탁구가 어디에서 만들어졌나요?,잉글랜드,location_of_formation,21,6092
어떤 장소에서 탁구가 형성되었나요?,잉글랜드,location_of_formation,21,6092
탁구의 형성은 어느 위치에서 이루어졌나요?,잉글랜드,location_of_formation,21,6092
탁구가 만들어진 나라나 장소는 어디인가요?,잉글랜드,location_of_formation,21,6092
탁구는 어디에서 만들어졌나요?,잉글랜드,location_of_formation,21,6092
J-pop가 어디에서 만들어졌나요?,일본,location_of_formation,22,6093
어떤 장소에서 J-pop가 형성되었나요?,일본,location_of_formation,22,6093
J-pop의 형성은 어느 위치에서 이루어졌나요?,일본,location_of_formation,22,6093
J-pop가 만들어진 나라나 장소는 어디인가요?,일본,location_of_formation,22,6093
J-pop는 어디에서 만들어졌나요?,일본,location_of_formation,22,6093
와플가 어디에서 만들어졌나요?,벨기에,location_of_formation,23,6094
어떤 장소에서 와플가 형성되었나요?,벨기에,location_of_formation,23,6094
와플의 형성은 어느 위치에서 이루어졌나요?,벨기에,location_of_formation,23,6094
와플가 만들어진 나라나 장소는 어디인가요?,벨기에,location_of_formation,23,6094
와플는 어디에서 만들어졌나요?,벨기에,location_of_formation,23,6094
축구가 어디에서 만들어졌나요?,잉글랜드,location_of_formation,24,6095
어떤 장소에서 축구가 형성되었나요?,잉글랜드,location_of_formation,24,6095
축구의 형성은 어느 위치에서 이루어졌나요?,잉글랜드,location_of_formation,24,6095
축구가 만들어진 나라나 장소는 어디인가요?,잉글랜드,location_of_formation,24,6095
축구는 어디에서 만들어졌나요?,잉글랜드,location_of_formation,24,6095
대니 미노그가 어디에서 만들어졌나요?,오스트레일리아,location_of_formation,25,6096
어떤 장소에서 대니 미노그가 형성되었나요?,오스트레일리아,location_of_formation,25,6096
대니 미노그의 형성은 어느 위치에서 이루어졌나요?,오스트레일리아,location_of_formation,25,6096
대니 미노그가 만들어진 나라나 장소는 어디인가요?,오스트레일리아,location_of_formation,25,6096
대니 미노그는 어디에서 만들어졌나요?,오스트레일리아,location_of_formation,25,6096
데카메론가 어디에서 만들어졌나요?,이탈리아,location_of_formation,26,6097
어떤 장소에서 데카메론가 형성되었나요?,이탈리아,location_of_formation,26,6097
데카메론의 형성은 어느 위치에서 이루어졌나요?,이탈리아,location_of_formation,26,6097
데카메론가 만들어진 나라나 장소는 어디인가요?,이탈리아,location_of_formation,26,6097
데카메론는 어디에서 만들어졌나요?,이탈리아,location_of_formation,26,6097
U2가 어디에서 만들어졌나요?,아일랜드,location_of_formation,27,6098
어떤 장소에서 U2가 형성되었나요?,아일랜드,location_of_formation,27,6098
U2의 형성은 어느 위치에서 이루어졌나요?,아일랜드,location_of_formation,27,6098
U2가 만들어진 나라나 장소는 어디인가요?,아일랜드,location_of_formation,27,6098
U2는 어디에서 만들어졌나요?,아일랜드,location_of_formation,27,6098
골프가 어디에서 만들어졌나요?,스코틀랜드,location_of_formation,28,6099
어떤 장소에서 골프가 형성되었나요?,스코틀랜드,location_of_formation,28,6099
골프의 형성은 어느 위치에서 이루어졌나요?,스코틀랜드,location_of_formation,28,6099
골프가 만들어진 나라나 장소는 어디인가요?,스코틀랜드,location_of_formation,28,6099
골프는 어디에서 만들어졌나요?,스코틀랜드,location_of_formation,28,6099
브레첼가 어디에서 만들어졌나요?,독일,location_of_formation,29,6100
어떤 장소에서 브레첼가 형성되었나요?,독일,location_of_formation,29,6100
브레첼의 형성은 어느 위치에서 이루어졌나요?,독일,location_of_formation,29,6100
브레첼가 만들어진 나라나 장소는 어디인가요?,독일,location_of_formation,29,6100
브레첼는 어디에서 만들어졌나요?,독일,location_of_formation,29,6100
레노버가 어디에서 만들어졌나요?,베이징시,location_of_formation,30,6488
어떤 장소에서 레노버가 형성되었나요?,베이징시,location_of_formation,30,6488
레노버의 형성은 어느 위치에서 이루어졌나요?,베이징시,location_of_formation,30,6488
레노버가 만들어진 나라나 장소는 어디인가요?,베이징시,location_of_formation,30,6488
레노버는 어디에서 만들어졌나요?,베이징시,location_of_formation,30,6488
코카콜라 컴퍼니가 어디에서 만들어졌나요?,애틀랜타,location_of_formation,31,6489
어떤 장소에서 코카콜라 컴퍼니가 형성되었나요?,애틀랜타,location_of_formation,31,6489
코카콜라 컴퍼니의 형성은 어느 위치에서 이루어졌나요?,애틀랜타,location_of_formation,31,6489
코카콜라 컴퍼니가 만들어진 나라나 장소는 어디인가요?,애틀랜타,location_of_formation,31,6489
코카콜라 컴퍼니는 어디에서 만들어졌나요?,애틀랜타,location_of_formation,31,6489
에릭슨가 어디에서 만들어졌나요?,스톡홀름,location_of_formation,32,6490
어떤 장소에서 에릭슨가 형성되었나요?,스톡홀름,location_of_formation,32,6490
에릭슨의 형성은 어느 위치에서 이루어졌나요?,스톡홀름,location_of_formation,32,6490
에릭슨가 만들어진 나라나 장소는 어디인가요?,스톡홀름,location_of_formation,32,6490
에릭슨는 어디에서 만들어졌나요?,스톡홀름,location_of_formation,32,6490
스티비 원더가 어디에서 만들어졌나요?,디트로이트,location_of_formation,33,6491
어떤 장소에서 스티비 원더가 형성되었나요?,디트로이트,location_of_formation,33,6491
스티비 원더의 형성은 어느 위치에서 이루어졌나요?,디트로이트,location_of_formation,33,6491
스티비 원더가 만들어진 나라나 장소는 어디인가요?,디트로이트,location_of_formation,33,6491
스티비 원더는 어디에서 만들어졌나요?,디트로이트,location_of_formation,33,6491
삼성전자가 어디에서 만들어졌나요?,서울특별시,location_of_formation,34,6492
어떤 장소에서 삼성전자가 형성되었나요?,서울특별시,location_of_formation,34,6492
삼성전자의 형성은 어느 위치에서 이루어졌나요?,서울특별시,location_of_formation,34,6492
삼성전자가 만들어진 나라나 장소는 어디인가요?,서울특별시,location_of_formation,34,6492
삼성전자는 어디에서 만들어졌나요?,서울특별시,location_of_formation,34,6492
카니예 웨스트가 어디에서 만들어졌나요?,시카고,location_of_formation,35,6493
어떤 장소에서 카니예 웨스트가 형성되었나요?,시카고,location_of_formation,35,6493
카니예 웨스트의 형성은 어느 위치에서 이루어졌나요?,시카고,location_of_formation,35,6493
카니예 웨스트가 만들어진 나라나 장소는 어디인가요?,시카고,location_of_formation,35,6493
카니예 웨스트는 어디에서 만들어졌나요?,시카고,location_of_formation,35,6493
크랜베리스가 어디에서 만들어졌나요?,리머릭,location_of_formation,36,6494
어떤 장소에서 크랜베리스가 형성되었나요?,리머릭,location_of_formation,36,6494
크랜베리스의 형성은 어느 위치에서 이루어졌나요?,리머릭,location_of_formation,36,6494
크랜베리스가 만들어진 나라나 장소는 어디인가요?,리머릭,location_of_formation,36,6494
크랜베리스는 어디에서 만들어졌나요?,리머릭,location_of_formation,36,6494
콜드플레이가 어디에서 만들어졌나요?,런던,location_of_formation,37,6495
어떤 장소에서 콜드플레이가 형성되었나요?,런던,location_of_formation,37,6495
콜드플레이의 형성은 어느 위치에서 이루어졌나요?,런던,location_of_formation,37,6495
콜드플레이가 만들어진 나라나 장소는 어디인가요?,런던,location_of_formation,37,6495
콜드플레이는 어디에서 만들어졌나요?,런던,location_of_formation,37,6495
지멘스 AG가 어디에서 만들어졌나요?,베를린,location_of_formation,38,6496
어떤 장소에서 지멘스 AG가 형성되었나요?,베를린,location_of_formation,38,6496
지멘스 AG의 형성은 어느 위치에서 이루어졌나요?,베를린,location_of_formation,38,6496
지멘스 AG가 만들어진 나라나 장소는 어디인가요?,베를린,location_of_formation,38,6496
지멘스 AG는 어디에서 만들어졌나요?,베를린,location_of_formation,38,6496
그린피스가 어디에서 만들어졌나요?,밴쿠버,location_of_formation,39,6497
어떤 장소에서 그린피스가 형성되었나요?,밴쿠버,location_of_formation,39,6497
그린피스의 형성은 어느 위치에서 이루어졌나요?,밴쿠버,location_of_formation,39,6497
그린피스가 만들어진 나라나 장소는 어디인가요?,밴쿠버,location_of_formation,39,6497
그린피스는 어디에서 만들어졌나요?,밴쿠버,location_of_formation,39,6497
샤오미 테크가 어디에서 만들어졌나요?,베이징시,location_of_formation,40,6498
어떤 장소에서 샤오미 테크가 형성되었나요?,베이징시,location_of_formation,40,6498
샤오미 테크의 형성은 어느 위치에서 이루어졌나요?,베이징시,location_of_formation,40,6498
샤오미 테크가 만들어진 나라나 장소는 어디인가요?,베이징시,location_of_formation,40,6498
샤오미 테크는 어디에서 만들어졌나요?,베이징시,location_of_formation,40,6498
국제축구연맹가 어디에서 만들어졌나요?,파리,location_of_formation,41,6499
어떤 장소에서 국제축구연맹가 형성되었나요?,파리,location_of_formation,41,6499
국제축구연맹의 형성은 어느 위치에서 이루어졌나요?,파리,location_of_formation,41,6499
국제축구연맹가 만들어진 나라나 장소는 어디인가요?,파리,location_of_formation,41,6499
국제축구연맹는 어디에서 만들어졌나요?,파리,location_of_formation,41,6499
루블린 연합가 어디에서 만들어졌나요?,루블린,location_of_formation,42,6500
어떤 장소에서 루블린 연합가 형성되었나요?,루블린,location_of_formation,42,6500
루블린 연합의 형성은 어느 위치에서 이루어졌나요?,루블린,location_of_formation,42,6500
루블린 연합가 만들어진 나라나 장소는 어디인가요?,루블린,location_of_formation,42,6500
루블린 연합는 어디에서 만들어졌나요?,루블린,location_of_formation,42,6500
프랑크푸르트 학파가 어디에서 만들어졌나요?,프랑크푸르트,location_of_formation,43,6501
어떤 장소에서 프랑크푸르트 학파가 형성되었나요?,프랑크푸르트,location_of_formation,43,6501
프랑크푸르트 학파의 형성은 어느 위치에서 이루어졌나요?,프랑크푸르트,location_of_formation,43,6501
프랑크푸르트 학파가 만들어진 나라나 장소는 어디인가요?,프랑크푸르트,location_of_formation,43,6501
프랑크푸르트 학파는 어디에서 만들어졌나요?,프랑크푸르트,location_of_formation,43,6501
스카우트 운동가 어디에서 만들어졌나요?,잉글랜드,location_of_formation,44,6502
어떤 장소에서 스카우트 운동가 형성되었나요?,잉글랜드,location_of_formation,44,6502
스카우트 운동의 형성은 어느 위치에서 이루어졌나요?,잉글랜드,location_of_formation,44,6502
스카우트 운동가 만들어진 나라나 장소는 어디인가요?,잉글랜드,location_of_formation,44,6502
스카우트 운동는 어디에서 만들어졌나요?,잉글랜드,location_of_formation,44,6502
비 지스가 어디에서 만들어졌나요?,맨체스터,location_of_formation,45,6503
어떤 장소에서 비 지스가 형성되었나요?,맨체스터,location_of_formation,45,6503
비 지스의 형성은 어느 위치에서 이루어졌나요?,맨체스터,location_of_formation,45,6503
비 지스가 만들어진 나라나 장소는 어디인가요?,맨체스터,location_of_formation,45,6503
비 지스는 어디에서 만들어졌나요?,맨체스터,location_of_formation,45,6503
보잉가 어디에서 만들어졌나요?,시애틀,location_of_formation,46,6504
어떤 장소에서 보잉가 형성되었나요?,시애틀,location_of_formation,46,6504
보잉의 형성은 어느 위치에서 이루어졌나요?,시애틀,location_of_formation,46,6504
보잉가 만들어진 나라나 장소는 어디인가요?,시애틀,location_of_formation,46,6504
보잉는 어디에서 만들어졌나요?,시애틀,location_of_formation,46,6504
로르디가 어디에서 만들어졌나요?,헬싱키,location_of_formation,47,6505
어떤 장소에서 로르디가 형성되었나요?,헬싱키,location_of_formation,47,6505
로르디의 형성은 어느 위치에서 이루어졌나요?,헬싱키,location_of_formation,47,6505
로르디가 만들어진 나라나 장소는 어디인가요?,헬싱키,location_of_formation,47,6505
로르디는 어디에서 만들어졌나요?,헬싱키,location_of_formation,47,6505
버거킹가 어디에서 만들어졌나요?,마이애미,location_of_formation,48,6506
어떤 장소에서 버거킹가 형성되었나요?,마이애미,location_of_formation,48,6506
버거킹의 형성은 어느 위치에서 이루어졌나요?,마이애미,location_of_formation,48,6506
버거킹가 만들어진 나라나 장소는 어디인가요?,마이애미,location_of_formation,48,6506
버거킹는 어디에서 만들어졌나요?,마이애미,location_of_formation,48,6506
람슈타인가 어디에서 만들어졌나요?,베를린,location_of_formation,49,6507
어떤 장소에서 람슈타인가 형성되었나요?,베를린,location_of_formation,49,6507
람슈타인의 형성은 어느 위치에서 이루어졌나요?,베를린,location_of_formation,49,6507
람슈타인가 만들어진 나라나 장소는 어디인가요?,베를린,location_of_formation,49,6507
람슈타인는 어디에서 만들어졌나요?,베를린,location_of_formation,49,6507
푸 파이터스가 어디에서 만들어졌나요?,시애틀,location_of_formation,50,6508
어떤 장소에서 푸 파이터스가 형성되었나요?,시애틀,location_of_formation,50,6508
푸 파이터스의 형성은 어느 위치에서 이루어졌나요?,시애틀,location_of_formation,50,6508
푸 파이터스가 만들어진 나라나 장소는 어디인가요?,시애틀,location_of_formation,50,6508
푸 파이터스는 어디에서 만들어졌나요?,시애틀,location_of_formation,50,6508
더 후가 어디에서 만들어졌나요?,런던,location_of_formation,51,6509
어떤 장소에서 더 후가 형성되었나요?,런던,location_of_formation,51,6509
더 후의 형성은 어느 위치에서 이루어졌나요?,런던,location_of_formation,51,6509
더 후가 만들어진 나라나 장소는 어디인가요?,런던,location_of_formation,51,6509
더 후는 어디에서 만들어졌나요?,런던,location_of_formation,51,6509
페예노르트가 어디에서 만들어졌나요?,로테르담,location_of_formation,52,6510
어떤 장소에서 페예노르트가 형성되었나요?,로테르담,location_of_formation,52,6510
페예노르트의 형성은 어느 위치에서 이루어졌나요?,로테르담,location_of_formation,52,6510
페예노르트가 만들어진 나라나 장소는 어디인가요?,로테르담,location_of_formation,52,6510
페예노르트는 어디에서 만들어졌나요?,로테르담,location_of_formation,52,6510
AFC 아약스가 어디에서 만들어졌나요?,암스테르담,location_of_formation,53,6511
어떤 장소에서 AFC 아약스가 형성되었나요?,암스테르담,location_of_formation,53,6511
AFC 아약스의 형성은 어느 위치에서 이루어졌나요?,암스테르담,location_of_formation,53,6511
AFC 아약스가 만들어진 나라나 장소는 어디인가요?,암스테르담,location_of_formation,53,6511
AFC 아약스는 어디에서 만들어졌나요?,암스테르담,location_of_formation,53,6511
독일철도주식회사가 어디에서 만들어졌나요?,베를린,location_of_formation,54,6512
어떤 장소에서 독일철도주식회사가 형성되었나요?,베를린,location_of_formation,54,6512
독일철도주식회사의 형성은 어느 위치에서 이루어졌나요?,베를린,location_of_formation,54,6512
독일철도주식회사가 만들어진 나라나 장소는 어디인가요?,베를린,location_of_formation,54,6512
독일철도주식회사는 어디에서 만들어졌나요?,베를린,location_of_formation,54,6512
세가가 어디에서 만들어졌나요?,도쿄도,location_of_formation,55,6513
어떤 장소에서 세가가 형성되었나요?,도쿄도,location_of_formation,55,6513
세가의 형성은 어느 위치에서 이루어졌나요?,도쿄도,location_of_formation,55,6513
세가가 만들어진 나라나 장소는 어디인가요?,도쿄도,location_of_formation,55,6513
세가는 어디에서 만들어졌나요?,도쿄도,location_of_formation,55,6513
애스턴 마틴가 어디에서 만들어졌나요?,런던,location_of_formation,56,6514
어떤 장소에서 애스턴 마틴가 형성되었나요?,런던,location_of_formation,56,6514
애스턴 마틴의 형성은 어느 위치에서 이루어졌나요?,런던,location_of_formation,56,6514
애스턴 마틴가 만들어진 나라나 장소는 어디인가요?,런던,location_of_formation,56,6514
애스턴 마틴는 어디에서 만들어졌나요?,런던,location_of_formation,56,6514
악틱 몽키즈가 어디에서 만들어졌나요?,셰필드,location_of_formation,57,6515
어떤 장소에서 악틱 몽키즈가 형성되었나요?,셰필드,location_of_formation,57,6515
악틱 몽키즈의 형성은 어느 위치에서 이루어졌나요?,셰필드,location_of_formation,57,6515
악틱 몽키즈가 만들어진 나라나 장소는 어디인가요?,셰필드,location_of_formation,57,6515
악틱 몽키즈는 어디에서 만들어졌나요?,셰필드,location_of_formation,57,6515
글로리아 에스테판가 어디에서 만들어졌나요?,마이애미,location_of_formation,58,6516
어떤 장소에서 글로리아 에스테판가 형성되었나요?,마이애미,location_of_formation,58,6516
글로리아 에스테판의 형성은 어느 위치에서 이루어졌나요?,마이애미,location_of_formation,58,6516
글로리아 에스테판가 만들어진 나라나 장소는 어디인가요?,마이애미,location_of_formation,58,6516
글로리아 에스테판는 어디에서 만들어졌나요?,마이애미,location_of_formation,58,6516
EMI가 어디에서 만들어졌나요?,런던,location_of_formation,59,6517
어떤 장소에서 EMI가 형성되었나요?,런던,location_of_formation,59,6517
EMI의 형성은 어느 위치에서 이루어졌나요?,런던,location_of_formation,59,6517
EMI가 만들어진 나라나 장소는 어디인가요?,런던,location_of_formation,59,6517
EMI는 어디에서 만들어졌나요?,런던,location_of_formation,59,6517
듀란 듀란가 어디에서 만들어졌나요?,버밍엄,location_of_formation,60,6518
어떤 장소에서 듀란 듀란가 형성되었나요?,버밍엄,location_of_formation,60,6518
듀란 듀란의 형성은 어느 위치에서 이루어졌나요?,버밍엄,location_of_formation,60,6518
듀란 듀란가 만들어진 나라나 장소는 어디인가요?,버밍엄,location_of_formation,60,6518
듀란 듀란는 어디에서 만들어졌나요?,버밍엄,location_of_formation,60,6518
런던 증권거래소가 어디에서 만들어졌나요?,런던,location_of_formation,61,6519
어떤 장소에서 런던 증권거래소가 형성되었나요?,런던,location_of_formation,61,6519
런던 증권거래소의 형성은 어느 위치에서 이루어졌나요?,런던,location_of_formation,61,6519
런던 증권거래소가 만들어진 나라나 장소는 어디인가요?,런던,location_of_formation,61,6519
런던 증권거래소는 어디에서 만들어졌나요?,런던,location_of_formation,61,6519
두카티가 어디에서 만들어졌나요?,볼로냐,location_of_formation,62,6520
어떤 장소에서 두카티가 형성되었나요?,볼로냐,location_of_formation,62,6520
두카티의 형성은 어느 위치에서 이루어졌나요?,볼로냐,location_of_formation,62,6520
두카티가 만들어진 나라나 장소는 어디인가요?,볼로냐,location_of_formation,62,6520
두카티는 어디에서 만들어졌나요?,볼로냐,location_of_formation,62,6520
더 라스무스가 어디에서 만들어졌나요?,헬싱키,location_of_formation,63,6521
어떤 장소에서 더 라스무스가 형성되었나요?,헬싱키,location_of_formation,63,6521
더 라스무스의 형성은 어느 위치에서 이루어졌나요?,헬싱키,location_of_formation,63,6521
더 라스무스가 만들어진 나라나 장소는 어디인가요?,헬싱키,location_of_formation,63,6521
더 라스무스는 어디에서 만들어졌나요?,헬싱키,location_of_formation,63,6521
데프 레퍼드가 어디에서 만들어졌나요?,셰필드,location_of_formation,64,6522
어떤 장소에서 데프 레퍼드가 형성되었나요?,셰필드,location_of_formation,64,6522
데프 레퍼드의 형성은 어느 위치에서 이루어졌나요?,셰필드,location_of_formation,64,6522
데프 레퍼드가 만들어진 나라나 장소는 어디인가요?,셰필드,location_of_formation,64,6522
데프 레퍼드는 어디에서 만들어졌나요?,셰필드,location_of_formation,64,6522
니콘가 어디에서 만들어졌나요?,도쿄도,location_of_formation,65,6523
어떤 장소에서 니콘가 형성되었나요?,도쿄도,location_of_formation,65,6523
니콘의 형성은 어느 위치에서 이루어졌나요?,도쿄도,location_of_formation,65,6523
니콘가 만들어진 나라나 장소는 어디인가요?,도쿄도,location_of_formation,65,6523
니콘는 어디에서 만들어졌나요?,도쿄도,location_of_formation,65,6523
러시아인의 모국어는 무엇입니까?,러시아어,native_language,0,4853
러시아인가 자연스럽게 말하는 언어는 무엇입니까?,러시아어,native_language,0,4853
러시아인의 첫 번째 언어는 무엇입니까?,러시아어,native_language,0,4853
러시아인가 가장 유창한 언어는 무엇입니까?,러시아어,native_language,0,4853
러시아인의 주요 언어는 무엇입니까?,러시아어,native_language,0,4853
소피 마르소의 모국어는 무엇입니까?,프랑스어,native_language,1,4854
소피 마르소가 자연스럽게 말하는 언어는 무엇입니까?,프랑스어,native_language,1,4854
소피 마르소의 첫 번째 언어는 무엇입니까?,프랑스어,native_language,1,4854
소피 마르소가 가장 유창한 언어는 무엇입니까?,프랑스어,native_language,1,4854
소피 마르소의 주요 언어는 무엇입니까?,프랑스어,native_language,1,4854
리오넬 조스팽의 모국어는 무엇입니까?,프랑스어,native_language,2,4855
리오넬 조스팽가 자연스럽게 말하는 언어는 무엇입니까?,프랑스어,native_language,2,4855
리오넬 조스팽의 첫 번째 언어는 무엇입니까?,프랑스어,native_language,2,4855
리오넬 조스팽가 가장 유창한 언어는 무엇입니까?,프랑스어,native_language,2,4855
리오넬 조스팽의 주요 언어는 무엇입니까?,프랑스어,native_language,2,4855
윌리엄 헨리 해리슨의 모국어는 무엇입니까?,영어,native_language,3,4856
윌리엄 헨리 해리슨가 자연스럽게 말하는 언어는 무엇입니까?,영어,native_language,3,4856
윌리엄 헨리 해리슨의 첫 번째 언어는 무엇입니까?,영어,native_language,3,4856
윌리엄 헨리 해리슨가 가장 유창한 언어는 무엇입니까?,영어,native_language,3,4856
윌리엄 헨리 해리슨의 주요 언어는 무엇입니까?,영어,native_language,3,4856
알랭 들롱의 모국어는 무엇입니까?,프랑스어,native_language,4,4857
알랭 들롱가 자연스럽게 말하는 언어는 무엇입니까?,프랑스어,native_language,4,4857
알랭 들롱의 첫 번째 언어는 무엇입니까?,프랑스어,native_language,4,4857
알랭 들롱가 가장 유창한 언어는 무엇입니까?,프랑스어,native_language,4,4857
알랭 들롱의 주요 언어는 무엇입니까?,프랑스어,native_language,4,4857
미셸 드 몽테뉴의 모국어는 무엇입니까?,라틴어,native_language,5,4858
미셸 드 몽테뉴가 자연스럽게 말하는 언어는 무엇입니까?,라틴어,native_language,5,4858
미셸 드 몽테뉴의 첫 번째 언어는 무엇입니까?,라틴어,native_language,5,4858
미셸 드 몽테뉴가 가장 유창한 언어는 무엇입니까?,라틴어,native_language,5,4858
미셸 드 몽테뉴의 주요 언어는 무엇입니까?,라틴어,native_language,5,4858
예브게니 옙투셴코의 모국어는 무엇입니까?,러시아어,native_language,6,4859
예브게니 옙투셴코가 자연스럽게 말하는 언어는 무엇입니까?,러시아어,native_language,6,4859
예브게니 옙투셴코의 첫 번째 언어는 무엇입니까?,러시아어,native_language,6,4859
예브게니 옙투셴코가 가장 유창한 언어는 무엇입니까?,러시아어,native_language,6,4859
예브게니 옙투셴코의 주요 언어는 무엇입니까?,러시아어,native_language,6,4859
교황 요한 바오로 2세의 모국어는 무엇입니까?,폴란드어,native_language,7,4860
교황 요한 바오로 2세가 자연스럽게 말하는 언어는 무엇입니까?,폴란드어,native_language,7,4860
교황 요한 바오로 2세의 첫 번째 언어는 무엇입니까?,폴란드어,native_language,7,4860
교황 요한 바오로 2세가 가장 유창한 언어는 무엇입니까?,폴란드어,native_language,7,4860
교황 요한 바오로 2세의 주요 언어는 무엇입니까?,폴란드어,native_language,7,4860
니콜라이 부하린의 모국어는 무엇입니까?,러시아어,native_language,8,4861
니콜라이 부하린가 자연스럽게 말하는 언어는 무엇입니까?,러시아어,native_language,8,4861
니콜라이 부하린의 첫 번째 언어는 무엇입니까?,러시아어,native_language,8,4861
니콜라이 부하린가 가장 유창한 언어는 무엇입니까?,러시아어,native_language,8,4861
니콜라이 부하린의 주요 언어는 무엇입니까?,러시아어,native_language,8,4861
리오넬 메시의 모국어는 무엇입니까?,스페인어,native_language,9,4862
리오넬 메시가 자연스럽게 말하는 언어는 무엇입니까?,스페인어,native_language,9,4862
리오넬 메시의 첫 번째 언어는 무엇입니까?,스페인어,native_language,9,4862
리오넬 메시가 가장 유창한 언어는 무엇입니까?,스페인어,native_language,9,4862
리오넬 메시의 주요 언어는 무엇입니까?,스페인어,native_language,9,4862
프란츠 카프카의 모국어는 무엇입니까?,독일어,native_language,10,4863
프란츠 카프카가 자연스럽게 말하는 언어는 무엇입니까?,독일어,native_language,10,4863
프란츠 카프카의 첫 번째 언어는 무엇입니까?,독일어,native_language,10,4863
프란츠 카프카가 가장 유창한 언어는 무엇입니까?,독일어,native_language,10,4863
프란츠 카프카의 주요 언어는 무엇입니까?,독일어,native_language,10,4863
아나톨 프랑스의 모국어는 무엇입니까?,프랑스어,native_language,11,4864
아나톨 프랑스가 자연스럽게 말하는 언어는 무엇입니까?,프랑스어,native_language,11,4864
아나톨 프랑스의 첫 번째 언어는 무엇입니까?,프랑스어,native_language,11,4864
아나톨 프랑스가 가장 유창한 언어는 무엇입니까?,프랑스어,native_language,11,4864
아나톨 프랑스의 주요 언어는 무엇입니까?,프랑스어,native_language,11,4864
장폴 사르트르의 모국어는 무엇입니까?,프랑스어,native_language,12,4865
장폴 사르트르가 자연스럽게 말하는 언어는 무엇입니까?,프랑스어,native_language,12,4865
장폴 사르트르의 첫 번째 언어는 무엇입니까?,프랑스어,native_language,12,4865
장폴 사르트르가 가장 유창한 언어는 무엇입니까?,프랑스어,native_language,12,4865
장폴 사르트르의 주요 언어는 무엇입니까?,프랑스어,native_language,12,4865
셰이머스 히니의 모국어는 무엇입니까?,영어,native_language,13,4866
셰이머스 히니가 자연스럽게 말하는 언어는 무엇입니까?,영어,native_language,13,4866
셰이머스 히니의 첫 번째 언어는 무엇입니까?,영어,native_language,13,4866
셰이머스 히니가 가장 유창한 언어는 무엇입니까?,영어,native_language,13,4866
셰이머스 히니의 주요 언어는 무엇입니까?,영어,native_language,13,4866
알렉산드르 푸시킨의 모국어는 무엇입니까?,러시아어,native_language,14,4867
알렉산드르 푸시킨가 자연스럽게 말하는 언어는 무엇입니까?,러시아어,native_language,14,4867
알렉산드르 푸시킨의 첫 번째 언어는 무엇입니까?,러시아어,native_language,14,4867
알렉산드르 푸시킨가 가장 유창한 언어는 무엇입니까?,러시아어,native_language,14,4867
알렉산드르 푸시킨의 주요 언어는 무엇입니까?,러시아어,native_language,14,4867
앤디 머리의 모국어는 무엇입니까?,영어,native_language,15,4868
앤디 머리가 자연스럽게 말하는 언어는 무엇입니까?,영어,native_language,15,4868
앤디 머리의 첫 번째 언어는 무엇입니까?,영어,native_language,15,4868
앤디 머리가 가장 유창한 언어는 무엇입니까?,영어,native_language,15,4868
앤디 머리의 주요 언어는 무엇입니까?,영어,native_language,15,4868
앙리 드 생시몽의 모국어는 무엇입니까?,프랑스어,native_language,16,4869
앙리 드 생시몽가 자연스럽게 말하는 언어는 무엇입니까?,프랑스어,native_language,16,4869
앙리 드 생시몽의 첫 번째 언어는 무엇입니까?,프랑스어,native_language,16,4869
앙리 드 생시몽가 가장 유창한 언어는 무엇입니까?,프랑스어,native_language,16,4869
앙리 드 생시몽의 주요 언어는 무엇입니까?,프랑스어,native_language,16,4869
장 칼뱅의 모국어는 무엇입니까?,프랑스어,native_language,17,4870
장 칼뱅가 자연스럽게 말하는 언어는 무엇입니까?,프랑스어,native_language,17,4870
장 칼뱅의 첫 번째 언어는 무엇입니까?,프랑스어,native_language,17,4870
장 칼뱅가 가장 유창한 언어는 무엇입니까?,프랑스어,native_language,17,4870
장 칼뱅의 주요 언어는 무엇입니까?,프랑스어,native_language,17,4870
윌리암 아돌프 부그로의 모국어는 무엇입니까?,프랑스어,native_language,18,4871
윌리암 아돌프 부그로가 자연스럽게 말하는 언어는 무엇입니까?,프랑스어,native_language,18,4871
윌리암 아돌프 부그로의 첫 번째 언어는 무엇입니까?,프랑스어,native_language,18,4871
윌리암 아돌프 부그로가 가장 유창한 언어는 무엇입니까?,프랑스어,native_language,18,4871
윌리암 아돌프 부그로의 주요 언어는 무엇입니까?,프랑스어,native_language,18,4871
장 르노의 모국어는 무엇입니까?,프랑스어,native_language,19,4872
장 르노가 자연스럽게 말하는 언어는 무엇입니까?,프랑스어,native_language,19,4872
장 르노의 첫 번째 언어는 무엇입니까?,프랑스어,native_language,19,4872
장 르노가 가장 유창한 언어는 무엇입니까?,프랑스어,native_language,19,4872
장 르노의 주요 언어는 무엇입니까?,프랑스어,native_language,19,4872
오드레 토투의 모국어는 무엇입니까?,프랑스어,native_language,20,4873
오드레 토투가 자연스럽게 말하는 언어는 무엇입니까?,프랑스어,native_language,20,4873
오드레 토투의 첫 번째 언어는 무엇입니까?,프랑스어,native_language,20,4873
오드레 토투가 가장 유창한 언어는 무엇입니까?,프랑스어,native_language,20,4873
오드레 토투의 주요 언어는 무엇입니까?,프랑스어,native_language,20,4873
로버트 오펜하이머의 모국어는 무엇입니까?,영어,native_language,21,4874
로버트 오펜하이머가 자연스럽게 말하는 언어는 무엇입니까?,영어,native_language,21,4874
로버트 오펜하이머의 첫 번째 언어는 무엇입니까?,영어,native_language,21,4874
로버트 오펜하이머가 가장 유창한 언어는 무엇입니까?,영어,native_language,21,4874
로버트 오펜하이머의 주요 언어는 무엇입니까?,영어,native_language,21,4874
그웬 스테파니의 모국어는 무엇입니까?,영어,native_language,22,4875
그웬 스테파니가 자연스럽게 말하는 언어는 무엇입니까?,영어,native_language,22,4875
그웬 스테파니의 첫 번째 언어는 무엇입니까?,영어,native_language,22,4875
그웬 스테파니가 가장 유창한 언어는 무엇입니까?,영어,native_language,22,4875
그웬 스테파니의 주요 언어는 무엇입니까?,영어,native_language,22,4875
데이비드 베컴의 모국어는 무엇입니까?,영어,native_language,23,4876
데이비드 베컴가 자연스럽게 말하는 언어는 무엇입니까?,영어,native_language,23,4876
데이비드 베컴의 첫 번째 언어는 무엇입니까?,영어,native_language,23,4876
데이비드 베컴가 가장 유창한 언어는 무엇입니까?,영어,native_language,23,4876
데이비드 베컴의 주요 언어는 무엇입니까?,영어,native_language,23,4876
블레즈 파스칼의 모국어는 무엇입니까?,프랑스어,native_language,24,4877
블레즈 파스칼가 자연스럽게 말하는 언어는 무엇입니까?,프랑스어,native_language,24,4877
블레즈 파스칼의 첫 번째 언어는 무엇입니까?,프랑스어,native_language,24,4877
블레즈 파스칼가 가장 유창한 언어는 무엇입니까?,프랑스어,native_language,24,4877
블레즈 파스칼의 주요 언어는 무엇입니까?,프랑스어,native_language,24,4877
젠슨 버튼의 모국어는 무엇입니까?,영어,native_language,25,4878
젠슨 버튼가 자연스럽게 말하는 언어는 무엇입니까?,영어,native_language,25,4878
젠슨 버튼의 첫 번째 언어는 무엇입니까?,영어,native_language,25,4878
젠슨 버튼가 가장 유창한 언어는 무엇입니까?,영어,native_language,25,4878
젠슨 버튼의 주요 언어는 무엇입니까?,영어,native_language,25,4878
장 지로두의 모국어는 무엇입니까?,프랑스어,native_language,26,4879
장 지로두가 자연스럽게 말하는 언어는 무엇입니까?,프랑스어,native_language,26,4879
장 지로두의 첫 번째 언어는 무엇입니까?,프랑스어,native_language,26,4879
장 지로두가 가장 유창한 언어는 무엇입니까?,프랑스어,native_language,26,4879
장 지로두의 주요 언어는 무엇입니까?,프랑스어,native_language,26,4879
피에르 벨의 모국어는 무엇입니까?,프랑스어,native_language,27,4880
피에르 벨가 자연스럽게 말하는 언어는 무엇입니까?,프랑스어,native_language,27,4880
피에르 벨의 첫 번째 언어는 무엇입니까?,프랑스어,native_language,27,4880
피에르 벨가 가장 유창한 언어는 무엇입니까?,프랑스어,native_language,27,4880
피에르 벨의 주요 언어는 무엇입니까?,프랑스어,native_language,27,4880
겐나디 주가노프의 모국어는 무엇입니까?,러시아어,native_language,28,4881
겐나디 주가노프가 자연스럽게 말하는 언어는 무엇입니까?,러시아어,native_language,28,4881
겐나디 주가노프의 첫 번째 언어는 무엇입니까?,러시아어,native_language,28,4881
겐나디 주가노프가 가장 유창한 언어는 무엇입니까?,러시아어,native_language,28,4881
겐나디 주가노프의 주요 언어는 무엇입니까?,러시아어,native_language,28,4881
올리비에 메시앙의 모국어는 무엇입니까?,프랑스어,native_language,29,4882
올리비에 메시앙가 자연스럽게 말하는 언어는 무엇입니까?,프랑스어,native_language,29,4882
올리비에 메시앙의 첫 번째 언어는 무엇입니까?,프랑스어,native_language,29,4882
올리비에 메시앙가 가장 유창한 언어는 무엇입니까?,프랑스어,native_language,29,4882
올리비에 메시앙의 주요 언어는 무엇입니까?,프랑스어,native_language,29,4882
미겔 데 세르반테스의 모국어는 무엇입니까?,스페인어,native_language,30,4883
미겔 데 세르반테스가 자연스럽게 말하는 언어는 무엇입니까?,스페인어,native_language,30,4883
미겔 데 세르반테스의 첫 번째 언어는 무엇입니까?,스페인어,native_language,30,4883
미겔 데 세르반테스가 가장 유창한 언어는 무엇입니까?,스페인어,native_language,30,4883
미겔 데 세르반테스의 주요 언어는 무엇입니까?,스페인어,native_language,30,4883
우드로 윌슨의 모국어는 무엇입니까?,영어,native_language,31,4884
우드로 윌슨가 자연스럽게 말하는 언어는 무엇입니까?,영어,native_language,31,4884
우드로 윌슨의 첫 번째 언어는 무엇입니까?,영어,native_language,31,4884
우드로 윌슨가 가장 유창한 언어는 무엇입니까?,영어,native_language,31,4884
우드로 윌슨의 주요 언어는 무엇입니까?,영어,native_language,31,4884
안나 쿠르니코바의 모국어는 무엇입니까?,러시아어,native_language,32,4885
안나 쿠르니코바가 자연스럽게 말하는 언어는 무엇입니까?,러시아어,native_language,32,4885
안나 쿠르니코바의 첫 번째 언어는 무엇입니까?,러시아어,native_language,32,4885
안나 쿠르니코바가 가장 유창한 언어는 무엇입니까?,러시아어,native_language,32,4885
안나 쿠르니코바의 주요 언어는 무엇입니까?,러시아어,native_language,32,4885
이자벨 카로의 모국어는 무엇입니까?,프랑스어,native_language,33,4886
이자벨 카로가 자연스럽게 말하는 언어는 무엇입니까?,프랑스어,native_language,33,4886
이자벨 카로의 첫 번째 언어는 무엇입니까?,프랑스어,native_language,33,4886
이자벨 카로가 가장 유창한 언어는 무엇입니까?,프랑스어,native_language,33,4886
이자벨 카로의 주요 언어는 무엇입니까?,프랑스어,native_language,33,4886
티나 터너의 모국어는 무엇입니까?,영어,native_language,34,4887
티나 터너가 자연스럽게 말하는 언어는 무엇입니까?,영어,native_language,34,4887
티나 터너의 첫 번째 언어는 무엇입니까?,영어,native_language,34,4887
티나 터너가 가장 유창한 언어는 무엇입니까?,영어,native_language,34,4887
티나 터너의 주요 언어는 무엇입니까?,영어,native_language,34,4887
라이너 마리아 릴케의 모국어는 무엇입니까?,독일어,native_language,35,4888
라이너 마리아 릴케가 자연스럽게 말하는 언어는 무엇입니까?,독일어,native_language,35,4888
라이너 마리아 릴케의 첫 번째 언어는 무엇입니까?,독일어,native_language,35,4888
라이너 마리아 릴케가 가장 유창한 언어는 무엇입니까?,독일어,native_language,35,4888
라이너 마리아 릴케의 주요 언어는 무엇입니까?,독일어,native_language,35,4888
레프 란다우의 모국어는 무엇입니까?,러시아어,native_language,36,4889
레프 란다우가 자연스럽게 말하는 언어는 무엇입니까?,러시아어,native_language,36,4889
레프 란다우의 첫 번째 언어는 무엇입니까?,러시아어,native_language,36,4889
레프 란다우가 가장 유창한 언어는 무엇입니까?,러시아어,native_language,36,4889
레프 란다우의 주요 언어는 무엇입니까?,러시아어,native_language,36,4889
알렉스 퍼거슨의 모국어는 무엇입니까?,영어,native_language,37,4890
알렉스 퍼거슨가 자연스럽게 말하는 언어는 무엇입니까?,영어,native_language,37,4890
알렉스 퍼거슨의 첫 번째 언어는 무엇입니까?,영어,native_language,37,4890
알렉스 퍼거슨가 가장 유창한 언어는 무엇입니까?,영어,native_language,37,4890
알렉스 퍼거슨의 주요 언어는 무엇입니까?,영어,native_language,37,4890
에드워드 불워 리턴의 모국어는 무엇입니까?,영어,native_language,38,4891
에드워드 불워 리턴가 자연스럽게 말하는 언어는 무엇입니까?,영어,native_language,38,4891
에드워드 불워 리턴의 첫 번째 언어는 무엇입니까?,영어,native_language,38,4891
에드워드 불워 리턴가 가장 유창한 언어는 무엇입니까?,영어,native_language,38,4891
에드워드 불워 리턴의 주요 언어는 무엇입니까?,영어,native_language,38,4891
조제프 보나파르트의 모국어는 무엇입니까?,프랑스어,native_language,39,4892
조제프 보나파르트가 자연스럽게 말하는 언어는 무엇입니까?,프랑스어,native_language,39,4892
조제프 보나파르트의 첫 번째 언어는 무엇입니까?,프랑스어,native_language,39,4892
조제프 보나파르트가 가장 유창한 언어는 무엇입니까?,프랑스어,native_language,39,4892
조제프 보나파르트의 주요 언어는 무엇입니까?,프랑스어,native_language,39,4892
보리스 비앙의 모국어는 무엇입니까?,프랑스어,native_language,40,4893
보리스 비앙가 자연스럽게 말하는 언어는 무엇입니까?,프랑스어,native_language,40,4893
보리스 비앙의 첫 번째 언어는 무엇입니까?,프랑스어,native_language,40,4893
보리스 비앙가 가장 유창한 언어는 무엇입니까?,프랑스어,native_language,40,4893
보리스 비앙의 주요 언어는 무엇입니까?,프랑스어,native_language,40,4893
장마리 르 펜의 모국어는 무엇입니까?,프랑스어,native_language,41,4894
장마리 르 펜가 자연스럽게 말하는 언어는 무엇입니까?,프랑스어,native_language,41,4894
장마리 르 펜의 첫 번째 언어는 무엇입니까?,프랑스어,native_language,41,4894
장마리 르 펜가 가장 유창한 언어는 무엇입니까?,프랑스어,native_language,41,4894
장마리 르 펜의 주요 언어는 무엇입니까?,프랑스어,native_language,41,4894
노바크 조코비치의 모국어는 무엇입니까?,세르비아어,native_language,42,4895
노바크 조코비치가 자연스럽게 말하는 언어는 무엇입니까?,세르비아어,native_language,42,4895
노바크 조코비치의 첫 번째 언어는 무엇입니까?,세르비아어,native_language,42,4895
노바크 조코비치가 가장 유창한 언어는 무엇입니까?,세르비아어,native_language,42,4895
노바크 조코비치의 주요 언어는 무엇입니까?,세르비아어,native_language,42,4895
이리나 샤크의 모국어는 무엇입니까?,러시아어,native_language,43,4896
이리나 샤크가 자연스럽게 말하는 언어는 무엇입니까?,러시아어,native_language,43,4896
이리나 샤크의 첫 번째 언어는 무엇입니까?,러시아어,native_language,43,4896
이리나 샤크가 가장 유창한 언어는 무엇입니까?,러시아어,native_language,43,4896
이리나 샤크의 주요 언어는 무엇입니까?,러시아어,native_language,43,4896
존 돌턴의 모국어는 무엇입니까?,영어,native_language,44,4897
존 돌턴가 자연스럽게 말하는 언어는 무엇입니까?,영어,native_language,44,4897
존 돌턴의 첫 번째 언어는 무엇입니까?,영어,native_language,44,4897
존 돌턴가 가장 유창한 언어는 무엇입니까?,영어,native_language,44,4897
존 돌턴의 주요 언어는 무엇입니까?,영어,native_language,44,4897
시어도어 루스벨트의 모국어는 무엇입니까?,영어,native_language,45,4898
시어도어 루스벨트가 자연스럽게 말하는 언어는 무엇입니까?,영어,native_language,45,4898
시어도어 루스벨트의 첫 번째 언어는 무엇입니까?,영어,native_language,45,4898
시어도어 루스벨트가 가장 유창한 언어는 무엇입니까?,영어,native_language,45,4898
시어도어 루스벨트의 주요 언어는 무엇입니까?,영어,native_language,45,4898
줄리 델피의 모국어는 무엇입니까?,프랑스어,native_language,46,4899
줄리 델피가 자연스럽게 말하는 언어는 무엇입니까?,프랑스어,native_language,46,4899
줄리 델피의 첫 번째 언어는 무엇입니까?,프랑스어,native_language,46,4899
줄리 델피가 가장 유창한 언어는 무엇입니까?,프랑스어,native_language,46,4899
줄리 델피의 주요 언어는 무엇입니까?,프랑스어,native_language,46,4899
마누엘 발스의 모국어는 무엇입니까?,스페인어,native_language,47,4900
마누엘 발스가 자연스럽게 말하는 언어는 무엇입니까?,스페인어,native_language,47,4900
마누엘 발스의 첫 번째 언어는 무엇입니까?,스페인어,native_language,47,4900
마누엘 발스가 가장 유창한 언어는 무엇입니까?,스페인어,native_language,47,4900
마누엘 발스의 주요 언어는 무엇입니까?,스페인어,native_language,47,4900
조르주 상드의 모국어는 무엇입니까?,프랑스어,native_language,48,4901
조르주 상드가 자연스럽게 말하는 언어는 무엇입니까?,프랑스어,native_language,48,4901
조르주 상드의 첫 번째 언어는 무엇입니까?,프랑스어,native_language,48,4901
조르주 상드가 가장 유창한 언어는 무엇입니까?,프랑스어,native_language,48,4901
조르주 상드의 주요 언어는 무엇입니까?,프랑스어,native_language,48,4901
파니 아르당의 모국어는 무엇입니까?,프랑스어,native_language,49,4902
파니 아르당가 자연스럽게 말하는 언어는 무엇입니까?,프랑스어,native_language,49,4902
파니 아르당의 첫 번째 언어는 무엇입니까?,프랑스어,native_language,49,4902
파니 아르당가 가장 유창한 언어는 무엇입니까?,프랑스어,native_language,49,4902
파니 아르당의 주요 언어는 무엇입니까?,프랑스어,native_language,49,4902
레프 톨스토이의 모국어는 무엇입니까?,러시아어,native_language,50,4903
레프 톨스토이가 자연스럽게 말하는 언어는 무엇입니까?,러시아어,native_language,50,4903
레프 톨스토이의 첫 번째 언어는 무엇입니까?,러시아어,native_language,50,4903
레프 톨스토이가 가장 유창한 언어는 무엇입니까?,러시아어,native_language,50,4903
레프 톨스토이의 주요 언어는 무엇입니까?,러시아어,native_language,50,4903
앨 고어의 모국어는 무엇입니까?,영어,native_language,51,4904
앨 고어가 자연스럽게 말하는 언어는 무엇입니까?,영어,native_language,51,4904
앨 고어의 첫 번째 언어는 무엇입니까?,영어,native_language,51,4904
앨 고어가 가장 유창한 언어는 무엇입니까?,영어,native_language,51,4904
앨 고어의 주요 언어는 무엇입니까?,영어,native_language,51,4904
에츠허르 데이크스트라의 모국어는 무엇입니까?,네덜란드어,native_language,52,4905
에츠허르 데이크스트라가 자연스럽게 말하는 언어는 무엇입니까?,네덜란드어,native_language,52,4905
에츠허르 데이크스트라의 첫 번째 언어는 무엇입니까?,네덜란드어,native_language,52,4905
에츠허르 데이크스트라가 가장 유창한 언어는 무엇입니까?,네덜란드어,native_language,52,4905
에츠허르 데이크스트라의 주요 언어는 무엇입니까?,네덜란드어,native_language,52,4905
피에르 부르디외의 모국어는 무엇입니까?,프랑스어,native_language,53,4906
피에르 부르디외가 자연스럽게 말하는 언어는 무엇입니까?,프랑스어,native_language,53,4906
피에르 부르디외의 첫 번째 언어는 무엇입니까?,프랑스어,native_language,53,4906
피에르 부르디외가 가장 유창한 언어는 무엇입니까?,프랑스어,native_language,53,4906
피에르 부르디외의 주요 언어는 무엇입니까?,프랑스어,native_language,53,4906
비트루비우스의 모국어는 무엇입니까?,라틴어,native_language,54,4907
비트루비우스가 자연스럽게 말하는 언어는 무엇입니까?,라틴어,native_language,54,4907
비트루비우스의 첫 번째 언어는 무엇입니까?,라틴어,native_language,54,4907
비트루비우스가 가장 유창한 언어는 무엇입니까?,라틴어,native_language,54,4907
비트루비우스의 주요 언어는 무엇입니까?,라틴어,native_language,54,4907
조니 할리데이의 모국어는 무엇입니까?,프랑스어,native_language,55,4908
조니 할리데이가 자연스럽게 말하는 언어는 무엇입니까?,프랑스어,native_language,55,4908
조니 할리데이의 첫 번째 언어는 무엇입니까?,프랑스어,native_language,55,4908
조니 할리데이가 가장 유창한 언어는 무엇입니까?,프랑스어,native_language,55,4908
조니 할리데이의 주요 언어는 무엇입니까?,프랑스어,native_language,55,4908
샤키라의 모국어는 무엇입니까?,스페인어,native_language,56,4909
샤키라가 자연스럽게 말하는 언어는 무엇입니까?,스페인어,native_language,56,4909
샤키라의 첫 번째 언어는 무엇입니까?,스페인어,native_language,56,4909
샤키라가 가장 유창한 언어는 무엇입니까?,스페인어,native_language,56,4909
샤키라의 주요 언어는 무엇입니까?,스페인어,native_language,56,4909
조지프 브로드스키의 모국어는 무엇입니까?,러시아어,native_language,57,4910
조지프 브로드스키가 자연스럽게 말하는 언어는 무엇입니까?,러시아어,native_language,57,4910
조지프 브로드스키의 첫 번째 언어는 무엇입니까?,러시아어,native_language,57,4910
조지프 브로드스키가 가장 유창한 언어는 무엇입니까?,러시아어,native_language,57,4910
조지프 브로드스키의 주요 언어는 무엇입니까?,러시아어,native_language,57,4910
알베르토 자코메티의 모국어는 무엇입니까?,이탈리아어,native_language,58,4911
알베르토 자코메티가 자연스럽게 말하는 언어는 무엇입니까?,이탈리아어,native_language,58,4911
알베르토 자코메티의 첫 번째 언어는 무엇입니까?,이탈리아어,native_language,58,4911
알베르토 자코메티가 가장 유창한 언어는 무엇입니까?,이탈리아어,native_language,58,4911
알베르토 자코메티의 주요 언어는 무엇입니까?,이탈리아어,native_language,58,4911
마리 퀴리의 모국어는 무엇입니까?,폴란드어,native_language,59,4912
마리 퀴리가 자연스럽게 말하는 언어는 무엇입니까?,폴란드어,native_language,59,4912
마리 퀴리의 첫 번째 언어는 무엇입니까?,폴란드어,native_language,59,4912
마리 퀴리가 가장 유창한 언어는 무엇입니까?,폴란드어,native_language,59,4912
마리 퀴리의 주요 언어는 무엇입니까?,폴란드어,native_language,59,4912
마르그리트 유르스나르의 모국어는 무엇입니까?,프랑스어,native_language,60,4913
마르그리트 유르스나르가 자연스럽게 말하는 언어는 무엇입니까?,프랑스어,native_language,60,4913
마르그리트 유르스나르의 첫 번째 언어는 무엇입니까?,프랑스어,native_language,60,4913
마르그리트 유르스나르가 가장 유창한 언어는 무엇입니까?,프랑스어,native_language,60,4913
마르그리트 유르스나르의 주요 언어는 무엇입니까?,프랑스어,native_language,60,4913
한스 크리스티안 안데르센의 모국어는 무엇입니까?,덴마크어,native_language,61,4914
한스 크리스티안 안데르센가 자연스럽게 말하는 언어는 무엇입니까?,덴마크어,native_language,61,4914
한스 크리스티안 안데르센의 첫 번째 언어는 무엇입니까?,덴마크어,native_language,61,4914
한스 크리스티안 안데르센가 가장 유창한 언어는 무엇입니까?,덴마크어,native_language,61,4914
한스 크리스티안 안데르센의 주요 언어는 무엇입니까?,덴마크어,native_language,61,4914
스웨덴인의 모국어는 무엇입니까?,스웨덴어,native_language,62,4915
스웨덴인가 자연스럽게 말하는 언어는 무엇입니까?,스웨덴어,native_language,62,4915
스웨덴인의 첫 번째 언어는 무엇입니까?,스웨덴어,native_language,62,4915
스웨덴인가 가장 유창한 언어는 무엇입니까?,스웨덴어,native_language,62,4915
스웨덴인의 주요 언어는 무엇입니까?,스웨덴어,native_language,62,4915
크리스티앙 클라비에의 모국어는 무엇입니까?,프랑스어,native_language,63,4916
크리스티앙 클라비에가 자연스럽게 말하는 언어는 무엇입니까?,프랑스어,native_language,63,4916
크리스티앙 클라비에의 첫 번째 언어는 무엇입니까?,프랑스어,native_language,63,4916
크리스티앙 클라비에가 가장 유창한 언어는 무엇입니까?,프랑스어,native_language,63,4916
크리스티앙 클라비에의 주요 언어는 무엇입니까?,프랑스어,native_language,63,4916
앤드루 잭슨의 모국어는 무엇입니까?,영어,native_language,64,4917
앤드루 잭슨가 자연스럽게 말하는 언어는 무엇입니까?,영어,native_language,64,4917
앤드루 잭슨의 첫 번째 언어는 무엇입니까?,영어,native_language,64,4917
앤드루 잭슨가 가장 유창한 언어는 무엇입니까?,영어,native_language,64,4917
앤드루 잭슨의 주요 언어는 무엇입니까?,영어,native_language,64,4917
조르주 퐁피두의 모국어는 무엇입니까?,프랑스어,native_language,65,4918
조르주 퐁피두가 자연스럽게 말하는 언어는 무엇입니까?,프랑스어,native_language,65,4918
조르주 퐁피두의 첫 번째 언어는 무엇입니까?,프랑스어,native_language,65,4918
조르주 퐁피두가 가장 유창한 언어는 무엇입니까?,프랑스어,native_language,65,4918
조르주 퐁피두의 주요 언어는 무엇입니까?,프랑스어,native_language,65,4918
장바티스트 세의 모국어는 무엇입니까?,프랑스어,native_language,66,4919
장바티스트 세가 자연스럽게 말하는 언어는 무엇입니까?,프랑스어,native_language,66,4919
장바티스트 세의 첫 번째 언어는 무엇입니까?,프랑스어,native_language,66,4919
장바티스트 세가 가장 유창한 언어는 무엇입니까?,프랑스어,native_language,66,4919
장바티스트 세의 주요 언어는 무엇입니까?,프랑스어,native_language,66,4919
가드 엘마레의 모국어는 무엇입니까?,프랑스어,native_language,67,4920
가드 엘마레가 자연스럽게 말하는 언어는 무엇입니까?,프랑스어,native_language,67,4920
가드 엘마레의 첫 번째 언어는 무엇입니까?,프랑스어,native_language,67,4920
가드 엘마레가 가장 유창한 언어는 무엇입니까?,프랑스어,native_language,67,4920
가드 엘마레의 주요 언어는 무엇입니까?,프랑스어,native_language,67,4920
루이 아라공의 모국어는 무엇입니까?,프랑스어,native_language,68,4921
루이 아라공가 자연스럽게 말하는 언어는 무엇입니까?,프랑스어,native_language,68,4921
루이 아라공의 첫 번째 언어는 무엇입니까?,프랑스어,native_language,68,4921
루이 아라공가 가장 유창한 언어는 무엇입니까?,프랑스어,native_language,68,4921
루이 아라공의 주요 언어는 무엇입니까?,프랑스어,native_language,68,4921
나데즈다 크룹스카야의 모국어는 무엇입니까?,러시아어,native_language,69,4922
나데즈다 크룹스카야가 자연스럽게 말하는 언어는 무엇입니까?,러시아어,native_language,69,4922
나데즈다 크룹스카야의 첫 번째 언어는 무엇입니까?,러시아어,native_language,69,4922
나데즈다 크룹스카야가 가장 유창한 언어는 무엇입니까?,러시아어,native_language,69,4922
나데즈다 크룹스카야의 주요 언어는 무엇입니까?,러시아어,native_language,69,4922
클로드 시몽의 모국어는 무엇입니까?,프랑스어,native_language,70,4923
클로드 시몽가 자연스럽게 말하는 언어는 무엇입니까?,프랑스어,native_language,70,4923
클로드 시몽의 첫 번째 언어는 무엇입니까?,프랑스어,native_language,70,4923
클로드 시몽가 가장 유창한 언어는 무엇입니까?,프랑스어,native_language,70,4923
클로드 시몽의 주요 언어는 무엇입니까?,프랑스어,native_language,70,4923
펠릭스 제르진스키의 모국어는 무엇입니까?,러시아어,native_language,71,4924
펠릭스 제르진스키가 자연스럽게 말하는 언어는 무엇입니까?,러시아어,native_language,71,4924
펠릭스 제르진스키의 첫 번째 언어는 무엇입니까?,러시아어,native_language,71,4924
펠릭스 제르진스키가 가장 유창한 언어는 무엇입니까?,러시아어,native_language,71,4924
펠릭스 제르진스키의 주요 언어는 무엇입니까?,러시아어,native_language,71,4924
폴 두메르의 모국어는 무엇입니까?,프랑스어,native_language,72,4925
폴 두메르가 자연스럽게 말하는 언어는 무엇입니까?,프랑스어,native_language,72,4925
폴 두메르의 첫 번째 언어는 무엇입니까?,프랑스어,native_language,72,4925
폴 두메르가 가장 유창한 언어는 무엇입니까?,프랑스어,native_language,72,4925
폴 두메르의 주요 언어는 무엇입니까?,프랑스어,native_language,72,4925
베아트릭스의 모국어는 무엇입니까?,네덜란드어,native_language,73,4926
베아트릭스가 자연스럽게 말하는 언어는 무엇입니까?,네덜란드어,native_language,73,4926
베아트릭스의 첫 번째 언어는 무엇입니까?,네덜란드어,native_language,73,4926
베아트릭스가 가장 유창한 언어는 무엇입니까?,네덜란드어,native_language,73,4926
베아트릭스의 주요 언어는 무엇입니까?,네덜란드어,native_language,73,4926
블라디미르 마야콥스키의 모국어는 무엇입니까?,러시아어,native_language,74,4927
블라디미르 마야콥스키가 자연스럽게 말하는 언어는 무엇입니까?,러시아어,native_language,74,4927
블라디미르 마야콥스키의 첫 번째 언어는 무엇입니까?,러시아어,native_language,74,4927
블라디미르 마야콥스키가 가장 유창한 언어는 무엇입니까?,러시아어,native_language,74,4927
블라디미르 마야콥스키의 주요 언어는 무엇입니까?,러시아어,native_language,74,4927
뤼크 베송의 모국어는 무엇입니까?,프랑스어,native_language,75,4928
뤼크 베송가 자연스럽게 말하는 언어는 무엇입니까?,프랑스어,native_language,75,4928
뤼크 베송의 첫 번째 언어는 무엇입니까?,프랑스어,native_language,75,4928
뤼크 베송가 가장 유창한 언어는 무엇입니까?,프랑스어,native_language,75,4928
뤼크 베송의 주요 언어는 무엇입니까?,프랑스어,native_language,75,4928
마리오 바르가스 요사의 모국어는 무엇입니까?,스페인어,native_language,76,4929
마리오 바르가스 요사가 자연스럽게 말하는 언어는 무엇입니까?,스페인어,native_language,76,4929
마리오 바르가스 요사의 첫 번째 언어는 무엇입니까?,스페인어,native_language,76,4929
마리오 바르가스 요사가 가장 유창한 언어는 무엇입니까?,스페인어,native_language,76,4929
마리오 바르가스 요사의 주요 언어는 무엇입니까?,스페인어,native_language,76,4929
존 퀸시 애덤스의 모국어는 무엇입니까?,영어,native_language,77,4930
존 퀸시 애덤스가 자연스럽게 말하는 언어는 무엇입니까?,영어,native_language,77,4930
존 퀸시 애덤스의 첫 번째 언어는 무엇입니까?,영어,native_language,77,4930
존 퀸시 애덤스가 가장 유창한 언어는 무엇입니까?,영어,native_language,77,4930
존 퀸시 애덤스의 주요 언어는 무엇입니까?,영어,native_language,77,4930
버트런드 러셀의 모국어는 무엇입니까?,영어,native_language,78,4931
버트런드 러셀가 자연스럽게 말하는 언어는 무엇입니까?,영어,native_language,78,4931
버트런드 러셀의 첫 번째 언어는 무엇입니까?,영어,native_language,78,4931
버트런드 러셀가 가장 유창한 언어는 무엇입니까?,영어,native_language,78,4931
버트런드 러셀의 주요 언어는 무엇입니까?,영어,native_language,78,4931
구로사와 아키라의 모국어는 무엇입니까?,일본어,native_language,79,4932
구로사와 아키라가 자연스럽게 말하는 언어는 무엇입니까?,일본어,native_language,79,4932
구로사와 아키라의 첫 번째 언어는 무엇입니까?,일본어,native_language,79,4932
구로사와 아키라가 가장 유창한 언어는 무엇입니까?,일본어,native_language,79,4932
구로사와 아키라의 주요 언어는 무엇입니까?,일본어,native_language,79,4932
쉴리 프뤼돔의 모국어는 무엇입니까?,프랑스어,native_language,80,4933
쉴리 프뤼돔가 자연스럽게 말하는 언어는 무엇입니까?,프랑스어,native_language,80,4933
쉴리 프뤼돔의 첫 번째 언어는 무엇입니까?,프랑스어,native_language,80,4933
쉴리 프뤼돔가 가장 유창한 언어는 무엇입니까?,프랑스어,native_language,80,4933
쉴리 프뤼돔의 주요 언어는 무엇입니까?,프랑스어,native_language,80,4933
프란츠 파농의 모국어는 무엇입니까?,프랑스어,native_language,81,4934
프란츠 파농가 자연스럽게 말하는 언어는 무엇입니까?,프랑스어,native_language,81,4934
프란츠 파농의 첫 번째 언어는 무엇입니까?,프랑스어,native_language,81,4934
프란츠 파농가 가장 유창한 언어는 무엇입니까?,프랑스어,native_language,81,4934
프란츠 파농의 주요 언어는 무엇입니까?,프랑스어,native_language,81,4934
버지니아 울프의 모국어는 무엇입니까?,영어,native_language,82,4935
버지니아 울프가 자연스럽게 말하는 언어는 무엇입니까?,영어,native_language,82,4935
버지니아 울프의 첫 번째 언어는 무엇입니까?,영어,native_language,82,4935
버지니아 울프가 가장 유창한 언어는 무엇입니까?,영어,native_language,82,4935
버지니아 울프의 주요 언어는 무엇입니까?,영어,native_language,82,4935
카트린 드뇌브의 모국어는 무엇입니까?,프랑스어,native_language,83,4936
카트린 드뇌브가 자연스럽게 말하는 언어는 무엇입니까?,프랑스어,native_language,83,4936
카트린 드뇌브의 첫 번째 언어는 무엇입니까?,프랑스어,native_language,83,4936
카트린 드뇌브가 가장 유창한 언어는 무엇입니까?,프랑스어,native_language,83,4936
카트린 드뇌브의 주요 언어는 무엇입니까?,프랑스어,native_language,83,4936
존 스튜어트 밀의 모국어는 무엇입니까?,영어,native_language,84,4937
존 스튜어트 밀가 자연스럽게 말하는 언어는 무엇입니까?,영어,native_language,84,4937
존 스튜어트 밀의 첫 번째 언어는 무엇입니까?,영어,native_language,84,4937
존 스튜어트 밀가 가장 유창한 언어는 무엇입니까?,영어,native_language,84,4937
존 스튜어트 밀의 주요 언어는 무엇입니까?,영어,native_language,84,4937
로랑 파비위스의 모국어는 무엇입니까?,프랑스어,native_language,85,4938
로랑 파비위스가 자연스럽게 말하는 언어는 무엇입니까?,프랑스어,native_language,85,4938
로랑 파비위스의 첫 번째 언어는 무엇입니까?,프랑스어,native_language,85,4938
로랑 파비위스가 가장 유창한 언어는 무엇입니까?,프랑스어,native_language,85,4938
로랑 파비위스의 주요 언어는 무엇입니까?,프랑스어,native_language,85,4938
파블로 피카소의 모국어는 무엇입니까?,스페인어,native_language,86,4939
파블로 피카소가 자연스럽게 말하는 언어는 무엇입니까?,스페인어,native_language,86,4939
파블로 피카소의 첫 번째 언어는 무엇입니까?,스페인어,native_language,86,4939
파블로 피카소가 가장 유창한 언어는 무엇입니까?,스페인어,native_language,86,4939
파블로 피카소의 주요 언어는 무엇입니까?,스페인어,native_language,86,4939
알퐁스 도데의 모국어는 무엇입니까?,프랑스어,native_language,87,4940
알퐁스 도데가 자연스럽게 말하는 언어는 무엇입니까?,프랑스어,native_language,87,4940
알퐁스 도데의 첫 번째 언어는 무엇입니까?,프랑스어,native_language,87,4940
알퐁스 도데가 가장 유창한 언어는 무엇입니까?,프랑스어,native_language,87,4940
알퐁스 도데의 주요 언어는 무엇입니까?,프랑스어,native_language,87,4940
알렉상드르 뒤마의 모국어는 무엇입니까?,프랑스어,native_language,88,4941
알렉상드르 뒤마가 자연스럽게 말하는 언어는 무엇입니까?,프랑스어,native_language,88,4941
알렉상드르 뒤마의 첫 번째 언어는 무엇입니까?,프랑스어,native_language,88,4941
알렉상드르 뒤마가 가장 유창한 언어는 무엇입니까?,프랑스어,native_language,88,4941
알렉상드르 뒤마의 주요 언어는 무엇입니까?,프랑스어,native_language,88,4941
브라이언 메이의 모국어는 무엇입니까?,영어,native_language,89,4942
브라이언 메이가 자연스럽게 말하는 언어는 무엇입니까?,영어,native_language,89,4942
브라이언 메이의 첫 번째 언어는 무엇입니까?,영어,native_language,89,4942
브라이언 메이가 가장 유창한 언어는 무엇입니까?,영어,native_language,89,4942
브라이언 메이의 주요 언어는 무엇입니까?,영어,native_language,89,4942
조르주루이 르클레르 드 뷔퐁의 모국어는 무엇입니까?,프랑스어,native_language,90,4943
조르주루이 르클레르 드 뷔퐁가 자연스럽게 말하는 언어는 무엇입니까?,프랑스어,native_language,90,4943
조르주루이 르클레르 드 뷔퐁의 첫 번째 언어는 무엇입니까?,프랑스어,native_language,90,4943
조르주루이 르클레르 드 뷔퐁가 가장 유창한 언어는 무엇입니까?,프랑스어,native_language,90,4943
조르주루이 르클레르 드 뷔퐁의 주요 언어는 무엇입니까?,프랑스어,native_language,90,4943
라파엘 알베르티의 모국어는 무엇입니까?,스페인어,native_language,91,4944
라파엘 알베르티가 자연스럽게 말하는 언어는 무엇입니까?,스페인어,native_language,91,4944
라파엘 알베르티의 첫 번째 언어는 무엇입니까?,스페인어,native_language,91,4944
라파엘 알베르티가 가장 유창한 언어는 무엇입니까?,스페인어,native_language,91,4944
라파엘 알베르티의 주요 언어는 무엇입니까?,스페인어,native_language,91,4944
니콜라이 네크라소프의 모국어는 무엇입니까?,러시아어,native_language,92,4945
니콜라이 네크라소프가 자연스럽게 말하는 언어는 무엇입니까?,러시아어,native_language,92,4945
니콜라이 네크라소프의 첫 번째 언어는 무엇입니까?,러시아어,native_language,92,4945
니콜라이 네크라소프가 가장 유창한 언어는 무엇입니까?,러시아어,native_language,92,4945
니콜라이 네크라소프의 주요 언어는 무엇입니까?,러시아어,native_language,92,4945
재커리 테일러의 모국어는 무엇입니까?,영어,native_language,93,4946
재커리 테일러가 자연스럽게 말하는 언어는 무엇입니까?,영어,native_language,93,4946
재커리 테일러의 첫 번째 언어는 무엇입니까?,영어,native_language,93,4946
재커리 테일러가 가장 유창한 언어는 무엇입니까?,영어,native_language,93,4946
재커리 테일러의 주요 언어는 무엇입니까?,영어,native_language,93,4946
애덤 샌들러의 모국어는 무엇입니까?,영어,native_language,94,4947
애덤 샌들러가 자연스럽게 말하는 언어는 무엇입니까?,영어,native_language,94,4947
애덤 샌들러의 첫 번째 언어는 무엇입니까?,영어,native_language,94,4947
애덤 샌들러가 가장 유창한 언어는 무엇입니까?,영어,native_language,94,4947
애덤 샌들러의 주요 언어는 무엇입니까?,영어,native_language,94,4947
베라 린의 모국어는 무엇입니까?,영어,native_language,95,4948
베라 린가 자연스럽게 말하는 언어는 무엇입니까?,영어,native_language,95,4948
베라 린의 첫 번째 언어는 무엇입니까?,영어,native_language,95,4948
베라 린가 가장 유창한 언어는 무엇입니까?,영어,native_language,95,4948
베라 린의 주요 언어는 무엇입니까?,영어,native_language,95,4948
제임스 A. 가필드의 모국어는 무엇입니까?,영어,native_language,96,4949
제임스 A. 가필드가 자연스럽게 말하는 언어는 무엇입니까?,영어,native_language,96,4949
제임스 A. 가필드의 첫 번째 언어는 무엇입니까?,영어,native_language,96,4949
제임스 A. 가필드가 가장 유창한 언어는 무엇입니까?,영어,native_language,96,4949
제임스 A. 가필드의 주요 언어는 무엇입니까?,영어,native_language,96,4949
장 아누이의 모국어는 무엇입니까?,프랑스어,native_language,97,4950
장 아누이가 자연스럽게 말하는 언어는 무엇입니까?,프랑스어,native_language,97,4950
장 아누이의 첫 번째 언어는 무엇입니까?,프랑스어,native_language,97,4950
장 아누이가 가장 유창한 언어는 무엇입니까?,프랑스어,native_language,97,4950
장 아누이의 주요 언어는 무엇입니까?,프랑스어,native_language,97,4950
브리지트 바르도의 모국어는 무엇입니까?,프랑스어,native_language,98,4951
브리지트 바르도가 자연스럽게 말하는 언어는 무엇입니까?,프랑스어,native_language,98,4951
브리지트 바르도의 첫 번째 언어는 무엇입니까?,프랑스어,native_language,98,4951
브리지트 바르도가 가장 유창한 언어는 무엇입니까?,프랑스어,native_language,98,4951
브리지트 바르도의 주요 언어는 무엇입니까?,프랑스어,native_language,98,4951
야코뷔스 헨리퀴스 판트 호프의 모국어는 무엇입니까?,네덜란드어,native_language,99,4952
야코뷔스 헨리퀴스 판트 호프가 자연스럽게 말하는 언어는 무엇입니까?,네덜란드어,native_language,99,4952
야코뷔스 헨리퀴스 판트 호프의 첫 번째 언어는 무엇입니까?,네덜란드어,native_language,99,4952
야코뷔스 헨리퀴스 판트 호프가 가장 유창한 언어는 무엇입니까?,네덜란드어,native_language,99,4952
야코뷔스 헨리퀴스 판트 호프의 주요 언어는 무엇입니까?,네덜란드어,native_language,99,4952
레슬리 카롱의 모국어는 무엇입니까?,프랑스어,native_language,100,4953
레슬리 카롱가 자연스럽게 말하는 언어는 무엇입니까?,프랑스어,native_language,100,4953
레슬리 카롱의 첫 번째 언어는 무엇입니까?,프랑스어,native_language,100,4953
레슬리 카롱가 가장 유창한 언어는 무엇입니까?,프랑스어,native_language,100,4953
레슬리 카롱의 주요 언어는 무엇입니까?,프랑스어,native_language,100,4953
얀 페터르 발케넨더의 모국어는 무엇입니까?,네덜란드어,native_language,101,4954
얀 페터르 발케넨더가 자연스럽게 말하는 언어는 무엇입니까?,네덜란드어,native_language,101,4954
얀 페터르 발케넨더의 첫 번째 언어는 무엇입니까?,네덜란드어,native_language,101,4954
얀 페터르 발케넨더가 가장 유창한 언어는 무엇입니까?,네덜란드어,native_language,101,4954
얀 페터르 발케넨더의 주요 언어는 무엇입니까?,네덜란드어,native_language,101,4954
조반니 보카치오의 모국어는 무엇입니까?,이탈리아어,native_language,102,4955
조반니 보카치오가 자연스럽게 말하는 언어는 무엇입니까?,이탈리아어,native_language,102,4955
조반니 보카치오의 첫 번째 언어는 무엇입니까?,이탈리아어,native_language,102,4955
조반니 보카치오가 가장 유창한 언어는 무엇입니까?,이탈리아어,native_language,102,4955
조반니 보카치오의 주요 언어는 무엇입니까?,이탈리아어,native_language,102,4955
세르게이 라브로프의 모국어는 무엇입니까?,러시아어,native_language,103,4956
세르게이 라브로프가 자연스럽게 말하는 언어는 무엇입니까?,러시아어,native_language,103,4956
세르게이 라브로프의 첫 번째 언어는 무엇입니까?,러시아어,native_language,103,4956
세르게이 라브로프가 가장 유창한 언어는 무엇입니까?,러시아어,native_language,103,4956
세르게이 라브로프의 주요 언어는 무엇입니까?,러시아어,native_language,103,4956
표트르 크로포트킨의 모국어는 무엇입니까?,러시아어,native_language,104,4957
표트르 크로포트킨가 자연스럽게 말하는 언어는 무엇입니까?,러시아어,native_language,104,4957
표트르 크로포트킨의 첫 번째 언어는 무엇입니까?,러시아어,native_language,104,4957
표트르 크로포트킨가 가장 유창한 언어는 무엇입니까?,러시아어,native_language,104,4957
표트르 크로포트킨의 주요 언어는 무엇입니까?,러시아어,native_language,104,4957
장 드 라 퐁텐의 모국어는 무엇입니까?,프랑스어,native_language,105,4958
장 드 라 퐁텐가 자연스럽게 말하는 언어는 무엇입니까?,프랑스어,native_language,105,4958
장 드 라 퐁텐의 첫 번째 언어는 무엇입니까?,프랑스어,native_language,105,4958
장 드 라 퐁텐가 가장 유창한 언어는 무엇입니까?,프랑스어,native_language,105,4958
장 드 라 퐁텐의 주요 언어는 무엇입니까?,프랑스어,native_language,105,4958
파트리스 르콩트의 모국어는 무엇입니까?,프랑스어,native_language,106,4959
파트리스 르콩트가 자연스럽게 말하는 언어는 무엇입니까?,프랑스어,native_language,106,4959
파트리스 르콩트의 첫 번째 언어는 무엇입니까?,프랑스어,native_language,106,4959
파트리스 르콩트가 가장 유창한 언어는 무엇입니까?,프랑스어,native_language,106,4959
파트리스 르콩트의 주요 언어는 무엇입니까?,프랑스어,native_language,106,4959
드미트리 메드베데프의 모국어는 무엇입니까?,러시아어,native_language,107,4960
드미트리 메드베데프가 자연스럽게 말하는 언어는 무엇입니까?,러시아어,native_language,107,4960
드미트리 메드베데프의 첫 번째 언어는 무엇입니까?,러시아어,native_language,107,4960
드미트리 메드베데프가 가장 유창한 언어는 무엇입니까?,러시아어,native_language,107,4960
드미트리 메드베데프의 주요 언어는 무엇입니까?,러시아어,native_language,107,4960
헨드릭 로런츠의 모국어는 무엇입니까?,네덜란드어,native_language,108,4961
헨드릭 로런츠가 자연스럽게 말하는 언어는 무엇입니까?,네덜란드어,native_language,108,4961
헨드릭 로런츠의 첫 번째 언어는 무엇입니까?,네덜란드어,native_language,108,4961
헨드릭 로런츠가 가장 유창한 언어는 무엇입니까?,네덜란드어,native_language,108,4961
헨드릭 로런츠의 주요 언어는 무엇입니까?,네덜란드어,native_language,108,4961
미하일 호도르콥스키의 모국어는 무엇입니까?,러시아어,native_language,109,4962
미하일 호도르콥스키가 자연스럽게 말하는 언어는 무엇입니까?,러시아어,native_language,109,4962
미하일 호도르콥스키의 첫 번째 언어는 무엇입니까?,러시아어,native_language,109,4962
미하일 호도르콥스키가 가장 유창한 언어는 무엇입니까?,러시아어,native_language,109,4962
미하일 호도르콥스키의 주요 언어는 무엇입니까?,러시아어,native_language,109,4962
오비디우스의 모국어는 무엇입니까?,라틴어,native_language,110,4963
오비디우스가 자연스럽게 말하는 언어는 무엇입니까?,라틴어,native_language,110,4963
오비디우스의 첫 번째 언어는 무엇입니까?,라틴어,native_language,110,4963
오비디우스가 가장 유창한 언어는 무엇입니까?,라틴어,native_language,110,4963
오비디우스의 주요 언어는 무엇입니까?,라틴어,native_language,110,4963
블라디미르 푸틴의 모국어는 무엇입니까?,러시아어,native_language,111,4964
블라디미르 푸틴가 자연스럽게 말하는 언어는 무엇입니까?,러시아어,native_language,111,4964
블라디미르 푸틴의 첫 번째 언어는 무엇입니까?,러시아어,native_language,111,4964
블라디미르 푸틴가 가장 유창한 언어는 무엇입니까?,러시아어,native_language,111,4964
블라디미르 푸틴의 주요 언어는 무엇입니까?,러시아어,native_language,111,4964
귀스타브 플로베르의 모국어는 무엇입니까?,프랑스어,native_language,112,4965
귀스타브 플로베르가 자연스럽게 말하는 언어는 무엇입니까?,프랑스어,native_language,112,4965
귀스타브 플로베르의 첫 번째 언어는 무엇입니까?,프랑스어,native_language,112,4965
귀스타브 플로베르가 가장 유창한 언어는 무엇입니까?,프랑스어,native_language,112,4965
귀스타브 플로베르의 주요 언어는 무엇입니까?,프랑스어,native_language,112,4965
장폴 벨몽도의 모국어는 무엇입니까?,프랑스어,native_language,113,4966
장폴 벨몽도가 자연스럽게 말하는 언어는 무엇입니까?,프랑스어,native_language,113,4966
장폴 벨몽도의 첫 번째 언어는 무엇입니까?,프랑스어,native_language,113,4966
장폴 벨몽도가 가장 유창한 언어는 무엇입니까?,프랑스어,native_language,113,4966
장폴 벨몽도의 주요 언어는 무엇입니까?,프랑스어,native_language,113,4966
마르크 샤갈의 모국어는 무엇입니까?,러시아어,native_language,114,4967
마르크 샤갈가 자연스럽게 말하는 언어는 무엇입니까?,러시아어,native_language,114,4967
마르크 샤갈의 첫 번째 언어는 무엇입니까?,러시아어,native_language,114,4967
마르크 샤갈가 가장 유창한 언어는 무엇입니까?,러시아어,native_language,114,4967
마르크 샤갈의 주요 언어는 무엇입니까?,러시아어,native_language,114,4967
클로드 베르나르의 모국어는 무엇입니까?,프랑스어,native_language,115,4968
클로드 베르나르가 자연스럽게 말하는 언어는 무엇입니까?,프랑스어,native_language,115,4968
클로드 베르나르의 첫 번째 언어는 무엇입니까?,프랑스어,native_language,115,4968
클로드 베르나르가 가장 유창한 언어는 무엇입니까?,프랑스어,native_language,115,4968
클로드 베르나르의 주요 언어는 무엇입니까?,프랑스어,native_language,115,4968
비르지니 르두아앵의 모국어는 무엇입니까?,프랑스어,native_language,116,4969
비르지니 르두아앵가 자연스럽게 말하는 언어는 무엇입니까?,프랑스어,native_language,116,4969
비르지니 르두아앵의 첫 번째 언어는 무엇입니까?,프랑스어,native_language,116,4969
비르지니 르두아앵가 가장 유창한 언어는 무엇입니까?,프랑스어,native_language,116,4969
비르지니 르두아앵의 주요 언어는 무엇입니까?,프랑스어,native_language,116,4969
더글러스 애덤스의 모국어는 무엇입니까?,영어,native_language,117,4970
더글러스 애덤스가 자연스럽게 말하는 언어는 무엇입니까?,영어,native_language,117,4970
더글러스 애덤스의 첫 번째 언어는 무엇입니까?,영어,native_language,117,4970
더글러스 애덤스가 가장 유창한 언어는 무엇입니까?,영어,native_language,117,4970
더글러스 애덤스의 주요 언어는 무엇입니까?,영어,native_language,117,4970
에후드 올메르트의 모국어는 무엇입니까?,히브리어,native_language,118,4971
에후드 올메르트가 자연스럽게 말하는 언어는 무엇입니까?,히브리어,native_language,118,4971
에후드 올메르트의 첫 번째 언어는 무엇입니까?,히브리어,native_language,118,4971
에후드 올메르트가 가장 유창한 언어는 무엇입니까?,히브리어,native_language,118,4971
에후드 올메르트의 주요 언어는 무엇입니까?,히브리어,native_language,118,4971
샤를 페로의 모국어는 무엇입니까?,프랑스어,native_language,119,4972
샤를 페로가 자연스럽게 말하는 언어는 무엇입니까?,프랑스어,native_language,119,4972
샤를 페로의 첫 번째 언어는 무엇입니까?,프랑스어,native_language,119,4972
샤를 페로가 가장 유창한 언어는 무엇입니까?,프랑스어,native_language,119,4972
샤를 페로의 주요 언어는 무엇입니까?,프랑스어,native_language,119,4972
마르셀 마르소의 모국어는 무엇입니까?,프랑스어,native_language,120,4973
마르셀 마르소가 자연스럽게 말하는 언어는 무엇입니까?,프랑스어,native_language,120,4973
마르셀 마르소의 첫 번째 언어는 무엇입니까?,프랑스어,native_language,120,4973
마르셀 마르소가 가장 유창한 언어는 무엇입니까?,프랑스어,native_language,120,4973
마르셀 마르소의 주요 언어는 무엇입니까?,프랑스어,native_language,120,4973
베르길리우스의 모국어는 무엇입니까?,라틴어,native_language,121,4974
베르길리우스가 자연스럽게 말하는 언어는 무엇입니까?,라틴어,native_language,121,4974
베르길리우스의 첫 번째 언어는 무엇입니까?,라틴어,native_language,121,4974
베르길리우스가 가장 유창한 언어는 무엇입니까?,라틴어,native_language,121,4974
베르길리우스의 주요 언어는 무엇입니까?,라틴어,native_language,121,4974
잔 모로의 모국어는 무엇입니까?,프랑스어,native_language,122,4975
잔 모로가 자연스럽게 말하는 언어는 무엇입니까?,프랑스어,native_language,122,4975
잔 모로의 첫 번째 언어는 무엇입니까?,프랑스어,native_language,122,4975
잔 모로가 가장 유창한 언어는 무엇입니까?,프랑스어,native_language,122,4975
잔 모로의 주요 언어는 무엇입니까?,프랑스어,native_language,122,4975
장 뒤자르댕의 모국어는 무엇입니까?,프랑스어,native_language,123,4976
장 뒤자르댕가 자연스럽게 말하는 언어는 무엇입니까?,프랑스어,native_language,123,4976
장 뒤자르댕의 첫 번째 언어는 무엇입니까?,프랑스어,native_language,123,4976
장 뒤자르댕가 가장 유창한 언어는 무엇입니까?,프랑스어,native_language,123,4976
장 뒤자르댕의 주요 언어는 무엇입니까?,프랑스어,native_language,123,4976
에마뉘엘 마크롱의 모국어는 무엇입니까?,프랑스어,native_language,124,4977
에마뉘엘 마크롱가 자연스럽게 말하는 언어는 무엇입니까?,프랑스어,native_language,124,4977
에마뉘엘 마크롱의 첫 번째 언어는 무엇입니까?,프랑스어,native_language,124,4977
에마뉘엘 마크롱가 가장 유창한 언어는 무엇입니까?,프랑스어,native_language,124,4977
에마뉘엘 마크롱의 주요 언어는 무엇입니까?,프랑스어,native_language,124,4977
압둘 칼람의 모국어는 무엇입니까?,타밀어,native_language,125,4978
압둘 칼람가 자연스럽게 말하는 언어는 무엇입니까?,타밀어,native_language,125,4978
압둘 칼람의 첫 번째 언어는 무엇입니까?,타밀어,native_language,125,4978
압둘 칼람가 가장 유창한 언어는 무엇입니까?,타밀어,native_language,125,4978
압둘 칼람의 주요 언어는 무엇입니까?,타밀어,native_language,125,4978
버락 오바마의 모국어는 무엇입니까?,영어,native_language,126,4979
버락 오바마가 자연스럽게 말하는 언어는 무엇입니까?,영어,native_language,126,4979
버락 오바마의 첫 번째 언어는 무엇입니까?,영어,native_language,126,4979
버락 오바마가 가장 유창한 언어는 무엇입니까?,영어,native_language,126,4979
버락 오바마의 주요 언어는 무엇입니까?,영어,native_language,126,4979
베이스헌터의 모국어는 무엇입니까?,스웨덴어,native_language,127,4980
베이스헌터가 자연스럽게 말하는 언어는 무엇입니까?,스웨덴어,native_language,127,4980
베이스헌터의 첫 번째 언어는 무엇입니까?,스웨덴어,native_language,127,4980
베이스헌터가 가장 유창한 언어는 무엇입니까?,스웨덴어,native_language,127,4980
베이스헌터의 주요 언어는 무엇입니까?,스웨덴어,native_language,127,4980
윌리엄 버틀러 예이츠의 모국어는 무엇입니까?,영어,native_language,128,4981
윌리엄 버틀러 예이츠가 자연스럽게 말하는 언어는 무엇입니까?,영어,native_language,128,4981
윌리엄 버틀러 예이츠의 첫 번째 언어는 무엇입니까?,영어,native_language,128,4981
윌리엄 버틀러 예이츠가 가장 유창한 언어는 무엇입니까?,영어,native_language,128,4981
윌리엄 버틀러 예이츠의 주요 언어는 무엇입니까?,영어,native_language,128,4981
아서 코넌 도일의 모국어는 무엇입니까?,영어,native_language,129,4982
아서 코넌 도일가 자연스럽게 말하는 언어는 무엇입니까?,영어,native_language,129,4982
아서 코넌 도일의 첫 번째 언어는 무엇입니까?,영어,native_language,129,4982
아서 코넌 도일가 가장 유창한 언어는 무엇입니까?,영어,native_language,129,4982
아서 코넌 도일의 주요 언어는 무엇입니까?,영어,native_language,129,4982
프랑스령 폴리네시아의 공식 언어는 무엇입니까?,프랑스어,official_language,0,235
프랑스령 폴리네시아에서 공식으로 사용되는 언어는 무엇입니까?,프랑스어,official_language,0,235
프랑스령 폴리네시아에서 주 언어는 무엇입니까?,프랑스어,official_language,0,235
프랑스령 폴리네시아에서 공식적인 지위를 가진 언어는 무엇입니까?,프랑스어,official_language,0,235
프랑스령 폴리네시아에서 공식으로 인정된 언어는 무엇입니까?,프랑스어,official_language,0,235
브루나이의 공식 언어는 무엇입니까?,말레이어,official_language,1,236
브루나이에서 공식으로 사용되는 언어는 무엇입니까?,말레이어,official_language,1,236
브루나이에서 주 언어는 무엇입니까?,말레이어,official_language,1,236
브루나이에서 공식적인 지위를 가진 언어는 무엇입니까?,말레이어,official_language,1,236
브루나이에서 공식으로 인정된 언어는 무엇입니까?,말레이어,official_language,1,236
우타르프라데시주의 공식 언어는 무엇입니까?,우르두어,official_language,2,237
우타르프라데시주에서 공식으로 사용되는 언어는 무엇입니까?,우르두어,official_language,2,237
우타르프라데시주에서 주 언어는 무엇입니까?,우르두어,official_language,2,237
우타르프라데시주에서 공식적인 지위를 가진 언어는 무엇입니까?,우르두어,official_language,2,237
우타르프라데시주에서 공식으로 인정된 언어는 무엇입니까?,우르두어,official_language,2,237
유럽 연합의 공식 언어는 무엇입니까?,핀란드어,official_language,3,238
유럽 연합에서 공식으로 사용되는 언어는 무엇입니까?,핀란드어,official_language,3,238
유럽 연합에서 주 언어는 무엇입니까?,핀란드어,official_language,3,238
유럽 연합에서 공식적인 지위를 가진 언어는 무엇입니까?,핀란드어,official_language,3,238
유럽 연합에서 공식으로 인정된 언어는 무엇입니까?,핀란드어,official_language,3,238
왈롱의 공식 언어는 무엇입니까?,프랑스어,official_language,4,239
왈롱에서 공식으로 사용되는 언어는 무엇입니까?,프랑스어,official_language,4,239
왈롱에서 주 언어는 무엇입니까?,프랑스어,official_language,4,239
왈롱에서 공식적인 지위를 가진 언어는 무엇입니까?,프랑스어,official_language,4,239
왈롱에서 공식으로 인정된 언어는 무엇입니까?,프랑스어,official_language,4,239
유럽 연합의 공식 언어는 무엇입니까?,슬로베니아어,official_language,5,240
유럽 연합에서 공식으로 사용되는 언어는 무엇입니까?,슬로베니아어,official_language,5,240
유럽 연합에서 주 언어는 무엇입니까?,슬로베니아어,official_language,5,240
유럽 연합에서 공식적인 지위를 가진 언어는 무엇입니까?,슬로베니아어,official_language,5,240
유럽 연합에서 공식으로 인정된 언어는 무엇입니까?,슬로베니아어,official_language,5,240
아이티의 공식 언어는 무엇입니까?,프랑스어,official_language,6,241
아이티에서 공식으로 사용되는 언어는 무엇입니까?,프랑스어,official_language,6,241
아이티에서 주 언어는 무엇입니까?,프랑스어,official_language,6,241
아이티에서 공식적인 지위를 가진 언어는 무엇입니까?,프랑스어,official_language,6,241
아이티에서 공식으로 인정된 언어는 무엇입니까?,프랑스어,official_language,6,241
남아프리카 연방의 공식 언어는 무엇입니까?,네덜란드어,official_language,7,242
남아프리카 연방에서 공식으로 사용되는 언어는 무엇입니까?,네덜란드어,official_language,7,242
남아프리카 연방에서 주 언어는 무엇입니까?,네덜란드어,official_language,7,242
남아프리카 연방에서 공식적인 지위를 가진 언어는 무엇입니까?,네덜란드어,official_language,7,242
남아프리카 연방에서 공식으로 인정된 언어는 무엇입니까?,네덜란드어,official_language,7,242
상하이 협력 기구의 공식 언어는 무엇입니까?,러시아어,official_language,8,243
상하이 협력 기구에서 공식으로 사용되는 언어는 무엇입니까?,러시아어,official_language,8,243
상하이 협력 기구에서 주 언어는 무엇입니까?,러시아어,official_language,8,243
상하이 협력 기구에서 공식적인 지위를 가진 언어는 무엇입니까?,러시아어,official_language,8,243
상하이 협력 기구에서 공식으로 인정된 언어는 무엇입니까?,러시아어,official_language,8,243
와이오밍주의 공식 언어는 무엇입니까?,영어,official_language,9,244
와이오밍주에서 공식으로 사용되는 언어는 무엇입니까?,영어,official_language,9,244
와이오밍주에서 주 언어는 무엇입니까?,영어,official_language,9,244
와이오밍주에서 공식적인 지위를 가진 언어는 무엇입니까?,영어,official_language,9,244
와이오밍주에서 공식으로 인정된 언어는 무엇입니까?,영어,official_language,9,244
국제 육상 경기 연맹의 공식 언어는 무엇입니까?,프랑스어,official_language,10,245
국제 육상 경기 연맹에서 공식으로 사용되는 언어는 무엇입니까?,프랑스어,official_language,10,245
국제 육상 경기 연맹에서 주 언어는 무엇입니까?,프랑스어,official_language,10,245
국제 육상 경기 연맹에서 공식적인 지위를 가진 언어는 무엇입니까?,프랑스어,official_language,10,245
국제 육상 경기 연맹에서 공식으로 인정된 언어는 무엇입니까?,프랑스어,official_language,10,245
오데사주의 공식 언어는 무엇입니까?,러시아어,official_language,11,246
오데사주에서 공식으로 사용되는 언어는 무엇입니까?,러시아어,official_language,11,246
오데사주에서 주 언어는 무엇입니까?,러시아어,official_language,11,246
오데사주에서 공식적인 지위를 가진 언어는 무엇입니까?,러시아어,official_language,11,246
오데사주에서 공식으로 인정된 언어는 무엇입니까?,러시아어,official_language,11,246
성좌의 공식 언어는 무엇입니까?,라틴어,official_language,12,247
성좌에서 공식으로 사용되는 언어는 무엇입니까?,라틴어,official_language,12,247
성좌에서 주 언어는 무엇입니까?,라틴어,official_language,12,247
성좌에서 공식적인 지위를 가진 언어는 무엇입니까?,라틴어,official_language,12,247
성좌에서 공식으로 인정된 언어는 무엇입니까?,라틴어,official_language,12,247
우루과이의 공식 언어는 무엇입니까?,스페인어,official_language,13,248
우루과이에서 공식으로 사용되는 언어는 무엇입니까?,스페인어,official_language,13,248
우루과이에서 주 언어는 무엇입니까?,스페인어,official_language,13,248
우루과이에서 공식적인 지위를 가진 언어는 무엇입니까?,스페인어,official_language,13,248
우루과이에서 공식으로 인정된 언어는 무엇입니까?,스페인어,official_language,13,248
잠셰드푸르의 공식 언어는 무엇입니까?,힌디어,official_language,14,249
잠셰드푸르에서 공식으로 사용되는 언어는 무엇입니까?,힌디어,official_language,14,249
잠셰드푸르에서 주 언어는 무엇입니까?,힌디어,official_language,14,249
잠셰드푸르에서 공식적인 지위를 가진 언어는 무엇입니까?,힌디어,official_language,14,249
잠셰드푸르에서 공식으로 인정된 언어는 무엇입니까?,힌디어,official_language,14,249
남오세티야의 공식 언어는 무엇입니까?,조지아어,official_language,15,250
남오세티야에서 공식으로 사용되는 언어는 무엇입니까?,조지아어,official_language,15,250
남오세티야에서 주 언어는 무엇입니까?,조지아어,official_language,15,250
남오세티야에서 공식적인 지위를 가진 언어는 무엇입니까?,조지아어,official_language,15,250
남오세티야에서 공식으로 인정된 언어는 무엇입니까?,조지아어,official_language,15,250
캄보디아의 공식 언어는 무엇입니까?,크메르어,official_language,16,251
캄보디아에서 공식으로 사용되는 언어는 무엇입니까?,크메르어,official_language,16,251
캄보디아에서 주 언어는 무엇입니까?,크메르어,official_language,16,251
캄보디아에서 공식적인 지위를 가진 언어는 무엇입니까?,크메르어,official_language,16,251
캄보디아에서 공식으로 인정된 언어는 무엇입니까?,크메르어,official_language,16,251
크라스노야르스크 지방의 공식 언어는 무엇입니까?,러시아어,official_language,17,252
크라스노야르스크 지방에서 공식으로 사용되는 언어는 무엇입니까?,러시아어,official_language,17,252
크라스노야르스크 지방에서 주 언어는 무엇입니까?,러시아어,official_language,17,252
크라스노야르스크 지방에서 공식적인 지위를 가진 언어는 무엇입니까?,러시아어,official_language,17,252
크라스노야르스크 지방에서 공식으로 인정된 언어는 무엇입니까?,러시아어,official_language,17,252
콩고 공화국의 공식 언어는 무엇입니까?,프랑스어,official_language,18,253
콩고 공화국에서 공식으로 사용되는 언어는 무엇입니까?,프랑스어,official_language,18,253
콩고 공화국에서 주 언어는 무엇입니까?,프랑스어,official_language,18,253
콩고 공화국에서 공식적인 지위를 가진 언어는 무엇입니까?,프랑스어,official_language,18,253
콩고 공화국에서 공식으로 인정된 언어는 무엇입니까?,프랑스어,official_language,18,253
솔로몬 제도의 공식 언어는 무엇입니까?,영어,official_language,19,254
솔로몬 제도에서 공식으로 사용되는 언어는 무엇입니까?,영어,official_language,19,254
솔로몬 제도에서 주 언어는 무엇입니까?,영어,official_language,19,254
솔로몬 제도에서 공식적인 지위를 가진 언어는 무엇입니까?,영어,official_language,19,254
솔로몬 제도에서 공식으로 인정된 언어는 무엇입니까?,영어,official_language,19,254
메갈라야주의 공식 언어는 무엇입니까?,영어,official_language,20,255
메갈라야주에서 공식으로 사용되는 언어는 무엇입니까?,영어,official_language,20,255
메갈라야주에서 주 언어는 무엇입니까?,영어,official_language,20,255
메갈라야주에서 공식적인 지위를 가진 언어는 무엇입니까?,영어,official_language,20,255
메갈라야주에서 공식으로 인정된 언어는 무엇입니까?,영어,official_language,20,255
라자스탄주의 공식 언어는 무엇입니까?,힌디어,official_language,21,256
라자스탄주에서 공식으로 사용되는 언어는 무엇입니까?,힌디어,official_language,21,256
라자스탄주에서 주 언어는 무엇입니까?,힌디어,official_language,21,256
라자스탄주에서 공식적인 지위를 가진 언어는 무엇입니까?,힌디어,official_language,21,256
라자스탄주에서 공식으로 인정된 언어는 무엇입니까?,힌디어,official_language,21,256
상하이 협력 기구의 공식 언어는 무엇입니까?,중국어,official_language,22,257
상하이 협력 기구에서 공식으로 사용되는 언어는 무엇입니까?,중국어,official_language,22,257
상하이 협력 기구에서 주 언어는 무엇입니까?,중국어,official_language,22,257
상하이 협력 기구에서 공식적인 지위를 가진 언어는 무엇입니까?,중국어,official_language,22,257
상하이 협력 기구에서 공식으로 인정된 언어는 무엇입니까?,중국어,official_language,22,257
이스터섬의 공식 언어는 무엇입니까?,스페인어,official_language,23,258
이스터섬에서 공식으로 사용되는 언어는 무엇입니까?,스페인어,official_language,23,258
이스터섬에서 주 언어는 무엇입니까?,스페인어,official_language,23,258
이스터섬에서 공식적인 지위를 가진 언어는 무엇입니까?,스페인어,official_language,23,258
이스터섬에서 공식으로 인정된 언어는 무엇입니까?,스페인어,official_language,23,258
마요르카섬의 공식 언어는 무엇입니까?,카탈루냐어,official_language,24,259
마요르카섬에서 공식으로 사용되는 언어는 무엇입니까?,카탈루냐어,official_language,24,259
마요르카섬에서 주 언어는 무엇입니까?,카탈루냐어,official_language,24,259
마요르카섬에서 공식적인 지위를 가진 언어는 무엇입니까?,카탈루냐어,official_language,24,259
마요르카섬에서 공식으로 인정된 언어는 무엇입니까?,카탈루냐어,official_language,24,259
브라질의 공식 언어는 무엇입니까?,포르투갈어,official_language,25,260
브라질에서 공식으로 사용되는 언어는 무엇입니까?,포르투갈어,official_language,25,260
브라질에서 주 언어는 무엇입니까?,포르투갈어,official_language,25,260
브라질에서 공식적인 지위를 가진 언어는 무엇입니까?,포르투갈어,official_language,25,260
브라질에서 공식으로 인정된 언어는 무엇입니까?,포르투갈어,official_language,25,260
멕시코의 공식 언어는 무엇입니까?,스페인어,official_language,26,261
멕시코에서 공식으로 사용되는 언어는 무엇입니까?,스페인어,official_language,26,261
멕시코에서 주 언어는 무엇입니까?,스페인어,official_language,26,261
멕시코에서 공식적인 지위를 가진 언어는 무엇입니까?,스페인어,official_language,26,261
멕시코에서 공식으로 인정된 언어는 무엇입니까?,스페인어,official_language,26,261
감비아의 공식 언어는 무엇입니까?,영어,official_language,27,262
감비아에서 공식으로 사용되는 언어는 무엇입니까?,영어,official_language,27,262
감비아에서 주 언어는 무엇입니까?,영어,official_language,27,262
감비아에서 공식적인 지위를 가진 언어는 무엇입니까?,영어,official_language,27,262
감비아에서 공식으로 인정된 언어는 무엇입니까?,영어,official_language,27,262
교토부의 공식 언어는 무엇입니까?,일본어,official_language,28,263
교토부에서 공식으로 사용되는 언어는 무엇입니까?,일본어,official_language,28,263
교토부에서 주 언어는 무엇입니까?,일본어,official_language,28,263
교토부에서 공식적인 지위를 가진 언어는 무엇입니까?,일본어,official_language,28,263
교토부에서 공식으로 인정된 언어는 무엇입니까?,일본어,official_language,28,263
사우스조지아 사우스샌드위치 제도의 공식 언어는 무엇입니까?,영어,official_language,29,264
사우스조지아 사우스샌드위치 제도에서 공식으로 사용되는 언어는 무엇입니까?,영어,official_language,29,264
사우스조지아 사우스샌드위치 제도에서 주 언어는 무엇입니까?,영어,official_language,29,264
사우스조지아 사우스샌드위치 제도에서 공식적인 지위를 가진 언어는 무엇입니까?,영어,official_language,29,264
사우스조지아 사우스샌드위치 제도에서 공식으로 인정된 언어는 무엇입니까?,영어,official_language,29,264
맨섬의 공식 언어는 무엇입니까?,영어,official_language,30,265
맨섬에서 공식으로 사용되는 언어는 무엇입니까?,영어,official_language,30,265
맨섬에서 주 언어는 무엇입니까?,영어,official_language,30,265
맨섬에서 공식적인 지위를 가진 언어는 무엇입니까?,영어,official_language,30,265
맨섬에서 공식으로 인정된 언어는 무엇입니까?,영어,official_language,30,265
미시시피주의 공식 언어는 무엇입니까?,영어,official_language,31,266
미시시피주에서 공식으로 사용되는 언어는 무엇입니까?,영어,official_language,31,266
미시시피주에서 주 언어는 무엇입니까?,영어,official_language,31,266
미시시피주에서 공식적인 지위를 가진 언어는 무엇입니까?,영어,official_language,31,266
미시시피주에서 공식으로 인정된 언어는 무엇입니까?,영어,official_language,31,266
마카오의 공식 언어는 무엇입니까?,중국어,official_language,32,267
마카오에서 공식으로 사용되는 언어는 무엇입니까?,중국어,official_language,32,267
마카오에서 주 언어는 무엇입니까?,중국어,official_language,32,267
마카오에서 공식적인 지위를 가진 언어는 무엇입니까?,중국어,official_language,32,267
마카오에서 공식으로 인정된 언어는 무엇입니까?,중국어,official_language,32,267
체코슬로바키아의 공식 언어는 무엇입니까?,슬로바키아어,official_language,33,268
체코슬로바키아에서 공식으로 사용되는 언어는 무엇입니까?,슬로바키아어,official_language,33,268
체코슬로바키아에서 주 언어는 무엇입니까?,슬로바키아어,official_language,33,268
체코슬로바키아에서 공식적인 지위를 가진 언어는 무엇입니까?,슬로바키아어,official_language,33,268
체코슬로바키아에서 공식으로 인정된 언어는 무엇입니까?,슬로바키아어,official_language,33,268
도네츠크주의 공식 언어는 무엇입니까?,러시아어,official_language,34,269
도네츠크주에서 공식으로 사용되는 언어는 무엇입니까?,러시아어,official_language,34,269
도네츠크주에서 주 언어는 무엇입니까?,러시아어,official_language,34,269
도네츠크주에서 공식적인 지위를 가진 언어는 무엇입니까?,러시아어,official_language,34,269
도네츠크주에서 공식으로 인정된 언어는 무엇입니까?,러시아어,official_language,34,269
이스라엘의 공식 언어는 무엇입니까?,히브리어,official_language,35,270
이스라엘에서 공식으로 사용되는 언어는 무엇입니까?,히브리어,official_language,35,270
이스라엘에서 주 언어는 무엇입니까?,히브리어,official_language,35,270
이스라엘에서 공식적인 지위를 가진 언어는 무엇입니까?,히브리어,official_language,35,270
이스라엘에서 공식으로 인정된 언어는 무엇입니까?,히브리어,official_language,35,270
사모아의 공식 언어는 무엇입니까?,영어,official_language,36,271
사모아에서 공식으로 사용되는 언어는 무엇입니까?,영어,official_language,36,271
사모아에서 주 언어는 무엇입니까?,영어,official_language,36,271
사모아에서 공식적인 지위를 가진 언어는 무엇입니까?,영어,official_language,36,271
사모아에서 공식으로 인정된 언어는 무엇입니까?,영어,official_language,36,271
타타르 공화국의 공식 언어는 무엇입니까?,러시아어,official_language,37,272
타타르 공화국에서 공식으로 사용되는 언어는 무엇입니까?,러시아어,official_language,37,272
타타르 공화국에서 주 언어는 무엇입니까?,러시아어,official_language,37,272
타타르 공화국에서 공식적인 지위를 가진 언어는 무엇입니까?,러시아어,official_language,37,272
타타르 공화국에서 공식으로 인정된 언어는 무엇입니까?,러시아어,official_language,37,272
브뤼셀의 공식 언어는 무엇입니까?,네덜란드어,official_language,38,273
브뤼셀에서 공식으로 사용되는 언어는 무엇입니까?,네덜란드어,official_language,38,273
브뤼셀에서 주 언어는 무엇입니까?,네덜란드어,official_language,38,273
브뤼셀에서 공식적인 지위를 가진 언어는 무엇입니까?,네덜란드어,official_language,38,273
브뤼셀에서 공식으로 인정된 언어는 무엇입니까?,네덜란드어,official_language,38,273
하와이주의 공식 언어는 무엇입니까?,하와이어,official_language,39,274
하와이주에서 공식으로 사용되는 언어는 무엇입니까?,하와이어,official_language,39,274
하와이주에서 주 언어는 무엇입니까?,하와이어,official_language,39,274
하와이주에서 공식적인 지위를 가진 언어는 무엇입니까?,하와이어,official_language,39,274
하와이주에서 공식으로 인정된 언어는 무엇입니까?,하와이어,official_language,39,274
스위스의 공식 언어는 무엇입니까?,프랑스어,official_language,40,275
스위스에서 공식으로 사용되는 언어는 무엇입니까?,프랑스어,official_language,40,275
스위스에서 주 언어는 무엇입니까?,프랑스어,official_language,40,275
스위스에서 공식적인 지위를 가진 언어는 무엇입니까?,프랑스어,official_language,40,275
스위스에서 공식으로 인정된 언어는 무엇입니까?,프랑스어,official_language,40,275
카야니의 공식 언어는 무엇입니까?,핀란드어,official_language,41,276
카야니에서 공식으로 사용되는 언어는 무엇입니까?,핀란드어,official_language,41,276
카야니에서 주 언어는 무엇입니까?,핀란드어,official_language,41,276
카야니에서 공식적인 지위를 가진 언어는 무엇입니까?,핀란드어,official_language,41,276
카야니에서 공식으로 인정된 언어는 무엇입니까?,핀란드어,official_language,41,276
벨기에의 공식 언어는 무엇입니까?,독일어,official_language,42,277
벨기에에서 공식으로 사용되는 언어는 무엇입니까?,독일어,official_language,42,277
벨기에에서 주 언어는 무엇입니까?,독일어,official_language,42,277
벨기에에서 공식적인 지위를 가진 언어는 무엇입니까?,독일어,official_language,42,277
벨기에에서 공식으로 인정된 언어는 무엇입니까?,독일어,official_language,42,277
나우루의 공식 언어는 무엇입니까?,영어,official_language,43,278
나우루에서 공식으로 사용되는 언어는 무엇입니까?,영어,official_language,43,278
나우루에서 주 언어는 무엇입니까?,영어,official_language,43,278
나우루에서 공식적인 지위를 가진 언어는 무엇입니까?,영어,official_language,43,278
나우루에서 공식으로 인정된 언어는 무엇입니까?,영어,official_language,43,278
델리의 공식 언어는 무엇입니까?,영어,official_language,44,279
델리에서 공식으로 사용되는 언어는 무엇입니까?,영어,official_language,44,279
델리에서 주 언어는 무엇입니까?,영어,official_language,44,279
델리에서 공식적인 지위를 가진 언어는 무엇입니까?,영어,official_language,44,279
델리에서 공식으로 인정된 언어는 무엇입니까?,영어,official_language,44,279
나바라 지방의 공식 언어는 무엇입니까?,스페인어,official_language,45,280
나바라 지방에서 공식으로 사용되는 언어는 무엇입니까?,스페인어,official_language,45,280
나바라 지방에서 주 언어는 무엇입니까?,스페인어,official_language,45,280
나바라 지방에서 공식적인 지위를 가진 언어는 무엇입니까?,스페인어,official_language,45,280
나바라 지방에서 공식으로 인정된 언어는 무엇입니까?,스페인어,official_language,45,280
이비사섬의 공식 언어는 무엇입니까?,스페인어,official_language,46,281
이비사섬에서 공식으로 사용되는 언어는 무엇입니까?,스페인어,official_language,46,281
이비사섬에서 주 언어는 무엇입니까?,스페인어,official_language,46,281
이비사섬에서 공식적인 지위를 가진 언어는 무엇입니까?,스페인어,official_language,46,281
이비사섬에서 공식으로 인정된 언어는 무엇입니까?,스페인어,official_language,46,281
케랄라주의 공식 언어는 무엇입니까?,영어,official_language,47,282
케랄라주에서 공식으로 사용되는 언어는 무엇입니까?,영어,official_language,47,282
케랄라주에서 주 언어는 무엇입니까?,영어,official_language,47,282
케랄라주에서 공식적인 지위를 가진 언어는 무엇입니까?,영어,official_language,47,282
케랄라주에서 공식으로 인정된 언어는 무엇입니까?,영어,official_language,47,282
포클랜드 제도의 공식 언어는 무엇입니까?,영어,official_language,48,283
포클랜드 제도에서 공식으로 사용되는 언어는 무엇입니까?,영어,official_language,48,283
포클랜드 제도에서 주 언어는 무엇입니까?,영어,official_language,48,283
포클랜드 제도에서 공식적인 지위를 가진 언어는 무엇입니까?,영어,official_language,48,283
포클랜드 제도에서 공식으로 인정된 언어는 무엇입니까?,영어,official_language,48,283
단치히 자유시의 공식 언어는 무엇입니까?,폴란드어,official_language,49,284
단치히 자유시에서 공식으로 사용되는 언어는 무엇입니까?,폴란드어,official_language,49,284
단치히 자유시에서 주 언어는 무엇입니까?,폴란드어,official_language,49,284
단치히 자유시에서 공식적인 지위를 가진 언어는 무엇입니까?,폴란드어,official_language,49,284
단치히 자유시에서 공식으로 인정된 언어는 무엇입니까?,폴란드어,official_language,49,284
유럽 축구 연맹의 공식 언어는 무엇입니까?,프랑스어,official_language,50,285
유럽 축구 연맹에서 공식으로 사용되는 언어는 무엇입니까?,프랑스어,official_language,50,285
유럽 축구 연맹에서 주 언어는 무엇입니까?,프랑스어,official_language,50,285
유럽 축구 연맹에서 공식적인 지위를 가진 언어는 무엇입니까?,프랑스어,official_language,50,285
유럽 축구 연맹에서 공식으로 인정된 언어는 무엇입니까?,프랑스어,official_language,50,285
프리슬란트주의 공식 언어는 무엇입니까?,네덜란드어,official_language,51,286
프리슬란트주에서 공식으로 사용되는 언어는 무엇입니까?,네덜란드어,official_language,51,286
프리슬란트주에서 주 언어는 무엇입니까?,네덜란드어,official_language,51,286
프리슬란트주에서 공식적인 지위를 가진 언어는 무엇입니까?,네덜란드어,official_language,51,286
프리슬란트주에서 공식으로 인정된 언어는 무엇입니까?,네덜란드어,official_language,51,286
기니의 공식 언어는 무엇입니까?,프랑스어,official_language,52,287
기니에서 공식으로 사용되는 언어는 무엇입니까?,프랑스어,official_language,52,287
기니에서 주 언어는 무엇입니까?,프랑스어,official_language,52,287
기니에서 공식적인 지위를 가진 언어는 무엇입니까?,프랑스어,official_language,52,287
기니에서 공식으로 인정된 언어는 무엇입니까?,프랑스어,official_language,52,287
코임바토르의 공식 언어는 무엇입니까?,타밀어,official_language,53,288
코임바토르에서 공식으로 사용되는 언어는 무엇입니까?,타밀어,official_language,53,288
코임바토르에서 주 언어는 무엇입니까?,타밀어,official_language,53,288
코임바토르에서 공식적인 지위를 가진 언어는 무엇입니까?,타밀어,official_language,53,288
코임바토르에서 공식으로 인정된 언어는 무엇입니까?,타밀어,official_language,53,288
오스트레일리아의 공식 언어는 무엇입니까?,영어,official_language,54,289
오스트레일리아에서 공식으로 사용되는 언어는 무엇입니까?,영어,official_language,54,289
오스트레일리아에서 주 언어는 무엇입니까?,영어,official_language,54,289
오스트레일리아에서 공식적인 지위를 가진 언어는 무엇입니까?,영어,official_language,54,289
오스트레일리아에서 공식으로 인정된 언어는 무엇입니까?,영어,official_language,54,289
페루의 공식 언어는 무엇입니까?,스페인어,official_language,55,290
페루에서 공식으로 사용되는 언어는 무엇입니까?,스페인어,official_language,55,290
페루에서 주 언어는 무엇입니까?,스페인어,official_language,55,290
페루에서 공식적인 지위를 가진 언어는 무엇입니까?,스페인어,official_language,55,290
페루에서 공식으로 인정된 언어는 무엇입니까?,스페인어,official_language,55,290
델리의 공식 언어는 무엇입니까?,펀자브어,official_language,56,291
델리에서 공식으로 사용되는 언어는 무엇입니까?,펀자브어,official_language,56,291
델리에서 주 언어는 무엇입니까?,펀자브어,official_language,56,291
델리에서 공식적인 지위를 가진 언어는 무엇입니까?,펀자브어,official_language,56,291
델리에서 공식으로 인정된 언어는 무엇입니까?,펀자브어,official_language,56,291
레소토의 공식 언어는 무엇입니까?,영어,official_language,57,292
레소토에서 공식으로 사용되는 언어는 무엇입니까?,영어,official_language,57,292
레소토에서 주 언어는 무엇입니까?,영어,official_language,57,292
레소토에서 공식적인 지위를 가진 언어는 무엇입니까?,영어,official_language,57,292
레소토에서 공식으로 인정된 언어는 무엇입니까?,영어,official_language,57,292
인도의 공식 언어는 무엇입니까?,영어,official_language,58,293
인도에서 공식으로 사용되는 언어는 무엇입니까?,영어,official_language,58,293
인도에서 주 언어는 무엇입니까?,영어,official_language,58,293
인도에서 공식적인 지위를 가진 언어는 무엇입니까?,영어,official_language,58,293
인도에서 공식으로 인정된 언어는 무엇입니까?,영어,official_language,58,293
핏케언 제도의 공식 언어는 무엇입니까?,영어,official_language,59,294
핏케언 제도에서 공식으로 사용되는 언어는 무엇입니까?,영어,official_language,59,294
핏케언 제도에서 주 언어는 무엇입니까?,영어,official_language,59,294
핏케언 제도에서 공식적인 지위를 가진 언어는 무엇입니까?,영어,official_language,59,294
핏케언 제도에서 공식으로 인정된 언어는 무엇입니까?,영어,official_language,59,294
한티만시 자치구의 공식 언어는 무엇입니까?,러시아어,official_language,60,295
한티만시 자치구에서 공식으로 사용되는 언어는 무엇입니까?,러시아어,official_language,60,295
한티만시 자치구에서 주 언어는 무엇입니까?,러시아어,official_language,60,295
한티만시 자치구에서 공식적인 지위를 가진 언어는 무엇입니까?,러시아어,official_language,60,295
한티만시 자치구에서 공식으로 인정된 언어는 무엇입니까?,러시아어,official_language,60,295
짐바브웨의 공식 언어는 무엇입니까?,영어,official_language,61,296
짐바브웨에서 공식으로 사용되는 언어는 무엇입니까?,영어,official_language,61,296
짐바브웨에서 주 언어는 무엇입니까?,영어,official_language,61,296
짐바브웨에서 공식적인 지위를 가진 언어는 무엇입니까?,영어,official_language,61,296
짐바브웨에서 공식으로 인정된 언어는 무엇입니까?,영어,official_language,61,296
루체른의 공식 언어는 무엇입니까?,독일어,official_language,62,297
루체른에서 공식으로 사용되는 언어는 무엇입니까?,독일어,official_language,62,297
루체른에서 주 언어는 무엇입니까?,독일어,official_language,62,297
루체른에서 공식적인 지위를 가진 언어는 무엇입니까?,독일어,official_language,62,297
루체른에서 공식으로 인정된 언어는 무엇입니까?,독일어,official_language,62,297
트란스니스트리아의 공식 언어는 무엇입니까?,우크라이나어,official_language,63,298
트란스니스트리아에서 공식으로 사용되는 언어는 무엇입니까?,우크라이나어,official_language,63,298
트란스니스트리아에서 주 언어는 무엇입니까?,우크라이나어,official_language,63,298
트란스니스트리아에서 공식적인 지위를 가진 언어는 무엇입니까?,우크라이나어,official_language,63,298
트란스니스트리아에서 공식으로 인정된 언어는 무엇입니까?,우크라이나어,official_language,63,298
지부티의 공식 언어는 무엇입니까?,프랑스어,official_language,64,299
지부티에서 공식으로 사용되는 언어는 무엇입니까?,프랑스어,official_language,64,299
지부티에서 주 언어는 무엇입니까?,프랑스어,official_language,64,299
지부티에서 공식적인 지위를 가진 언어는 무엇입니까?,프랑스어,official_language,64,299
지부티에서 공식으로 인정된 언어는 무엇입니까?,프랑스어,official_language,64,299
신트외스타티위스섬의 공식 언어는 무엇입니까?,영어,official_language,65,300
신트외스타티위스섬에서 공식으로 사용되는 언어는 무엇입니까?,영어,official_language,65,300
신트외스타티위스섬에서 주 언어는 무엇입니까?,영어,official_language,65,300
신트외스타티위스섬에서 공식적인 지위를 가진 언어는 무엇입니까?,영어,official_language,65,300
신트외스타티위스섬에서 공식으로 인정된 언어는 무엇입니까?,영어,official_language,65,300
몬태나주의 공식 언어는 무엇입니까?,영어,official_language,66,301
몬태나주에서 공식으로 사용되는 언어는 무엇입니까?,영어,official_language,66,301
몬태나주에서 주 언어는 무엇입니까?,영어,official_language,66,301
몬태나주에서 공식적인 지위를 가진 언어는 무엇입니까?,영어,official_language,66,301
몬태나주에서 공식으로 인정된 언어는 무엇입니까?,영어,official_language,66,301
바하마의 공식 언어는 무엇입니까?,영어,official_language,67,302
바하마에서 공식으로 사용되는 언어는 무엇입니까?,영어,official_language,67,302
바하마에서 주 언어는 무엇입니까?,영어,official_language,67,302
바하마에서 공식적인 지위를 가진 언어는 무엇입니까?,영어,official_language,67,302
바하마에서 공식으로 인정된 언어는 무엇입니까?,영어,official_language,67,302
다게스탄 공화국의 공식 언어는 무엇입니까?,아제르바이잔어,official_language,68,303
다게스탄 공화국에서 공식으로 사용되는 언어는 무엇입니까?,아제르바이잔어,official_language,68,303
다게스탄 공화국에서 주 언어는 무엇입니까?,아제르바이잔어,official_language,68,303
다게스탄 공화국에서 공식적인 지위를 가진 언어는 무엇입니까?,아제르바이잔어,official_language,68,303
다게스탄 공화국에서 공식으로 인정된 언어는 무엇입니까?,아제르바이잔어,official_language,68,303
북마케도니아의 공식 언어는 무엇입니까?,마케도니아어,official_language,69,304
북마케도니아에서 공식으로 사용되는 언어는 무엇입니까?,마케도니아어,official_language,69,304
북마케도니아에서 주 언어는 무엇입니까?,마케도니아어,official_language,69,304
북마케도니아에서 공식적인 지위를 가진 언어는 무엇입니까?,마케도니아어,official_language,69,304
북마케도니아에서 공식으로 인정된 언어는 무엇입니까?,마케도니아어,official_language,69,304
온타리오주의 공식 언어는 무엇입니까?,영어,official_language,70,305
온타리오주에서 공식으로 사용되는 언어는 무엇입니까?,영어,official_language,70,305
온타리오주에서 주 언어는 무엇입니까?,영어,official_language,70,305
온타리오주에서 공식적인 지위를 가진 언어는 무엇입니까?,영어,official_language,70,305
온타리오주에서 공식으로 인정된 언어는 무엇입니까?,영어,official_language,70,305
앨버타주의 공식 언어는 무엇입니까?,영어,official_language,71,306
앨버타주에서 공식으로 사용되는 언어는 무엇입니까?,영어,official_language,71,306
앨버타주에서 주 언어는 무엇입니까?,영어,official_language,71,306
앨버타주에서 공식적인 지위를 가진 언어는 무엇입니까?,영어,official_language,71,306
앨버타주에서 공식으로 인정된 언어는 무엇입니까?,영어,official_language,71,306
몬테네그로의 공식 언어는 무엇입니까?,세르비아어,official_language,72,307
몬테네그로에서 공식으로 사용되는 언어는 무엇입니까?,세르비아어,official_language,72,307
몬테네그로에서 주 언어는 무엇입니까?,세르비아어,official_language,72,307
몬테네그로에서 공식적인 지위를 가진 언어는 무엇입니까?,세르비아어,official_language,72,307
몬테네그로에서 공식으로 인정된 언어는 무엇입니까?,세르비아어,official_language,72,307
잠무 카슈미르주의 공식 언어는 무엇입니까?,우르두어,official_language,73,308
잠무 카슈미르주에서 공식으로 사용되는 언어는 무엇입니까?,우르두어,official_language,73,308
잠무 카슈미르주에서 주 언어는 무엇입니까?,우르두어,official_language,73,308
잠무 카슈미르주에서 공식적인 지위를 가진 언어는 무엇입니까?,우르두어,official_language,73,308
잠무 카슈미르주에서 공식으로 인정된 언어는 무엇입니까?,우르두어,official_language,73,308
에스와티니의 공식 언어는 무엇입니까?,영어,official_language,74,309
에스와티니에서 공식으로 사용되는 언어는 무엇입니까?,영어,official_language,74,309
에스와티니에서 주 언어는 무엇입니까?,영어,official_language,74,309
에스와티니에서 공식적인 지위를 가진 언어는 무엇입니까?,영어,official_language,74,309
에스와티니에서 공식으로 인정된 언어는 무엇입니까?,영어,official_language,74,309
유럽 연합의 공식 언어는 무엇입니까?,네덜란드어,official_language,75,310
유럽 연합에서 공식으로 사용되는 언어는 무엇입니까?,네덜란드어,official_language,75,310
유럽 연합에서 주 언어는 무엇입니까?,네덜란드어,official_language,75,310
유럽 연합에서 공식적인 지위를 가진 언어는 무엇입니까?,네덜란드어,official_language,75,310
유럽 연합에서 공식으로 인정된 언어는 무엇입니까?,네덜란드어,official_language,75,310
그레나다의 공식 언어는 무엇입니까?,영어,official_language,76,311
그레나다에서 공식으로 사용되는 언어는 무엇입니까?,영어,official_language,76,311
그레나다에서 주 언어는 무엇입니까?,영어,official_language,76,311
그레나다에서 공식적인 지위를 가진 언어는 무엇입니까?,영어,official_language,76,311
그레나다에서 공식으로 인정된 언어는 무엇입니까?,영어,official_language,76,311
올더니섬의 공식 언어는 무엇입니까?,영어,official_language,77,312
올더니섬에서 공식으로 사용되는 언어는 무엇입니까?,영어,official_language,77,312
올더니섬에서 주 언어는 무엇입니까?,영어,official_language,77,312
올더니섬에서 공식적인 지위를 가진 언어는 무엇입니까?,영어,official_language,77,312
올더니섬에서 공식으로 인정된 언어는 무엇입니까?,영어,official_language,77,312
아르가우주의 공식 언어는 무엇입니까?,독일어,official_language,78,313
아르가우주에서 공식으로 사용되는 언어는 무엇입니까?,독일어,official_language,78,313
아르가우주에서 주 언어는 무엇입니까?,독일어,official_language,78,313
아르가우주에서 공식적인 지위를 가진 언어는 무엇입니까?,독일어,official_language,78,313
아르가우주에서 공식으로 인정된 언어는 무엇입니까?,독일어,official_language,78,313
하카스 공화국의 공식 언어는 무엇입니까?,러시아어,official_language,79,314
하카스 공화국에서 공식으로 사용되는 언어는 무엇입니까?,러시아어,official_language,79,314
하카스 공화국에서 주 언어는 무엇입니까?,러시아어,official_language,79,314
하카스 공화국에서 공식적인 지위를 가진 언어는 무엇입니까?,러시아어,official_language,79,314
하카스 공화국에서 공식으로 인정된 언어는 무엇입니까?,러시아어,official_language,79,314
체첸 공화국의 공식 언어는 무엇입니까?,러시아어,official_language,80,315
체첸 공화국에서 공식으로 사용되는 언어는 무엇입니까?,러시아어,official_language,80,315
체첸 공화국에서 주 언어는 무엇입니까?,러시아어,official_language,80,315
체첸 공화국에서 공식적인 지위를 가진 언어는 무엇입니까?,러시아어,official_language,80,315
체첸 공화국에서 공식으로 인정된 언어는 무엇입니까?,러시아어,official_language,80,315
미콜라이우주의 공식 언어는 무엇입니까?,러시아어,official_language,81,316
미콜라이우주에서 공식으로 사용되는 언어는 무엇입니까?,러시아어,official_language,81,316
미콜라이우주에서 주 언어는 무엇입니까?,러시아어,official_language,81,316
미콜라이우주에서 공식적인 지위를 가진 언어는 무엇입니까?,러시아어,official_language,81,316
미콜라이우주에서 공식으로 인정된 언어는 무엇입니까?,러시아어,official_language,81,316
펀자브주의 공식 언어는 무엇입니까?,펀자브어,official_language,82,317
펀자브주에서 공식으로 사용되는 언어는 무엇입니까?,펀자브어,official_language,82,317
펀자브주에서 주 언어는 무엇입니까?,펀자브어,official_language,82,317
펀자브주에서 공식적인 지위를 가진 언어는 무엇입니까?,펀자브어,official_language,82,317
펀자브주에서 공식으로 인정된 언어는 무엇입니까?,펀자브어,official_language,82,317
르완다의 공식 언어는 무엇입니까?,영어,official_language,83,318
르완다에서 공식으로 사용되는 언어는 무엇입니까?,영어,official_language,83,318
르완다에서 주 언어는 무엇입니까?,영어,official_language,83,318
르완다에서 공식적인 지위를 가진 언어는 무엇입니까?,영어,official_language,83,318
르완다에서 공식으로 인정된 언어는 무엇입니까?,영어,official_language,83,318
핀란드의 공식 언어는 무엇입니까?,핀란드어,official_language,84,319
핀란드에서 공식으로 사용되는 언어는 무엇입니까?,핀란드어,official_language,84,319
핀란드에서 주 언어는 무엇입니까?,핀란드어,official_language,84,319
핀란드에서 공식적인 지위를 가진 언어는 무엇입니까?,핀란드어,official_language,84,319
핀란드에서 공식으로 인정된 언어는 무엇입니까?,핀란드어,official_language,84,319
네브래스카주의 공식 언어는 무엇입니까?,영어,official_language,85,320
네브래스카주에서 공식으로 사용되는 언어는 무엇입니까?,영어,official_language,85,320
네브래스카주에서 주 언어는 무엇입니까?,영어,official_language,85,320
네브래스카주에서 공식적인 지위를 가진 언어는 무엇입니까?,영어,official_language,85,320
네브래스카주에서 공식으로 인정된 언어는 무엇입니까?,영어,official_language,85,320
폴란드의 공식 언어는 무엇입니까?,폴란드어,official_language,86,321
폴란드에서 공식으로 사용되는 언어는 무엇입니까?,폴란드어,official_language,86,321
폴란드에서 주 언어는 무엇입니까?,폴란드어,official_language,86,321
폴란드에서 공식적인 지위를 가진 언어는 무엇입니까?,폴란드어,official_language,86,321
폴란드에서 공식으로 인정된 언어는 무엇입니까?,폴란드어,official_language,86,321
우크라이나 소비에트 사회주의 공화국의 공식 언어는 무엇입니까?,러시아어,official_language,87,322
우크라이나 소비에트 사회주의 공화국에서 공식으로 사용되는 언어는 무엇입니까?,러시아어,official_language,87,322
우크라이나 소비에트 사회주의 공화국에서 주 언어는 무엇입니까?,러시아어,official_language,87,322
우크라이나 소비에트 사회주의 공화국에서 공식적인 지위를 가진 언어는 무엇입니까?,러시아어,official_language,87,322
우크라이나 소비에트 사회주의 공화국에서 공식으로 인정된 언어는 무엇입니까?,러시아어,official_language,87,322
니옹의 공식 언어는 무엇입니까?,프랑스어,official_language,88,323
니옹에서 공식으로 사용되는 언어는 무엇입니까?,프랑스어,official_language,88,323
니옹에서 주 언어는 무엇입니까?,프랑스어,official_language,88,323
니옹에서 공식적인 지위를 가진 언어는 무엇입니까?,프랑스어,official_language,88,323
니옹에서 공식으로 인정된 언어는 무엇입니까?,프랑스어,official_language,88,323
바젤의 공식 언어는 무엇입니까?,독일어,official_language,89,324
바젤에서 공식으로 사용되는 언어는 무엇입니까?,독일어,official_language,89,324
바젤에서 주 언어는 무엇입니까?,독일어,official_language,89,324
바젤에서 공식적인 지위를 가진 언어는 무엇입니까?,독일어,official_language,89,324
바젤에서 공식으로 인정된 언어는 무엇입니까?,독일어,official_language,89,324
아칸소주의 공식 언어는 무엇입니까?,영어,official_language,90,325
아칸소주에서 공식으로 사용되는 언어는 무엇입니까?,영어,official_language,90,325
아칸소주에서 주 언어는 무엇입니까?,영어,official_language,90,325
아칸소주에서 공식적인 지위를 가진 언어는 무엇입니까?,영어,official_language,90,325
아칸소주에서 공식으로 인정된 언어는 무엇입니까?,영어,official_language,90,325
루마니아의 공식 언어는 무엇입니까?,루마니아어,official_language,91,326
루마니아에서 공식으로 사용되는 언어는 무엇입니까?,루마니아어,official_language,91,326
루마니아에서 주 언어는 무엇입니까?,루마니아어,official_language,91,326
루마니아에서 공식적인 지위를 가진 언어는 무엇입니까?,루마니아어,official_language,91,326
루마니아에서 공식으로 인정된 언어는 무엇입니까?,루마니아어,official_language,91,326
스리랑카의 공식 언어는 무엇입니까?,타밀어,official_language,92,327
스리랑카에서 공식으로 사용되는 언어는 무엇입니까?,타밀어,official_language,92,327
스리랑카에서 주 언어는 무엇입니까?,타밀어,official_language,92,327
스리랑카에서 공식적인 지위를 가진 언어는 무엇입니까?,타밀어,official_language,92,327
스리랑카에서 공식으로 인정된 언어는 무엇입니까?,타밀어,official_language,92,327
유럽 연합의 공식 언어는 무엇입니까?,그리스어,official_language,93,328
유럽 연합에서 공식으로 사용되는 언어는 무엇입니까?,그리스어,official_language,93,328
유럽 연합에서 주 언어는 무엇입니까?,그리스어,official_language,93,328
유럽 연합에서 공식적인 지위를 가진 언어는 무엇입니까?,그리스어,official_language,93,328
유럽 연합에서 공식으로 인정된 언어는 무엇입니까?,그리스어,official_language,93,328
유럽 연합의 공식 언어는 무엇입니까?,아일랜드어,official_language,94,329
유럽 연합에서 공식으로 사용되는 언어는 무엇입니까?,아일랜드어,official_language,94,329
유럽 연합에서 주 언어는 무엇입니까?,아일랜드어,official_language,94,329
유럽 연합에서 공식적인 지위를 가진 언어는 무엇입니까?,아일랜드어,official_language,94,329
유럽 연합에서 공식으로 인정된 언어는 무엇입니까?,아일랜드어,official_language,94,329
케냐의 공식 언어는 무엇입니까?,영어,official_language,95,330
케냐에서 공식으로 사용되는 언어는 무엇입니까?,영어,official_language,95,330
케냐에서 주 언어는 무엇입니까?,영어,official_language,95,330
케냐에서 공식적인 지위를 가진 언어는 무엇입니까?,영어,official_language,95,330
케냐에서 공식으로 인정된 언어는 무엇입니까?,영어,official_language,95,330
프랑스령 남방 및 남극의 공식 언어는 무엇입니까?,프랑스어,official_language,96,331
프랑스령 남방 및 남극에서 공식으로 사용되는 언어는 무엇입니까?,프랑스어,official_language,96,331
프랑스령 남방 및 남극에서 주 언어는 무엇입니까?,프랑스어,official_language,96,331
프랑스령 남방 및 남극에서 공식적인 지위를 가진 언어는 무엇입니까?,프랑스어,official_language,96,331
프랑스령 남방 및 남극에서 공식으로 인정된 언어는 무엇입니까?,프랑스어,official_language,96,331
가나의 공식 언어는 무엇입니까?,영어,official_language,97,332
가나에서 공식으로 사용되는 언어는 무엇입니까?,영어,official_language,97,332
가나에서 주 언어는 무엇입니까?,영어,official_language,97,332
가나에서 공식적인 지위를 가진 언어는 무엇입니까?,영어,official_language,97,332
가나에서 공식으로 인정된 언어는 무엇입니까?,영어,official_language,97,332
프로방스의 공식 언어는 무엇입니까?,프랑스어,official_language,98,333
프로방스에서 공식으로 사용되는 언어는 무엇입니까?,프랑스어,official_language,98,333
프로방스에서 주 언어는 무엇입니까?,프랑스어,official_language,98,333
프로방스에서 공식적인 지위를 가진 언어는 무엇입니까?,프랑스어,official_language,98,333
프로방스에서 공식으로 인정된 언어는 무엇입니까?,프랑스어,official_language,98,333
슬로베니아의 공식 언어는 무엇입니까?,슬로베니아어,official_language,99,334
슬로베니아에서 공식으로 사용되는 언어는 무엇입니까?,슬로베니아어,official_language,99,334
슬로베니아에서 주 언어는 무엇입니까?,슬로베니아어,official_language,99,334
슬로베니아에서 공식적인 지위를 가진 언어는 무엇입니까?,슬로베니아어,official_language,99,334
슬로베니아에서 공식으로 인정된 언어는 무엇입니까?,슬로베니아어,official_language,99,334
몰도바의 공식 언어는 무엇입니까?,루마니아어,official_language,100,335
몰도바에서 공식으로 사용되는 언어는 무엇입니까?,루마니아어,official_language,100,335
몰도바에서 주 언어는 무엇입니까?,루마니아어,official_language,100,335
몰도바에서 공식적인 지위를 가진 언어는 무엇입니까?,루마니아어,official_language,100,335
몰도바에서 공식으로 인정된 언어는 무엇입니까?,루마니아어,official_language,100,335
유럽 안보 협력 기구의 공식 언어는 무엇입니까?,프랑스어,official_language,101,336
유럽 안보 협력 기구에서 공식으로 사용되는 언어는 무엇입니까?,프랑스어,official_language,101,336
유럽 안보 협력 기구에서 주 언어는 무엇입니까?,프랑스어,official_language,101,336
유럽 안보 협력 기구에서 공식적인 지위를 가진 언어는 무엇입니까?,프랑스어,official_language,101,336
유럽 안보 협력 기구에서 공식으로 인정된 언어는 무엇입니까?,프랑스어,official_language,101,336
프랑스령 기아나의 공식 언어는 무엇입니까?,프랑스어,official_language,102,337
프랑스령 기아나에서 공식으로 사용되는 언어는 무엇입니까?,프랑스어,official_language,102,337
프랑스령 기아나에서 주 언어는 무엇입니까?,프랑스어,official_language,102,337
프랑스령 기아나에서 공식적인 지위를 가진 언어는 무엇입니까?,프랑스어,official_language,102,337
프랑스령 기아나에서 공식으로 인정된 언어는 무엇입니까?,프랑스어,official_language,102,337
리투아니아의 공식 언어는 무엇입니까?,리투아니아어,official_language,103,338
리투아니아에서 공식으로 사용되는 언어는 무엇입니까?,리투아니아어,official_language,103,338
리투아니아에서 주 언어는 무엇입니까?,리투아니아어,official_language,103,338
리투아니아에서 공식적인 지위를 가진 언어는 무엇입니까?,리투아니아어,official_language,103,338
리투아니아에서 공식으로 인정된 언어는 무엇입니까?,리투아니아어,official_language,103,338
코미 공화국의 공식 언어는 무엇입니까?,러시아어,official_language,104,339
코미 공화국에서 공식으로 사용되는 언어는 무엇입니까?,러시아어,official_language,104,339
코미 공화국에서 주 언어는 무엇입니까?,러시아어,official_language,104,339
코미 공화국에서 공식적인 지위를 가진 언어는 무엇입니까?,러시아어,official_language,104,339
코미 공화국에서 공식으로 인정된 언어는 무엇입니까?,러시아어,official_language,104,339
앵귈라의 공식 언어는 무엇입니까?,영어,official_language,105,340
앵귈라에서 공식으로 사용되는 언어는 무엇입니까?,영어,official_language,105,340
앵귈라에서 주 언어는 무엇입니까?,영어,official_language,105,340
앵귈라에서 공식적인 지위를 가진 언어는 무엇입니까?,영어,official_language,105,340
앵귈라에서 공식으로 인정된 언어는 무엇입니까?,영어,official_language,105,340
벨리즈의 공식 언어는 무엇입니까?,영어,official_language,106,341
벨리즈에서 공식으로 사용되는 언어는 무엇입니까?,영어,official_language,106,341
벨리즈에서 주 언어는 무엇입니까?,영어,official_language,106,341
벨리즈에서 공식적인 지위를 가진 언어는 무엇입니까?,영어,official_language,106,341
벨리즈에서 공식으로 인정된 언어는 무엇입니까?,영어,official_language,106,341
스페인의 공식 언어는 무엇입니까?,카탈루냐어,official_language,107,342
스페인에서 공식으로 사용되는 언어는 무엇입니까?,카탈루냐어,official_language,107,342
스페인에서 주 언어는 무엇입니까?,카탈루냐어,official_language,107,342
스페인에서 공식적인 지위를 가진 언어는 무엇입니까?,카탈루냐어,official_language,107,342
스페인에서 공식으로 인정된 언어는 무엇입니까?,카탈루냐어,official_language,107,342
바베이도스의 공식 언어는 무엇입니까?,영어,official_language,108,343
바베이도스에서 공식으로 사용되는 언어는 무엇입니까?,영어,official_language,108,343
바베이도스에서 주 언어는 무엇입니까?,영어,official_language,108,343
바베이도스에서 공식적인 지위를 가진 언어는 무엇입니까?,영어,official_language,108,343
바베이도스에서 공식으로 인정된 언어는 무엇입니까?,영어,official_language,108,343
멜리토폴의 공식 언어는 무엇입니까?,우크라이나어,official_language,109,344
멜리토폴에서 공식으로 사용되는 언어는 무엇입니까?,우크라이나어,official_language,109,344
멜리토폴에서 주 언어는 무엇입니까?,우크라이나어,official_language,109,344
멜리토폴에서 공식적인 지위를 가진 언어는 무엇입니까?,우크라이나어,official_language,109,344
멜리토폴에서 공식으로 인정된 언어는 무엇입니까?,우크라이나어,official_language,109,344
서독의 공식 언어는 무엇입니까?,독일어,official_language,110,345
서독에서 공식으로 사용되는 언어는 무엇입니까?,독일어,official_language,110,345
서독에서 주 언어는 무엇입니까?,독일어,official_language,110,345
서독에서 공식적인 지위를 가진 언어는 무엇입니까?,독일어,official_language,110,345
서독에서 공식으로 인정된 언어는 무엇입니까?,독일어,official_language,110,345
네네츠 자치구의 공식 언어는 무엇입니까?,러시아어,official_language,111,346
네네츠 자치구에서 공식으로 사용되는 언어는 무엇입니까?,러시아어,official_language,111,346
네네츠 자치구에서 주 언어는 무엇입니까?,러시아어,official_language,111,346
네네츠 자치구에서 공식적인 지위를 가진 언어는 무엇입니까?,러시아어,official_language,111,346
네네츠 자치구에서 공식으로 인정된 언어는 무엇입니까?,러시아어,official_language,111,346
카리브 네덜란드의 공식 언어는 무엇입니까?,영어,official_language,112,347
카리브 네덜란드에서 공식으로 사용되는 언어는 무엇입니까?,영어,official_language,112,347
카리브 네덜란드에서 주 언어는 무엇입니까?,영어,official_language,112,347
카리브 네덜란드에서 공식적인 지위를 가진 언어는 무엇입니까?,영어,official_language,112,347
카리브 네덜란드에서 공식으로 인정된 언어는 무엇입니까?,영어,official_language,112,347
콜롬비아의 공식 언어는 무엇입니까?,스페인어,official_language,113,348
콜롬비아에서 공식으로 사용되는 언어는 무엇입니까?,스페인어,official_language,113,348
콜롬비아에서 주 언어는 무엇입니까?,스페인어,official_language,113,348
콜롬비아에서 공식적인 지위를 가진 언어는 무엇입니까?,스페인어,official_language,113,348
콜롬비아에서 공식으로 인정된 언어는 무엇입니까?,스페인어,official_language,113,348
바이아주의 공식 언어는 무엇입니까?,포르투갈어,official_language,114,349
바이아주에서 공식으로 사용되는 언어는 무엇입니까?,포르투갈어,official_language,114,349
바이아주에서 주 언어는 무엇입니까?,포르투갈어,official_language,114,349
바이아주에서 공식적인 지위를 가진 언어는 무엇입니까?,포르투갈어,official_language,114,349
바이아주에서 공식으로 인정된 언어는 무엇입니까?,포르투갈어,official_language,114,349
브루나이의 공식 언어는 무엇입니까?,영어,official_language,115,350
브루나이에서 공식으로 사용되는 언어는 무엇입니까?,영어,official_language,115,350
브루나이에서 주 언어는 무엇입니까?,영어,official_language,115,350
브루나이에서 공식적인 지위를 가진 언어는 무엇입니까?,영어,official_language,115,350
브루나이에서 공식으로 인정된 언어는 무엇입니까?,영어,official_language,115,350
시칠리아 왕국의 공식 언어는 무엇입니까?,라틴어,official_language,116,351
시칠리아 왕국에서 공식으로 사용되는 언어는 무엇입니까?,라틴어,official_language,116,351
시칠리아 왕국에서 주 언어는 무엇입니까?,라틴어,official_language,116,351
시칠리아 왕국에서 공식적인 지위를 가진 언어는 무엇입니까?,라틴어,official_language,116,351
시칠리아 왕국에서 공식으로 인정된 언어는 무엇입니까?,라틴어,official_language,116,351
도네츠크주의 공식 언어는 무엇입니까?,우크라이나어,official_language,117,352
도네츠크주에서 공식으로 사용되는 언어는 무엇입니까?,우크라이나어,official_language,117,352
도네츠크주에서 주 언어는 무엇입니까?,우크라이나어,official_language,117,352
도네츠크주에서 공식적인 지위를 가진 언어는 무엇입니까?,우크라이나어,official_language,117,352
도네츠크주에서 공식으로 인정된 언어는 무엇입니까?,우크라이나어,official_language,117,352
파트나의 공식 언어는 무엇입니까?,힌디어,official_language,118,353
파트나에서 공식으로 사용되는 언어는 무엇입니까?,힌디어,official_language,118,353
파트나에서 주 언어는 무엇입니까?,힌디어,official_language,118,353
파트나에서 공식적인 지위를 가진 언어는 무엇입니까?,힌디어,official_language,118,353
파트나에서 공식으로 인정된 언어는 무엇입니까?,힌디어,official_language,118,353
세바스토폴의 공식 언어는 무엇입니까?,우크라이나어,official_language,119,354
세바스토폴에서 공식으로 사용되는 언어는 무엇입니까?,우크라이나어,official_language,119,354
세바스토폴에서 주 언어는 무엇입니까?,우크라이나어,official_language,119,354
세바스토폴에서 공식적인 지위를 가진 언어는 무엇입니까?,우크라이나어,official_language,119,354
세바스토폴에서 공식으로 인정된 언어는 무엇입니까?,우크라이나어,official_language,119,354
파키스탄의 공식 언어는 무엇입니까?,우르두어,official_language,120,355
파키스탄에서 공식으로 사용되는 언어는 무엇입니까?,우르두어,official_language,120,355
파키스탄에서 주 언어는 무엇입니까?,우르두어,official_language,120,355
파키스탄에서 공식적인 지위를 가진 언어는 무엇입니까?,우르두어,official_language,120,355
파키스탄에서 공식으로 인정된 언어는 무엇입니까?,우르두어,official_language,120,355
마리에함의 공식 언어는 무엇입니까?,스웨덴어,official_language,121,356
마리에함에서 공식으로 사용되는 언어는 무엇입니까?,스웨덴어,official_language,121,356
마리에함에서 주 언어는 무엇입니까?,스웨덴어,official_language,121,356
마리에함에서 공식적인 지위를 가진 언어는 무엇입니까?,스웨덴어,official_language,121,356
마리에함에서 공식으로 인정된 언어는 무엇입니까?,스웨덴어,official_language,121,356
베른주의 공식 언어는 무엇입니까?,프랑스어,official_language,122,357
베른주에서 공식으로 사용되는 언어는 무엇입니까?,프랑스어,official_language,122,357
베른주에서 주 언어는 무엇입니까?,프랑스어,official_language,122,357
베른주에서 공식적인 지위를 가진 언어는 무엇입니까?,프랑스어,official_language,122,357
베른주에서 공식으로 인정된 언어는 무엇입니까?,프랑스어,official_language,122,357
루간스크 인민공화국의 공식 언어는 무엇입니까?,우크라이나어,official_language,123,358
루간스크 인민공화국에서 공식으로 사용되는 언어는 무엇입니까?,우크라이나어,official_language,123,358
루간스크 인민공화국에서 주 언어는 무엇입니까?,우크라이나어,official_language,123,358
루간스크 인민공화국에서 공식적인 지위를 가진 언어는 무엇입니까?,우크라이나어,official_language,123,358
루간스크 인민공화국에서 공식으로 인정된 언어는 무엇입니까?,우크라이나어,official_language,123,358
라쇼드퐁의 공식 언어는 무엇입니까?,프랑스어,official_language,124,359
라쇼드퐁에서 공식으로 사용되는 언어는 무엇입니까?,프랑스어,official_language,124,359
라쇼드퐁에서 주 언어는 무엇입니까?,프랑스어,official_language,124,359
라쇼드퐁에서 공식적인 지위를 가진 언어는 무엇입니까?,프랑스어,official_language,124,359
라쇼드퐁에서 공식으로 인정된 언어는 무엇입니까?,프랑스어,official_language,124,359
모스크바 대공국의 공식 언어는 무엇입니까?,러시아어,official_language,125,360
모스크바 대공국에서 공식으로 사용되는 언어는 무엇입니까?,러시아어,official_language,125,360
모스크바 대공국에서 주 언어는 무엇입니까?,러시아어,official_language,125,360
모스크바 대공국에서 공식적인 지위를 가진 언어는 무엇입니까?,러시아어,official_language,125,360
모스크바 대공국에서 공식으로 인정된 언어는 무엇입니까?,러시아어,official_language,125,360
체코슬로바키아의 공식 언어는 무엇입니까?,체코어,official_language,126,361
체코슬로바키아에서 공식으로 사용되는 언어는 무엇입니까?,체코어,official_language,126,361
체코슬로바키아에서 주 언어는 무엇입니까?,체코어,official_language,126,361
체코슬로바키아에서 공식적인 지위를 가진 언어는 무엇입니까?,체코어,official_language,126,361
체코슬로바키아에서 공식으로 인정된 언어는 무엇입니까?,체코어,official_language,126,361
세네갈의 공식 언어는 무엇입니까?,프랑스어,official_language,127,362
세네갈에서 공식으로 사용되는 언어는 무엇입니까?,프랑스어,official_language,127,362
세네갈에서 주 언어는 무엇입니까?,프랑스어,official_language,127,362
세네갈에서 공식적인 지위를 가진 언어는 무엇입니까?,프랑스어,official_language,127,362
세네갈에서 공식으로 인정된 언어는 무엇입니까?,프랑스어,official_language,127,362
몰타 기사단의 공식 언어는 무엇입니까?,라틴어,official_language,128,363
몰타 기사단에서 공식으로 사용되는 언어는 무엇입니까?,라틴어,official_language,128,363
몰타 기사단에서 주 언어는 무엇입니까?,라틴어,official_language,128,363
몰타 기사단에서 공식적인 지위를 가진 언어는 무엇입니까?,라틴어,official_language,128,363
몰타 기사단에서 공식으로 인정된 언어는 무엇입니까?,라틴어,official_language,128,363
누나부트 준주의 공식 언어는 무엇입니까?,영어,official_language,129,364
누나부트 준주에서 공식으로 사용되는 언어는 무엇입니까?,영어,official_language,129,364
누나부트 준주에서 주 언어는 무엇입니까?,영어,official_language,129,364
누나부트 준주에서 공식적인 지위를 가진 언어는 무엇입니까?,영어,official_language,129,364
누나부트 준주에서 공식으로 인정된 언어는 무엇입니까?,영어,official_language,129,364
제네바의 공식 언어는 무엇입니까?,프랑스어,official_language,130,365
제네바에서 공식으로 사용되는 언어는 무엇입니까?,프랑스어,official_language,130,365
제네바에서 주 언어는 무엇입니까?,프랑스어,official_language,130,365
제네바에서 공식적인 지위를 가진 언어는 무엇입니까?,프랑스어,official_language,130,365
제네바에서 공식으로 인정된 언어는 무엇입니까?,프랑스어,official_language,130,365
유럽 연합의 공식 언어는 무엇입니까?,불가리아어,official_language,131,366
유럽 연합에서 공식으로 사용되는 언어는 무엇입니까?,불가리아어,official_language,131,366
유럽 연합에서 주 언어는 무엇입니까?,불가리아어,official_language,131,366
유럽 연합에서 공식적인 지위를 가진 언어는 무엇입니까?,불가리아어,official_language,131,366
유럽 연합에서 공식으로 인정된 언어는 무엇입니까?,불가리아어,official_language,131,366
베른주의 공식 언어는 무엇입니까?,독일어,official_language,132,367
베른주에서 공식으로 사용되는 언어는 무엇입니까?,독일어,official_language,132,367
베른주에서 주 언어는 무엇입니까?,독일어,official_language,132,367
베른주에서 공식적인 지위를 가진 언어는 무엇입니까?,독일어,official_language,132,367
베른주에서 공식으로 인정된 언어는 무엇입니까?,독일어,official_language,132,367
세계보건기구의 공식 언어는 무엇입니까?,영어,official_language,133,368
세계보건기구에서 공식으로 사용되는 언어는 무엇입니까?,영어,official_language,133,368
세계보건기구에서 주 언어는 무엇입니까?,영어,official_language,133,368
세계보건기구에서 공식적인 지위를 가진 언어는 무엇입니까?,영어,official_language,133,368
세계보건기구에서 공식으로 인정된 언어는 무엇입니까?,영어,official_language,133,368
신트외스타티위스섬의 공식 언어는 무엇입니까?,네덜란드어,official_language,134,369
신트외스타티위스섬에서 공식으로 사용되는 언어는 무엇입니까?,네덜란드어,official_language,134,369
신트외스타티위스섬에서 주 언어는 무엇입니까?,네덜란드어,official_language,134,369
신트외스타티위스섬에서 공식적인 지위를 가진 언어는 무엇입니까?,네덜란드어,official_language,134,369
신트외스타티위스섬에서 공식으로 인정된 언어는 무엇입니까?,네덜란드어,official_language,134,369
보스니아 헤르체고비나의 공식 언어는 무엇입니까?,세르비아어,official_language,135,370
보스니아 헤르체고비나에서 공식으로 사용되는 언어는 무엇입니까?,세르비아어,official_language,135,370
보스니아 헤르체고비나에서 주 언어는 무엇입니까?,세르비아어,official_language,135,370
보스니아 헤르체고비나에서 공식적인 지위를 가진 언어는 무엇입니까?,세르비아어,official_language,135,370
보스니아 헤르체고비나에서 공식으로 인정된 언어는 무엇입니까?,세르비아어,official_language,135,370
볼차노도의 공식 언어는 무엇입니까?,이탈리아어,official_language,136,371
볼차노도에서 공식으로 사용되는 언어는 무엇입니까?,이탈리아어,official_language,136,371
볼차노도에서 주 언어는 무엇입니까?,이탈리아어,official_language,136,371
볼차노도에서 공식적인 지위를 가진 언어는 무엇입니까?,이탈리아어,official_language,136,371
볼차노도에서 공식으로 인정된 언어는 무엇입니까?,이탈리아어,official_language,136,371
핀란드의 공식 언어는 무엇입니까?,스웨덴어,official_language,137,372
핀란드에서 공식으로 사용되는 언어는 무엇입니까?,스웨덴어,official_language,137,372
핀란드에서 주 언어는 무엇입니까?,스웨덴어,official_language,137,372
핀란드에서 공식적인 지위를 가진 언어는 무엇입니까?,스웨덴어,official_language,137,372
핀란드에서 공식으로 인정된 언어는 무엇입니까?,스웨덴어,official_language,137,372
파푸아뉴기니의 공식 언어는 무엇입니까?,영어,official_language,138,373
파푸아뉴기니에서 공식으로 사용되는 언어는 무엇입니까?,영어,official_language,138,373
파푸아뉴기니에서 주 언어는 무엇입니까?,영어,official_language,138,373
파푸아뉴기니에서 공식적인 지위를 가진 언어는 무엇입니까?,영어,official_language,138,373
파푸아뉴기니에서 공식으로 인정된 언어는 무엇입니까?,영어,official_language,138,373
티치노주의 공식 언어는 무엇입니까?,이탈리아어,official_language,139,374
티치노주에서 공식으로 사용되는 언어는 무엇입니까?,이탈리아어,official_language,139,374
티치노주에서 주 언어는 무엇입니까?,이탈리아어,official_language,139,374
티치노주에서 공식적인 지위를 가진 언어는 무엇입니까?,이탈리아어,official_language,139,374
티치노주에서 공식으로 인정된 언어는 무엇입니까?,이탈리아어,official_language,139,374
몰타의 공식 언어는 무엇입니까?,몰타어,official_language,140,375
몰타에서 공식으로 사용되는 언어는 무엇입니까?,몰타어,official_language,140,375
몰타에서 주 언어는 무엇입니까?,몰타어,official_language,140,375
몰타에서 공식적인 지위를 가진 언어는 무엇입니까?,몰타어,official_language,140,375
몰타에서 공식으로 인정된 언어는 무엇입니까?,몰타어,official_language,140,375
르완다의 공식 언어는 무엇입니까?,프랑스어,official_language,141,376
르완다에서 공식으로 사용되는 언어는 무엇입니까?,프랑스어,official_language,141,376
르완다에서 주 언어는 무엇입니까?,프랑스어,official_language,141,376
르완다에서 공식적인 지위를 가진 언어는 무엇입니까?,프랑스어,official_language,141,376
르완다에서 공식으로 인정된 언어는 무엇입니까?,프랑스어,official_language,141,376
네팔의 공식 언어는 무엇입니까?,네팔어,official_language,142,377
네팔에서 공식으로 사용되는 언어는 무엇입니까?,네팔어,official_language,142,377
네팔에서 주 언어는 무엇입니까?,네팔어,official_language,142,377
네팔에서 공식적인 지위를 가진 언어는 무엇입니까?,네팔어,official_language,142,377
네팔에서 공식으로 인정된 언어는 무엇입니까?,네팔어,official_language,142,377
베네치아 공화국의 공식 언어는 무엇입니까?,이탈리아어,official_language,143,378
베네치아 공화국에서 공식으로 사용되는 언어는 무엇입니까?,이탈리아어,official_language,143,378
베네치아 공화국에서 주 언어는 무엇입니까?,이탈리아어,official_language,143,378
베네치아 공화국에서 공식적인 지위를 가진 언어는 무엇입니까?,이탈리아어,official_language,143,378
베네치아 공화국에서 공식으로 인정된 언어는 무엇입니까?,이탈리아어,official_language,143,378
차드의 공식 언어는 무엇입니까?,프랑스어,official_language,144,379
차드에서 공식으로 사용되는 언어는 무엇입니까?,프랑스어,official_language,144,379
차드에서 주 언어는 무엇입니까?,프랑스어,official_language,144,379
차드에서 공식적인 지위를 가진 언어는 무엇입니까?,프랑스어,official_language,144,379
차드에서 공식으로 인정된 언어는 무엇입니까?,프랑스어,official_language,144,379
예레반의 공식 언어는 무엇입니까?,아르메니아어,official_language,145,380
예레반에서 공식으로 사용되는 언어는 무엇입니까?,아르메니아어,official_language,145,380
예레반에서 주 언어는 무엇입니까?,아르메니아어,official_language,145,380
예레반에서 공식적인 지위를 가진 언어는 무엇입니까?,아르메니아어,official_language,145,380
예레반에서 공식으로 인정된 언어는 무엇입니까?,아르메니아어,official_language,145,380
볼리비아의 공식 언어는 무엇입니까?,스페인어,official_language,146,381
볼리비아에서 공식으로 사용되는 언어는 무엇입니까?,스페인어,official_language,146,381
볼리비아에서 주 언어는 무엇입니까?,스페인어,official_language,146,381
볼리비아에서 공식적인 지위를 가진 언어는 무엇입니까?,스페인어,official_language,146,381
볼리비아에서 공식으로 인정된 언어는 무엇입니까?,스페인어,official_language,146,381
베네룩스의 공식 언어는 무엇입니까?,네덜란드어,official_language,147,382
베네룩스에서 공식으로 사용되는 언어는 무엇입니까?,네덜란드어,official_language,147,382
베네룩스에서 주 언어는 무엇입니까?,네덜란드어,official_language,147,382
베네룩스에서 공식적인 지위를 가진 언어는 무엇입니까?,네덜란드어,official_language,147,382
베네룩스에서 공식으로 인정된 언어는 무엇입니까?,네덜란드어,official_language,147,382
말레이시아의 공식 언어는 무엇입니까?,영어,official_language,148,383
말레이시아에서 공식으로 사용되는 언어는 무엇입니까?,영어,official_language,148,383
말레이시아에서 주 언어는 무엇입니까?,영어,official_language,148,383
말레이시아에서 공식적인 지위를 가진 언어는 무엇입니까?,영어,official_language,148,383
말레이시아에서 공식으로 인정된 언어는 무엇입니까?,영어,official_language,148,383
러시아 제국의 공식 언어는 무엇입니까?,핀란드어,official_language,149,384
러시아 제국에서 공식으로 사용되는 언어는 무엇입니까?,핀란드어,official_language,149,384
러시아 제국에서 주 언어는 무엇입니까?,핀란드어,official_language,149,384
러시아 제국에서 공식적인 지위를 가진 언어는 무엇입니까?,핀란드어,official_language,149,384
러시아 제국에서 공식으로 인정된 언어는 무엇입니까?,핀란드어,official_language,149,384
남수단의 공식 언어는 무엇입니까?,영어,official_language,150,385
남수단에서 공식으로 사용되는 언어는 무엇입니까?,영어,official_language,150,385
남수단에서 주 언어는 무엇입니까?,영어,official_language,150,385
남수단에서 공식적인 지위를 가진 언어는 무엇입니까?,영어,official_language,150,385
남수단에서 공식으로 인정된 언어는 무엇입니까?,영어,official_language,150,385
적도 기니의 공식 언어는 무엇입니까?,프랑스어,official_language,151,386
적도 기니에서 공식으로 사용되는 언어는 무엇입니까?,프랑스어,official_language,151,386
적도 기니에서 주 언어는 무엇입니까?,프랑스어,official_language,151,386
적도 기니에서 공식적인 지위를 가진 언어는 무엇입니까?,프랑스어,official_language,151,386
적도 기니에서 공식으로 인정된 언어는 무엇입니까?,프랑스어,official_language,151,386
유럽 연합의 공식 언어는 무엇입니까?,헝가리어,official_language,152,387
유럽 연합에서 공식으로 사용되는 언어는 무엇입니까?,헝가리어,official_language,152,387
유럽 연합에서 주 언어는 무엇입니까?,헝가리어,official_language,152,387
유럽 연합에서 공식적인 지위를 가진 언어는 무엇입니까?,헝가리어,official_language,152,387
유럽 연합에서 공식으로 인정된 언어는 무엇입니까?,헝가리어,official_language,152,387
키르기스스탄의 공식 언어는 무엇입니까?,러시아어,official_language,153,388
키르기스스탄에서 공식으로 사용되는 언어는 무엇입니까?,러시아어,official_language,153,388
키르기스스탄에서 주 언어는 무엇입니까?,러시아어,official_language,153,388
키르기스스탄에서 공식적인 지위를 가진 언어는 무엇입니까?,러시아어,official_language,153,388
키르기스스탄에서 공식으로 인정된 언어는 무엇입니까?,러시아어,official_language,153,388
바젤슈타트주의 공식 언어는 무엇입니까?,독일어,official_language,154,389
바젤슈타트주에서 공식으로 사용되는 언어는 무엇입니까?,독일어,official_language,154,389
바젤슈타트주에서 주 언어는 무엇입니까?,독일어,official_language,154,389
바젤슈타트주에서 공식적인 지위를 가진 언어는 무엇입니까?,독일어,official_language,154,389
바젤슈타트주에서 공식으로 인정된 언어는 무엇입니까?,독일어,official_language,154,389
일본의 공식 언어는 무엇입니까?,일본어,official_language,155,390
일본에서 공식으로 사용되는 언어는 무엇입니까?,일본어,official_language,155,390
일본에서 주 언어는 무엇입니까?,일본어,official_language,155,390
일본에서 공식적인 지위를 가진 언어는 무엇입니까?,일본어,official_language,155,390
일본에서 공식으로 인정된 언어는 무엇입니까?,일본어,official_language,155,390
벨로루시 소비에트 사회주의 공화국의 공식 언어는 무엇입니까?,러시아어,official_language,156,391
벨로루시 소비에트 사회주의 공화국에서 공식으로 사용되는 언어는 무엇입니까?,러시아어,official_language,156,391
벨로루시 소비에트 사회주의 공화국에서 주 언어는 무엇입니까?,러시아어,official_language,156,391
벨로루시 소비에트 사회주의 공화국에서 공식적인 지위를 가진 언어는 무엇입니까?,러시아어,official_language,156,391
벨로루시 소비에트 사회주의 공화국에서 공식으로 인정된 언어는 무엇입니까?,러시아어,official_language,156,391
이란의 공식 언어는 무엇입니까?,페르시아어,official_language,157,392
이란에서 공식으로 사용되는 언어는 무엇입니까?,페르시아어,official_language,157,392
이란에서 주 언어는 무엇입니까?,페르시아어,official_language,157,392
이란에서 공식적인 지위를 가진 언어는 무엇입니까?,페르시아어,official_language,157,392
이란에서 공식으로 인정된 언어는 무엇입니까?,페르시아어,official_language,157,392
탐페레의 공식 언어는 무엇입니까?,핀란드어,official_language,158,393
탐페레에서 공식으로 사용되는 언어는 무엇입니까?,핀란드어,official_language,158,393
탐페레에서 주 언어는 무엇입니까?,핀란드어,official_language,158,393
탐페레에서 공식적인 지위를 가진 언어는 무엇입니까?,핀란드어,official_language,158,393
탐페레에서 공식으로 인정된 언어는 무엇입니까?,핀란드어,official_language,158,393
오울루의 공식 언어는 무엇입니까?,핀란드어,official_language,159,394
오울루에서 공식으로 사용되는 언어는 무엇입니까?,핀란드어,official_language,159,394
오울루에서 주 언어는 무엇입니까?,핀란드어,official_language,159,394
오울루에서 공식적인 지위를 가진 언어는 무엇입니까?,핀란드어,official_language,159,394
오울루에서 공식으로 인정된 언어는 무엇입니까?,핀란드어,official_language,159,394
나치 독일의 공식 언어는 무엇입니까?,독일어,official_language,160,395
나치 독일에서 공식으로 사용되는 언어는 무엇입니까?,독일어,official_language,160,395
나치 독일에서 주 언어는 무엇입니까?,독일어,official_language,160,395
나치 독일에서 공식적인 지위를 가진 언어는 무엇입니까?,독일어,official_language,160,395
나치 독일에서 공식으로 인정된 언어는 무엇입니까?,독일어,official_language,160,395
에스포의 공식 언어는 무엇입니까?,스웨덴어,official_language,161,396
에스포에서 공식으로 사용되는 언어는 무엇입니까?,스웨덴어,official_language,161,396
에스포에서 주 언어는 무엇입니까?,스웨덴어,official_language,161,396
에스포에서 공식적인 지위를 가진 언어는 무엇입니까?,스웨덴어,official_language,161,396
에스포에서 공식으로 인정된 언어는 무엇입니까?,스웨덴어,official_language,161,396
아라곤 지방의 공식 언어는 무엇입니까?,스페인어,official_language,162,397
아라곤 지방에서 공식으로 사용되는 언어는 무엇입니까?,스페인어,official_language,162,397
아라곤 지방에서 주 언어는 무엇입니까?,스페인어,official_language,162,397
아라곤 지방에서 공식적인 지위를 가진 언어는 무엇입니까?,스페인어,official_language,162,397
아라곤 지방에서 공식으로 인정된 언어는 무엇입니까?,스페인어,official_language,162,397
파나마의 공식 언어는 무엇입니까?,스페인어,official_language,163,398
파나마에서 공식으로 사용되는 언어는 무엇입니까?,스페인어,official_language,163,398
파나마에서 주 언어는 무엇입니까?,스페인어,official_language,163,398
파나마에서 공식적인 지위를 가진 언어는 무엇입니까?,스페인어,official_language,163,398
파나마에서 공식으로 인정된 언어는 무엇입니까?,스페인어,official_language,163,398
퀘벡주의 공식 언어는 무엇입니까?,프랑스어,official_language,164,399
퀘벡주에서 공식으로 사용되는 언어는 무엇입니까?,프랑스어,official_language,164,399
퀘벡주에서 주 언어는 무엇입니까?,프랑스어,official_language,164,399
퀘벡주에서 공식적인 지위를 가진 언어는 무엇입니까?,프랑스어,official_language,164,399
퀘벡주에서 공식으로 인정된 언어는 무엇입니까?,프랑스어,official_language,164,399
로마 제국의 공식 언어는 무엇입니까?,라틴어,official_language,165,400
로마 제국에서 공식으로 사용되는 언어는 무엇입니까?,라틴어,official_language,165,400
로마 제국에서 주 언어는 무엇입니까?,라틴어,official_language,165,400
로마 제국에서 공식적인 지위를 가진 언어는 무엇입니까?,라틴어,official_language,165,400
로마 제국에서 공식으로 인정된 언어는 무엇입니까?,라틴어,official_language,165,400
적도 기니의 공식 언어는 무엇입니까?,스페인어,official_language,166,401
적도 기니에서 공식으로 사용되는 언어는 무엇입니까?,스페인어,official_language,166,401
적도 기니에서 주 언어는 무엇입니까?,스페인어,official_language,166,401
적도 기니에서 공식적인 지위를 가진 언어는 무엇입니까?,스페인어,official_language,166,401
적도 기니에서 공식으로 인정된 언어는 무엇입니까?,스페인어,official_language,166,401
뉴펀들랜드래브라도주의 공식 언어는 무엇입니까?,영어,official_language,167,402
뉴펀들랜드래브라도주에서 공식으로 사용되는 언어는 무엇입니까?,영어,official_language,167,402
뉴펀들랜드래브라도주에서 주 언어는 무엇입니까?,영어,official_language,167,402
뉴펀들랜드래브라도주에서 공식적인 지위를 가진 언어는 무엇입니까?,영어,official_language,167,402
뉴펀들랜드래브라도주에서 공식으로 인정된 언어는 무엇입니까?,영어,official_language,167,402
야말로네네츠 자치구의 공식 언어는 무엇입니까?,러시아어,official_language,168,403
야말로네네츠 자치구에서 공식으로 사용되는 언어는 무엇입니까?,러시아어,official_language,168,403
야말로네네츠 자치구에서 주 언어는 무엇입니까?,러시아어,official_language,168,403
야말로네네츠 자치구에서 공식적인 지위를 가진 언어는 무엇입니까?,러시아어,official_language,168,403
야말로네네츠 자치구에서 공식으로 인정된 언어는 무엇입니까?,러시아어,official_language,168,403
유럽 연합의 공식 언어는 무엇입니까?,에스토니아어,official_language,169,404
유럽 연합에서 공식으로 사용되는 언어는 무엇입니까?,에스토니아어,official_language,169,404
유럽 연합에서 주 언어는 무엇입니까?,에스토니아어,official_language,169,404
유럽 연합에서 공식적인 지위를 가진 언어는 무엇입니까?,에스토니아어,official_language,169,404
유럽 연합에서 공식으로 인정된 언어는 무엇입니까?,에스토니아어,official_language,169,404
볼차노도의 공식 언어는 무엇입니까?,독일어,official_language,170,405
볼차노도에서 공식으로 사용되는 언어는 무엇입니까?,독일어,official_language,170,405
볼차노도에서 주 언어는 무엇입니까?,독일어,official_language,170,405
볼차노도에서 공식적인 지위를 가진 언어는 무엇입니까?,독일어,official_language,170,405
볼차노도에서 공식으로 인정된 언어는 무엇입니까?,독일어,official_language,170,405
베네치아 공화국의 공식 언어는 무엇입니까?,라틴어,official_language,171,406
베네치아 공화국에서 공식으로 사용되는 언어는 무엇입니까?,라틴어,official_language,171,406
베네치아 공화국에서 주 언어는 무엇입니까?,라틴어,official_language,171,406
베네치아 공화국에서 공식적인 지위를 가진 언어는 무엇입니까?,라틴어,official_language,171,406
베네치아 공화국에서 공식으로 인정된 언어는 무엇입니까?,라틴어,official_language,171,406
베네룩스의 공식 언어는 무엇입니까?,프랑스어,official_language,172,407
베네룩스에서 공식으로 사용되는 언어는 무엇입니까?,프랑스어,official_language,172,407
베네룩스에서 주 언어는 무엇입니까?,프랑스어,official_language,172,407
베네룩스에서 공식적인 지위를 가진 언어는 무엇입니까?,프랑스어,official_language,172,407
베네룩스에서 공식으로 인정된 언어는 무엇입니까?,프랑스어,official_language,172,407
미노르카 섬의 공식 언어는 무엇입니까?,카탈루냐어,official_language,173,408
미노르카 섬에서 공식으로 사용되는 언어는 무엇입니까?,카탈루냐어,official_language,173,408
미노르카 섬에서 주 언어는 무엇입니까?,카탈루냐어,official_language,173,408
미노르카 섬에서 공식적인 지위를 가진 언어는 무엇입니까?,카탈루냐어,official_language,173,408
미노르카 섬에서 공식으로 인정된 언어는 무엇입니까?,카탈루냐어,official_language,173,408
유엔의 공식 언어는 무엇입니까?,스페인어,official_language,174,409
유엔에서 공식으로 사용되는 언어는 무엇입니까?,스페인어,official_language,174,409
유엔에서 주 언어는 무엇입니까?,스페인어,official_language,174,409
유엔에서 공식적인 지위를 가진 언어는 무엇입니까?,스페인어,official_language,174,409
유엔에서 공식으로 인정된 언어는 무엇입니까?,스페인어,official_language,174,409
사바섬의 공식 언어는 무엇입니까?,네덜란드어,official_language,175,410
사바섬에서 공식으로 사용되는 언어는 무엇입니까?,네덜란드어,official_language,175,410
사바섬에서 주 언어는 무엇입니까?,네덜란드어,official_language,175,410
사바섬에서 공식적인 지위를 가진 언어는 무엇입니까?,네덜란드어,official_language,175,410
사바섬에서 공식으로 인정된 언어는 무엇입니까?,네덜란드어,official_language,175,410
루한스크주의 공식 언어는 무엇입니까?,우크라이나어,official_language,176,411
루한스크주에서 공식으로 사용되는 언어는 무엇입니까?,우크라이나어,official_language,176,411
루한스크주에서 주 언어는 무엇입니까?,우크라이나어,official_language,176,411
루한스크주에서 공식적인 지위를 가진 언어는 무엇입니까?,우크라이나어,official_language,176,411
루한스크주에서 공식으로 인정된 언어는 무엇입니까?,우크라이나어,official_language,176,411
바사의 공식 언어는 무엇입니까?,스웨덴어,official_language,177,412
바사에서 공식으로 사용되는 언어는 무엇입니까?,스웨덴어,official_language,177,412
바사에서 주 언어는 무엇입니까?,스웨덴어,official_language,177,412
바사에서 공식적인 지위를 가진 언어는 무엇입니까?,스웨덴어,official_language,177,412
바사에서 공식으로 인정된 언어는 무엇입니까?,스웨덴어,official_language,177,412
사하 공화국의 공식 언어는 무엇입니까?,러시아어,official_language,178,413
사하 공화국에서 공식으로 사용되는 언어는 무엇입니까?,러시아어,official_language,178,413
사하 공화국에서 주 언어는 무엇입니까?,러시아어,official_language,178,413
사하 공화국에서 공식적인 지위를 가진 언어는 무엇입니까?,러시아어,official_language,178,413
사하 공화국에서 공식으로 인정된 언어는 무엇입니까?,러시아어,official_language,178,413
델리의 공식 언어는 무엇입니까?,힌디어,official_language,179,414
델리에서 공식으로 사용되는 언어는 무엇입니까?,힌디어,official_language,179,414
델리에서 주 언어는 무엇입니까?,힌디어,official_language,179,414
델리에서 공식적인 지위를 가진 언어는 무엇입니까?,힌디어,official_language,179,414
델리에서 공식으로 인정된 언어는 무엇입니까?,힌디어,official_language,179,414
유럽 연합의 공식 언어는 무엇입니까?,폴란드어,official_language,180,415
유럽 연합에서 공식으로 사용되는 언어는 무엇입니까?,폴란드어,official_language,180,415
유럽 연합에서 주 언어는 무엇입니까?,폴란드어,official_language,180,415
유럽 연합에서 공식적인 지위를 가진 언어는 무엇입니까?,폴란드어,official_language,180,415
유럽 연합에서 공식으로 인정된 언어는 무엇입니까?,폴란드어,official_language,180,415
미국령 버진아일랜드의 공식 언어는 무엇입니까?,영어,official_language,181,416
미국령 버진아일랜드에서 공식으로 사용되는 언어는 무엇입니까?,영어,official_language,181,416
미국령 버진아일랜드에서 주 언어는 무엇입니까?,영어,official_language,181,416
미국령 버진아일랜드에서 공식적인 지위를 가진 언어는 무엇입니까?,영어,official_language,181,416
미국령 버진아일랜드에서 공식으로 인정된 언어는 무엇입니까?,영어,official_language,181,416
도미니카 공화국의 공식 언어는 무엇입니까?,스페인어,official_language,182,417
도미니카 공화국에서 공식으로 사용되는 언어는 무엇입니까?,스페인어,official_language,182,417
도미니카 공화국에서 주 언어는 무엇입니까?,스페인어,official_language,182,417
도미니카 공화국에서 공식적인 지위를 가진 언어는 무엇입니까?,스페인어,official_language,182,417
도미니카 공화국에서 공식으로 인정된 언어는 무엇입니까?,스페인어,official_language,182,417
웨일스의 공식 언어는 무엇입니까?,웨일스어,official_language,183,418
웨일스에서 공식으로 사용되는 언어는 무엇입니까?,웨일스어,official_language,183,418
웨일스에서 주 언어는 무엇입니까?,웨일스어,official_language,183,418
웨일스에서 공식적인 지위를 가진 언어는 무엇입니까?,웨일스어,official_language,183,418
웨일스에서 공식으로 인정된 언어는 무엇입니까?,웨일스어,official_language,183,418
러크나우의 공식 언어는 무엇입니까?,우르두어,official_language,184,419
러크나우에서 공식으로 사용되는 언어는 무엇입니까?,우르두어,official_language,184,419
러크나우에서 주 언어는 무엇입니까?,우르두어,official_language,184,419
러크나우에서 공식적인 지위를 가진 언어는 무엇입니까?,우르두어,official_language,184,419
러크나우에서 공식으로 인정된 언어는 무엇입니까?,우르두어,official_language,184,419
도네츠크의 공식 언어는 무엇입니까?,우크라이나어,official_language,185,420
도네츠크에서 공식으로 사용되는 언어는 무엇입니까?,우크라이나어,official_language,185,420
도네츠크에서 주 언어는 무엇입니까?,우크라이나어,official_language,185,420
도네츠크에서 공식적인 지위를 가진 언어는 무엇입니까?,우크라이나어,official_language,185,420
도네츠크에서 공식으로 인정된 언어는 무엇입니까?,우크라이나어,official_language,185,420
플랑드르의 공식 언어는 무엇입니까?,네덜란드어,official_language,186,421
플랑드르에서 공식으로 사용되는 언어는 무엇입니까?,네덜란드어,official_language,186,421
플랑드르에서 주 언어는 무엇입니까?,네덜란드어,official_language,186,421
플랑드르에서 공식적인 지위를 가진 언어는 무엇입니까?,네덜란드어,official_language,186,421
플랑드르에서 공식으로 인정된 언어는 무엇입니까?,네덜란드어,official_language,186,421
유대인 자치주의 공식 언어는 무엇입니까?,러시아어,official_language,187,422
유대인 자치주에서 공식으로 사용되는 언어는 무엇입니까?,러시아어,official_language,187,422
유대인 자치주에서 주 언어는 무엇입니까?,러시아어,official_language,187,422
유대인 자치주에서 공식적인 지위를 가진 언어는 무엇입니까?,러시아어,official_language,187,422
유대인 자치주에서 공식으로 인정된 언어는 무엇입니까?,러시아어,official_language,187,422
브리티시컬럼비아주의 공식 언어는 무엇입니까?,영어,official_language,188,423
브리티시컬럼비아주에서 공식으로 사용되는 언어는 무엇입니까?,영어,official_language,188,423
브리티시컬럼비아주에서 주 언어는 무엇입니까?,영어,official_language,188,423
브리티시컬럼비아주에서 공식적인 지위를 가진 언어는 무엇입니까?,영어,official_language,188,423
브리티시컬럼비아주에서 공식으로 인정된 언어는 무엇입니까?,영어,official_language,188,423
벨기에의 공식 언어는 무엇입니까?,네덜란드어,official_language,189,424
벨기에에서 공식으로 사용되는 언어는 무엇입니까?,네덜란드어,official_language,189,424
벨기에에서 주 언어는 무엇입니까?,네덜란드어,official_language,189,424
벨기에에서 공식적인 지위를 가진 언어는 무엇입니까?,네덜란드어,official_language,189,424
벨기에에서 공식으로 인정된 언어는 무엇입니까?,네덜란드어,official_language,189,424
폴란드 입헌왕국의 공식 언어는 무엇입니까?,폴란드어,official_language,190,425
폴란드 입헌왕국에서 공식으로 사용되는 언어는 무엇입니까?,폴란드어,official_language,190,425
폴란드 입헌왕국에서 주 언어는 무엇입니까?,폴란드어,official_language,190,425
폴란드 입헌왕국에서 공식적인 지위를 가진 언어는 무엇입니까?,폴란드어,official_language,190,425
폴란드 입헌왕국에서 공식으로 인정된 언어는 무엇입니까?,폴란드어,official_language,190,425
케트살테낭고의 공식 언어는 무엇입니까?,스페인어,official_language,191,426
케트살테낭고에서 공식으로 사용되는 언어는 무엇입니까?,스페인어,official_language,191,426
케트살테낭고에서 주 언어는 무엇입니까?,스페인어,official_language,191,426
케트살테낭고에서 공식적인 지위를 가진 언어는 무엇입니까?,스페인어,official_language,191,426
케트살테낭고에서 공식으로 인정된 언어는 무엇입니까?,스페인어,official_language,191,426
비잔티움 제국의 공식 언어는 무엇입니까?,라틴어,official_language,192,427
비잔티움 제국에서 공식으로 사용되는 언어는 무엇입니까?,라틴어,official_language,192,427
비잔티움 제국에서 주 언어는 무엇입니까?,라틴어,official_language,192,427
비잔티움 제국에서 공식적인 지위를 가진 언어는 무엇입니까?,라틴어,official_language,192,427
비잔티움 제국에서 공식으로 인정된 언어는 무엇입니까?,라틴어,official_language,192,427
아일랜드의 공식 언어는 무엇입니까?,영어,official_language,193,428
아일랜드에서 공식으로 사용되는 언어는 무엇입니까?,영어,official_language,193,428
아일랜드에서 주 언어는 무엇입니까?,영어,official_language,193,428
아일랜드에서 공식적인 지위를 가진 언어는 무엇입니까?,영어,official_language,193,428
아일랜드에서 공식으로 인정된 언어는 무엇입니까?,영어,official_language,193,428
네덜란드의 공식 언어는 무엇입니까?,네덜란드어,official_language,194,429
네덜란드에서 공식으로 사용되는 언어는 무엇입니까?,네덜란드어,official_language,194,429
네덜란드에서 주 언어는 무엇입니까?,네덜란드어,official_language,194,429
네덜란드에서 공식적인 지위를 가진 언어는 무엇입니까?,네덜란드어,official_language,194,429
네덜란드에서 공식으로 인정된 언어는 무엇입니까?,네덜란드어,official_language,194,429
캔자스주의 공식 언어는 무엇입니까?,영어,official_language,195,430
캔자스주에서 공식으로 사용되는 언어는 무엇입니까?,영어,official_language,195,430
캔자스주에서 주 언어는 무엇입니까?,영어,official_language,195,430
캔자스주에서 공식적인 지위를 가진 언어는 무엇입니까?,영어,official_language,195,430
캔자스주에서 공식으로 인정된 언어는 무엇입니까?,영어,official_language,195,430
반타의 공식 언어는 무엇입니까?,핀란드어,official_language,196,431
반타에서 공식으로 사용되는 언어는 무엇입니까?,핀란드어,official_language,196,431
반타에서 주 언어는 무엇입니까?,핀란드어,official_language,196,431
반타에서 공식적인 지위를 가진 언어는 무엇입니까?,핀란드어,official_language,196,431
반타에서 공식으로 인정된 언어는 무엇입니까?,핀란드어,official_language,196,431
남아프리카 공화국의 공식 언어는 무엇입니까?,영어,official_language,197,432
남아프리카 공화국에서 공식으로 사용되는 언어는 무엇입니까?,영어,official_language,197,432
남아프리카 공화국에서 주 언어는 무엇입니까?,영어,official_language,197,432
남아프리카 공화국에서 공식적인 지위를 가진 언어는 무엇입니까?,영어,official_language,197,432
남아프리카 공화국에서 공식으로 인정된 언어는 무엇입니까?,영어,official_language,197,432
로카르노의 공식 언어는 무엇입니까?,이탈리아어,official_language,198,433
로카르노에서 공식으로 사용되는 언어는 무엇입니까?,이탈리아어,official_language,198,433
로카르노에서 주 언어는 무엇입니까?,이탈리아어,official_language,198,433
로카르노에서 공식적인 지위를 가진 언어는 무엇입니까?,이탈리아어,official_language,198,433
로카르노에서 공식으로 인정된 언어는 무엇입니까?,이탈리아어,official_language,198,433
바누아투의 공식 언어는 무엇입니까?,영어,official_language,199,434
바누아투에서 공식으로 사용되는 언어는 무엇입니까?,영어,official_language,199,434
바누아투에서 주 언어는 무엇입니까?,영어,official_language,199,434
바누아투에서 공식적인 지위를 가진 언어는 무엇입니까?,영어,official_language,199,434
바누아투에서 공식으로 인정된 언어는 무엇입니까?,영어,official_language,199,434
몬테네그로의 공식 언어는 무엇입니까?,크로아티아어,official_language,200,435
몬테네그로에서 공식으로 사용되는 언어는 무엇입니까?,크로아티아어,official_language,200,435
몬테네그로에서 주 언어는 무엇입니까?,크로아티아어,official_language,200,435
몬테네그로에서 공식적인 지위를 가진 언어는 무엇입니까?,크로아티아어,official_language,200,435
몬테네그로에서 공식으로 인정된 언어는 무엇입니까?,크로아티아어,official_language,200,435
수리남의 공식 언어는 무엇입니까?,네덜란드어,official_language,201,436
수리남에서 공식으로 사용되는 언어는 무엇입니까?,네덜란드어,official_language,201,436
수리남에서 주 언어는 무엇입니까?,네덜란드어,official_language,201,436
수리남에서 공식적인 지위를 가진 언어는 무엇입니까?,네덜란드어,official_language,201,436
수리남에서 공식으로 인정된 언어는 무엇입니까?,네덜란드어,official_language,201,436
자르칸드주의 공식 언어는 무엇입니까?,힌디어,official_language,202,437
자르칸드주에서 공식으로 사용되는 언어는 무엇입니까?,힌디어,official_language,202,437
자르칸드주에서 주 언어는 무엇입니까?,힌디어,official_language,202,437
자르칸드주에서 공식적인 지위를 가진 언어는 무엇입니까?,힌디어,official_language,202,437
자르칸드주에서 공식으로 인정된 언어는 무엇입니까?,힌디어,official_language,202,437
루가노의 공식 언어는 무엇입니까?,이탈리아어,official_language,203,438
루가노에서 공식으로 사용되는 언어는 무엇입니까?,이탈리아어,official_language,203,438
루가노에서 주 언어는 무엇입니까?,이탈리아어,official_language,203,438
루가노에서 공식적인 지위를 가진 언어는 무엇입니까?,이탈리아어,official_language,203,438
루가노에서 공식으로 인정된 언어는 무엇입니까?,이탈리아어,official_language,203,438
우드무르트 공화국의 공식 언어는 무엇입니까?,러시아어,official_language,204,439
우드무르트 공화국에서 공식으로 사용되는 언어는 무엇입니까?,러시아어,official_language,204,439
우드무르트 공화국에서 주 언어는 무엇입니까?,러시아어,official_language,204,439
우드무르트 공화국에서 공식적인 지위를 가진 언어는 무엇입니까?,러시아어,official_language,204,439
우드무르트 공화국에서 공식으로 인정된 언어는 무엇입니까?,러시아어,official_language,204,439
콜로라도주의 공식 언어는 무엇입니까?,영어,official_language,205,440
콜로라도주에서 공식으로 사용되는 언어는 무엇입니까?,영어,official_language,205,440
콜로라도주에서 주 언어는 무엇입니까?,영어,official_language,205,440
콜로라도주에서 공식적인 지위를 가진 언어는 무엇입니까?,영어,official_language,205,440
콜로라도주에서 공식으로 인정된 언어는 무엇입니까?,영어,official_language,205,440
바사의 공식 언어는 무엇입니까?,핀란드어,official_language,206,441
바사에서 공식으로 사용되는 언어는 무엇입니까?,핀란드어,official_language,206,441
바사에서 주 언어는 무엇입니까?,핀란드어,official_language,206,441
바사에서 공식적인 지위를 가진 언어는 무엇입니까?,핀란드어,official_language,206,441
바사에서 공식으로 인정된 언어는 무엇입니까?,핀란드어,official_language,206,441
카바르디노발카르 공화국의 공식 언어는 무엇입니까?,러시아어,official_language,207,442
카바르디노발카르 공화국에서 공식으로 사용되는 언어는 무엇입니까?,러시아어,official_language,207,442
카바르디노발카르 공화국에서 주 언어는 무엇입니까?,러시아어,official_language,207,442
카바르디노발카르 공화국에서 공식적인 지위를 가진 언어는 무엇입니까?,러시아어,official_language,207,442
카바르디노발카르 공화국에서 공식으로 인정된 언어는 무엇입니까?,러시아어,official_language,207,442
통가의 공식 언어는 무엇입니까?,영어,official_language,208,443
통가에서 공식으로 사용되는 언어는 무엇입니까?,영어,official_language,208,443
통가에서 주 언어는 무엇입니까?,영어,official_language,208,443
통가에서 공식적인 지위를 가진 언어는 무엇입니까?,영어,official_language,208,443
통가에서 공식으로 인정된 언어는 무엇입니까?,영어,official_language,208,443
잉글랜드의 공식 언어는 무엇입니까?,영어,official_language,209,444
잉글랜드에서 공식으로 사용되는 언어는 무엇입니까?,영어,official_language,209,444
잉글랜드에서 주 언어는 무엇입니까?,영어,official_language,209,444
잉글랜드에서 공식적인 지위를 가진 언어는 무엇입니까?,영어,official_language,209,444
잉글랜드에서 공식으로 인정된 언어는 무엇입니까?,영어,official_language,209,444
적도 기니의 공식 언어는 무엇입니까?,포르투갈어,official_language,210,445
적도 기니에서 공식으로 사용되는 언어는 무엇입니까?,포르투갈어,official_language,210,445
적도 기니에서 주 언어는 무엇입니까?,포르투갈어,official_language,210,445
적도 기니에서 공식적인 지위를 가진 언어는 무엇입니까?,포르투갈어,official_language,210,445
적도 기니에서 공식으로 인정된 언어는 무엇입니까?,포르투갈어,official_language,210,445
트란스니스트리아의 공식 언어는 무엇입니까?,러시아어,official_language,211,446
트란스니스트리아에서 공식으로 사용되는 언어는 무엇입니까?,러시아어,official_language,211,446
트란스니스트리아에서 주 언어는 무엇입니까?,러시아어,official_language,211,446
트란스니스트리아에서 공식적인 지위를 가진 언어는 무엇입니까?,러시아어,official_language,211,446
트란스니스트리아에서 공식으로 인정된 언어는 무엇입니까?,러시아어,official_language,211,446
벨로루시 소비에트 사회주의 공화국의 공식 언어는 무엇입니까?,벨라루스어,official_language,212,447
벨로루시 소비에트 사회주의 공화국에서 공식으로 사용되는 언어는 무엇입니까?,벨라루스어,official_language,212,447
벨로루시 소비에트 사회주의 공화국에서 주 언어는 무엇입니까?,벨라루스어,official_language,212,447
벨로루시 소비에트 사회주의 공화국에서 공식적인 지위를 가진 언어는 무엇입니까?,벨라루스어,official_language,212,447
벨로루시 소비에트 사회주의 공화국에서 공식으로 인정된 언어는 무엇입니까?,벨라루스어,official_language,212,447
큐스텐딜주의 공식 언어는 무엇입니까?,불가리아어,official_language,213,448
큐스텐딜주에서 공식으로 사용되는 언어는 무엇입니까?,불가리아어,official_language,213,448
큐스텐딜주에서 주 언어는 무엇입니까?,불가리아어,official_language,213,448
큐스텐딜주에서 공식적인 지위를 가진 언어는 무엇입니까?,불가리아어,official_language,213,448
큐스텐딜주에서 공식으로 인정된 언어는 무엇입니까?,불가리아어,official_language,213,448
아일랜드의 공식 언어는 무엇입니까?,아일랜드어,official_language,214,449
아일랜드에서 공식으로 사용되는 언어는 무엇입니까?,아일랜드어,official_language,214,449
아일랜드에서 주 언어는 무엇입니까?,아일랜드어,official_language,214,449
아일랜드에서 공식적인 지위를 가진 언어는 무엇입니까?,아일랜드어,official_language,214,449
아일랜드에서 공식으로 인정된 언어는 무엇입니까?,아일랜드어,official_language,214,449
기니비사우의 공식 언어는 무엇입니까?,포르투갈어,official_language,215,450
기니비사우에서 공식으로 사용되는 언어는 무엇입니까?,포르투갈어,official_language,215,450
기니비사우에서 주 언어는 무엇입니까?,포르투갈어,official_language,215,450
기니비사우에서 공식적인 지위를 가진 언어는 무엇입니까?,포르투갈어,official_language,215,450
기니비사우에서 공식으로 인정된 언어는 무엇입니까?,포르투갈어,official_language,215,450
보스니아 헤르체고비나의 공식 언어는 무엇입니까?,크로아티아어,official_language,216,451
보스니아 헤르체고비나에서 공식으로 사용되는 언어는 무엇입니까?,크로아티아어,official_language,216,451
보스니아 헤르체고비나에서 주 언어는 무엇입니까?,크로아티아어,official_language,216,451
보스니아 헤르체고비나에서 공식적인 지위를 가진 언어는 무엇입니까?,크로아티아어,official_language,216,451
보스니아 헤르체고비나에서 공식으로 인정된 언어는 무엇입니까?,크로아티아어,official_language,216,451
인디애나주의 공식 언어는 무엇입니까?,영어,official_language,217,452
인디애나주에서 공식으로 사용되는 언어는 무엇입니까?,영어,official_language,217,452
인디애나주에서 주 언어는 무엇입니까?,영어,official_language,217,452
인디애나주에서 공식적인 지위를 가진 언어는 무엇입니까?,영어,official_language,217,452
인디애나주에서 공식으로 인정된 언어는 무엇입니까?,영어,official_language,217,452
조선민주주의인민공화국의 공식 언어는 무엇입니까?,한국어,official_language,218,453
조선민주주의인민공화국에서 공식으로 사용되는 언어는 무엇입니까?,한국어,official_language,218,453
조선민주주의인민공화국에서 주 언어는 무엇입니까?,한국어,official_language,218,453
조선민주주의인민공화국에서 공식적인 지위를 가진 언어는 무엇입니까?,한국어,official_language,218,453
조선민주주의인민공화국에서 공식으로 인정된 언어는 무엇입니까?,한국어,official_language,218,453
도네츠크 인민공화국의 공식 언어는 무엇입니까?,우크라이나어,official_language,219,454
도네츠크 인민공화국에서 공식으로 사용되는 언어는 무엇입니까?,우크라이나어,official_language,219,454
도네츠크 인민공화국에서 주 언어는 무엇입니까?,우크라이나어,official_language,219,454
도네츠크 인민공화국에서 공식적인 지위를 가진 언어는 무엇입니까?,우크라이나어,official_language,219,454
도네츠크 인민공화국에서 공식으로 인정된 언어는 무엇입니까?,우크라이나어,official_language,219,454
싱가포르의 공식 언어는 무엇입니까?,타밀어,official_language,220,455
싱가포르에서 공식으로 사용되는 언어는 무엇입니까?,타밀어,official_language,220,455
싱가포르에서 주 언어는 무엇입니까?,타밀어,official_language,220,455
싱가포르에서 공식적인 지위를 가진 언어는 무엇입니까?,타밀어,official_language,220,455
싱가포르에서 공식으로 인정된 언어는 무엇입니까?,타밀어,official_language,220,455
러시아의 공식 언어는 무엇입니까?,우크라이나어,official_language,221,456
러시아에서 공식으로 사용되는 언어는 무엇입니까?,우크라이나어,official_language,221,456
러시아에서 주 언어는 무엇입니까?,우크라이나어,official_language,221,456
러시아에서 공식적인 지위를 가진 언어는 무엇입니까?,우크라이나어,official_language,221,456
러시아에서 공식으로 인정된 언어는 무엇입니까?,우크라이나어,official_language,221,456
시칠리아 왕국의 공식 언어는 무엇입니까?,시칠리아어,official_language,222,457
시칠리아 왕국에서 공식으로 사용되는 언어는 무엇입니까?,시칠리아어,official_language,222,457
시칠리아 왕국에서 주 언어는 무엇입니까?,시칠리아어,official_language,222,457
시칠리아 왕국에서 공식적인 지위를 가진 언어는 무엇입니까?,시칠리아어,official_language,222,457
시칠리아 왕국에서 공식으로 인정된 언어는 무엇입니까?,시칠리아어,official_language,222,457
집단 안보 조약 기구의 공식 언어는 무엇입니까?,러시아어,official_language,223,458
집단 안보 조약 기구에서 공식으로 사용되는 언어는 무엇입니까?,러시아어,official_language,223,458
집단 안보 조약 기구에서 주 언어는 무엇입니까?,러시아어,official_language,223,458
집단 안보 조약 기구에서 공식적인 지위를 가진 언어는 무엇입니까?,러시아어,official_language,223,458
집단 안보 조약 기구에서 공식으로 인정된 언어는 무엇입니까?,러시아어,official_language,223,458
쿠오피오의 공식 언어는 무엇입니까?,핀란드어,official_language,224,459
쿠오피오에서 공식으로 사용되는 언어는 무엇입니까?,핀란드어,official_language,224,459
쿠오피오에서 주 언어는 무엇입니까?,핀란드어,official_language,224,459
쿠오피오에서 공식적인 지위를 가진 언어는 무엇입니까?,핀란드어,official_language,224,459
쿠오피오에서 공식으로 인정된 언어는 무엇입니까?,핀란드어,official_language,224,459
아르헨티나의 공식 언어는 무엇입니까?,스페인어,official_language,225,460
아르헨티나에서 공식으로 사용되는 언어는 무엇입니까?,스페인어,official_language,225,460
아르헨티나에서 주 언어는 무엇입니까?,스페인어,official_language,225,460
아르헨티나에서 공식적인 지위를 가진 언어는 무엇입니까?,스페인어,official_language,225,460
아르헨티나에서 공식으로 인정된 언어는 무엇입니까?,스페인어,official_language,225,460
미켈리의 공식 언어는 무엇입니까?,핀란드어,official_language,226,461
미켈리에서 공식으로 사용되는 언어는 무엇입니까?,핀란드어,official_language,226,461
미켈리에서 주 언어는 무엇입니까?,핀란드어,official_language,226,461
미켈리에서 공식적인 지위를 가진 언어는 무엇입니까?,핀란드어,official_language,226,461
미켈리에서 공식으로 인정된 언어는 무엇입니까?,핀란드어,official_language,226,461
노르망디 공국의 공식 언어는 무엇입니까?,노르만어,official_language,227,462
노르망디 공국에서 공식으로 사용되는 언어는 무엇입니까?,노르만어,official_language,227,462
노르망디 공국에서 주 언어는 무엇입니까?,노르만어,official_language,227,462
노르망디 공국에서 공식적인 지위를 가진 언어는 무엇입니까?,노르만어,official_language,227,462
노르망디 공국에서 공식으로 인정된 언어는 무엇입니까?,노르만어,official_language,227,462
네덜란드령 안틸레스의 공식 언어는 무엇입니까?,영어,official_language,228,463
네덜란드령 안틸레스에서 공식으로 사용되는 언어는 무엇입니까?,영어,official_language,228,463
네덜란드령 안틸레스에서 주 언어는 무엇입니까?,영어,official_language,228,463
네덜란드령 안틸레스에서 공식적인 지위를 가진 언어는 무엇입니까?,영어,official_language,228,463
네덜란드령 안틸레스에서 공식으로 인정된 언어는 무엇입니까?,영어,official_language,228,463
에스포의 공식 언어는 무엇입니까?,핀란드어,official_language,229,464
에스포에서 공식으로 사용되는 언어는 무엇입니까?,핀란드어,official_language,229,464
에스포에서 주 언어는 무엇입니까?,핀란드어,official_language,229,464
에스포에서 공식적인 지위를 가진 언어는 무엇입니까?,핀란드어,official_language,229,464
에스포에서 공식으로 인정된 언어는 무엇입니까?,핀란드어,official_language,229,464
아라우의 공식 언어는 무엇입니까?,독일어,official_language,230,465
아라우에서 공식으로 사용되는 언어는 무엇입니까?,독일어,official_language,230,465
아라우에서 주 언어는 무엇입니까?,독일어,official_language,230,465
아라우에서 공식적인 지위를 가진 언어는 무엇입니까?,독일어,official_language,230,465
아라우에서 공식으로 인정된 언어는 무엇입니까?,독일어,official_language,230,465
얄타의 공식 언어는 무엇입니까?,러시아어,official_language,231,466
얄타에서 공식으로 사용되는 언어는 무엇입니까?,러시아어,official_language,231,466
얄타에서 주 언어는 무엇입니까?,러시아어,official_language,231,466
얄타에서 공식적인 지위를 가진 언어는 무엇입니까?,러시아어,official_language,231,466
얄타에서 공식으로 인정된 언어는 무엇입니까?,러시아어,official_language,231,466
노바스코샤주의 공식 언어는 무엇입니까?,영어,official_language,232,467
노바스코샤주에서 공식으로 사용되는 언어는 무엇입니까?,영어,official_language,232,467
노바스코샤주에서 주 언어는 무엇입니까?,영어,official_language,232,467
노바스코샤주에서 공식적인 지위를 가진 언어는 무엇입니까?,영어,official_language,232,467
노바스코샤주에서 공식으로 인정된 언어는 무엇입니까?,영어,official_language,232,467
경제협력개발기구의 공식 언어는 무엇입니까?,영어,official_language,233,468
경제협력개발기구에서 공식으로 사용되는 언어는 무엇입니까?,영어,official_language,233,468
경제협력개발기구에서 주 언어는 무엇입니까?,영어,official_language,233,468
경제협력개발기구에서 공식적인 지위를 가진 언어는 무엇입니까?,영어,official_language,233,468
경제협력개발기구에서 공식으로 인정된 언어는 무엇입니까?,영어,official_language,233,468
하와이주의 공식 언어는 무엇입니까?,영어,official_language,234,469
하와이주에서 공식으로 사용되는 언어는 무엇입니까?,영어,official_language,234,469
하와이주에서 주 언어는 무엇입니까?,영어,official_language,234,469
하와이주에서 공식적인 지위를 가진 언어는 무엇입니까?,영어,official_language,234,469
하와이주에서 공식으로 인정된 언어는 무엇입니까?,영어,official_language,234,469
캄피오네디탈리아의 공식 언어는 무엇입니까?,이탈리아어,official_language,235,470
캄피오네디탈리아에서 공식으로 사용되는 언어는 무엇입니까?,이탈리아어,official_language,235,470
캄피오네디탈리아에서 주 언어는 무엇입니까?,이탈리아어,official_language,235,470
캄피오네디탈리아에서 공식적인 지위를 가진 언어는 무엇입니까?,이탈리아어,official_language,235,470
캄피오네디탈리아에서 공식으로 인정된 언어는 무엇입니까?,이탈리아어,official_language,235,470
반타의 공식 언어는 무엇입니까?,스웨덴어,official_language,236,471
반타에서 공식으로 사용되는 언어는 무엇입니까?,스웨덴어,official_language,236,471
반타에서 주 언어는 무엇입니까?,스웨덴어,official_language,236,471
반타에서 공식적인 지위를 가진 언어는 무엇입니까?,스웨덴어,official_language,236,471
반타에서 공식으로 인정된 언어는 무엇입니까?,스웨덴어,official_language,236,471
루스 차르국의 공식 언어는 무엇입니까?,러시아어,official_language,237,472
루스 차르국에서 공식으로 사용되는 언어는 무엇입니까?,러시아어,official_language,237,472
루스 차르국에서 주 언어는 무엇입니까?,러시아어,official_language,237,472
루스 차르국에서 공식적인 지위를 가진 언어는 무엇입니까?,러시아어,official_language,237,472
루스 차르국에서 공식으로 인정된 언어는 무엇입니까?,러시아어,official_language,237,472
카루주의 공식 언어는 무엇입니까?,프랑스어,official_language,238,473
카루주에서 공식으로 사용되는 언어는 무엇입니까?,프랑스어,official_language,238,473
카루주에서 주 언어는 무엇입니까?,프랑스어,official_language,238,473
카루주에서 공식적인 지위를 가진 언어는 무엇입니까?,프랑스어,official_language,238,473
카루주에서 공식으로 인정된 언어는 무엇입니까?,프랑스어,official_language,238,473
세계보건기구의 공식 언어는 무엇입니까?,러시아어,official_language,239,474
세계보건기구에서 공식으로 사용되는 언어는 무엇입니까?,러시아어,official_language,239,474
세계보건기구에서 주 언어는 무엇입니까?,러시아어,official_language,239,474
세계보건기구에서 공식적인 지위를 가진 언어는 무엇입니까?,러시아어,official_language,239,474
세계보건기구에서 공식으로 인정된 언어는 무엇입니까?,러시아어,official_language,239,474
팔라우의 공식 언어는 무엇입니까?,영어,official_language,240,475
팔라우에서 공식으로 사용되는 언어는 무엇입니까?,영어,official_language,240,475
팔라우에서 주 언어는 무엇입니까?,영어,official_language,240,475
팔라우에서 공식적인 지위를 가진 언어는 무엇입니까?,영어,official_language,240,475
팔라우에서 공식으로 인정된 언어는 무엇입니까?,영어,official_language,240,475
코크주의 공식 언어는 무엇입니까?,아일랜드어,official_language,241,476
코크주에서 공식으로 사용되는 언어는 무엇입니까?,아일랜드어,official_language,241,476
코크주에서 주 언어는 무엇입니까?,아일랜드어,official_language,241,476
코크주에서 공식적인 지위를 가진 언어는 무엇입니까?,아일랜드어,official_language,241,476
코크주에서 공식으로 인정된 언어는 무엇입니까?,아일랜드어,official_language,241,476
아제르바이잔 소비에트 사회주의 공화국의 공식 언어는 무엇입니까?,아제르바이잔어,official_language,242,477
아제르바이잔 소비에트 사회주의 공화국에서 공식으로 사용되는 언어는 무엇입니까?,아제르바이잔어,official_language,242,477
아제르바이잔 소비에트 사회주의 공화국에서 주 언어는 무엇입니까?,아제르바이잔어,official_language,242,477
아제르바이잔 소비에트 사회주의 공화국에서 공식적인 지위를 가진 언어는 무엇입니까?,아제르바이잔어,official_language,242,477
아제르바이잔 소비에트 사회주의 공화국에서 공식으로 인정된 언어는 무엇입니까?,아제르바이잔어,official_language,242,477
로바니에미의 공식 언어는 무엇입니까?,핀란드어,official_language,243,478
로바니에미에서 공식으로 사용되는 언어는 무엇입니까?,핀란드어,official_language,243,478
로바니에미에서 주 언어는 무엇입니까?,핀란드어,official_language,243,478
로바니에미에서 공식적인 지위를 가진 언어는 무엇입니까?,핀란드어,official_language,243,478
로바니에미에서 공식으로 인정된 언어는 무엇입니까?,핀란드어,official_language,243,478
니우에의 공식 언어는 무엇입니까?,영어,official_language,244,479
니우에에서 공식으로 사용되는 언어는 무엇입니까?,영어,official_language,244,479
니우에에서 주 언어는 무엇입니까?,영어,official_language,244,479
니우에에서 공식적인 지위를 가진 언어는 무엇입니까?,영어,official_language,244,479
니우에에서 공식으로 인정된 언어는 무엇입니까?,영어,official_language,244,479
이집트 고왕국의 공식 언어는 무엇입니까?,이집트어,official_language,245,480
이집트 고왕국에서 공식으로 사용되는 언어는 무엇입니까?,이집트어,official_language,245,480
이집트 고왕국에서 주 언어는 무엇입니까?,이집트어,official_language,245,480
이집트 고왕국에서 공식적인 지위를 가진 언어는 무엇입니까?,이집트어,official_language,245,480
이집트 고왕국에서 공식으로 인정된 언어는 무엇입니까?,이집트어,official_language,245,480
코트디부아르의 공식 언어는 무엇입니까?,프랑스어,official_language,246,481
코트디부아르에서 공식으로 사용되는 언어는 무엇입니까?,프랑스어,official_language,246,481
코트디부아르에서 주 언어는 무엇입니까?,프랑스어,official_language,246,481
코트디부아르에서 공식적인 지위를 가진 언어는 무엇입니까?,프랑스어,official_language,246,481
코트디부아르에서 공식으로 인정된 언어는 무엇입니까?,프랑스어,official_language,246,481
온두라스의 공식 언어는 무엇입니까?,스페인어,official_language,247,482
온두라스에서 공식으로 사용되는 언어는 무엇입니까?,스페인어,official_language,247,482
온두라스에서 주 언어는 무엇입니까?,스페인어,official_language,247,482
온두라스에서 공식적인 지위를 가진 언어는 무엇입니까?,스페인어,official_language,247,482
온두라스에서 공식으로 인정된 언어는 무엇입니까?,스페인어,official_language,247,482
뉴햄프셔주의 공식 언어는 무엇입니까?,영어,official_language,248,483
뉴햄프셔주에서 공식으로 사용되는 언어는 무엇입니까?,영어,official_language,248,483
뉴햄프셔주에서 주 언어는 무엇입니까?,영어,official_language,248,483
뉴햄프셔주에서 공식적인 지위를 가진 언어는 무엇입니까?,영어,official_language,248,483
뉴햄프셔주에서 공식으로 인정된 언어는 무엇입니까?,영어,official_language,248,483
케이맨 제도의 공식 언어는 무엇입니까?,영어,official_language,249,484
케이맨 제도에서 공식으로 사용되는 언어는 무엇입니까?,영어,official_language,249,484
케이맨 제도에서 주 언어는 무엇입니까?,영어,official_language,249,484
케이맨 제도에서 공식적인 지위를 가진 언어는 무엇입니까?,영어,official_language,249,484
케이맨 제도에서 공식으로 인정된 언어는 무엇입니까?,영어,official_language,249,484
부룬디의 공식 언어는 무엇입니까?,영어,official_language,250,485
부룬디에서 공식으로 사용되는 언어는 무엇입니까?,영어,official_language,250,485
부룬디에서 주 언어는 무엇입니까?,영어,official_language,250,485
부룬디에서 공식적인 지위를 가진 언어는 무엇입니까?,영어,official_language,250,485
부룬디에서 공식으로 인정된 언어는 무엇입니까?,영어,official_language,250,485
카메룬의 공식 언어는 무엇입니까?,영어,official_language,251,486
카메룬에서 공식으로 사용되는 언어는 무엇입니까?,영어,official_language,251,486
카메룬에서 주 언어는 무엇입니까?,영어,official_language,251,486
카메룬에서 공식적인 지위를 가진 언어는 무엇입니까?,영어,official_language,251,486
카메룬에서 공식으로 인정된 언어는 무엇입니까?,영어,official_language,251,486
알래스카주의 공식 언어는 무엇입니까?,영어,official_language,252,487
알래스카주에서 공식으로 사용되는 언어는 무엇입니까?,영어,official_language,252,487
알래스카주에서 주 언어는 무엇입니까?,영어,official_language,252,487
알래스카주에서 공식적인 지위를 가진 언어는 무엇입니까?,영어,official_language,252,487
알래스카주에서 공식으로 인정된 언어는 무엇입니까?,영어,official_language,252,487
바티칸 시국의 공식 언어는 무엇입니까?,이탈리아어,official_language,253,488
바티칸 시국에서 공식으로 사용되는 언어는 무엇입니까?,이탈리아어,official_language,253,488
바티칸 시국에서 주 언어는 무엇입니까?,이탈리아어,official_language,253,488
바티칸 시국에서 공식적인 지위를 가진 언어는 무엇입니까?,이탈리아어,official_language,253,488
바티칸 시국에서 공식으로 인정된 언어는 무엇입니까?,이탈리아어,official_language,253,488
도네츠크의 공식 언어는 무엇입니까?,러시아어,official_language,254,489
도네츠크에서 공식으로 사용되는 언어는 무엇입니까?,러시아어,official_language,254,489
도네츠크에서 주 언어는 무엇입니까?,러시아어,official_language,254,489
도네츠크에서 공식적인 지위를 가진 언어는 무엇입니까?,러시아어,official_language,254,489
도네츠크에서 공식으로 인정된 언어는 무엇입니까?,러시아어,official_language,254,489
모잠비크의 공식 언어는 무엇입니까?,포르투갈어,official_language,255,490
모잠비크에서 공식으로 사용되는 언어는 무엇입니까?,포르투갈어,official_language,255,490
모잠비크에서 주 언어는 무엇입니까?,포르투갈어,official_language,255,490
모잠비크에서 공식적인 지위를 가진 언어는 무엇입니까?,포르투갈어,official_language,255,490
모잠비크에서 공식으로 인정된 언어는 무엇입니까?,포르투갈어,official_language,255,490
동티모르의 공식 언어는 무엇입니까?,포르투갈어,official_language,256,491
동티모르에서 공식으로 사용되는 언어는 무엇입니까?,포르투갈어,official_language,256,491
동티모르에서 주 언어는 무엇입니까?,포르투갈어,official_language,256,491
동티모르에서 공식적인 지위를 가진 언어는 무엇입니까?,포르투갈어,official_language,256,491
동티모르에서 공식으로 인정된 언어는 무엇입니까?,포르투갈어,official_language,256,491
아크로티리 데켈리아의 공식 언어는 무엇입니까?,영어,official_language,257,492
아크로티리 데켈리아에서 공식으로 사용되는 언어는 무엇입니까?,영어,official_language,257,492
아크로티리 데켈리아에서 주 언어는 무엇입니까?,영어,official_language,257,492
아크로티리 데켈리아에서 공식적인 지위를 가진 언어는 무엇입니까?,영어,official_language,257,492
아크로티리 데켈리아에서 공식으로 인정된 언어는 무엇입니까?,영어,official_language,257,492
영국령 남극 지역의 공식 언어는 무엇입니까?,영어,official_language,258,493
영국령 남극 지역에서 공식으로 사용되는 언어는 무엇입니까?,영어,official_language,258,493
영국령 남극 지역에서 주 언어는 무엇입니까?,영어,official_language,258,493
영국령 남극 지역에서 공식적인 지위를 가진 언어는 무엇입니까?,영어,official_language,258,493
영국령 남극 지역에서 공식으로 인정된 언어는 무엇입니까?,영어,official_language,258,493
러시아 제국의 공식 언어는 무엇입니까?,러시아어,official_language,259,494
러시아 제국에서 공식으로 사용되는 언어는 무엇입니까?,러시아어,official_language,259,494
러시아 제국에서 주 언어는 무엇입니까?,러시아어,official_language,259,494
러시아 제국에서 공식적인 지위를 가진 언어는 무엇입니까?,러시아어,official_language,259,494
러시아 제국에서 공식으로 인정된 언어는 무엇입니까?,러시아어,official_language,259,494
나이지리아의 공식 언어는 무엇입니까?,영어,official_language,260,495
나이지리아에서 공식으로 사용되는 언어는 무엇입니까?,영어,official_language,260,495
나이지리아에서 주 언어는 무엇입니까?,영어,official_language,260,495
나이지리아에서 공식적인 지위를 가진 언어는 무엇입니까?,영어,official_language,260,495
나이지리아에서 공식으로 인정된 언어는 무엇입니까?,영어,official_language,260,495
네덜란드 왕국의 공식 언어는 무엇입니까?,네덜란드어,official_language,261,496
네덜란드 왕국에서 공식으로 사용되는 언어는 무엇입니까?,네덜란드어,official_language,261,496
네덜란드 왕국에서 주 언어는 무엇입니까?,네덜란드어,official_language,261,496
네덜란드 왕국에서 공식적인 지위를 가진 언어는 무엇입니까?,네덜란드어,official_language,261,496
네덜란드 왕국에서 공식으로 인정된 언어는 무엇입니까?,네덜란드어,official_language,261,496
압하지야의 공식 언어는 무엇입니까?,러시아어,official_language,262,497
압하지야에서 공식으로 사용되는 언어는 무엇입니까?,러시아어,official_language,262,497
압하지야에서 주 언어는 무엇입니까?,러시아어,official_language,262,497
압하지야에서 공식적인 지위를 가진 언어는 무엇입니까?,러시아어,official_language,262,497
압하지야에서 공식으로 인정된 언어는 무엇입니까?,러시아어,official_language,262,497
마요르카섬의 공식 언어는 무엇입니까?,스페인어,official_language,263,498
마요르카섬에서 공식으로 사용되는 언어는 무엇입니까?,스페인어,official_language,263,498
마요르카섬에서 주 언어는 무엇입니까?,스페인어,official_language,263,498
마요르카섬에서 공식적인 지위를 가진 언어는 무엇입니까?,스페인어,official_language,263,498
마요르카섬에서 공식으로 인정된 언어는 무엇입니까?,스페인어,official_language,263,498
포르투갈의 공식 언어는 무엇입니까?,포르투갈어,official_language,264,499
포르투갈에서 공식으로 사용되는 언어는 무엇입니까?,포르투갈어,official_language,264,499
포르투갈에서 주 언어는 무엇입니까?,포르투갈어,official_language,264,499
포르투갈에서 공식적인 지위를 가진 언어는 무엇입니까?,포르투갈어,official_language,264,499
포르투갈에서 공식으로 인정된 언어는 무엇입니까?,포르투갈어,official_language,264,499
매니토바주의 공식 언어는 무엇입니까?,영어,official_language,265,500
매니토바주에서 공식으로 사용되는 언어는 무엇입니까?,영어,official_language,265,500
매니토바주에서 주 언어는 무엇입니까?,영어,official_language,265,500
매니토바주에서 공식적인 지위를 가진 언어는 무엇입니까?,영어,official_language,265,500
매니토바주에서 공식으로 인정된 언어는 무엇입니까?,영어,official_language,265,500
유럽 우주국의 공식 언어는 무엇입니까?,프랑스어,official_language,266,501
유럽 우주국에서 공식으로 사용되는 언어는 무엇입니까?,프랑스어,official_language,266,501
유럽 우주국에서 주 언어는 무엇입니까?,프랑스어,official_language,266,501
유럽 우주국에서 공식적인 지위를 가진 언어는 무엇입니까?,프랑스어,official_language,266,501
유럽 우주국에서 공식으로 인정된 언어는 무엇입니까?,프랑스어,official_language,266,501
말라보의 공식 언어는 무엇입니까?,스페인어,official_language,267,502
말라보에서 공식으로 사용되는 언어는 무엇입니까?,스페인어,official_language,267,502
말라보에서 주 언어는 무엇입니까?,스페인어,official_language,267,502
말라보에서 공식적인 지위를 가진 언어는 무엇입니까?,스페인어,official_language,267,502
말라보에서 공식으로 인정된 언어는 무엇입니까?,스페인어,official_language,267,502
유럽 연합의 공식 언어는 무엇입니까?,스페인어,official_language,268,503
유럽 연합에서 공식으로 사용되는 언어는 무엇입니까?,스페인어,official_language,268,503
유럽 연합에서 주 언어는 무엇입니까?,스페인어,official_language,268,503
유럽 연합에서 공식적인 지위를 가진 언어는 무엇입니까?,스페인어,official_language,268,503
유럽 연합에서 공식으로 인정된 언어는 무엇입니까?,스페인어,official_language,268,503
마리옐 공화국의 공식 언어는 무엇입니까?,러시아어,official_language,269,504
마리옐 공화국에서 공식으로 사용되는 언어는 무엇입니까?,러시아어,official_language,269,504
마리옐 공화국에서 주 언어는 무엇입니까?,러시아어,official_language,269,504
마리옐 공화국에서 공식적인 지위를 가진 언어는 무엇입니까?,러시아어,official_language,269,504
마리옐 공화국에서 공식으로 인정된 언어는 무엇입니까?,러시아어,official_language,269,504
헬싱키의 공식 언어는 무엇입니까?,핀란드어,official_language,270,505
헬싱키에서 공식으로 사용되는 언어는 무엇입니까?,핀란드어,official_language,270,505
헬싱키에서 주 언어는 무엇입니까?,핀란드어,official_language,270,505
헬싱키에서 공식적인 지위를 가진 언어는 무엇입니까?,핀란드어,official_language,270,505
헬싱키에서 공식으로 인정된 언어는 무엇입니까?,핀란드어,official_language,270,505
카탈루냐 지방의 공식 언어는 무엇입니까?,스페인어,official_language,271,506
카탈루냐 지방에서 공식으로 사용되는 언어는 무엇입니까?,스페인어,official_language,271,506
카탈루냐 지방에서 주 언어는 무엇입니까?,스페인어,official_language,271,506
카탈루냐 지방에서 공식적인 지위를 가진 언어는 무엇입니까?,스페인어,official_language,271,506
카탈루냐 지방에서 공식으로 인정된 언어는 무엇입니까?,스페인어,official_language,271,506
러시아 제국의 공식 언어는 무엇입니까?,폴란드어,official_language,272,507
러시아 제국에서 공식으로 사용되는 언어는 무엇입니까?,폴란드어,official_language,272,507
러시아 제국에서 주 언어는 무엇입니까?,폴란드어,official_language,272,507
러시아 제국에서 공식적인 지위를 가진 언어는 무엇입니까?,폴란드어,official_language,272,507
러시아 제국에서 공식으로 인정된 언어는 무엇입니까?,폴란드어,official_language,272,507
차티스가르주의 공식 언어는 무엇입니까?,힌디어,official_language,273,508
차티스가르주에서 공식으로 사용되는 언어는 무엇입니까?,힌디어,official_language,273,508
차티스가르주에서 주 언어는 무엇입니까?,힌디어,official_language,273,508
차티스가르주에서 공식적인 지위를 가진 언어는 무엇입니까?,힌디어,official_language,273,508
차티스가르주에서 공식으로 인정된 언어는 무엇입니까?,힌디어,official_language,273,508
크림 자치 공화국의 공식 언어는 무엇입니까?,우크라이나어,official_language,274,509
크림 자치 공화국에서 공식으로 사용되는 언어는 무엇입니까?,우크라이나어,official_language,274,509
크림 자치 공화국에서 주 언어는 무엇입니까?,우크라이나어,official_language,274,509
크림 자치 공화국에서 공식적인 지위를 가진 언어는 무엇입니까?,우크라이나어,official_language,274,509
크림 자치 공화국에서 공식으로 인정된 언어는 무엇입니까?,우크라이나어,official_language,274,509
세이셸의 공식 언어는 무엇입니까?,영어,official_language,275,510
세이셸에서 공식으로 사용되는 언어는 무엇입니까?,영어,official_language,275,510
세이셸에서 주 언어는 무엇입니까?,영어,official_language,275,510
세이셸에서 공식적인 지위를 가진 언어는 무엇입니까?,영어,official_language,275,510
세이셸에서 공식으로 인정된 언어는 무엇입니까?,영어,official_language,275,510
나바라 지방의 공식 언어는 무엇입니까?,바스크어,official_language,276,511
나바라 지방에서 공식으로 사용되는 언어는 무엇입니까?,바스크어,official_language,276,511
나바라 지방에서 주 언어는 무엇입니까?,바스크어,official_language,276,511
나바라 지방에서 공식적인 지위를 가진 언어는 무엇입니까?,바스크어,official_language,276,511
나바라 지방에서 공식으로 인정된 언어는 무엇입니까?,바스크어,official_language,276,511
스페인 제국의 공식 언어는 무엇입니까?,스페인어,official_language,277,512
스페인 제국에서 공식으로 사용되는 언어는 무엇입니까?,스페인어,official_language,277,512
스페인 제국에서 주 언어는 무엇입니까?,스페인어,official_language,277,512
스페인 제국에서 공식적인 지위를 가진 언어는 무엇입니까?,스페인어,official_language,277,512
스페인 제국에서 공식으로 인정된 언어는 무엇입니까?,스페인어,official_language,277,512
서스캐처원주의 공식 언어는 무엇입니까?,영어,official_language,278,513
서스캐처원주에서 공식으로 사용되는 언어는 무엇입니까?,영어,official_language,278,513
서스캐처원주에서 주 언어는 무엇입니까?,영어,official_language,278,513
서스캐처원주에서 공식적인 지위를 가진 언어는 무엇입니까?,영어,official_language,278,513
서스캐처원주에서 공식으로 인정된 언어는 무엇입니까?,영어,official_language,278,513
우크라이나 소비에트 사회주의 공화국의 공식 언어는 무엇입니까?,우크라이나어,official_language,279,514
우크라이나 소비에트 사회주의 공화국에서 공식으로 사용되는 언어는 무엇입니까?,우크라이나어,official_language,279,514
우크라이나 소비에트 사회주의 공화국에서 주 언어는 무엇입니까?,우크라이나어,official_language,279,514
우크라이나 소비에트 사회주의 공화국에서 공식적인 지위를 가진 언어는 무엇입니까?,우크라이나어,official_language,279,514
우크라이나 소비에트 사회주의 공화국에서 공식으로 인정된 언어는 무엇입니까?,우크라이나어,official_language,279,514
아스투리아스 지방의 공식 언어는 무엇입니까?,스페인어,official_language,280,515
아스투리아스 지방에서 공식으로 사용되는 언어는 무엇입니까?,스페인어,official_language,280,515
아스투리아스 지방에서 주 언어는 무엇입니까?,스페인어,official_language,280,515
아스투리아스 지방에서 공식적인 지위를 가진 언어는 무엇입니까?,스페인어,official_language,280,515
아스투리아스 지방에서 공식으로 인정된 언어는 무엇입니까?,스페인어,official_language,280,515
베트남의 공식 언어는 무엇입니까?,베트남어,official_language,281,516
베트남에서 공식으로 사용되는 언어는 무엇입니까?,베트남어,official_language,281,516
베트남에서 주 언어는 무엇입니까?,베트남어,official_language,281,516
베트남에서 공식적인 지위를 가진 언어는 무엇입니까?,베트남어,official_language,281,516
베트남에서 공식으로 인정된 언어는 무엇입니까?,베트남어,official_language,281,516
코소보의 공식 언어는 무엇입니까?,알바니아어,official_language,282,517
코소보에서 공식으로 사용되는 언어는 무엇입니까?,알바니아어,official_language,282,517
코소보에서 주 언어는 무엇입니까?,알바니아어,official_language,282,517
코소보에서 공식적인 지위를 가진 언어는 무엇입니까?,알바니아어,official_language,282,517
코소보에서 공식으로 인정된 언어는 무엇입니까?,알바니아어,official_language,282,517
세계무역기구의 공식 언어는 무엇입니까?,프랑스어,official_language,283,518
세계무역기구에서 공식으로 사용되는 언어는 무엇입니까?,프랑스어,official_language,283,518
세계무역기구에서 주 언어는 무엇입니까?,프랑스어,official_language,283,518
세계무역기구에서 공식적인 지위를 가진 언어는 무엇입니까?,프랑스어,official_language,283,518
세계무역기구에서 공식으로 인정된 언어는 무엇입니까?,프랑스어,official_language,283,518
라펜란타의 공식 언어는 무엇입니까?,핀란드어,official_language,284,519
라펜란타에서 공식으로 사용되는 언어는 무엇입니까?,핀란드어,official_language,284,519
라펜란타에서 주 언어는 무엇입니까?,핀란드어,official_language,284,519
라펜란타에서 공식적인 지위를 가진 언어는 무엇입니까?,핀란드어,official_language,284,519
라펜란타에서 공식으로 인정된 언어는 무엇입니까?,핀란드어,official_language,284,519
에콰도르의 공식 언어는 무엇입니까?,스페인어,official_language,285,520
에콰도르에서 공식으로 사용되는 언어는 무엇입니까?,스페인어,official_language,285,520
에콰도르에서 주 언어는 무엇입니까?,스페인어,official_language,285,520
에콰도르에서 공식적인 지위를 가진 언어는 무엇입니까?,스페인어,official_language,285,520
에콰도르에서 공식으로 인정된 언어는 무엇입니까?,스페인어,official_language,285,520
루한스크주의 공식 언어는 무엇입니까?,러시아어,official_language,286,521
루한스크주에서 공식으로 사용되는 언어는 무엇입니까?,러시아어,official_language,286,521
루한스크주에서 주 언어는 무엇입니까?,러시아어,official_language,286,521
루한스크주에서 공식적인 지위를 가진 언어는 무엇입니까?,러시아어,official_language,286,521
루한스크주에서 공식으로 인정된 언어는 무엇입니까?,러시아어,official_language,286,521
하이데라바드의 공식 언어는 무엇입니까?,텔루구어,official_language,287,522
하이데라바드에서 공식으로 사용되는 언어는 무엇입니까?,텔루구어,official_language,287,522
하이데라바드에서 주 언어는 무엇입니까?,텔루구어,official_language,287,522
하이데라바드에서 공식적인 지위를 가진 언어는 무엇입니까?,텔루구어,official_language,287,522
하이데라바드에서 공식으로 인정된 언어는 무엇입니까?,텔루구어,official_language,287,522
유엔의 공식 언어는 무엇입니까?,영어,official_language,288,523
유엔에서 공식으로 사용되는 언어는 무엇입니까?,영어,official_language,288,523
유엔에서 주 언어는 무엇입니까?,영어,official_language,288,523
유엔에서 공식적인 지위를 가진 언어는 무엇입니까?,영어,official_language,288,523
유엔에서 공식으로 인정된 언어는 무엇입니까?,영어,official_language,288,523
저지섬의 공식 언어는 무엇입니까?,영어,official_language,289,524
저지섬에서 공식으로 사용되는 언어는 무엇입니까?,영어,official_language,289,524
저지섬에서 주 언어는 무엇입니까?,영어,official_language,289,524
저지섬에서 공식적인 지위를 가진 언어는 무엇입니까?,영어,official_language,289,524
저지섬에서 공식으로 인정된 언어는 무엇입니까?,영어,official_language,289,524
청나라의 공식 언어는 무엇입니까?,몽골어,official_language,290,525
청나라에서 공식으로 사용되는 언어는 무엇입니까?,몽골어,official_language,290,525
청나라에서 주 언어는 무엇입니까?,몽골어,official_language,290,525
청나라에서 공식적인 지위를 가진 언어는 무엇입니까?,몽골어,official_language,290,525
청나라에서 공식으로 인정된 언어는 무엇입니까?,몽골어,official_language,290,525
가이아나의 공식 언어는 무엇입니까?,영어,official_language,291,526
가이아나에서 공식으로 사용되는 언어는 무엇입니까?,영어,official_language,291,526
가이아나에서 주 언어는 무엇입니까?,영어,official_language,291,526
가이아나에서 공식적인 지위를 가진 언어는 무엇입니까?,영어,official_language,291,526
가이아나에서 공식으로 인정된 언어는 무엇입니까?,영어,official_language,291,526
오스트리아의 공식 언어는 무엇입니까?,독일어,official_language,292,527
오스트리아에서 공식으로 사용되는 언어는 무엇입니까?,독일어,official_language,292,527
오스트리아에서 주 언어는 무엇입니까?,독일어,official_language,292,527
오스트리아에서 공식적인 지위를 가진 언어는 무엇입니까?,독일어,official_language,292,527
오스트리아에서 공식으로 인정된 언어는 무엇입니까?,독일어,official_language,292,527
싱가포르의 공식 언어는 무엇입니까?,말레이어,official_language,293,528
싱가포르에서 공식으로 사용되는 언어는 무엇입니까?,말레이어,official_language,293,528
싱가포르에서 주 언어는 무엇입니까?,말레이어,official_language,293,528
싱가포르에서 공식적인 지위를 가진 언어는 무엇입니까?,말레이어,official_language,293,528
싱가포르에서 공식으로 인정된 언어는 무엇입니까?,말레이어,official_language,293,528
터키의 공식 언어는 무엇입니까?,터키어,official_language,294,529
터키에서 공식으로 사용되는 언어는 무엇입니까?,터키어,official_language,294,529
터키에서 주 언어는 무엇입니까?,터키어,official_language,294,529
터키에서 공식적인 지위를 가진 언어는 무엇입니까?,터키어,official_language,294,529
터키에서 공식으로 인정된 언어는 무엇입니까?,터키어,official_language,294,529
칠레의 공식 언어는 무엇입니까?,스페인어,official_language,295,530
칠레에서 공식으로 사용되는 언어는 무엇입니까?,스페인어,official_language,295,530
칠레에서 주 언어는 무엇입니까?,스페인어,official_language,295,530
칠레에서 공식적인 지위를 가진 언어는 무엇입니까?,스페인어,official_language,295,530
칠레에서 공식으로 인정된 언어는 무엇입니까?,스페인어,official_language,295,530
신트마르턴의 공식 언어는 무엇입니까?,네덜란드어,official_language,296,531
신트마르턴에서 공식으로 사용되는 언어는 무엇입니까?,네덜란드어,official_language,296,531
신트마르턴에서 주 언어는 무엇입니까?,네덜란드어,official_language,296,531
신트마르턴에서 공식적인 지위를 가진 언어는 무엇입니까?,네덜란드어,official_language,296,531
신트마르턴에서 공식으로 인정된 언어는 무엇입니까?,네덜란드어,official_language,296,531
국제 표준화 기구(ISO)의 공식 언어는 무엇입니까?,프랑스어,official_language,297,532
국제 표준화 기구(ISO)에서 공식으로 사용되는 언어는 무엇입니까?,프랑스어,official_language,297,532
국제 표준화 기구(ISO)에서 주 언어는 무엇입니까?,프랑스어,official_language,297,532
국제 표준화 기구(ISO)에서 공식적인 지위를 가진 언어는 무엇입니까?,프랑스어,official_language,297,532
국제 표준화 기구(ISO)에서 공식으로 인정된 언어는 무엇입니까?,프랑스어,official_language,297,532
유럽 연합의 공식 언어는 무엇입니까?,영어,official_language,298,533
유럽 연합에서 공식으로 사용되는 언어는 무엇입니까?,영어,official_language,298,533
유럽 연합에서 주 언어는 무엇입니까?,영어,official_language,298,533
유럽 연합에서 공식적인 지위를 가진 언어는 무엇입니까?,영어,official_language,298,533
유럽 연합에서 공식으로 인정된 언어는 무엇입니까?,영어,official_language,298,533
브뤼셀의 공식 언어는 무엇입니까?,프랑스어,official_language,299,534
브뤼셀에서 공식으로 사용되는 언어는 무엇입니까?,프랑스어,official_language,299,534
브뤼셀에서 주 언어는 무엇입니까?,프랑스어,official_language,299,534
브뤼셀에서 공식적인 지위를 가진 언어는 무엇입니까?,프랑스어,official_language,299,534
브뤼셀에서 공식으로 인정된 언어는 무엇입니까?,프랑스어,official_language,299,534
발레주의 공식 언어는 무엇입니까?,프랑스어,official_language,300,535
발레주에서 공식으로 사용되는 언어는 무엇입니까?,프랑스어,official_language,300,535
발레주에서 주 언어는 무엇입니까?,프랑스어,official_language,300,535
발레주에서 공식적인 지위를 가진 언어는 무엇입니까?,프랑스어,official_language,300,535
발레주에서 공식으로 인정된 언어는 무엇입니까?,프랑스어,official_language,300,535
델리의 공식 언어는 무엇입니까?,우르두어,official_language,301,536
델리에서 공식으로 사용되는 언어는 무엇입니까?,우르두어,official_language,301,536
델리에서 주 언어는 무엇입니까?,우르두어,official_language,301,536
델리에서 공식적인 지위를 가진 언어는 무엇입니까?,우르두어,official_language,301,536
델리에서 공식으로 인정된 언어는 무엇입니까?,우르두어,official_language,301,536
사우스다코타주의 공식 언어는 무엇입니까?,영어,official_language,302,537
사우스다코타주에서 공식으로 사용되는 언어는 무엇입니까?,영어,official_language,302,537
사우스다코타주에서 주 언어는 무엇입니까?,영어,official_language,302,537
사우스다코타주에서 공식적인 지위를 가진 언어는 무엇입니까?,영어,official_language,302,537
사우스다코타주에서 공식으로 인정된 언어는 무엇입니까?,영어,official_language,302,537
앨라배마주의 공식 언어는 무엇입니까?,영어,official_language,303,538
앨라배마주에서 공식으로 사용되는 언어는 무엇입니까?,영어,official_language,303,538
앨라배마주에서 주 언어는 무엇입니까?,영어,official_language,303,538
앨라배마주에서 공식적인 지위를 가진 언어는 무엇입니까?,영어,official_language,303,538
앨라배마주에서 공식으로 인정된 언어는 무엇입니까?,영어,official_language,303,538
미스 유니버스의 공식 언어는 무엇입니까?,영어,official_language,304,539
미스 유니버스에서 공식으로 사용되는 언어는 무엇입니까?,영어,official_language,304,539
미스 유니버스에서 주 언어는 무엇입니까?,영어,official_language,304,539
미스 유니버스에서 공식적인 지위를 가진 언어는 무엇입니까?,영어,official_language,304,539
미스 유니버스에서 공식으로 인정된 언어는 무엇입니까?,영어,official_language,304,539
캘리포니아주의 공식 언어는 무엇입니까?,영어,official_language,305,540
캘리포니아주에서 공식으로 사용되는 언어는 무엇입니까?,영어,official_language,305,540
캘리포니아주에서 주 언어는 무엇입니까?,영어,official_language,305,540
캘리포니아주에서 공식적인 지위를 가진 언어는 무엇입니까?,영어,official_language,305,540
캘리포니아주에서 공식으로 인정된 언어는 무엇입니까?,영어,official_language,305,540
스위스의 공식 언어는 무엇입니까?,이탈리아어,official_language,306,541
스위스에서 공식으로 사용되는 언어는 무엇입니까?,이탈리아어,official_language,306,541
스위스에서 주 언어는 무엇입니까?,이탈리아어,official_language,306,541
스위스에서 공식적인 지위를 가진 언어는 무엇입니까?,이탈리아어,official_language,306,541
스위스에서 공식으로 인정된 언어는 무엇입니까?,이탈리아어,official_language,306,541
투바 공화국의 공식 언어는 무엇입니까?,러시아어,official_language,307,542
투바 공화국에서 공식으로 사용되는 언어는 무엇입니까?,러시아어,official_language,307,542
투바 공화국에서 주 언어는 무엇입니까?,러시아어,official_language,307,542
투바 공화국에서 공식적인 지위를 가진 언어는 무엇입니까?,러시아어,official_language,307,542
투바 공화국에서 공식으로 인정된 언어는 무엇입니까?,러시아어,official_language,307,542
러시아의 공식 언어는 무엇입니까?,러시아어,official_language,308,543
러시아에서 공식으로 사용되는 언어는 무엇입니까?,러시아어,official_language,308,543
러시아에서 주 언어는 무엇입니까?,러시아어,official_language,308,543
러시아에서 공식적인 지위를 가진 언어는 무엇입니까?,러시아어,official_language,308,543
러시아에서 공식으로 인정된 언어는 무엇입니까?,러시아어,official_language,308,543
유콘 준주의 공식 언어는 무엇입니까?,영어,official_language,309,544
유콘 준주에서 공식으로 사용되는 언어는 무엇입니까?,영어,official_language,309,544
유콘 준주에서 주 언어는 무엇입니까?,영어,official_language,309,544
유콘 준주에서 공식적인 지위를 가진 언어는 무엇입니까?,영어,official_language,309,544
유콘 준주에서 공식으로 인정된 언어는 무엇입니까?,영어,official_language,309,544
부르키나파소의 공식 언어는 무엇입니까?,프랑스어,official_language,310,545
부르키나파소에서 공식으로 사용되는 언어는 무엇입니까?,프랑스어,official_language,310,545
부르키나파소에서 주 언어는 무엇입니까?,프랑스어,official_language,310,545
부르키나파소에서 공식적인 지위를 가진 언어는 무엇입니까?,프랑스어,official_language,310,545
부르키나파소에서 공식으로 인정된 언어는 무엇입니까?,프랑스어,official_language,310,545
저지섬의 공식 언어는 무엇입니까?,프랑스어,official_language,311,546
저지섬에서 공식으로 사용되는 언어는 무엇입니까?,프랑스어,official_language,311,546
저지섬에서 주 언어는 무엇입니까?,프랑스어,official_language,311,546
저지섬에서 공식적인 지위를 가진 언어는 무엇입니까?,프랑스어,official_language,311,546
저지섬에서 공식으로 인정된 언어는 무엇입니까?,프랑스어,official_language,311,546
러시아의 공식 언어는 무엇입니까?,아제르바이잔어,official_language,312,547
러시아에서 공식으로 사용되는 언어는 무엇입니까?,아제르바이잔어,official_language,312,547
러시아에서 주 언어는 무엇입니까?,아제르바이잔어,official_language,312,547
러시아에서 공식적인 지위를 가진 언어는 무엇입니까?,아제르바이잔어,official_language,312,547
러시아에서 공식으로 인정된 언어는 무엇입니까?,아제르바이잔어,official_language,312,547
누나부트 준주의 공식 언어는 무엇입니까?,프랑스어,official_language,313,548
누나부트 준주에서 공식으로 사용되는 언어는 무엇입니까?,프랑스어,official_language,313,548
누나부트 준주에서 주 언어는 무엇입니까?,프랑스어,official_language,313,548
누나부트 준주에서 공식적인 지위를 가진 언어는 무엇입니까?,프랑스어,official_language,313,548
누나부트 준주에서 공식으로 인정된 언어는 무엇입니까?,프랑스어,official_language,313,548
코트카의 공식 언어는 무엇입니까?,핀란드어,official_language,314,549
코트카에서 공식으로 사용되는 언어는 무엇입니까?,핀란드어,official_language,314,549
코트카에서 주 언어는 무엇입니까?,핀란드어,official_language,314,549
코트카에서 공식적인 지위를 가진 언어는 무엇입니까?,핀란드어,official_language,314,549
코트카에서 공식으로 인정된 언어는 무엇입니까?,핀란드어,official_language,314,549
이탈리아의 공식 언어는 무엇입니까?,이탈리아어,official_language,315,550
이탈리아에서 공식으로 사용되는 언어는 무엇입니까?,이탈리아어,official_language,315,550
이탈리아에서 주 언어는 무엇입니까?,이탈리아어,official_language,315,550
이탈리아에서 공식적인 지위를 가진 언어는 무엇입니까?,이탈리아어,official_language,315,550
이탈리아에서 공식으로 인정된 언어는 무엇입니까?,이탈리아어,official_language,315,550
청나라의 공식 언어는 무엇입니까?,중국어,official_language,316,551
청나라에서 공식으로 사용되는 언어는 무엇입니까?,중국어,official_language,316,551
청나라에서 주 언어는 무엇입니까?,중국어,official_language,316,551
청나라에서 공식적인 지위를 가진 언어는 무엇입니까?,중국어,official_language,316,551
청나라에서 공식으로 인정된 언어는 무엇입니까?,중국어,official_language,316,551
노스캐롤라이나주의 공식 언어는 무엇입니까?,영어,official_language,317,552
노스캐롤라이나주에서 공식으로 사용되는 언어는 무엇입니까?,영어,official_language,317,552
노스캐롤라이나주에서 주 언어는 무엇입니까?,영어,official_language,317,552
노스캐롤라이나주에서 공식적인 지위를 가진 언어는 무엇입니까?,영어,official_language,317,552
노스캐롤라이나주에서 공식으로 인정된 언어는 무엇입니까?,영어,official_language,317,552
필리핀의 공식 언어는 무엇입니까?,영어,official_language,318,553
필리핀에서 공식으로 사용되는 언어는 무엇입니까?,영어,official_language,318,553
필리핀에서 주 언어는 무엇입니까?,영어,official_language,318,553
필리핀에서 공식적인 지위를 가진 언어는 무엇입니까?,영어,official_language,318,553
필리핀에서 공식으로 인정된 언어는 무엇입니까?,영어,official_language,318,553
스웨덴의 공식 언어는 무엇입니까?,핀란드어,official_language,319,554
스웨덴에서 공식으로 사용되는 언어는 무엇입니까?,핀란드어,official_language,319,554
스웨덴에서 주 언어는 무엇입니까?,핀란드어,official_language,319,554
스웨덴에서 공식적인 지위를 가진 언어는 무엇입니까?,핀란드어,official_language,319,554
스웨덴에서 공식으로 인정된 언어는 무엇입니까?,핀란드어,official_language,319,554
아이다호주의 공식 언어는 무엇입니까?,영어,official_language,320,555
아이다호주에서 공식으로 사용되는 언어는 무엇입니까?,영어,official_language,320,555
아이다호주에서 주 언어는 무엇입니까?,영어,official_language,320,555
아이다호주에서 공식적인 지위를 가진 언어는 무엇입니까?,영어,official_language,320,555
아이다호주에서 공식으로 인정된 언어는 무엇입니까?,영어,official_language,320,555
마하라슈트라주의 공식 언어는 무엇입니까?,마라티어,official_language,321,556
마하라슈트라주에서 공식으로 사용되는 언어는 무엇입니까?,마라티어,official_language,321,556
마하라슈트라주에서 주 언어는 무엇입니까?,마라티어,official_language,321,556
마하라슈트라주에서 공식적인 지위를 가진 언어는 무엇입니까?,마라티어,official_language,321,556
마하라슈트라주에서 공식으로 인정된 언어는 무엇입니까?,마라티어,official_language,321,556
부랴트 공화국의 공식 언어는 무엇입니까?,러시아어,official_language,322,557
부랴트 공화국에서 공식으로 사용되는 언어는 무엇입니까?,러시아어,official_language,322,557
부랴트 공화국에서 주 언어는 무엇입니까?,러시아어,official_language,322,557
부랴트 공화국에서 공식적인 지위를 가진 언어는 무엇입니까?,러시아어,official_language,322,557
부랴트 공화국에서 공식으로 인정된 언어는 무엇입니까?,러시아어,official_language,322,557
니제르의 공식 언어는 무엇입니까?,프랑스어,official_language,323,558
니제르에서 공식으로 사용되는 언어는 무엇입니까?,프랑스어,official_language,323,558
니제르에서 주 언어는 무엇입니까?,프랑스어,official_language,323,558
니제르에서 공식적인 지위를 가진 언어는 무엇입니까?,프랑스어,official_language,323,558
니제르에서 공식으로 인정된 언어는 무엇입니까?,프랑스어,official_language,323,558
솔나시의 공식 언어는 무엇입니까?,스웨덴어,official_language,324,559
솔나시에서 공식으로 사용되는 언어는 무엇입니까?,스웨덴어,official_language,324,559
솔나시에서 주 언어는 무엇입니까?,스웨덴어,official_language,324,559
솔나시에서 공식적인 지위를 가진 언어는 무엇입니까?,스웨덴어,official_language,324,559
솔나시에서 공식으로 인정된 언어는 무엇입니까?,스웨덴어,official_language,324,559
러크나우의 공식 언어는 무엇입니까?,영어,official_language,325,560
러크나우에서 공식으로 사용되는 언어는 무엇입니까?,영어,official_language,325,560
러크나우에서 주 언어는 무엇입니까?,영어,official_language,325,560
러크나우에서 공식적인 지위를 가진 언어는 무엇입니까?,영어,official_language,325,560
러크나우에서 공식으로 인정된 언어는 무엇입니까?,영어,official_language,325,560
러시아 소비에트 연방 사회주의 공화국의 공식 언어는 무엇입니까?,러시아어,official_language,326,561
러시아 소비에트 연방 사회주의 공화국에서 공식으로 사용되는 언어는 무엇입니까?,러시아어,official_language,326,561
러시아 소비에트 연방 사회주의 공화국에서 주 언어는 무엇입니까?,러시아어,official_language,326,561
러시아 소비에트 연방 사회주의 공화국에서 공식적인 지위를 가진 언어는 무엇입니까?,러시아어,official_language,326,561
러시아 소비에트 연방 사회주의 공화국에서 공식으로 인정된 언어는 무엇입니까?,러시아어,official_language,326,561
영국 위임통치령 팔레스타인의 공식 언어는 무엇입니까?,히브리어,official_language,327,562
영국 위임통치령 팔레스타인에서 공식으로 사용되는 언어는 무엇입니까?,히브리어,official_language,327,562
영국 위임통치령 팔레스타인에서 주 언어는 무엇입니까?,히브리어,official_language,327,562
영국 위임통치령 팔레스타인에서 공식적인 지위를 가진 언어는 무엇입니까?,히브리어,official_language,327,562
영국 위임통치령 팔레스타인에서 공식으로 인정된 언어는 무엇입니까?,히브리어,official_language,327,562
동남아시아 국가 연합의 공식 언어는 무엇입니까?,인도네시아어,official_language,328,563
동남아시아 국가 연합에서 공식으로 사용되는 언어는 무엇입니까?,인도네시아어,official_language,328,563
동남아시아 국가 연합에서 주 언어는 무엇입니까?,인도네시아어,official_language,328,563
동남아시아 국가 연합에서 공식적인 지위를 가진 언어는 무엇입니까?,인도네시아어,official_language,328,563
동남아시아 국가 연합에서 공식으로 인정된 언어는 무엇입니까?,인도네시아어,official_language,328,563
세르비아 몬테네그로의 공식 언어는 무엇입니까?,세르비아어,official_language,329,564
세르비아 몬테네그로에서 공식으로 사용되는 언어는 무엇입니까?,세르비아어,official_language,329,564
세르비아 몬테네그로에서 주 언어는 무엇입니까?,세르비아어,official_language,329,564
세르비아 몬테네그로에서 공식적인 지위를 가진 언어는 무엇입니까?,세르비아어,official_language,329,564
세르비아 몬테네그로에서 공식으로 인정된 언어는 무엇입니까?,세르비아어,official_language,329,564
국제 표준화 기구(ISO)의 공식 언어는 무엇입니까?,영어,official_language,330,565
국제 표준화 기구(ISO)에서 공식으로 사용되는 언어는 무엇입니까?,영어,official_language,330,565
국제 표준화 기구(ISO)에서 주 언어는 무엇입니까?,영어,official_language,330,565
국제 표준화 기구(ISO)에서 공식적인 지위를 가진 언어는 무엇입니까?,영어,official_language,330,565
국제 표준화 기구(ISO)에서 공식으로 인정된 언어는 무엇입니까?,영어,official_language,330,565
크로아티아의 공식 언어는 무엇입니까?,크로아티아어,official_language,331,566
크로아티아에서 공식으로 사용되는 언어는 무엇입니까?,크로아티아어,official_language,331,566
크로아티아에서 주 언어는 무엇입니까?,크로아티아어,official_language,331,566
크로아티아에서 공식적인 지위를 가진 언어는 무엇입니까?,크로아티아어,official_language,331,566
크로아티아에서 공식으로 인정된 언어는 무엇입니까?,크로아티아어,official_language,331,566
마슈하드의 공식 언어는 무엇입니까?,페르시아어,official_language,332,567
마슈하드에서 공식으로 사용되는 언어는 무엇입니까?,페르시아어,official_language,332,567
마슈하드에서 주 언어는 무엇입니까?,페르시아어,official_language,332,567
마슈하드에서 공식적인 지위를 가진 언어는 무엇입니까?,페르시아어,official_language,332,567
마슈하드에서 공식으로 인정된 언어는 무엇입니까?,페르시아어,official_language,332,567
아메리칸사모아의 공식 언어는 무엇입니까?,영어,official_language,333,568
아메리칸사모아에서 공식으로 사용되는 언어는 무엇입니까?,영어,official_language,333,568
아메리칸사모아에서 주 언어는 무엇입니까?,영어,official_language,333,568
아메리칸사모아에서 공식적인 지위를 가진 언어는 무엇입니까?,영어,official_language,333,568
아메리칸사모아에서 공식으로 인정된 언어는 무엇입니까?,영어,official_language,333,568
체코의 공식 언어는 무엇입니까?,체코어,official_language,334,569
체코에서 공식으로 사용되는 언어는 무엇입니까?,체코어,official_language,334,569
체코에서 주 언어는 무엇입니까?,체코어,official_language,334,569
체코에서 공식적인 지위를 가진 언어는 무엇입니까?,체코어,official_language,334,569
체코에서 공식으로 인정된 언어는 무엇입니까?,체코어,official_language,334,569
세인트루시아의 공식 언어는 무엇입니까?,영어,official_language,335,570
세인트루시아에서 공식으로 사용되는 언어는 무엇입니까?,영어,official_language,335,570
세인트루시아에서 주 언어는 무엇입니까?,영어,official_language,335,570
세인트루시아에서 공식적인 지위를 가진 언어는 무엇입니까?,영어,official_language,335,570
세인트루시아에서 공식으로 인정된 언어는 무엇입니까?,영어,official_language,335,570
북미자유무역협정의 공식 언어는 무엇입니까?,스페인어,official_language,336,571
북미자유무역협정에서 공식으로 사용되는 언어는 무엇입니까?,스페인어,official_language,336,571
북미자유무역협정에서 주 언어는 무엇입니까?,스페인어,official_language,336,571
북미자유무역협정에서 공식적인 지위를 가진 언어는 무엇입니까?,스페인어,official_language,336,571
북미자유무역협정에서 공식으로 인정된 언어는 무엇입니까?,스페인어,official_language,336,571
리히텐슈타인의 공식 언어는 무엇입니까?,독일어,official_language,337,572
리히텐슈타인에서 공식으로 사용되는 언어는 무엇입니까?,독일어,official_language,337,572
리히텐슈타인에서 주 언어는 무엇입니까?,독일어,official_language,337,572
리히텐슈타인에서 공식적인 지위를 가진 언어는 무엇입니까?,독일어,official_language,337,572
리히텐슈타인에서 공식으로 인정된 언어는 무엇입니까?,독일어,official_language,337,572
우간다의 공식 언어는 무엇입니까?,영어,official_language,338,573
우간다에서 공식으로 사용되는 언어는 무엇입니까?,영어,official_language,338,573
우간다에서 주 언어는 무엇입니까?,영어,official_language,338,573
우간다에서 공식적인 지위를 가진 언어는 무엇입니까?,영어,official_language,338,573
우간다에서 공식으로 인정된 언어는 무엇입니까?,영어,official_language,338,573
아디게야 공화국의 공식 언어는 무엇입니까?,러시아어,official_language,339,574
아디게야 공화국에서 공식으로 사용되는 언어는 무엇입니까?,러시아어,official_language,339,574
아디게야 공화국에서 주 언어는 무엇입니까?,러시아어,official_language,339,574
아디게야 공화국에서 공식적인 지위를 가진 언어는 무엇입니까?,러시아어,official_language,339,574
아디게야 공화국에서 공식으로 인정된 언어는 무엇입니까?,러시아어,official_language,339,574
추바시 공화국의 공식 언어는 무엇입니까?,러시아어,official_language,340,575
추바시 공화국에서 공식으로 사용되는 언어는 무엇입니까?,러시아어,official_language,340,575
추바시 공화국에서 주 언어는 무엇입니까?,러시아어,official_language,340,575
추바시 공화국에서 공식적인 지위를 가진 언어는 무엇입니까?,러시아어,official_language,340,575
추바시 공화국에서 공식으로 인정된 언어는 무엇입니까?,러시아어,official_language,340,575
세이셸의 공식 언어는 무엇입니까?,프랑스어,official_language,341,576
세이셸에서 공식으로 사용되는 언어는 무엇입니까?,프랑스어,official_language,341,576
세이셸에서 주 언어는 무엇입니까?,프랑스어,official_language,341,576
세이셸에서 공식적인 지위를 가진 언어는 무엇입니까?,프랑스어,official_language,341,576
세이셸에서 공식으로 인정된 언어는 무엇입니까?,프랑스어,official_language,341,576
유럽 연합의 공식 언어는 무엇입니까?,체코어,official_language,342,577
유럽 연합에서 공식으로 사용되는 언어는 무엇입니까?,체코어,official_language,342,577
유럽 연합에서 주 언어는 무엇입니까?,체코어,official_language,342,577
유럽 연합에서 공식적인 지위를 가진 언어는 무엇입니까?,체코어,official_language,342,577
유럽 연합에서 공식으로 인정된 언어는 무엇입니까?,체코어,official_language,342,577
에리트레아의 공식 언어는 무엇입니까?,영어,official_language,343,578
에리트레아에서 공식으로 사용되는 언어는 무엇입니까?,영어,official_language,343,578
에리트레아에서 주 언어는 무엇입니까?,영어,official_language,343,578
에리트레아에서 공식적인 지위를 가진 언어는 무엇입니까?,영어,official_language,343,578
에리트레아에서 공식으로 인정된 언어는 무엇입니까?,영어,official_language,343,578
모리셔스의 공식 언어는 무엇입니까?,프랑스어,official_language,344,579
모리셔스에서 공식으로 사용되는 언어는 무엇입니까?,프랑스어,official_language,344,579
모리셔스에서 주 언어는 무엇입니까?,프랑스어,official_language,344,579
모리셔스에서 공식적인 지위를 가진 언어는 무엇입니까?,프랑스어,official_language,344,579
모리셔스에서 공식으로 인정된 언어는 무엇입니까?,프랑스어,official_language,344,579
유럽 연합의 공식 언어는 무엇입니까?,리투아니아어,official_language,345,580
유럽 연합에서 공식으로 사용되는 언어는 무엇입니까?,리투아니아어,official_language,345,580
유럽 연합에서 주 언어는 무엇입니까?,리투아니아어,official_language,345,580
유럽 연합에서 공식적인 지위를 가진 언어는 무엇입니까?,리투아니아어,official_language,345,580
유럽 연합에서 공식으로 인정된 언어는 무엇입니까?,리투아니아어,official_language,345,580
세베로오세티야 공화국의 공식 언어는 무엇입니까?,러시아어,official_language,346,581
세베로오세티야 공화국에서 공식으로 사용되는 언어는 무엇입니까?,러시아어,official_language,346,581
세베로오세티야 공화국에서 주 언어는 무엇입니까?,러시아어,official_language,346,581
세베로오세티야 공화국에서 공식적인 지위를 가진 언어는 무엇입니까?,러시아어,official_language,346,581
세베로오세티야 공화국에서 공식으로 인정된 언어는 무엇입니까?,러시아어,official_language,346,581
프랑스의 공식 언어는 무엇입니까?,프랑스어,official_language,347,582
프랑스에서 공식으로 사용되는 언어는 무엇입니까?,프랑스어,official_language,347,582
프랑스에서 주 언어는 무엇입니까?,프랑스어,official_language,347,582
프랑스에서 공식적인 지위를 가진 언어는 무엇입니까?,프랑스어,official_language,347,582
프랑스에서 공식으로 인정된 언어는 무엇입니까?,프랑스어,official_language,347,582
케랄라주의 공식 언어는 무엇입니까?,말라얄람어,official_language,348,583
케랄라주에서 공식으로 사용되는 언어는 무엇입니까?,말라얄람어,official_language,348,583
케랄라주에서 주 언어는 무엇입니까?,말라얄람어,official_language,348,583
케랄라주에서 공식적인 지위를 가진 언어는 무엇입니까?,말라얄람어,official_language,348,583
케랄라주에서 공식으로 인정된 언어는 무엇입니까?,말라얄람어,official_language,348,583
카메룬의 공식 언어는 무엇입니까?,프랑스어,official_language,349,584
카메룬에서 공식으로 사용되는 언어는 무엇입니까?,프랑스어,official_language,349,584
카메룬에서 주 언어는 무엇입니까?,프랑스어,official_language,349,584
카메룬에서 공식적인 지위를 가진 언어는 무엇입니까?,프랑스어,official_language,349,584
카메룬에서 공식으로 인정된 언어는 무엇입니까?,프랑스어,official_language,349,584
퀘벡의 공식 언어는 무엇입니까?,프랑스어,official_language,350,585
퀘벡에서 공식으로 사용되는 언어는 무엇입니까?,프랑스어,official_language,350,585
퀘벡에서 주 언어는 무엇입니까?,프랑스어,official_language,350,585
퀘벡에서 공식적인 지위를 가진 언어는 무엇입니까?,프랑스어,official_language,350,585
퀘벡에서 공식으로 인정된 언어는 무엇입니까?,프랑스어,official_language,350,585
발렌시아 지방의 공식 언어는 무엇입니까?,스페인어,official_language,351,586
발렌시아 지방에서 공식으로 사용되는 언어는 무엇입니까?,스페인어,official_language,351,586
발렌시아 지방에서 주 언어는 무엇입니까?,스페인어,official_language,351,586
발렌시아 지방에서 공식적인 지위를 가진 언어는 무엇입니까?,스페인어,official_language,351,586
발렌시아 지방에서 공식으로 인정된 언어는 무엇입니까?,스페인어,official_language,351,586
태국의 공식 언어는 무엇입니까?,태국어,official_language,352,587
태국에서 공식으로 사용되는 언어는 무엇입니까?,태국어,official_language,352,587
태국에서 주 언어는 무엇입니까?,태국어,official_language,352,587
태국에서 공식적인 지위를 가진 언어는 무엇입니까?,태국어,official_language,352,587
태국에서 공식으로 인정된 언어는 무엇입니까?,태국어,official_language,352,587
유럽 안보 협력 기구의 공식 언어는 무엇입니까?,이탈리아어,official_language,353,588
유럽 안보 협력 기구에서 공식으로 사용되는 언어는 무엇입니까?,이탈리아어,official_language,353,588
유럽 안보 협력 기구에서 주 언어는 무엇입니까?,이탈리아어,official_language,353,588
유럽 안보 협력 기구에서 공식적인 지위를 가진 언어는 무엇입니까?,이탈리아어,official_language,353,588
유럽 안보 협력 기구에서 공식으로 인정된 언어는 무엇입니까?,이탈리아어,official_language,353,588
콩고 민주 공화국의 공식 언어는 무엇입니까?,프랑스어,official_language,354,589
콩고 민주 공화국에서 공식으로 사용되는 언어는 무엇입니까?,프랑스어,official_language,354,589
콩고 민주 공화국에서 주 언어는 무엇입니까?,프랑스어,official_language,354,589
콩고 민주 공화국에서 공식적인 지위를 가진 언어는 무엇입니까?,프랑스어,official_language,354,589
콩고 민주 공화국에서 공식으로 인정된 언어는 무엇입니까?,프랑스어,official_language,354,589
헝가리의 공식 언어는 무엇입니까?,헝가리어,official_language,355,590
헝가리에서 공식으로 사용되는 언어는 무엇입니까?,헝가리어,official_language,355,590
헝가리에서 주 언어는 무엇입니까?,헝가리어,official_language,355,590
헝가리에서 공식적인 지위를 가진 언어는 무엇입니까?,헝가리어,official_language,355,590
헝가리에서 공식으로 인정된 언어는 무엇입니까?,헝가리어,official_language,355,590
도네츠크 인민공화국의 공식 언어는 무엇입니까?,러시아어,official_language,356,591
도네츠크 인민공화국에서 공식으로 사용되는 언어는 무엇입니까?,러시아어,official_language,356,591
도네츠크 인민공화국에서 주 언어는 무엇입니까?,러시아어,official_language,356,591
도네츠크 인민공화국에서 공식적인 지위를 가진 언어는 무엇입니까?,러시아어,official_language,356,591
도네츠크 인민공화국에서 공식으로 인정된 언어는 무엇입니까?,러시아어,official_language,356,591
바누아투의 공식 언어는 무엇입니까?,프랑스어,official_language,357,592
바누아투에서 공식으로 사용되는 언어는 무엇입니까?,프랑스어,official_language,357,592
바누아투에서 주 언어는 무엇입니까?,프랑스어,official_language,357,592
바누아투에서 공식적인 지위를 가진 언어는 무엇입니까?,프랑스어,official_language,357,592
바누아투에서 공식으로 인정된 언어는 무엇입니까?,프랑스어,official_language,357,592
에스토니아의 공식 언어는 무엇입니까?,에스토니아어,official_language,358,593
에스토니아에서 공식으로 사용되는 언어는 무엇입니까?,에스토니아어,official_language,358,593
에스토니아에서 주 언어는 무엇입니까?,에스토니아어,official_language,358,593
에스토니아에서 공식적인 지위를 가진 언어는 무엇입니까?,에스토니아어,official_language,358,593
에스토니아에서 공식으로 인정된 언어는 무엇입니까?,에스토니아어,official_language,358,593
켄터키주의 공식 언어는 무엇입니까?,영어,official_language,359,594
켄터키주에서 공식으로 사용되는 언어는 무엇입니까?,영어,official_language,359,594
켄터키주에서 주 언어는 무엇입니까?,영어,official_language,359,594
켄터키주에서 공식적인 지위를 가진 언어는 무엇입니까?,영어,official_language,359,594
켄터키주에서 공식으로 인정된 언어는 무엇입니까?,영어,official_language,359,594
러크나우의 공식 언어는 무엇입니까?,힌디어,official_language,360,595
러크나우에서 공식으로 사용되는 언어는 무엇입니까?,힌디어,official_language,360,595
러크나우에서 주 언어는 무엇입니까?,힌디어,official_language,360,595
러크나우에서 공식적인 지위를 가진 언어는 무엇입니까?,힌디어,official_language,360,595
러크나우에서 공식으로 인정된 언어는 무엇입니까?,힌디어,official_language,360,595
발리섬의 공식 언어는 무엇입니까?,인도네시아어,official_language,361,596
발리섬에서 공식으로 사용되는 언어는 무엇입니까?,인도네시아어,official_language,361,596
발리섬에서 주 언어는 무엇입니까?,인도네시아어,official_language,361,596
발리섬에서 공식적인 지위를 가진 언어는 무엇입니까?,인도네시아어,official_language,361,596
발리섬에서 공식으로 인정된 언어는 무엇입니까?,인도네시아어,official_language,361,596
노스다코타주의 공식 언어는 무엇입니까?,영어,official_language,362,597
노스다코타주에서 공식으로 사용되는 언어는 무엇입니까?,영어,official_language,362,597
노스다코타주에서 주 언어는 무엇입니까?,영어,official_language,362,597
노스다코타주에서 공식적인 지위를 가진 언어는 무엇입니까?,영어,official_language,362,597
노스다코타주에서 공식으로 인정된 언어는 무엇입니까?,영어,official_language,362,597
스페인의 공식 언어는 무엇입니까?,바스크어,official_language,363,598
스페인에서 공식으로 사용되는 언어는 무엇입니까?,바스크어,official_language,363,598
스페인에서 주 언어는 무엇입니까?,바스크어,official_language,363,598
스페인에서 공식적인 지위를 가진 언어는 무엇입니까?,바스크어,official_language,363,598
스페인에서 공식으로 인정된 언어는 무엇입니까?,바스크어,official_language,363,598
몰타의 공식 언어는 무엇입니까?,영어,official_language,364,599
몰타에서 공식으로 사용되는 언어는 무엇입니까?,영어,official_language,364,599
몰타에서 주 언어는 무엇입니까?,영어,official_language,364,599
몰타에서 공식적인 지위를 가진 언어는 무엇입니까?,영어,official_language,364,599
몰타에서 공식으로 인정된 언어는 무엇입니까?,영어,official_language,364,599
칼미크 공화국의 공식 언어는 무엇입니까?,러시아어,official_language,365,600
칼미크 공화국에서 공식으로 사용되는 언어는 무엇입니까?,러시아어,official_language,365,600
칼미크 공화국에서 주 언어는 무엇입니까?,러시아어,official_language,365,600
칼미크 공화국에서 공식적인 지위를 가진 언어는 무엇입니까?,러시아어,official_language,365,600
칼미크 공화국에서 공식으로 인정된 언어는 무엇입니까?,러시아어,official_language,365,600
프리부르주의 공식 언어는 무엇입니까?,프랑스어,official_language,366,601
프리부르주에서 공식으로 사용되는 언어는 무엇입니까?,프랑스어,official_language,366,601
프리부르주에서 주 언어는 무엇입니까?,프랑스어,official_language,366,601
프리부르주에서 공식적인 지위를 가진 언어는 무엇입니까?,프랑스어,official_language,366,601
프리부르주에서 공식으로 인정된 언어는 무엇입니까?,프랑스어,official_language,366,601
노스웨스트 준주의 공식 언어는 무엇입니까?,영어,official_language,367,602
노스웨스트 준주에서 공식으로 사용되는 언어는 무엇입니까?,영어,official_language,367,602
노스웨스트 준주에서 주 언어는 무엇입니까?,영어,official_language,367,602
노스웨스트 준주에서 공식적인 지위를 가진 언어는 무엇입니까?,영어,official_language,367,602
노스웨스트 준주에서 공식으로 인정된 언어는 무엇입니까?,영어,official_language,367,602
뉴브런즈윅주의 공식 언어는 무엇입니까?,영어,official_language,368,603
뉴브런즈윅주에서 공식으로 사용되는 언어는 무엇입니까?,영어,official_language,368,603
뉴브런즈윅주에서 주 언어는 무엇입니까?,영어,official_language,368,603
뉴브런즈윅주에서 공식적인 지위를 가진 언어는 무엇입니까?,영어,official_language,368,603
뉴브런즈윅주에서 공식으로 인정된 언어는 무엇입니까?,영어,official_language,368,603
웨일스의 공식 언어는 무엇입니까?,영어,official_language,369,604
웨일스에서 공식으로 사용되는 언어는 무엇입니까?,영어,official_language,369,604
웨일스에서 주 언어는 무엇입니까?,영어,official_language,369,604
웨일스에서 공식적인 지위를 가진 언어는 무엇입니까?,영어,official_language,369,604
웨일스에서 공식으로 인정된 언어는 무엇입니까?,영어,official_language,369,604
코모로의 공식 언어는 무엇입니까?,프랑스어,official_language,370,605
코모로에서 공식으로 사용되는 언어는 무엇입니까?,프랑스어,official_language,370,605
코모로에서 주 언어는 무엇입니까?,프랑스어,official_language,370,605
코모로에서 공식적인 지위를 가진 언어는 무엇입니까?,프랑스어,official_language,370,605
코모로에서 공식으로 인정된 언어는 무엇입니까?,프랑스어,official_language,370,605
시칠리아 왕국의 공식 언어는 무엇입니까?,그리스어,official_language,371,606
시칠리아 왕국에서 공식으로 사용되는 언어는 무엇입니까?,그리스어,official_language,371,606
시칠리아 왕국에서 주 언어는 무엇입니까?,그리스어,official_language,371,606
시칠리아 왕국에서 공식적인 지위를 가진 언어는 무엇입니까?,그리스어,official_language,371,606
시칠리아 왕국에서 공식으로 인정된 언어는 무엇입니까?,그리스어,official_language,371,606
세계보건기구의 공식 언어는 무엇입니까?,프랑스어,official_language,372,607
세계보건기구에서 공식으로 사용되는 언어는 무엇입니까?,프랑스어,official_language,372,607
세계보건기구에서 주 언어는 무엇입니까?,프랑스어,official_language,372,607
세계보건기구에서 공식적인 지위를 가진 언어는 무엇입니까?,프랑스어,official_language,372,607
세계보건기구에서 공식으로 인정된 언어는 무엇입니까?,프랑스어,official_language,372,607
프리부르주의 공식 언어는 무엇입니까?,독일어,official_language,373,608
프리부르주에서 공식으로 사용되는 언어는 무엇입니까?,독일어,official_language,373,608
프리부르주에서 주 언어는 무엇입니까?,독일어,official_language,373,608
프리부르주에서 공식적인 지위를 가진 언어는 무엇입니까?,독일어,official_language,373,608
프리부르주에서 공식으로 인정된 언어는 무엇입니까?,독일어,official_language,373,608
국제 민간 항공 기구의 공식 언어는 무엇입니까?,러시아어,official_language,374,609
국제 민간 항공 기구에서 공식으로 사용되는 언어는 무엇입니까?,러시아어,official_language,374,609
국제 민간 항공 기구에서 주 언어는 무엇입니까?,러시아어,official_language,374,609
국제 민간 항공 기구에서 공식적인 지위를 가진 언어는 무엇입니까?,러시아어,official_language,374,609
국제 민간 항공 기구에서 공식으로 인정된 언어는 무엇입니까?,러시아어,official_language,374,609
유엔의 공식 언어는 무엇입니까?,프랑스어,official_language,375,610
유엔에서 공식으로 사용되는 언어는 무엇입니까?,프랑스어,official_language,375,610
유엔에서 주 언어는 무엇입니까?,프랑스어,official_language,375,610
유엔에서 공식적인 지위를 가진 언어는 무엇입니까?,프랑스어,official_language,375,610
유엔에서 공식으로 인정된 언어는 무엇입니까?,프랑스어,official_language,375,610
로마 제국의 공식 언어는 무엇입니까?,그리스어,official_language,376,611
로마 제국에서 공식으로 사용되는 언어는 무엇입니까?,그리스어,official_language,376,611
로마 제국에서 주 언어는 무엇입니까?,그리스어,official_language,376,611
로마 제국에서 공식적인 지위를 가진 언어는 무엇입니까?,그리스어,official_language,376,611
로마 제국에서 공식으로 인정된 언어는 무엇입니까?,그리스어,official_language,376,611
인도르의 공식 언어는 무엇입니까?,힌디어,official_language,377,612
인도르에서 공식으로 사용되는 언어는 무엇입니까?,힌디어,official_language,377,612
인도르에서 주 언어는 무엇입니까?,힌디어,official_language,377,612
인도르에서 공식적인 지위를 가진 언어는 무엇입니까?,힌디어,official_language,377,612
인도르에서 공식으로 인정된 언어는 무엇입니까?,힌디어,official_language,377,612
지브롤터의 공식 언어는 무엇입니까?,영어,official_language,378,613
지브롤터에서 공식으로 사용되는 언어는 무엇입니까?,영어,official_language,378,613
지브롤터에서 주 언어는 무엇입니까?,영어,official_language,378,613
지브롤터에서 공식적인 지위를 가진 언어는 무엇입니까?,영어,official_language,378,613
지브롤터에서 공식으로 인정된 언어는 무엇입니까?,영어,official_language,378,613
벨로루시 소비에트 사회주의 공화국의 공식 언어는 무엇입니까?,폴란드어,official_language,379,614
벨로루시 소비에트 사회주의 공화국에서 공식으로 사용되는 언어는 무엇입니까?,폴란드어,official_language,379,614
벨로루시 소비에트 사회주의 공화국에서 주 언어는 무엇입니까?,폴란드어,official_language,379,614
벨로루시 소비에트 사회주의 공화국에서 공식적인 지위를 가진 언어는 무엇입니까?,폴란드어,official_language,379,614
벨로루시 소비에트 사회주의 공화국에서 공식으로 인정된 언어는 무엇입니까?,폴란드어,official_language,379,614
스페인의 공식 언어는 무엇입니까?,스페인어,official_language,380,615
스페인에서 공식으로 사용되는 언어는 무엇입니까?,스페인어,official_language,380,615
스페인에서 주 언어는 무엇입니까?,스페인어,official_language,380,615
스페인에서 공식적인 지위를 가진 언어는 무엇입니까?,스페인어,official_language,380,615
스페인에서 공식으로 인정된 언어는 무엇입니까?,스페인어,official_language,380,615
타밀나두주의 공식 언어는 무엇입니까?,타밀어,official_language,381,616
타밀나두주에서 공식으로 사용되는 언어는 무엇입니까?,타밀어,official_language,381,616
타밀나두주에서 주 언어는 무엇입니까?,타밀어,official_language,381,616
타밀나두주에서 공식적인 지위를 가진 언어는 무엇입니까?,타밀어,official_language,381,616
타밀나두주에서 공식으로 인정된 언어는 무엇입니까?,타밀어,official_language,381,616
알타이 지방의 공식 언어는 무엇입니까?,러시아어,official_language,382,617
알타이 지방에서 공식으로 사용되는 언어는 무엇입니까?,러시아어,official_language,382,617
알타이 지방에서 주 언어는 무엇입니까?,러시아어,official_language,382,617
알타이 지방에서 공식적인 지위를 가진 언어는 무엇입니까?,러시아어,official_language,382,617
알타이 지방에서 공식으로 인정된 언어는 무엇입니까?,러시아어,official_language,382,617
룩셈부르크의 공식 언어는 무엇입니까?,프랑스어,official_language,383,618
룩셈부르크에서 공식으로 사용되는 언어는 무엇입니까?,프랑스어,official_language,383,618
룩셈부르크에서 주 언어는 무엇입니까?,프랑스어,official_language,383,618
룩셈부르크에서 공식적인 지위를 가진 언어는 무엇입니까?,프랑스어,official_language,383,618
룩셈부르크에서 공식으로 인정된 언어는 무엇입니까?,프랑스어,official_language,383,618
아체주의 공식 언어는 무엇입니까?,인도네시아어,official_language,384,619
아체주에서 공식으로 사용되는 언어는 무엇입니까?,인도네시아어,official_language,384,619
아체주에서 주 언어는 무엇입니까?,인도네시아어,official_language,384,619
아체주에서 공식적인 지위를 가진 언어는 무엇입니까?,인도네시아어,official_language,384,619
아체주에서 공식으로 인정된 언어는 무엇입니까?,인도네시아어,official_language,384,619
엘살바도르의 공식 언어는 무엇입니까?,스페인어,official_language,385,620
엘살바도르에서 공식으로 사용되는 언어는 무엇입니까?,스페인어,official_language,385,620
엘살바도르에서 주 언어는 무엇입니까?,스페인어,official_language,385,620
엘살바도르에서 공식적인 지위를 가진 언어는 무엇입니까?,스페인어,official_language,385,620
엘살바도르에서 공식으로 인정된 언어는 무엇입니까?,스페인어,official_language,385,620
유럽 연합의 공식 언어는 무엇입니까?,프랑스어,official_language,386,621
유럽 연합에서 공식으로 사용되는 언어는 무엇입니까?,프랑스어,official_language,386,621
유럽 연합에서 주 언어는 무엇입니까?,프랑스어,official_language,386,621
유럽 연합에서 공식적인 지위를 가진 언어는 무엇입니까?,프랑스어,official_language,386,621
유럽 연합에서 공식으로 인정된 언어는 무엇입니까?,프랑스어,official_language,386,621
영국의 공식 언어는 무엇입니까?,웨일스어,official_language,387,622
영국에서 공식으로 사용되는 언어는 무엇입니까?,웨일스어,official_language,387,622
영국에서 주 언어는 무엇입니까?,웨일스어,official_language,387,622
영국에서 공식적인 지위를 가진 언어는 무엇입니까?,웨일스어,official_language,387,622
영국에서 공식으로 인정된 언어는 무엇입니까?,웨일스어,official_language,387,622
덴마크의 공식 언어는 무엇입니까?,덴마크어,official_language,388,623
덴마크에서 공식으로 사용되는 언어는 무엇입니까?,덴마크어,official_language,388,623
덴마크에서 주 언어는 무엇입니까?,덴마크어,official_language,388,623
덴마크에서 공식적인 지위를 가진 언어는 무엇입니까?,덴마크어,official_language,388,623
덴마크에서 공식으로 인정된 언어는 무엇입니까?,덴마크어,official_language,388,623
국제 표준화 기구(ISO)의 공식 언어는 무엇입니까?,러시아어,official_language,389,624
국제 표준화 기구(ISO)에서 공식으로 사용되는 언어는 무엇입니까?,러시아어,official_language,389,624
국제 표준화 기구(ISO)에서 주 언어는 무엇입니까?,러시아어,official_language,389,624
국제 표준화 기구(ISO)에서 공식적인 지위를 가진 언어는 무엇입니까?,러시아어,official_language,389,624
국제 표준화 기구(ISO)에서 공식으로 인정된 언어는 무엇입니까?,러시아어,official_language,389,624
캐나다의 공식 언어는 무엇입니까?,프랑스어,official_language,390,625
캐나다에서 공식으로 사용되는 언어는 무엇입니까?,프랑스어,official_language,390,625
캐나다에서 주 언어는 무엇입니까?,프랑스어,official_language,390,625
캐나다에서 공식적인 지위를 가진 언어는 무엇입니까?,프랑스어,official_language,390,625
캐나다에서 공식으로 인정된 언어는 무엇입니까?,프랑스어,official_language,390,625
코크주의 공식 언어는 무엇입니까?,영어,official_language,391,626
코크주에서 공식으로 사용되는 언어는 무엇입니까?,영어,official_language,391,626
코크주에서 주 언어는 무엇입니까?,영어,official_language,391,626
코크주에서 공식적인 지위를 가진 언어는 무엇입니까?,영어,official_language,391,626
코크주에서 공식으로 인정된 언어는 무엇입니까?,영어,official_language,391,626
산마리노의 공식 언어는 무엇입니까?,이탈리아어,official_language,392,627
산마리노에서 공식으로 사용되는 언어는 무엇입니까?,이탈리아어,official_language,392,627
산마리노에서 주 언어는 무엇입니까?,이탈리아어,official_language,392,627
산마리노에서 공식적인 지위를 가진 언어는 무엇입니까?,이탈리아어,official_language,392,627
산마리노에서 공식으로 인정된 언어는 무엇입니까?,이탈리아어,official_language,392,627
파키스탄의 공식 언어는 무엇입니까?,영어,official_language,393,628
파키스탄에서 공식으로 사용되는 언어는 무엇입니까?,영어,official_language,393,628
파키스탄에서 주 언어는 무엇입니까?,영어,official_language,393,628
파키스탄에서 공식적인 지위를 가진 언어는 무엇입니까?,영어,official_language,393,628
파키스탄에서 공식으로 인정된 언어는 무엇입니까?,영어,official_language,393,628
아제르바이잔 민주공화국의 공식 언어는 무엇입니까?,아제르바이잔어,official_language,394,629
아제르바이잔 민주공화국에서 공식으로 사용되는 언어는 무엇입니까?,아제르바이잔어,official_language,394,629
아제르바이잔 민주공화국에서 주 언어는 무엇입니까?,아제르바이잔어,official_language,394,629
아제르바이잔 민주공화국에서 공식적인 지위를 가진 언어는 무엇입니까?,아제르바이잔어,official_language,394,629
아제르바이잔 민주공화국에서 공식으로 인정된 언어는 무엇입니까?,아제르바이잔어,official_language,394,629
유럽 연합의 공식 언어는 무엇입니까?,포르투갈어,official_language,395,630
유럽 연합에서 공식으로 사용되는 언어는 무엇입니까?,포르투갈어,official_language,395,630
유럽 연합에서 주 언어는 무엇입니까?,포르투갈어,official_language,395,630
유럽 연합에서 공식적인 지위를 가진 언어는 무엇입니까?,포르투갈어,official_language,395,630
유럽 연합에서 공식으로 인정된 언어는 무엇입니까?,포르투갈어,official_language,395,630
건지섬의 공식 언어는 무엇입니까?,영어,official_language,396,631
건지섬에서 공식으로 사용되는 언어는 무엇입니까?,영어,official_language,396,631
건지섬에서 주 언어는 무엇입니까?,영어,official_language,396,631
건지섬에서 공식적인 지위를 가진 언어는 무엇입니까?,영어,official_language,396,631
건지섬에서 공식으로 인정된 언어는 무엇입니까?,영어,official_language,396,631
유럽 안보 협력 기구의 공식 언어는 무엇입니까?,러시아어,official_language,397,632
유럽 안보 협력 기구에서 공식으로 사용되는 언어는 무엇입니까?,러시아어,official_language,397,632
유럽 안보 협력 기구에서 주 언어는 무엇입니까?,러시아어,official_language,397,632
유럽 안보 협력 기구에서 공식적인 지위를 가진 언어는 무엇입니까?,러시아어,official_language,397,632
유럽 안보 협력 기구에서 공식으로 인정된 언어는 무엇입니까?,러시아어,official_language,397,632
베네치아 공화국의 공식 언어는 무엇입니까?,베네토어,official_language,398,633
베네치아 공화국에서 공식으로 사용되는 언어는 무엇입니까?,베네토어,official_language,398,633
베네치아 공화국에서 주 언어는 무엇입니까?,베네토어,official_language,398,633
베네치아 공화국에서 공식적인 지위를 가진 언어는 무엇입니까?,베네토어,official_language,398,633
베네치아 공화국에서 공식으로 인정된 언어는 무엇입니까?,베네토어,official_language,398,633
도미니카 연방의 공식 언어는 무엇입니까?,영어,official_language,399,634
도미니카 연방에서 공식으로 사용되는 언어는 무엇입니까?,영어,official_language,399,634
도미니카 연방에서 주 언어는 무엇입니까?,영어,official_language,399,634
도미니카 연방에서 공식적인 지위를 가진 언어는 무엇입니까?,영어,official_language,399,634
도미니카 연방에서 공식으로 인정된 언어는 무엇입니까?,영어,official_language,399,634
국제 육상 경기 연맹의 공식 언어는 무엇입니까?,영어,official_language,400,635
국제 육상 경기 연맹에서 공식으로 사용되는 언어는 무엇입니까?,영어,official_language,400,635
국제 육상 경기 연맹에서 주 언어는 무엇입니까?,영어,official_language,400,635
국제 육상 경기 연맹에서 공식적인 지위를 가진 언어는 무엇입니까?,영어,official_language,400,635
국제 육상 경기 연맹에서 공식으로 인정된 언어는 무엇입니까?,영어,official_language,400,635
국제 원자력 기구의 공식 언어는 무엇입니까?,러시아어,official_language,401,636
국제 원자력 기구에서 공식으로 사용되는 언어는 무엇입니까?,러시아어,official_language,401,636
국제 원자력 기구에서 주 언어는 무엇입니까?,러시아어,official_language,401,636
국제 원자력 기구에서 공식적인 지위를 가진 언어는 무엇입니까?,러시아어,official_language,401,636
국제 원자력 기구에서 공식으로 인정된 언어는 무엇입니까?,러시아어,official_language,401,636
과테말라의 공식 언어는 무엇입니까?,스페인어,official_language,402,637
과테말라에서 공식으로 사용되는 언어는 무엇입니까?,스페인어,official_language,402,637
과테말라에서 주 언어는 무엇입니까?,스페인어,official_language,402,637
과테말라에서 공식적인 지위를 가진 언어는 무엇입니까?,스페인어,official_language,402,637
과테말라에서 공식으로 인정된 언어는 무엇입니까?,스페인어,official_language,402,637
벨라루스의 공식 언어는 무엇입니까?,러시아어,official_language,403,638
벨라루스에서 공식으로 사용되는 언어는 무엇입니까?,러시아어,official_language,403,638
벨라루스에서 주 언어는 무엇입니까?,러시아어,official_language,403,638
벨라루스에서 공식적인 지위를 가진 언어는 무엇입니까?,러시아어,official_language,403,638
벨라루스에서 공식으로 인정된 언어는 무엇입니까?,러시아어,official_language,403,638
사우스캐롤라이나주의 공식 언어는 무엇입니까?,영어,official_language,404,639
사우스캐롤라이나주에서 공식으로 사용되는 언어는 무엇입니까?,영어,official_language,404,639
사우스캐롤라이나주에서 주 언어는 무엇입니까?,영어,official_language,404,639
사우스캐롤라이나주에서 공식적인 지위를 가진 언어는 무엇입니까?,영어,official_language,404,639
사우스캐롤라이나주에서 공식으로 인정된 언어는 무엇입니까?,영어,official_language,404,639
세인트빈센트 그레나딘의 공식 언어는 무엇입니까?,영어,official_language,405,640
세인트빈센트 그레나딘에서 공식으로 사용되는 언어는 무엇입니까?,영어,official_language,405,640
세인트빈센트 그레나딘에서 주 언어는 무엇입니까?,영어,official_language,405,640
세인트빈센트 그레나딘에서 공식적인 지위를 가진 언어는 무엇입니까?,영어,official_language,405,640
세인트빈센트 그레나딘에서 공식으로 인정된 언어는 무엇입니까?,영어,official_language,405,640
모리셔스의 공식 언어는 무엇입니까?,영어,official_language,406,641
모리셔스에서 공식으로 사용되는 언어는 무엇입니까?,영어,official_language,406,641
모리셔스에서 주 언어는 무엇입니까?,영어,official_language,406,641
모리셔스에서 공식적인 지위를 가진 언어는 무엇입니까?,영어,official_language,406,641
모리셔스에서 공식으로 인정된 언어는 무엇입니까?,영어,official_language,406,641
티무르 왕조의 공식 언어는 무엇입니까?,페르시아어,official_language,407,642
티무르 왕조에서 공식으로 사용되는 언어는 무엇입니까?,페르시아어,official_language,407,642
티무르 왕조에서 주 언어는 무엇입니까?,페르시아어,official_language,407,642
티무르 왕조에서 공식적인 지위를 가진 언어는 무엇입니까?,페르시아어,official_language,407,642
티무르 왕조에서 공식으로 인정된 언어는 무엇입니까?,페르시아어,official_language,407,642
니카라과의 공식 언어는 무엇입니까?,스페인어,official_language,408,643
니카라과에서 공식으로 사용되는 언어는 무엇입니까?,스페인어,official_language,408,643
니카라과에서 주 언어는 무엇입니까?,스페인어,official_language,408,643
니카라과에서 공식적인 지위를 가진 언어는 무엇입니까?,스페인어,official_language,408,643
니카라과에서 공식으로 인정된 언어는 무엇입니까?,스페인어,official_language,408,643
세르비아의 공식 언어는 무엇입니까?,세르비아어,official_language,409,644
세르비아에서 공식으로 사용되는 언어는 무엇입니까?,세르비아어,official_language,409,644
세르비아에서 주 언어는 무엇입니까?,세르비아어,official_language,409,644
세르비아에서 공식적인 지위를 가진 언어는 무엇입니까?,세르비아어,official_language,409,644
세르비아에서 공식으로 인정된 언어는 무엇입니까?,세르비아어,official_language,409,644
프로이센의 공식 언어는 무엇입니까?,독일어,official_language,410,645
프로이센에서 공식으로 사용되는 언어는 무엇입니까?,독일어,official_language,410,645
프로이센에서 주 언어는 무엇입니까?,독일어,official_language,410,645
프로이센에서 공식적인 지위를 가진 언어는 무엇입니까?,독일어,official_language,410,645
프로이센에서 공식으로 인정된 언어는 무엇입니까?,독일어,official_language,410,645
페로 제도의 공식 언어는 무엇입니까?,덴마크어,official_language,411,646
페로 제도에서 공식으로 사용되는 언어는 무엇입니까?,덴마크어,official_language,411,646
페로 제도에서 주 언어는 무엇입니까?,덴마크어,official_language,411,646
페로 제도에서 공식적인 지위를 가진 언어는 무엇입니까?,덴마크어,official_language,411,646
페로 제도에서 공식으로 인정된 언어는 무엇입니까?,덴마크어,official_language,411,646
아이슬란드의 공식 언어는 무엇입니까?,아이슬란드어,official_language,412,647
아이슬란드에서 공식으로 사용되는 언어는 무엇입니까?,아이슬란드어,official_language,412,647
아이슬란드에서 주 언어는 무엇입니까?,아이슬란드어,official_language,412,647
아이슬란드에서 공식적인 지위를 가진 언어는 무엇입니까?,아이슬란드어,official_language,412,647
아이슬란드에서 공식으로 인정된 언어는 무엇입니까?,아이슬란드어,official_language,412,647
몬테네그로의 공식 언어는 무엇입니까?,몬테네그로어,official_language,413,648
몬테네그로에서 공식으로 사용되는 언어는 무엇입니까?,몬테네그로어,official_language,413,648
몬테네그로에서 주 언어는 무엇입니까?,몬테네그로어,official_language,413,648
몬테네그로에서 공식적인 지위를 가진 언어는 무엇입니까?,몬테네그로어,official_language,413,648
몬테네그로에서 공식으로 인정된 언어는 무엇입니까?,몬테네그로어,official_language,413,648
스톡홀름시의 공식 언어는 무엇입니까?,스웨덴어,official_language,414,649
스톡홀름시에서 공식으로 사용되는 언어는 무엇입니까?,스웨덴어,official_language,414,649
스톡홀름시에서 주 언어는 무엇입니까?,스웨덴어,official_language,414,649
스톡홀름시에서 공식적인 지위를 가진 언어는 무엇입니까?,스웨덴어,official_language,414,649
스톡홀름시에서 공식으로 인정된 언어는 무엇입니까?,스웨덴어,official_language,414,649
비시 프랑스의 공식 언어는 무엇입니까?,프랑스어,official_language,415,650
비시 프랑스에서 공식으로 사용되는 언어는 무엇입니까?,프랑스어,official_language,415,650
비시 프랑스에서 주 언어는 무엇입니까?,프랑스어,official_language,415,650
비시 프랑스에서 공식적인 지위를 가진 언어는 무엇입니까?,프랑스어,official_language,415,650
비시 프랑스에서 공식으로 인정된 언어는 무엇입니까?,프랑스어,official_language,415,650
멜리토폴의 공식 언어는 무엇입니까?,러시아어,official_language,416,651
멜리토폴에서 공식으로 사용되는 언어는 무엇입니까?,러시아어,official_language,416,651
멜리토폴에서 주 언어는 무엇입니까?,러시아어,official_language,416,651
멜리토폴에서 공식적인 지위를 가진 언어는 무엇입니까?,러시아어,official_language,416,651
멜리토폴에서 공식으로 인정된 언어는 무엇입니까?,러시아어,official_language,416,651
루체른주의 공식 언어는 무엇입니까?,독일어,official_language,417,652
루체른주에서 공식으로 사용되는 언어는 무엇입니까?,독일어,official_language,417,652
루체른주에서 주 언어는 무엇입니까?,독일어,official_language,417,652
루체른주에서 공식적인 지위를 가진 언어는 무엇입니까?,독일어,official_language,417,652
루체른주에서 공식으로 인정된 언어는 무엇입니까?,독일어,official_language,417,652
홍콩의 공식 언어는 무엇입니까?,영어,official_language,418,653
홍콩에서 공식으로 사용되는 언어는 무엇입니까?,영어,official_language,418,653
홍콩에서 주 언어는 무엇입니까?,영어,official_language,418,653
홍콩에서 공식적인 지위를 가진 언어는 무엇입니까?,영어,official_language,418,653
홍콩에서 공식으로 인정된 언어는 무엇입니까?,영어,official_language,418,653
유럽 연합의 공식 언어는 무엇입니까?,루마니아어,official_language,419,654
유럽 연합에서 공식으로 사용되는 언어는 무엇입니까?,루마니아어,official_language,419,654
유럽 연합에서 주 언어는 무엇입니까?,루마니아어,official_language,419,654
유럽 연합에서 공식적인 지위를 가진 언어는 무엇입니까?,루마니아어,official_language,419,654
유럽 연합에서 공식으로 인정된 언어는 무엇입니까?,루마니아어,official_language,419,654
수나라의 공식 언어는 무엇입니까?,중국어,official_language,420,655
수나라에서 공식으로 사용되는 언어는 무엇입니까?,중국어,official_language,420,655
수나라에서 주 언어는 무엇입니까?,중국어,official_language,420,655
수나라에서 공식적인 지위를 가진 언어는 무엇입니까?,중국어,official_language,420,655
수나라에서 공식으로 인정된 언어는 무엇입니까?,중국어,official_language,420,655
하이데라바드의 공식 언어는 무엇입니까?,우르두어,official_language,421,656
하이데라바드에서 공식으로 사용되는 언어는 무엇입니까?,우르두어,official_language,421,656
하이데라바드에서 주 언어는 무엇입니까?,우르두어,official_language,421,656
하이데라바드에서 공식적인 지위를 가진 언어는 무엇입니까?,우르두어,official_language,421,656
하이데라바드에서 공식으로 인정된 언어는 무엇입니까?,우르두어,official_language,421,656
남오세티야의 공식 언어는 무엇입니까?,러시아어,official_language,422,657
남오세티야에서 공식으로 사용되는 언어는 무엇입니까?,러시아어,official_language,422,657
남오세티야에서 주 언어는 무엇입니까?,러시아어,official_language,422,657
남오세티야에서 공식적인 지위를 가진 언어는 무엇입니까?,러시아어,official_language,422,657
남오세티야에서 공식으로 인정된 언어는 무엇입니까?,러시아어,official_language,422,657
뉴저지주의 공식 언어는 무엇입니까?,영어,official_language,423,658
뉴저지주에서 공식으로 사용되는 언어는 무엇입니까?,영어,official_language,423,658
뉴저지주에서 주 언어는 무엇입니까?,영어,official_language,423,658
뉴저지주에서 공식적인 지위를 가진 언어는 무엇입니까?,영어,official_language,423,658
뉴저지주에서 공식으로 인정된 언어는 무엇입니까?,영어,official_language,423,658
나미비아의 공식 언어는 무엇입니까?,영어,official_language,424,659
나미비아에서 공식으로 사용되는 언어는 무엇입니까?,영어,official_language,424,659
나미비아에서 주 언어는 무엇입니까?,영어,official_language,424,659
나미비아에서 공식적인 지위를 가진 언어는 무엇입니까?,영어,official_language,424,659
나미비아에서 공식으로 인정된 언어는 무엇입니까?,영어,official_language,424,659
네덜란드령 안틸레스의 공식 언어는 무엇입니까?,네덜란드어,official_language,425,660
네덜란드령 안틸레스에서 공식으로 사용되는 언어는 무엇입니까?,네덜란드어,official_language,425,660
네덜란드령 안틸레스에서 주 언어는 무엇입니까?,네덜란드어,official_language,425,660
네덜란드령 안틸레스에서 공식적인 지위를 가진 언어는 무엇입니까?,네덜란드어,official_language,425,660
네덜란드령 안틸레스에서 공식으로 인정된 언어는 무엇입니까?,네덜란드어,official_language,425,660
유럽 연합의 공식 언어는 무엇입니까?,슬로바키아어,official_language,426,661
유럽 연합에서 공식으로 사용되는 언어는 무엇입니까?,슬로바키아어,official_language,426,661
유럽 연합에서 주 언어는 무엇입니까?,슬로바키아어,official_language,426,661
유럽 연합에서 공식적인 지위를 가진 언어는 무엇입니까?,슬로바키아어,official_language,426,661
유럽 연합에서 공식으로 인정된 언어는 무엇입니까?,슬로바키아어,official_language,426,661
방글라데시의 공식 언어는 무엇입니까?,벵골어,official_language,427,662
방글라데시에서 공식으로 사용되는 언어는 무엇입니까?,벵골어,official_language,427,662
방글라데시에서 주 언어는 무엇입니까?,벵골어,official_language,427,662
방글라데시에서 공식적인 지위를 가진 언어는 무엇입니까?,벵골어,official_language,427,662
방글라데시에서 공식으로 인정된 언어는 무엇입니까?,벵골어,official_language,427,662
안도라의 공식 언어는 무엇입니까?,카탈루냐어,official_language,428,663
안도라에서 공식으로 사용되는 언어는 무엇입니까?,카탈루냐어,official_language,428,663
안도라에서 주 언어는 무엇입니까?,카탈루냐어,official_language,428,663
안도라에서 공식적인 지위를 가진 언어는 무엇입니까?,카탈루냐어,official_language,428,663
안도라에서 공식으로 인정된 언어는 무엇입니까?,카탈루냐어,official_language,428,663
트리니다드 토바고의 공식 언어는 무엇입니까?,영어,official_language,429,664
트리니다드 토바고에서 공식으로 사용되는 언어는 무엇입니까?,영어,official_language,429,664
트리니다드 토바고에서 주 언어는 무엇입니까?,영어,official_language,429,664
트리니다드 토바고에서 공식적인 지위를 가진 언어는 무엇입니까?,영어,official_language,429,664
트리니다드 토바고에서 공식으로 인정된 언어는 무엇입니까?,영어,official_language,429,664
영국의 공식 언어는 무엇입니까?,영어,official_language,430,665
영국에서 공식으로 사용되는 언어는 무엇입니까?,영어,official_language,430,665
영국에서 주 언어는 무엇입니까?,영어,official_language,430,665
영국에서 공식적인 지위를 가진 언어는 무엇입니까?,영어,official_language,430,665
영국에서 공식으로 인정된 언어는 무엇입니까?,영어,official_language,430,665
캄차카 지방의 공식 언어는 무엇입니까?,러시아어,official_language,431,666
캄차카 지방에서 공식으로 사용되는 언어는 무엇입니까?,러시아어,official_language,431,666
캄차카 지방에서 주 언어는 무엇입니까?,러시아어,official_language,431,666
캄차카 지방에서 공식적인 지위를 가진 언어는 무엇입니까?,러시아어,official_language,431,666
캄차카 지방에서 공식으로 인정된 언어는 무엇입니까?,러시아어,official_language,431,666
독일의 공식 언어는 무엇입니까?,독일어,official_language,432,667
독일에서 공식으로 사용되는 언어는 무엇입니까?,독일어,official_language,432,667
독일에서 주 언어는 무엇입니까?,독일어,official_language,432,667
독일에서 공식적인 지위를 가진 언어는 무엇입니까?,독일어,official_language,432,667
독일에서 공식으로 인정된 언어는 무엇입니까?,독일어,official_language,432,667
로잔의 공식 언어는 무엇입니까?,프랑스어,official_language,433,668
로잔에서 공식으로 사용되는 언어는 무엇입니까?,프랑스어,official_language,433,668
로잔에서 주 언어는 무엇입니까?,프랑스어,official_language,433,668
로잔에서 공식적인 지위를 가진 언어는 무엇입니까?,프랑스어,official_language,433,668
로잔에서 공식으로 인정된 언어는 무엇입니까?,프랑스어,official_language,433,668
보츠와나의 공식 언어는 무엇입니까?,영어,official_language,434,669
보츠와나에서 공식으로 사용되는 언어는 무엇입니까?,영어,official_language,434,669
보츠와나에서 주 언어는 무엇입니까?,영어,official_language,434,669
보츠와나에서 공식적인 지위를 가진 언어는 무엇입니까?,영어,official_language,434,669
보츠와나에서 공식으로 인정된 언어는 무엇입니까?,영어,official_language,434,669
신트마르턴의 공식 언어는 무엇입니까?,영어,official_language,435,670
신트마르턴에서 공식으로 사용되는 언어는 무엇입니까?,영어,official_language,435,670
신트마르턴에서 주 언어는 무엇입니까?,영어,official_language,435,670
신트마르턴에서 공식적인 지위를 가진 언어는 무엇입니까?,영어,official_language,435,670
신트마르턴에서 공식으로 인정된 언어는 무엇입니까?,영어,official_language,435,670
스타브로폴 지방의 공식 언어는 무엇입니까?,러시아어,official_language,436,671
스타브로폴 지방에서 공식으로 사용되는 언어는 무엇입니까?,러시아어,official_language,436,671
스타브로폴 지방에서 주 언어는 무엇입니까?,러시아어,official_language,436,671
스타브로폴 지방에서 공식적인 지위를 가진 언어는 무엇입니까?,러시아어,official_language,436,671
스타브로폴 지방에서 공식으로 인정된 언어는 무엇입니까?,러시아어,official_language,436,671
중앙아프리카 공화국의 공식 언어는 무엇입니까?,프랑스어,official_language,437,672
중앙아프리카 공화국에서 공식으로 사용되는 언어는 무엇입니까?,프랑스어,official_language,437,672
중앙아프리카 공화국에서 주 언어는 무엇입니까?,프랑스어,official_language,437,672
중앙아프리카 공화국에서 공식적인 지위를 가진 언어는 무엇입니까?,프랑스어,official_language,437,672
중앙아프리카 공화국에서 공식으로 인정된 언어는 무엇입니까?,프랑스어,official_language,437,672
가가우지아의 공식 언어는 무엇입니까?,러시아어,official_language,438,673
가가우지아에서 공식으로 사용되는 언어는 무엇입니까?,러시아어,official_language,438,673
가가우지아에서 주 언어는 무엇입니까?,러시아어,official_language,438,673
가가우지아에서 공식적인 지위를 가진 언어는 무엇입니까?,러시아어,official_language,438,673
가가우지아에서 공식으로 인정된 언어는 무엇입니까?,러시아어,official_language,438,673
북대서양 조약 기구의 공식 언어는 무엇입니까?,영어,official_language,439,674
북대서양 조약 기구에서 공식으로 사용되는 언어는 무엇입니까?,영어,official_language,439,674
북대서양 조약 기구에서 주 언어는 무엇입니까?,영어,official_language,439,674
북대서양 조약 기구에서 공식적인 지위를 가진 언어는 무엇입니까?,영어,official_language,439,674
북대서양 조약 기구에서 공식으로 인정된 언어는 무엇입니까?,영어,official_language,439,674
톨리야티의 공식 언어는 무엇입니까?,러시아어,official_language,440,675
톨리야티에서 공식으로 사용되는 언어는 무엇입니까?,러시아어,official_language,440,675
톨리야티에서 주 언어는 무엇입니까?,러시아어,official_language,440,675
톨리야티에서 공식적인 지위를 가진 언어는 무엇입니까?,러시아어,official_language,440,675
톨리야티에서 공식으로 인정된 언어는 무엇입니까?,러시아어,official_language,440,675
머시아 왕국의 공식 언어는 무엇입니까?,라틴어,official_language,441,676
머시아 왕국에서 공식으로 사용되는 언어는 무엇입니까?,라틴어,official_language,441,676
머시아 왕국에서 주 언어는 무엇입니까?,라틴어,official_language,441,676
머시아 왕국에서 공식적인 지위를 가진 언어는 무엇입니까?,라틴어,official_language,441,676
머시아 왕국에서 공식으로 인정된 언어는 무엇입니까?,라틴어,official_language,441,676
유타주의 공식 언어는 무엇입니까?,영어,official_language,442,677
유타주에서 공식으로 사용되는 언어는 무엇입니까?,영어,official_language,442,677
유타주에서 주 언어는 무엇입니까?,영어,official_language,442,677
유타주에서 공식적인 지위를 가진 언어는 무엇입니까?,영어,official_language,442,677
유타주에서 공식으로 인정된 언어는 무엇입니까?,영어,official_language,442,677
트란스발 공화국의 공식 언어는 무엇입니까?,네덜란드어,official_language,443,678
트란스발 공화국에서 공식으로 사용되는 언어는 무엇입니까?,네덜란드어,official_language,443,678
트란스발 공화국에서 주 언어는 무엇입니까?,네덜란드어,official_language,443,678
트란스발 공화국에서 공식적인 지위를 가진 언어는 무엇입니까?,네덜란드어,official_language,443,678
트란스발 공화국에서 공식으로 인정된 언어는 무엇입니까?,네덜란드어,official_language,443,678
던디의 공식 언어는 무엇입니까?,스코트어,official_language,444,679
던디에서 공식으로 사용되는 언어는 무엇입니까?,스코트어,official_language,444,679
던디에서 주 언어는 무엇입니까?,스코트어,official_language,444,679
던디에서 공식적인 지위를 가진 언어는 무엇입니까?,스코트어,official_language,444,679
던디에서 공식으로 인정된 언어는 무엇입니까?,스코트어,official_language,444,679
코우볼라의 공식 언어는 무엇입니까?,핀란드어,official_language,445,680
코우볼라에서 공식으로 사용되는 언어는 무엇입니까?,핀란드어,official_language,445,680
코우볼라에서 주 언어는 무엇입니까?,핀란드어,official_language,445,680
코우볼라에서 공식적인 지위를 가진 언어는 무엇입니까?,핀란드어,official_language,445,680
코우볼라에서 공식으로 인정된 언어는 무엇입니까?,핀란드어,official_language,445,680
영국 위임통치령 팔레스타인의 공식 언어는 무엇입니까?,영어,official_language,446,681
영국 위임통치령 팔레스타인에서 공식으로 사용되는 언어는 무엇입니까?,영어,official_language,446,681
영국 위임통치령 팔레스타인에서 주 언어는 무엇입니까?,영어,official_language,446,681
영국 위임통치령 팔레스타인에서 공식적인 지위를 가진 언어는 무엇입니까?,영어,official_language,446,681
영국 위임통치령 팔레스타인에서 공식으로 인정된 언어는 무엇입니까?,영어,official_language,446,681
크라스노다르 지방의 공식 언어는 무엇입니까?,러시아어,official_language,447,682
크라스노다르 지방에서 공식으로 사용되는 언어는 무엇입니까?,러시아어,official_language,447,682
크라스노다르 지방에서 주 언어는 무엇입니까?,러시아어,official_language,447,682
크라스노다르 지방에서 공식적인 지위를 가진 언어는 무엇입니까?,러시아어,official_language,447,682
크라스노다르 지방에서 공식으로 인정된 언어는 무엇입니까?,러시아어,official_language,447,682
토고의 공식 언어는 무엇입니까?,프랑스어,official_language,448,683
토고에서 공식으로 사용되는 언어는 무엇입니까?,프랑스어,official_language,448,683
토고에서 주 언어는 무엇입니까?,프랑스어,official_language,448,683
토고에서 공식적인 지위를 가진 언어는 무엇입니까?,프랑스어,official_language,448,683
토고에서 공식으로 인정된 언어는 무엇입니까?,프랑스어,official_language,448,683
바젤란트주의 공식 언어는 무엇입니까?,독일어,official_language,449,684
바젤란트주에서 공식으로 사용되는 언어는 무엇입니까?,독일어,official_language,449,684
바젤란트주에서 주 언어는 무엇입니까?,독일어,official_language,449,684
바젤란트주에서 공식적인 지위를 가진 언어는 무엇입니까?,독일어,official_language,449,684
바젤란트주에서 공식으로 인정된 언어는 무엇입니까?,독일어,official_language,449,684
잠비아의 공식 언어는 무엇입니까?,영어,official_language,450,685
잠비아에서 공식으로 사용되는 언어는 무엇입니까?,영어,official_language,450,685
잠비아에서 주 언어는 무엇입니까?,영어,official_language,450,685
잠비아에서 공식적인 지위를 가진 언어는 무엇입니까?,영어,official_language,450,685
잠비아에서 공식으로 인정된 언어는 무엇입니까?,영어,official_language,450,685
라이베리아의 공식 언어는 무엇입니까?,영어,official_language,451,686
라이베리아에서 공식으로 사용되는 언어는 무엇입니까?,영어,official_language,451,686
라이베리아에서 주 언어는 무엇입니까?,영어,official_language,451,686
라이베리아에서 공식적인 지위를 가진 언어는 무엇입니까?,영어,official_language,451,686
라이베리아에서 공식으로 인정된 언어는 무엇입니까?,영어,official_language,451,686
프린스에드워드아일랜드주의 공식 언어는 무엇입니까?,영어,official_language,452,687
프린스에드워드아일랜드주에서 공식으로 사용되는 언어는 무엇입니까?,영어,official_language,452,687
프린스에드워드아일랜드주에서 주 언어는 무엇입니까?,영어,official_language,452,687
프린스에드워드아일랜드주에서 공식적인 지위를 가진 언어는 무엇입니까?,영어,official_language,452,687
프린스에드워드아일랜드주에서 공식으로 인정된 언어는 무엇입니까?,영어,official_language,452,687
코소보의 공식 언어는 무엇입니까?,세르비아어,official_language,453,688
코소보에서 공식으로 사용되는 언어는 무엇입니까?,세르비아어,official_language,453,688
코소보에서 주 언어는 무엇입니까?,세르비아어,official_language,453,688
코소보에서 공식적인 지위를 가진 언어는 무엇입니까?,세르비아어,official_language,453,688
코소보에서 공식으로 인정된 언어는 무엇입니까?,세르비아어,official_language,453,688
미콜라이우주의 공식 언어는 무엇입니까?,우크라이나어,official_language,454,689
미콜라이우주에서 공식으로 사용되는 언어는 무엇입니까?,우크라이나어,official_language,454,689
미콜라이우주에서 주 언어는 무엇입니까?,우크라이나어,official_language,454,689
미콜라이우주에서 공식적인 지위를 가진 언어는 무엇입니까?,우크라이나어,official_language,454,689
미콜라이우주에서 공식으로 인정된 언어는 무엇입니까?,우크라이나어,official_language,454,689
말라위의 공식 언어는 무엇입니까?,영어,official_language,455,690
말라위에서 공식으로 사용되는 언어는 무엇입니까?,영어,official_language,455,690
말라위에서 주 언어는 무엇입니까?,영어,official_language,455,690
말라위에서 공식적인 지위를 가진 언어는 무엇입니까?,영어,official_language,455,690
말라위에서 공식으로 인정된 언어는 무엇입니까?,영어,official_language,455,690
투르쿠의 공식 언어는 무엇입니까?,핀란드어,official_language,456,691
투르쿠에서 공식으로 사용되는 언어는 무엇입니까?,핀란드어,official_language,456,691
투르쿠에서 주 언어는 무엇입니까?,핀란드어,official_language,456,691
투르쿠에서 공식적인 지위를 가진 언어는 무엇입니까?,핀란드어,official_language,456,691
투르쿠에서 공식으로 인정된 언어는 무엇입니까?,핀란드어,official_language,456,691
국제 올림픽 위원회의 공식 언어는 무엇입니까?,프랑스어,official_language,457,692
국제 올림픽 위원회에서 공식으로 사용되는 언어는 무엇입니까?,프랑스어,official_language,457,692
국제 올림픽 위원회에서 주 언어는 무엇입니까?,프랑스어,official_language,457,692
국제 올림픽 위원회에서 공식적인 지위를 가진 언어는 무엇입니까?,프랑스어,official_language,457,692
국제 올림픽 위원회에서 공식으로 인정된 언어는 무엇입니까?,프랑스어,official_language,457,692
앙골라의 공식 언어는 무엇입니까?,포르투갈어,official_language,458,693
앙골라에서 공식으로 사용되는 언어는 무엇입니까?,포르투갈어,official_language,458,693
앙골라에서 주 언어는 무엇입니까?,포르투갈어,official_language,458,693
앙골라에서 공식적인 지위를 가진 언어는 무엇입니까?,포르투갈어,official_language,458,693
앙골라에서 공식으로 인정된 언어는 무엇입니까?,포르투갈어,official_language,458,693
투르쿠의 공식 언어는 무엇입니까?,스웨덴어,official_language,459,694
투르쿠에서 공식으로 사용되는 언어는 무엇입니까?,스웨덴어,official_language,459,694
투르쿠에서 주 언어는 무엇입니까?,스웨덴어,official_language,459,694
투르쿠에서 공식적인 지위를 가진 언어는 무엇입니까?,스웨덴어,official_language,459,694
투르쿠에서 공식으로 인정된 언어는 무엇입니까?,스웨덴어,official_language,459,694
잠셰드푸르의 공식 언어는 무엇입니까?,영어,official_language,460,695
잠셰드푸르에서 공식으로 사용되는 언어는 무엇입니까?,영어,official_language,460,695
잠셰드푸르에서 주 언어는 무엇입니까?,영어,official_language,460,695
잠셰드푸르에서 공식적인 지위를 가진 언어는 무엇입니까?,영어,official_language,460,695
잠셰드푸르에서 공식으로 인정된 언어는 무엇입니까?,영어,official_language,460,695
버뮤다의 공식 언어는 무엇입니까?,영어,official_language,461,696
버뮤다에서 공식으로 사용되는 언어는 무엇입니까?,영어,official_language,461,696
버뮤다에서 주 언어는 무엇입니까?,영어,official_language,461,696
버뮤다에서 공식적인 지위를 가진 언어는 무엇입니까?,영어,official_language,461,696
버뮤다에서 공식으로 인정된 언어는 무엇입니까?,영어,official_language,461,696
포르멘테라섬의 공식 언어는 무엇입니까?,카탈루냐어,official_language,462,697
포르멘테라섬에서 공식으로 사용되는 언어는 무엇입니까?,카탈루냐어,official_language,462,697
포르멘테라섬에서 주 언어는 무엇입니까?,카탈루냐어,official_language,462,697
포르멘테라섬에서 공식적인 지위를 가진 언어는 무엇입니까?,카탈루냐어,official_language,462,697
포르멘테라섬에서 공식으로 인정된 언어는 무엇입니까?,카탈루냐어,official_language,462,697
보네르섬의 공식 언어는 무엇입니까?,네덜란드어,official_language,463,698
보네르섬에서 공식으로 사용되는 언어는 무엇입니까?,네덜란드어,official_language,463,698
보네르섬에서 주 언어는 무엇입니까?,네덜란드어,official_language,463,698
보네르섬에서 공식적인 지위를 가진 언어는 무엇입니까?,네덜란드어,official_language,463,698
보네르섬에서 공식으로 인정된 언어는 무엇입니까?,네덜란드어,official_language,463,698
수단의 공식 언어는 무엇입니까?,영어,official_language,464,699
수단에서 공식으로 사용되는 언어는 무엇입니까?,영어,official_language,464,699
수단에서 주 언어는 무엇입니까?,영어,official_language,464,699
수단에서 공식적인 지위를 가진 언어는 무엇입니까?,영어,official_language,464,699
수단에서 공식으로 인정된 언어는 무엇입니까?,영어,official_language,464,699
소련의 공식 언어는 무엇입니까?,러시아어,official_language,465,700
소련에서 공식으로 사용되는 언어는 무엇입니까?,러시아어,official_language,465,700
소련에서 주 언어는 무엇입니까?,러시아어,official_language,465,700
소련에서 공식적인 지위를 가진 언어는 무엇입니까?,러시아어,official_language,465,700
소련에서 공식으로 인정된 언어는 무엇입니까?,러시아어,official_language,465,700
서스캐처원주의 공식 언어는 무엇입니까?,프랑스어,official_language,466,701
서스캐처원주에서 공식으로 사용되는 언어는 무엇입니까?,프랑스어,official_language,466,701
서스캐처원주에서 주 언어는 무엇입니까?,프랑스어,official_language,466,701
서스캐처원주에서 공식적인 지위를 가진 언어는 무엇입니까?,프랑스어,official_language,466,701
서스캐처원주에서 공식으로 인정된 언어는 무엇입니까?,프랑스어,official_language,466,701
아루바의 공식 언어는 무엇입니까?,네덜란드어,official_language,467,702
아루바에서 공식으로 사용되는 언어는 무엇입니까?,네덜란드어,official_language,467,702
아루바에서 주 언어는 무엇입니까?,네덜란드어,official_language,467,702
아루바에서 공식적인 지위를 가진 언어는 무엇입니까?,네덜란드어,official_language,467,702
아루바에서 공식으로 인정된 언어는 무엇입니까?,네덜란드어,official_language,467,702
몬트세랫의 공식 언어는 무엇입니까?,영어,official_language,468,703
몬트세랫에서 공식으로 사용되는 언어는 무엇입니까?,영어,official_language,468,703
몬트세랫에서 주 언어는 무엇입니까?,영어,official_language,468,703
몬트세랫에서 공식적인 지위를 가진 언어는 무엇입니까?,영어,official_language,468,703
몬트세랫에서 공식으로 인정된 언어는 무엇입니까?,영어,official_language,468,703
소말리아의 공식 언어는 무엇입니까?,소말리어,official_language,469,704
소말리아에서 공식으로 사용되는 언어는 무엇입니까?,소말리어,official_language,469,704
소말리아에서 주 언어는 무엇입니까?,소말리어,official_language,469,704
소말리아에서 공식적인 지위를 가진 언어는 무엇입니까?,소말리어,official_language,469,704
소말리아에서 공식으로 인정된 언어는 무엇입니까?,소말리어,official_language,469,704
유럽 안보 협력 기구의 공식 언어는 무엇입니까?,스페인어,official_language,470,705
유럽 안보 협력 기구에서 공식으로 사용되는 언어는 무엇입니까?,스페인어,official_language,470,705
유럽 안보 협력 기구에서 주 언어는 무엇입니까?,스페인어,official_language,470,705
유럽 안보 협력 기구에서 공식적인 지위를 가진 언어는 무엇입니까?,스페인어,official_language,470,705
유럽 안보 협력 기구에서 공식으로 인정된 언어는 무엇입니까?,스페인어,official_language,470,705
카라차예보체르케스카야 공화국의 공식 언어는 무엇입니까?,러시아어,official_language,471,706
카라차예보체르케스카야 공화국에서 공식으로 사용되는 언어는 무엇입니까?,러시아어,official_language,471,706
카라차예보체르케스카야 공화국에서 주 언어는 무엇입니까?,러시아어,official_language,471,706
카라차예보체르케스카야 공화국에서 공식적인 지위를 가진 언어는 무엇입니까?,러시아어,official_language,471,706
카라차예보체르케스카야 공화국에서 공식으로 인정된 언어는 무엇입니까?,러시아어,official_language,471,706
헬싱키의 공식 언어는 무엇입니까?,스웨덴어,official_language,472,707
헬싱키에서 공식으로 사용되는 언어는 무엇입니까?,스웨덴어,official_language,472,707
헬싱키에서 주 언어는 무엇입니까?,스웨덴어,official_language,472,707
헬싱키에서 공식적인 지위를 가진 언어는 무엇입니까?,스웨덴어,official_language,472,707
헬싱키에서 공식으로 인정된 언어는 무엇입니까?,스웨덴어,official_language,472,707
유럽 우주국의 공식 언어는 무엇입니까?,영어,official_language,473,708
유럽 우주국에서 공식으로 사용되는 언어는 무엇입니까?,영어,official_language,473,708
유럽 우주국에서 주 언어는 무엇입니까?,영어,official_language,473,708
유럽 우주국에서 공식적인 지위를 가진 언어는 무엇입니까?,영어,official_language,473,708
유럽 우주국에서 공식으로 인정된 언어는 무엇입니까?,영어,official_language,473,708
애리조나주의 공식 언어는 무엇입니까?,영어,official_language,474,709
애리조나주에서 공식으로 사용되는 언어는 무엇입니까?,영어,official_language,474,709
애리조나주에서 주 언어는 무엇입니까?,영어,official_language,474,709
애리조나주에서 공식적인 지위를 가진 언어는 무엇입니까?,영어,official_language,474,709
애리조나주에서 공식으로 인정된 언어는 무엇입니까?,영어,official_language,474,709
카즈빈주의 공식 언어는 무엇입니까?,아제르바이잔어,official_language,475,710
카즈빈주에서 공식으로 사용되는 언어는 무엇입니까?,아제르바이잔어,official_language,475,710
카즈빈주에서 주 언어는 무엇입니까?,아제르바이잔어,official_language,475,710
카즈빈주에서 공식적인 지위를 가진 언어는 무엇입니까?,아제르바이잔어,official_language,475,710
카즈빈주에서 공식으로 인정된 언어는 무엇입니까?,아제르바이잔어,official_language,475,710
몽골의 공식 언어는 무엇입니까?,몽골어,official_language,476,711
몽골에서 공식으로 사용되는 언어는 무엇입니까?,몽골어,official_language,476,711
몽골에서 주 언어는 무엇입니까?,몽골어,official_language,476,711
몽골에서 공식적인 지위를 가진 언어는 무엇입니까?,몽골어,official_language,476,711
몽골에서 공식으로 인정된 언어는 무엇입니까?,몽골어,official_language,476,711
유럽 연합의 공식 언어는 무엇입니까?,라트비아어,official_language,477,712
유럽 연합에서 공식으로 사용되는 언어는 무엇입니까?,라트비아어,official_language,477,712
유럽 연합에서 주 언어는 무엇입니까?,라트비아어,official_language,477,712
유럽 연합에서 공식적인 지위를 가진 언어는 무엇입니까?,라트비아어,official_language,477,712
유럽 연합에서 공식으로 인정된 언어는 무엇입니까?,라트비아어,official_language,477,712
시에라리온의 공식 언어는 무엇입니까?,영어,official_language,478,713
시에라리온에서 공식으로 사용되는 언어는 무엇입니까?,영어,official_language,478,713
시에라리온에서 주 언어는 무엇입니까?,영어,official_language,478,713
시에라리온에서 공식적인 지위를 가진 언어는 무엇입니까?,영어,official_language,478,713
시에라리온에서 공식으로 인정된 언어는 무엇입니까?,영어,official_language,478,713
이비사섬의 공식 언어는 무엇입니까?,카탈루냐어,official_language,479,714
이비사섬에서 공식으로 사용되는 언어는 무엇입니까?,카탈루냐어,official_language,479,714
이비사섬에서 주 언어는 무엇입니까?,카탈루냐어,official_language,479,714
이비사섬에서 공식적인 지위를 가진 언어는 무엇입니까?,카탈루냐어,official_language,479,714
이비사섬에서 공식으로 인정된 언어는 무엇입니까?,카탈루냐어,official_language,479,714
파라과이의 공식 언어는 무엇입니까?,스페인어,official_language,480,715
파라과이에서 공식으로 사용되는 언어는 무엇입니까?,스페인어,official_language,480,715
파라과이에서 주 언어는 무엇입니까?,스페인어,official_language,480,715
파라과이에서 공식적인 지위를 가진 언어는 무엇입니까?,스페인어,official_language,480,715
파라과이에서 공식으로 인정된 언어는 무엇입니까?,스페인어,official_language,480,715
바시키르 공화국의 공식 언어는 무엇입니까?,러시아어,official_language,481,716
바시키르 공화국에서 공식으로 사용되는 언어는 무엇입니까?,러시아어,official_language,481,716
바시키르 공화국에서 주 언어는 무엇입니까?,러시아어,official_language,481,716
바시키르 공화국에서 공식적인 지위를 가진 언어는 무엇입니까?,러시아어,official_language,481,716
바시키르 공화국에서 공식으로 인정된 언어는 무엇입니까?,러시아어,official_language,481,716
인도네시아의 공식 언어는 무엇입니까?,인도네시아어,official_language,482,717
인도네시아에서 공식으로 사용되는 언어는 무엇입니까?,인도네시아어,official_language,482,717
인도네시아에서 주 언어는 무엇입니까?,인도네시아어,official_language,482,717
인도네시아에서 공식적인 지위를 가진 언어는 무엇입니까?,인도네시아어,official_language,482,717
인도네시아에서 공식으로 인정된 언어는 무엇입니까?,인도네시아어,official_language,482,717
모나코의 공식 언어는 무엇입니까?,프랑스어,official_language,483,718
모나코에서 공식으로 사용되는 언어는 무엇입니까?,프랑스어,official_language,483,718
모나코에서 주 언어는 무엇입니까?,프랑스어,official_language,483,718
모나코에서 공식적인 지위를 가진 언어는 무엇입니까?,프랑스어,official_language,483,718
모나코에서 공식으로 인정된 언어는 무엇입니까?,프랑스어,official_language,483,718
자바이칼 지방의 공식 언어는 무엇입니까?,러시아어,official_language,484,719
자바이칼 지방에서 공식으로 사용되는 언어는 무엇입니까?,러시아어,official_language,484,719
자바이칼 지방에서 주 언어는 무엇입니까?,러시아어,official_language,484,719
자바이칼 지방에서 공식적인 지위를 가진 언어는 무엇입니까?,러시아어,official_language,484,719
자바이칼 지방에서 공식으로 인정된 언어는 무엇입니까?,러시아어,official_language,484,719
북마리아나 제도의 공식 언어는 무엇입니까?,영어,official_language,485,720
북마리아나 제도에서 공식으로 사용되는 언어는 무엇입니까?,영어,official_language,485,720
북마리아나 제도에서 주 언어는 무엇입니까?,영어,official_language,485,720
북마리아나 제도에서 공식적인 지위를 가진 언어는 무엇입니까?,영어,official_language,485,720
북마리아나 제도에서 공식으로 인정된 언어는 무엇입니까?,영어,official_language,485,720
아제르바이잔의 공식 언어는 무엇입니까?,아제르바이잔어,official_language,486,721
아제르바이잔에서 공식으로 사용되는 언어는 무엇입니까?,아제르바이잔어,official_language,486,721
아제르바이잔에서 주 언어는 무엇입니까?,아제르바이잔어,official_language,486,721
아제르바이잔에서 공식적인 지위를 가진 언어는 무엇입니까?,아제르바이잔어,official_language,486,721
아제르바이잔에서 공식으로 인정된 언어는 무엇입니까?,아제르바이잔어,official_language,486,721
보주의 공식 언어는 무엇입니까?,프랑스어,official_language,487,722
보주에서 공식으로 사용되는 언어는 무엇입니까?,프랑스어,official_language,487,722
보주에서 주 언어는 무엇입니까?,프랑스어,official_language,487,722
보주에서 공식적인 지위를 가진 언어는 무엇입니까?,프랑스어,official_language,487,722
보주에서 공식으로 인정된 언어는 무엇입니까?,프랑스어,official_language,487,722
싱가포르의 공식 언어는 무엇입니까?,영어,official_language,488,723
싱가포르에서 공식으로 사용되는 언어는 무엇입니까?,영어,official_language,488,723
싱가포르에서 주 언어는 무엇입니까?,영어,official_language,488,723
싱가포르에서 공식적인 지위를 가진 언어는 무엇입니까?,영어,official_language,488,723
싱가포르에서 공식으로 인정된 언어는 무엇입니까?,영어,official_language,488,723
경제협력개발기구의 공식 언어는 무엇입니까?,프랑스어,official_language,489,724
경제협력개발기구에서 공식으로 사용되는 언어는 무엇입니까?,프랑스어,official_language,489,724
경제협력개발기구에서 주 언어는 무엇입니까?,프랑스어,official_language,489,724
경제협력개발기구에서 공식적인 지위를 가진 언어는 무엇입니까?,프랑스어,official_language,489,724
경제협력개발기구에서 공식으로 인정된 언어는 무엇입니까?,프랑스어,official_language,489,724
베른의 공식 언어는 무엇입니까?,독일어,official_language,490,725
베른에서 공식으로 사용되는 언어는 무엇입니까?,독일어,official_language,490,725
베른에서 주 언어는 무엇입니까?,독일어,official_language,490,725
베른에서 공식적인 지위를 가진 언어는 무엇입니까?,독일어,official_language,490,725
베른에서 공식으로 인정된 언어는 무엇입니까?,독일어,official_language,490,725
첸나이의 공식 언어는 무엇입니까?,타밀어,official_language,491,726
첸나이에서 공식으로 사용되는 언어는 무엇입니까?,타밀어,official_language,491,726
첸나이에서 주 언어는 무엇입니까?,타밀어,official_language,491,726
첸나이에서 공식적인 지위를 가진 언어는 무엇입니까?,타밀어,official_language,491,726
첸나이에서 공식으로 인정된 언어는 무엇입니까?,타밀어,official_language,491,726
피지의 공식 언어는 무엇입니까?,영어,official_language,492,727
피지에서 공식으로 사용되는 언어는 무엇입니까?,영어,official_language,492,727
피지에서 주 언어는 무엇입니까?,영어,official_language,492,727
피지에서 공식적인 지위를 가진 언어는 무엇입니까?,영어,official_language,492,727
피지에서 공식으로 인정된 언어는 무엇입니까?,영어,official_language,492,727
인도의 공식 언어는 무엇입니까?,힌디어,official_language,493,728
인도에서 공식으로 사용되는 언어는 무엇입니까?,힌디어,official_language,493,728
인도에서 주 언어는 무엇입니까?,힌디어,official_language,493,728
인도에서 공식적인 지위를 가진 언어는 무엇입니까?,힌디어,official_language,493,728
인도에서 공식으로 인정된 언어는 무엇입니까?,힌디어,official_language,493,728
캐나다의 공식 언어는 무엇입니까?,영어,official_language,494,729
캐나다에서 공식으로 사용되는 언어는 무엇입니까?,영어,official_language,494,729
캐나다에서 주 언어는 무엇입니까?,영어,official_language,494,729
캐나다에서 공식적인 지위를 가진 언어는 무엇입니까?,영어,official_language,494,729
캐나다에서 공식으로 인정된 언어는 무엇입니까?,영어,official_language,494,729
몽골 인민공화국의 공식 언어는 무엇입니까?,몽골어,official_language,495,730
몽골 인민공화국에서 공식으로 사용되는 언어는 무엇입니까?,몽골어,official_language,495,730
몽골 인민공화국에서 주 언어는 무엇입니까?,몽골어,official_language,495,730
몽골 인민공화국에서 공식적인 지위를 가진 언어는 무엇입니까?,몽골어,official_language,495,730
몽골 인민공화국에서 공식으로 인정된 언어는 무엇입니까?,몽골어,official_language,495,730
유엔의 공식 언어는 무엇입니까?,러시아어,official_language,496,731
유엔에서 공식으로 사용되는 언어는 무엇입니까?,러시아어,official_language,496,731
유엔에서 주 언어는 무엇입니까?,러시아어,official_language,496,731
유엔에서 공식적인 지위를 가진 언어는 무엇입니까?,러시아어,official_language,496,731
유엔에서 공식으로 인정된 언어는 무엇입니까?,러시아어,official_language,496,731
부룬디의 공식 언어는 무엇입니까?,프랑스어,official_language,497,732
부룬디에서 공식으로 사용되는 언어는 무엇입니까?,프랑스어,official_language,497,732
부룬디에서 주 언어는 무엇입니까?,프랑스어,official_language,497,732
부룬디에서 공식적인 지위를 가진 언어는 무엇입니까?,프랑스어,official_language,497,732
부룬디에서 공식으로 인정된 언어는 무엇입니까?,프랑스어,official_language,497,732
티루바난타푸람의 공식 언어는 무엇입니까?,말라얄람어,official_language,498,733
티루바난타푸람에서 공식으로 사용되는 언어는 무엇입니까?,말라얄람어,official_language,498,733
티루바난타푸람에서 주 언어는 무엇입니까?,말라얄람어,official_language,498,733
티루바난타푸람에서 공식적인 지위를 가진 언어는 무엇입니까?,말라얄람어,official_language,498,733
티루바난타푸람에서 공식으로 인정된 언어는 무엇입니까?,말라얄람어,official_language,498,733
국제 올림픽 위원회의 공식 언어는 무엇입니까?,영어,official_language,499,734
국제 올림픽 위원회에서 공식으로 사용되는 언어는 무엇입니까?,영어,official_language,499,734
국제 올림픽 위원회에서 주 언어는 무엇입니까?,영어,official_language,499,734
국제 올림픽 위원회에서 공식적인 지위를 가진 언어는 무엇입니까?,영어,official_language,499,734
국제 올림픽 위원회에서 공식으로 인정된 언어는 무엇입니까?,영어,official_language,499,734
자이르의 공식 언어는 무엇입니까?,프랑스어,official_language,500,735
자이르에서 공식으로 사용되는 언어는 무엇입니까?,프랑스어,official_language,500,735
자이르에서 주 언어는 무엇입니까?,프랑스어,official_language,500,735
자이르에서 공식적인 지위를 가진 언어는 무엇입니까?,프랑스어,official_language,500,735
자이르에서 공식으로 인정된 언어는 무엇입니까?,프랑스어,official_language,500,735
북아일랜드의 공식 언어는 무엇입니까?,영어,official_language,501,736
북아일랜드에서 공식으로 사용되는 언어는 무엇입니까?,영어,official_language,501,736
북아일랜드에서 주 언어는 무엇입니까?,영어,official_language,501,736
북아일랜드에서 공식적인 지위를 가진 언어는 무엇입니까?,영어,official_language,501,736
북아일랜드에서 공식으로 인정된 언어는 무엇입니까?,영어,official_language,501,736
말리의 공식 언어는 무엇입니까?,프랑스어,official_language,502,737
말리에서 공식으로 사용되는 언어는 무엇입니까?,프랑스어,official_language,502,737
말리에서 주 언어는 무엇입니까?,프랑스어,official_language,502,737
말리에서 공식적인 지위를 가진 언어는 무엇입니까?,프랑스어,official_language,502,737
말리에서 공식으로 인정된 언어는 무엇입니까?,프랑스어,official_language,502,737
세인트키츠 네비스의 공식 언어는 무엇입니까?,영어,official_language,503,738
세인트키츠 네비스에서 공식으로 사용되는 언어는 무엇입니까?,영어,official_language,503,738
세인트키츠 네비스에서 주 언어는 무엇입니까?,영어,official_language,503,738
세인트키츠 네비스에서 공식적인 지위를 가진 언어는 무엇입니까?,영어,official_language,503,738
세인트키츠 네비스에서 공식으로 인정된 언어는 무엇입니까?,영어,official_language,503,738
포르멘테라섬의 공식 언어는 무엇입니까?,스페인어,official_language,504,739
포르멘테라섬에서 공식으로 사용되는 언어는 무엇입니까?,스페인어,official_language,504,739
포르멘테라섬에서 주 언어는 무엇입니까?,스페인어,official_language,504,739
포르멘테라섬에서 공식적인 지위를 가진 언어는 무엇입니까?,스페인어,official_language,504,739
포르멘테라섬에서 공식으로 인정된 언어는 무엇입니까?,스페인어,official_language,504,739
사바섬의 공식 언어는 무엇입니까?,영어,official_language,505,740
사바섬에서 공식으로 사용되는 언어는 무엇입니까?,영어,official_language,505,740
사바섬에서 주 언어는 무엇입니까?,영어,official_language,505,740
사바섬에서 공식적인 지위를 가진 언어는 무엇입니까?,영어,official_language,505,740
사바섬에서 공식으로 인정된 언어는 무엇입니까?,영어,official_language,505,740
오데사주의 공식 언어는 무엇입니까?,우크라이나어,official_language,506,741
오데사주에서 공식으로 사용되는 언어는 무엇입니까?,우크라이나어,official_language,506,741
오데사주에서 주 언어는 무엇입니까?,우크라이나어,official_language,506,741
오데사주에서 공식적인 지위를 가진 언어는 무엇입니까?,우크라이나어,official_language,506,741
오데사주에서 공식으로 인정된 언어는 무엇입니까?,우크라이나어,official_language,506,741
룩셈부르크의 공식 언어는 무엇입니까?,독일어,official_language,507,742
룩셈부르크에서 공식으로 사용되는 언어는 무엇입니까?,독일어,official_language,507,742
룩셈부르크에서 주 언어는 무엇입니까?,독일어,official_language,507,742
룩셈부르크에서 공식적인 지위를 가진 언어는 무엇입니까?,독일어,official_language,507,742
룩셈부르크에서 공식으로 인정된 언어는 무엇입니까?,독일어,official_language,507,742
유럽 연합의 공식 언어는 무엇입니까?,덴마크어,official_language,508,743
유럽 연합에서 공식으로 사용되는 언어는 무엇입니까?,덴마크어,official_language,508,743
유럽 연합에서 주 언어는 무엇입니까?,덴마크어,official_language,508,743
유럽 연합에서 공식적인 지위를 가진 언어는 무엇입니까?,덴마크어,official_language,508,743
유럽 연합에서 공식으로 인정된 언어는 무엇입니까?,덴마크어,official_language,508,743
쥐라주의 공식 언어는 무엇입니까?,프랑스어,official_language,509,744
쥐라주에서 공식으로 사용되는 언어는 무엇입니까?,프랑스어,official_language,509,744
쥐라주에서 주 언어는 무엇입니까?,프랑스어,official_language,509,744
쥐라주에서 공식적인 지위를 가진 언어는 무엇입니까?,프랑스어,official_language,509,744
쥐라주에서 공식으로 인정된 언어는 무엇입니까?,프랑스어,official_language,509,744
알바니아의 공식 언어는 무엇입니까?,알바니아어,official_language,510,745
알바니아에서 공식으로 사용되는 언어는 무엇입니까?,알바니아어,official_language,510,745
알바니아에서 주 언어는 무엇입니까?,알바니아어,official_language,510,745
알바니아에서 공식적인 지위를 가진 언어는 무엇입니까?,알바니아어,official_language,510,745
알바니아에서 공식으로 인정된 언어는 무엇입니까?,알바니아어,official_language,510,745
키프로스의 공식 언어는 무엇입니까?,터키어,official_language,511,746
키프로스에서 공식으로 사용되는 언어는 무엇입니까?,터키어,official_language,511,746
키프로스에서 주 언어는 무엇입니까?,터키어,official_language,511,746
키프로스에서 공식적인 지위를 가진 언어는 무엇입니까?,터키어,official_language,511,746
키프로스에서 공식으로 인정된 언어는 무엇입니까?,터키어,official_language,511,746
라트비아의 공식 언어는 무엇입니까?,라트비아어,official_language,512,747
라트비아에서 공식으로 사용되는 언어는 무엇입니까?,라트비아어,official_language,512,747
라트비아에서 주 언어는 무엇입니까?,라트비아어,official_language,512,747
라트비아에서 공식적인 지위를 가진 언어는 무엇입니까?,라트비아어,official_language,512,747
라트비아에서 공식으로 인정된 언어는 무엇입니까?,라트비아어,official_language,512,747
다게스탄 공화국의 공식 언어는 무엇입니까?,러시아어,official_language,513,748
다게스탄 공화국에서 공식으로 사용되는 언어는 무엇입니까?,러시아어,official_language,513,748
다게스탄 공화국에서 주 언어는 무엇입니까?,러시아어,official_language,513,748
다게스탄 공화국에서 공식적인 지위를 가진 언어는 무엇입니까?,러시아어,official_language,513,748
다게스탄 공화국에서 공식으로 인정된 언어는 무엇입니까?,러시아어,official_language,513,748
독립국가연합의 공식 언어는 무엇입니까?,러시아어,official_language,514,749
독립국가연합에서 공식으로 사용되는 언어는 무엇입니까?,러시아어,official_language,514,749
독립국가연합에서 주 언어는 무엇입니까?,러시아어,official_language,514,749
독립국가연합에서 공식적인 지위를 가진 언어는 무엇입니까?,러시아어,official_language,514,749
독립국가연합에서 공식으로 인정된 언어는 무엇입니까?,러시아어,official_language,514,749
북대서양 조약 기구의 공식 언어는 무엇입니까?,프랑스어,official_language,515,750
북대서양 조약 기구에서 공식으로 사용되는 언어는 무엇입니까?,프랑스어,official_language,515,750
북대서양 조약 기구에서 주 언어는 무엇입니까?,프랑스어,official_language,515,750
북대서양 조약 기구에서 공식적인 지위를 가진 언어는 무엇입니까?,프랑스어,official_language,515,750
북대서양 조약 기구에서 공식으로 인정된 언어는 무엇입니까?,프랑스어,official_language,515,750
생피에르 미클롱의 공식 언어는 무엇입니까?,프랑스어,official_language,516,751
생피에르 미클롱에서 공식으로 사용되는 언어는 무엇입니까?,프랑스어,official_language,516,751
생피에르 미클롱에서 주 언어는 무엇입니까?,프랑스어,official_language,516,751
생피에르 미클롱에서 공식적인 지위를 가진 언어는 무엇입니까?,프랑스어,official_language,516,751
생피에르 미클롱에서 공식으로 인정된 언어는 무엇입니까?,프랑스어,official_language,516,751
보팔의 공식 언어는 무엇입니까?,힌디어,official_language,517,752
보팔에서 공식으로 사용되는 언어는 무엇입니까?,힌디어,official_language,517,752
보팔에서 주 언어는 무엇입니까?,힌디어,official_language,517,752
보팔에서 공식적인 지위를 가진 언어는 무엇입니까?,힌디어,official_language,517,752
보팔에서 공식으로 인정된 언어는 무엇입니까?,힌디어,official_language,517,752
아르메니아의 공식 언어는 무엇입니까?,아르메니아어,official_language,518,753
아르메니아에서 공식으로 사용되는 언어는 무엇입니까?,아르메니아어,official_language,518,753
아르메니아에서 주 언어는 무엇입니까?,아르메니아어,official_language,518,753
아르메니아에서 공식적인 지위를 가진 언어는 무엇입니까?,아르메니아어,official_language,518,753
아르메니아에서 공식으로 인정된 언어는 무엇입니까?,아르메니아어,official_language,518,753
웨스턴케이프주의 공식 언어는 무엇입니까?,영어,official_language,519,754
웨스턴케이프주에서 공식으로 사용되는 언어는 무엇입니까?,영어,official_language,519,754
웨스턴케이프주에서 주 언어는 무엇입니까?,영어,official_language,519,754
웨스턴케이프주에서 공식적인 지위를 가진 언어는 무엇입니까?,영어,official_language,519,754
웨스턴케이프주에서 공식으로 인정된 언어는 무엇입니까?,영어,official_language,519,754
불가리아 왕국의 공식 언어는 무엇입니까?,불가리아어,official_language,520,755
불가리아 왕국에서 공식으로 사용되는 언어는 무엇입니까?,불가리아어,official_language,520,755
불가리아 왕국에서 주 언어는 무엇입니까?,불가리아어,official_language,520,755
불가리아 왕국에서 공식적인 지위를 가진 언어는 무엇입니까?,불가리아어,official_language,520,755
불가리아 왕국에서 공식으로 인정된 언어는 무엇입니까?,불가리아어,official_language,520,755
가봉의 공식 언어는 무엇입니까?,프랑스어,official_language,521,756
가봉에서 공식으로 사용되는 언어는 무엇입니까?,프랑스어,official_language,521,756
가봉에서 주 언어는 무엇입니까?,프랑스어,official_language,521,756
가봉에서 공식적인 지위를 가진 언어는 무엇입니까?,프랑스어,official_language,521,756
가봉에서 공식으로 인정된 언어는 무엇입니까?,프랑스어,official_language,521,756
푸에르토리코의 공식 언어는 무엇입니까?,스페인어,official_language,522,757
푸에르토리코에서 공식으로 사용되는 언어는 무엇입니까?,스페인어,official_language,522,757
푸에르토리코에서 주 언어는 무엇입니까?,스페인어,official_language,522,757
푸에르토리코에서 공식적인 지위를 가진 언어는 무엇입니까?,스페인어,official_language,522,757
푸에르토리코에서 공식으로 인정된 언어는 무엇입니까?,스페인어,official_language,522,757
푸에르토리코의 공식 언어는 무엇입니까?,영어,official_language,523,758
푸에르토리코에서 공식으로 사용되는 언어는 무엇입니까?,영어,official_language,523,758
푸에르토리코에서 주 언어는 무엇입니까?,영어,official_language,523,758
푸에르토리코에서 공식적인 지위를 가진 언어는 무엇입니까?,영어,official_language,523,758
푸에르토리코에서 공식으로 인정된 언어는 무엇입니까?,영어,official_language,523,758
투발루의 공식 언어는 무엇입니까?,영어,official_language,524,759
투발루에서 공식으로 사용되는 언어는 무엇입니까?,영어,official_language,524,759
투발루에서 주 언어는 무엇입니까?,영어,official_language,524,759
투발루에서 공식적인 지위를 가진 언어는 무엇입니까?,영어,official_language,524,759
투발루에서 공식으로 인정된 언어는 무엇입니까?,영어,official_language,524,759
아이오와주의 공식 언어는 무엇입니까?,영어,official_language,525,760
아이오와주에서 공식으로 사용되는 언어는 무엇입니까?,영어,official_language,525,760
아이오와주에서 주 언어는 무엇입니까?,영어,official_language,525,760
아이오와주에서 공식적인 지위를 가진 언어는 무엇입니까?,영어,official_language,525,760
아이오와주에서 공식으로 인정된 언어는 무엇입니까?,영어,official_language,525,760
스웨덴의 공식 언어는 무엇입니까?,스웨덴어,official_language,526,761
스웨덴에서 공식으로 사용되는 언어는 무엇입니까?,스웨덴어,official_language,526,761
스웨덴에서 주 언어는 무엇입니까?,스웨덴어,official_language,526,761
스웨덴에서 공식적인 지위를 가진 언어는 무엇입니까?,스웨덴어,official_language,526,761
스웨덴에서 공식으로 인정된 언어는 무엇입니까?,스웨덴어,official_language,526,761
아라곤 지방의 공식 언어는 무엇입니까?,카탈루냐어,official_language,527,762
아라곤 지방에서 공식으로 사용되는 언어는 무엇입니까?,카탈루냐어,official_language,527,762
아라곤 지방에서 주 언어는 무엇입니까?,카탈루냐어,official_language,527,762
아라곤 지방에서 공식적인 지위를 가진 언어는 무엇입니까?,카탈루냐어,official_language,527,762
아라곤 지방에서 공식으로 인정된 언어는 무엇입니까?,카탈루냐어,official_language,527,762
괌의 공식 언어는 무엇입니까?,영어,official_language,528,763
괌에서 공식으로 사용되는 언어는 무엇입니까?,영어,official_language,528,763
괌에서 주 언어는 무엇입니까?,영어,official_language,528,763
괌에서 공식적인 지위를 가진 언어는 무엇입니까?,영어,official_language,528,763
괌에서 공식으로 인정된 언어는 무엇입니까?,영어,official_language,528,763
크림 자치 공화국의 공식 언어는 무엇입니까?,러시아어,official_language,529,764
크림 자치 공화국에서 공식으로 사용되는 언어는 무엇입니까?,러시아어,official_language,529,764
크림 자치 공화국에서 주 언어는 무엇입니까?,러시아어,official_language,529,764
크림 자치 공화국에서 공식적인 지위를 가진 언어는 무엇입니까?,러시아어,official_language,529,764
크림 자치 공화국에서 공식으로 인정된 언어는 무엇입니까?,러시아어,official_language,529,764
베냉의 공식 언어는 무엇입니까?,프랑스어,official_language,530,765
베냉에서 공식으로 사용되는 언어는 무엇입니까?,프랑스어,official_language,530,765
베냉에서 주 언어는 무엇입니까?,프랑스어,official_language,530,765
베냉에서 공식적인 지위를 가진 언어는 무엇입니까?,프랑스어,official_language,530,765
베냉에서 공식으로 인정된 언어는 무엇입니까?,프랑스어,official_language,530,765
플로리다주의 공식 언어는 무엇입니까?,영어,official_language,531,766
플로리다주에서 공식으로 사용되는 언어는 무엇입니까?,영어,official_language,531,766
플로리다주에서 주 언어는 무엇입니까?,영어,official_language,531,766
플로리다주에서 공식적인 지위를 가진 언어는 무엇입니까?,영어,official_language,531,766
플로리다주에서 공식으로 인정된 언어는 무엇입니까?,영어,official_language,531,766
버지니아주의 공식 언어는 무엇입니까?,영어,official_language,532,767
버지니아주에서 공식으로 사용되는 언어는 무엇입니까?,영어,official_language,532,767
버지니아주에서 주 언어는 무엇입니까?,영어,official_language,532,767
버지니아주에서 공식적인 지위를 가진 언어는 무엇입니까?,영어,official_language,532,767
버지니아주에서 공식으로 인정된 언어는 무엇입니까?,영어,official_language,532,767
요엔수의 공식 언어는 무엇입니까?,핀란드어,official_language,533,768
요엔수에서 공식으로 사용되는 언어는 무엇입니까?,핀란드어,official_language,533,768
요엔수에서 주 언어는 무엇입니까?,핀란드어,official_language,533,768
요엔수에서 공식적인 지위를 가진 언어는 무엇입니까?,핀란드어,official_language,533,768
요엔수에서 공식으로 인정된 언어는 무엇입니까?,핀란드어,official_language,533,768
앤티가 바부다의 공식 언어는 무엇입니까?,영어,official_language,534,769
앤티가 바부다에서 공식으로 사용되는 언어는 무엇입니까?,영어,official_language,534,769
앤티가 바부다에서 주 언어는 무엇입니까?,영어,official_language,534,769
앤티가 바부다에서 공식적인 지위를 가진 언어는 무엇입니까?,영어,official_language,534,769
앤티가 바부다에서 공식으로 인정된 언어는 무엇입니까?,영어,official_language,534,769
동남아시아 국가 연합의 공식 언어는 무엇입니까?,중국어,official_language,535,770
동남아시아 국가 연합에서 공식으로 사용되는 언어는 무엇입니까?,중국어,official_language,535,770
동남아시아 국가 연합에서 주 언어는 무엇입니까?,중국어,official_language,535,770
동남아시아 국가 연합에서 공식적인 지위를 가진 언어는 무엇입니까?,중국어,official_language,535,770
동남아시아 국가 연합에서 공식으로 인정된 언어는 무엇입니까?,중국어,official_language,535,770
벨기에의 공식 언어는 무엇입니까?,프랑스어,official_language,536,771
벨기에에서 공식으로 사용되는 언어는 무엇입니까?,프랑스어,official_language,536,771
벨기에에서 주 언어는 무엇입니까?,프랑스어,official_language,536,771
벨기에에서 공식적인 지위를 가진 언어는 무엇입니까?,프랑스어,official_language,536,771
벨기에에서 공식으로 인정된 언어는 무엇입니까?,프랑스어,official_language,536,771
크로아티아 독립국의 공식 언어는 무엇입니까?,크로아티아어,official_language,537,772
크로아티아 독립국에서 공식으로 사용되는 언어는 무엇입니까?,크로아티아어,official_language,537,772
크로아티아 독립국에서 주 언어는 무엇입니까?,크로아티아어,official_language,537,772
크로아티아 독립국에서 공식적인 지위를 가진 언어는 무엇입니까?,크로아티아어,official_language,537,772
크로아티아 독립국에서 공식으로 인정된 언어는 무엇입니까?,크로아티아어,official_language,537,772
카탈루냐 지방의 공식 언어는 무엇입니까?,카탈루냐어,official_language,538,773
카탈루냐 지방에서 공식으로 사용되는 언어는 무엇입니까?,카탈루냐어,official_language,538,773
카탈루냐 지방에서 주 언어는 무엇입니까?,카탈루냐어,official_language,538,773
카탈루냐 지방에서 공식적인 지위를 가진 언어는 무엇입니까?,카탈루냐어,official_language,538,773
카탈루냐 지방에서 공식으로 인정된 언어는 무엇입니까?,카탈루냐어,official_language,538,773
페트로자보츠크의 공식 언어는 무엇입니까?,러시아어,official_language,539,774
페트로자보츠크에서 공식으로 사용되는 언어는 무엇입니까?,러시아어,official_language,539,774
페트로자보츠크에서 주 언어는 무엇입니까?,러시아어,official_language,539,774
페트로자보츠크에서 공식적인 지위를 가진 언어는 무엇입니까?,러시아어,official_language,539,774
페트로자보츠크에서 공식으로 인정된 언어는 무엇입니까?,러시아어,official_language,539,774
축치 자치구의 공식 언어는 무엇입니까?,러시아어,official_language,540,775
축치 자치구에서 공식으로 사용되는 언어는 무엇입니까?,러시아어,official_language,540,775
축치 자치구에서 주 언어는 무엇입니까?,러시아어,official_language,540,775
축치 자치구에서 공식적인 지위를 가진 언어는 무엇입니까?,러시아어,official_language,540,775
축치 자치구에서 공식으로 인정된 언어는 무엇입니까?,러시아어,official_language,540,775
페이드라루아르의 공식 언어는 무엇입니까?,브르타뉴어,official_language,541,776
페이드라루아르에서 공식으로 사용되는 언어는 무엇입니까?,브르타뉴어,official_language,541,776
페이드라루아르에서 주 언어는 무엇입니까?,브르타뉴어,official_language,541,776
페이드라루아르에서 공식적인 지위를 가진 언어는 무엇입니까?,브르타뉴어,official_language,541,776
페이드라루아르에서 공식으로 인정된 언어는 무엇입니까?,브르타뉴어,official_language,541,776
던디의 공식 언어는 무엇입니까?,영어,official_language,542,777
던디에서 공식으로 사용되는 언어는 무엇입니까?,영어,official_language,542,777
던디에서 주 언어는 무엇입니까?,영어,official_language,542,777
던디에서 공식적인 지위를 가진 언어는 무엇입니까?,영어,official_language,542,777
던디에서 공식으로 인정된 언어는 무엇입니까?,영어,official_language,542,777
유럽 연합의 공식 언어는 무엇입니까?,몰타어,official_language,543,778
유럽 연합에서 공식으로 사용되는 언어는 무엇입니까?,몰타어,official_language,543,778
유럽 연합에서 주 언어는 무엇입니까?,몰타어,official_language,543,778
유럽 연합에서 공식적인 지위를 가진 언어는 무엇입니까?,몰타어,official_language,543,778
유럽 연합에서 공식으로 인정된 언어는 무엇입니까?,몰타어,official_language,543,778
아제르바이잔 소비에트 사회주의 공화국의 공식 언어는 무엇입니까?,러시아어,official_language,544,779
아제르바이잔 소비에트 사회주의 공화국에서 공식으로 사용되는 언어는 무엇입니까?,러시아어,official_language,544,779
아제르바이잔 소비에트 사회주의 공화국에서 주 언어는 무엇입니까?,러시아어,official_language,544,779
아제르바이잔 소비에트 사회주의 공화국에서 공식적인 지위를 가진 언어는 무엇입니까?,러시아어,official_language,544,779
아제르바이잔 소비에트 사회주의 공화국에서 공식으로 인정된 언어는 무엇입니까?,러시아어,official_language,544,779
노퍽섬의 공식 언어는 무엇입니까?,영어,official_language,545,780
노퍽섬에서 공식으로 사용되는 언어는 무엇입니까?,영어,official_language,545,780
노퍽섬에서 주 언어는 무엇입니까?,영어,official_language,545,780
노퍽섬에서 공식적인 지위를 가진 언어는 무엇입니까?,영어,official_language,545,780
노퍽섬에서 공식으로 인정된 언어는 무엇입니까?,영어,official_language,545,780
스코틀랜드의 공식 언어는 무엇입니까?,영어,official_language,546,781
스코틀랜드에서 공식으로 사용되는 언어는 무엇입니까?,영어,official_language,546,781
스코틀랜드에서 주 언어는 무엇입니까?,영어,official_language,546,781
스코틀랜드에서 공식적인 지위를 가진 언어는 무엇입니까?,영어,official_language,546,781
스코틀랜드에서 공식으로 인정된 언어는 무엇입니까?,영어,official_language,546,781
쿠바의 공식 언어는 무엇입니까?,스페인어,official_language,547,782
쿠바에서 공식으로 사용되는 언어는 무엇입니까?,스페인어,official_language,547,782
쿠바에서 주 언어는 무엇입니까?,스페인어,official_language,547,782
쿠바에서 공식적인 지위를 가진 언어는 무엇입니까?,스페인어,official_language,547,782
쿠바에서 공식으로 인정된 언어는 무엇입니까?,스페인어,official_language,547,782
미크로네시아 연방의 공식 언어는 무엇입니까?,영어,official_language,548,783
미크로네시아 연방에서 공식으로 사용되는 언어는 무엇입니까?,영어,official_language,548,783
미크로네시아 연방에서 주 언어는 무엇입니까?,영어,official_language,548,783
미크로네시아 연방에서 공식적인 지위를 가진 언어는 무엇입니까?,영어,official_language,548,783
미크로네시아 연방에서 공식으로 인정된 언어는 무엇입니까?,영어,official_language,548,783
페름 지방의 공식 언어는 무엇입니까?,러시아어,official_language,549,784
페름 지방에서 공식으로 사용되는 언어는 무엇입니까?,러시아어,official_language,549,784
페름 지방에서 주 언어는 무엇입니까?,러시아어,official_language,549,784
페름 지방에서 공식적인 지위를 가진 언어는 무엇입니까?,러시아어,official_language,549,784
페름 지방에서 공식으로 인정된 언어는 무엇입니까?,러시아어,official_language,549,784
폴란드 입헌왕국의 공식 언어는 무엇입니까?,러시아어,official_language,550,785
폴란드 입헌왕국에서 공식으로 사용되는 언어는 무엇입니까?,러시아어,official_language,550,785
폴란드 입헌왕국에서 주 언어는 무엇입니까?,러시아어,official_language,550,785
폴란드 입헌왕국에서 공식적인 지위를 가진 언어는 무엇입니까?,러시아어,official_language,550,785
폴란드 입헌왕국에서 공식으로 인정된 언어는 무엇입니까?,러시아어,official_language,550,785
불가리아의 공식 언어는 무엇입니까?,불가리아어,official_language,551,786
불가리아에서 공식으로 사용되는 언어는 무엇입니까?,불가리아어,official_language,551,786
불가리아에서 주 언어는 무엇입니까?,불가리아어,official_language,551,786
불가리아에서 공식적인 지위를 가진 언어는 무엇입니까?,불가리아어,official_language,551,786
불가리아에서 공식으로 인정된 언어는 무엇입니까?,불가리아어,official_language,551,786
미국의 공식 언어는 무엇입니까?,영어,official_language,552,787
미국에서 공식으로 사용되는 언어는 무엇입니까?,영어,official_language,552,787
미국에서 주 언어는 무엇입니까?,영어,official_language,552,787
미국에서 공식적인 지위를 가진 언어는 무엇입니까?,영어,official_language,552,787
미국에서 공식으로 인정된 언어는 무엇입니까?,영어,official_language,552,787
일리노이주의 공식 언어는 무엇입니까?,영어,official_language,553,788
일리노이주에서 공식으로 사용되는 언어는 무엇입니까?,영어,official_language,553,788
일리노이주에서 주 언어는 무엇입니까?,영어,official_language,553,788
일리노이주에서 공식적인 지위를 가진 언어는 무엇입니까?,영어,official_language,553,788
일리노이주에서 공식으로 인정된 언어는 무엇입니까?,영어,official_language,553,788
유럽 연합의 공식 언어는 무엇입니까?,이탈리아어,official_language,554,789
유럽 연합에서 공식으로 사용되는 언어는 무엇입니까?,이탈리아어,official_language,554,789
유럽 연합에서 주 언어는 무엇입니까?,이탈리아어,official_language,554,789
유럽 연합에서 공식적인 지위를 가진 언어는 무엇입니까?,이탈리아어,official_language,554,789
유럽 연합에서 공식으로 인정된 언어는 무엇입니까?,이탈리아어,official_language,554,789
북수마트라주의 공식 언어는 무엇입니까?,인도네시아어,official_language,555,790
북수마트라주에서 공식으로 사용되는 언어는 무엇입니까?,인도네시아어,official_language,555,790
북수마트라주에서 주 언어는 무엇입니까?,인도네시아어,official_language,555,790
북수마트라주에서 공식적인 지위를 가진 언어는 무엇입니까?,인도네시아어,official_language,555,790
북수마트라주에서 공식으로 인정된 언어는 무엇입니까?,인도네시아어,official_language,555,790
동남아시아 국가 연합의 공식 언어는 무엇입니까?,태국어,official_language,556,791
동남아시아 국가 연합에서 공식으로 사용되는 언어는 무엇입니까?,태국어,official_language,556,791
동남아시아 국가 연합에서 주 언어는 무엇입니까?,태국어,official_language,556,791
동남아시아 국가 연합에서 공식적인 지위를 가진 언어는 무엇입니까?,태국어,official_language,556,791
동남아시아 국가 연합에서 공식으로 인정된 언어는 무엇입니까?,태국어,official_language,556,791
영국령 홍콩의 공식 언어는 무엇입니까?,중국어,official_language,557,792
영국령 홍콩에서 공식으로 사용되는 언어는 무엇입니까?,중국어,official_language,557,792
영국령 홍콩에서 주 언어는 무엇입니까?,중국어,official_language,557,792
영국령 홍콩에서 공식적인 지위를 가진 언어는 무엇입니까?,중국어,official_language,557,792
영국령 홍콩에서 공식으로 인정된 언어는 무엇입니까?,중국어,official_language,557,792
테네시주의 공식 언어는 무엇입니까?,영어,official_language,558,793
테네시주에서 공식으로 사용되는 언어는 무엇입니까?,영어,official_language,558,793
테네시주에서 주 언어는 무엇입니까?,영어,official_language,558,793
테네시주에서 공식적인 지위를 가진 언어는 무엇입니까?,영어,official_language,558,793
테네시주에서 공식으로 인정된 언어는 무엇입니까?,영어,official_language,558,793
우시카우풍키의 공식 언어는 무엇입니까?,핀란드어,official_language,559,794
우시카우풍키에서 공식으로 사용되는 언어는 무엇입니까?,핀란드어,official_language,559,794
우시카우풍키에서 주 언어는 무엇입니까?,핀란드어,official_language,559,794
우시카우풍키에서 공식적인 지위를 가진 언어는 무엇입니까?,핀란드어,official_language,559,794
우시카우풍키에서 공식으로 인정된 언어는 무엇입니까?,핀란드어,official_language,559,794
러시아 제국의 공식 언어는 무엇입니까?,스웨덴어,official_language,560,795
러시아 제국에서 공식으로 사용되는 언어는 무엇입니까?,스웨덴어,official_language,560,795
러시아 제국에서 주 언어는 무엇입니까?,스웨덴어,official_language,560,795
러시아 제국에서 공식적인 지위를 가진 언어는 무엇입니까?,스웨덴어,official_language,560,795
러시아 제국에서 공식으로 인정된 언어는 무엇입니까?,스웨덴어,official_language,560,795
유럽 연합의 공식 언어는 무엇입니까?,스웨덴어,official_language,561,796
유럽 연합에서 공식으로 사용되는 언어는 무엇입니까?,스웨덴어,official_language,561,796
유럽 연합에서 주 언어는 무엇입니까?,스웨덴어,official_language,561,796
유럽 연합에서 공식적인 지위를 가진 언어는 무엇입니까?,스웨덴어,official_language,561,796
유럽 연합에서 공식으로 인정된 언어는 무엇입니까?,스웨덴어,official_language,561,796
안드라프라데시주의 공식 언어는 무엇입니까?,텔루구어,official_language,562,797
안드라프라데시주에서 공식으로 사용되는 언어는 무엇입니까?,텔루구어,official_language,562,797
안드라프라데시주에서 주 언어는 무엇입니까?,텔루구어,official_language,562,797
안드라프라데시주에서 공식적인 지위를 가진 언어는 무엇입니까?,텔루구어,official_language,562,797
안드라프라데시주에서 공식으로 인정된 언어는 무엇입니까?,텔루구어,official_language,562,797
건지섬의 공식 언어는 무엇입니까?,프랑스어,official_language,563,798
건지섬에서 공식으로 사용되는 언어는 무엇입니까?,프랑스어,official_language,563,798
건지섬에서 주 언어는 무엇입니까?,프랑스어,official_language,563,798
건지섬에서 공식적인 지위를 가진 언어는 무엇입니까?,프랑스어,official_language,563,798
건지섬에서 공식으로 인정된 언어는 무엇입니까?,프랑스어,official_language,563,798
카나리아 제도의 공식 언어는 무엇입니까?,스페인어,official_language,564,799
카나리아 제도에서 공식으로 사용되는 언어는 무엇입니까?,스페인어,official_language,564,799
카나리아 제도에서 주 언어는 무엇입니까?,스페인어,official_language,564,799
카나리아 제도에서 공식적인 지위를 가진 언어는 무엇입니까?,스페인어,official_language,564,799
카나리아 제도에서 공식으로 인정된 언어는 무엇입니까?,스페인어,official_language,564,799
모르도바 공화국의 공식 언어는 무엇입니까?,러시아어,official_language,565,800
모르도바 공화국에서 공식으로 사용되는 언어는 무엇입니까?,러시아어,official_language,565,800
모르도바 공화국에서 주 언어는 무엇입니까?,러시아어,official_language,565,800
모르도바 공화국에서 공식적인 지위를 가진 언어는 무엇입니까?,러시아어,official_language,565,800
모르도바 공화국에서 공식으로 인정된 언어는 무엇입니까?,러시아어,official_language,565,800
마카오의 공식 언어는 무엇입니까?,포르투갈어,official_language,566,801
마카오에서 공식으로 사용되는 언어는 무엇입니까?,포르투갈어,official_language,566,801
마카오에서 주 언어는 무엇입니까?,포르투갈어,official_language,566,801
마카오에서 공식적인 지위를 가진 언어는 무엇입니까?,포르투갈어,official_language,566,801
마카오에서 공식으로 인정된 언어는 무엇입니까?,포르투갈어,official_language,566,801
알타이 공화국의 공식 언어는 무엇입니까?,러시아어,official_language,567,802
알타이 공화국에서 공식으로 사용되는 언어는 무엇입니까?,러시아어,official_language,567,802
알타이 공화국에서 주 언어는 무엇입니까?,러시아어,official_language,567,802
알타이 공화국에서 공식적인 지위를 가진 언어는 무엇입니까?,러시아어,official_language,567,802
알타이 공화국에서 공식으로 인정된 언어는 무엇입니까?,러시아어,official_language,567,802
코스타리카의 공식 언어는 무엇입니까?,스페인어,official_language,568,803
코스타리카에서 공식으로 사용되는 언어는 무엇입니까?,스페인어,official_language,568,803
코스타리카에서 주 언어는 무엇입니까?,스페인어,official_language,568,803
코스타리카에서 공식적인 지위를 가진 언어는 무엇입니까?,스페인어,official_language,568,803
코스타리카에서 공식으로 인정된 언어는 무엇입니까?,스페인어,official_language,568,803
세인트빈센트 그레나딘의 공식 언어는 무엇입니까?,스페인어,official_language,569,804
세인트빈센트 그레나딘에서 공식으로 사용되는 언어는 무엇입니까?,스페인어,official_language,569,804
세인트빈센트 그레나딘에서 주 언어는 무엇입니까?,스페인어,official_language,569,804
세인트빈센트 그레나딘에서 공식적인 지위를 가진 언어는 무엇입니까?,스페인어,official_language,569,804
세인트빈센트 그레나딘에서 공식으로 인정된 언어는 무엇입니까?,스페인어,official_language,569,804
유럽 연합의 공식 언어는 무엇입니까?,독일어,official_language,570,805
유럽 연합에서 공식으로 사용되는 언어는 무엇입니까?,독일어,official_language,570,805
유럽 연합에서 주 언어는 무엇입니까?,독일어,official_language,570,805
유럽 연합에서 공식적인 지위를 가진 언어는 무엇입니까?,독일어,official_language,570,805
유럽 연합에서 공식으로 인정된 언어는 무엇입니까?,독일어,official_language,570,805
국제형사법원의 공식 언어는 무엇입니까?,프랑스어,official_language,571,806
국제형사법원에서 공식으로 사용되는 언어는 무엇입니까?,프랑스어,official_language,571,806
국제형사법원에서 주 언어는 무엇입니까?,프랑스어,official_language,571,806
국제형사법원에서 공식적인 지위를 가진 언어는 무엇입니까?,프랑스어,official_language,571,806
국제형사법원에서 공식으로 인정된 언어는 무엇입니까?,프랑스어,official_language,571,806
포리의 공식 언어는 무엇입니까?,핀란드어,official_language,572,807
포리에서 공식으로 사용되는 언어는 무엇입니까?,핀란드어,official_language,572,807
포리에서 주 언어는 무엇입니까?,핀란드어,official_language,572,807
포리에서 공식적인 지위를 가진 언어는 무엇입니까?,핀란드어,official_language,572,807
포리에서 공식으로 인정된 언어는 무엇입니까?,핀란드어,official_language,572,807
미노르카 섬의 공식 언어는 무엇입니까?,스페인어,official_language,573,808
미노르카 섬에서 공식으로 사용되는 언어는 무엇입니까?,스페인어,official_language,573,808
미노르카 섬에서 주 언어는 무엇입니까?,스페인어,official_language,573,808
미노르카 섬에서 공식적인 지위를 가진 언어는 무엇입니까?,스페인어,official_language,573,808
미노르카 섬에서 공식으로 인정된 언어는 무엇입니까?,스페인어,official_language,573,808
몬테네그로의 공식 언어는 무엇입니까?,알바니아어,official_language,574,809
몬테네그로에서 공식으로 사용되는 언어는 무엇입니까?,알바니아어,official_language,574,809
몬테네그로에서 주 언어는 무엇입니까?,알바니아어,official_language,574,809
몬테네그로에서 공식적인 지위를 가진 언어는 무엇입니까?,알바니아어,official_language,574,809
몬테네그로에서 공식으로 인정된 언어는 무엇입니까?,알바니아어,official_language,574,809
파리 코뮌의 공식 언어는 무엇입니까?,프랑스어,official_language,575,810
파리 코뮌에서 공식으로 사용되는 언어는 무엇입니까?,프랑스어,official_language,575,810
파리 코뮌에서 주 언어는 무엇입니까?,프랑스어,official_language,575,810
파리 코뮌에서 공식적인 지위를 가진 언어는 무엇입니까?,프랑스어,official_language,575,810
파리 코뮌에서 공식으로 인정된 언어는 무엇입니까?,프랑스어,official_language,575,810
베네수엘라의 공식 언어는 무엇입니까?,스페인어,official_language,576,811
베네수엘라에서 공식으로 사용되는 언어는 무엇입니까?,스페인어,official_language,576,811
베네수엘라에서 주 언어는 무엇입니까?,스페인어,official_language,576,811
베네수엘라에서 공식적인 지위를 가진 언어는 무엇입니까?,스페인어,official_language,576,811
베네수엘라에서 공식으로 인정된 언어는 무엇입니까?,스페인어,official_language,576,811
마셜 제도의 공식 언어는 무엇입니까?,영어,official_language,577,812
마셜 제도에서 공식으로 사용되는 언어는 무엇입니까?,영어,official_language,577,812
마셜 제도에서 주 언어는 무엇입니까?,영어,official_language,577,812
마셜 제도에서 공식적인 지위를 가진 언어는 무엇입니까?,영어,official_language,577,812
마셜 제도에서 공식으로 인정된 언어는 무엇입니까?,영어,official_language,577,812
카렐리야 공화국의 공식 언어는 무엇입니까?,러시아어,official_language,578,813
카렐리야 공화국에서 공식으로 사용되는 언어는 무엇입니까?,러시아어,official_language,578,813
카렐리야 공화국에서 주 언어는 무엇입니까?,러시아어,official_language,578,813
카렐리야 공화국에서 공식적인 지위를 가진 언어는 무엇입니까?,러시아어,official_language,578,813
카렐리야 공화국에서 공식으로 인정된 언어는 무엇입니까?,러시아어,official_language,578,813
발렌시아 지방의 공식 언어는 무엇입니까?,카탈루냐어,official_language,579,814
발렌시아 지방에서 공식으로 사용되는 언어는 무엇입니까?,카탈루냐어,official_language,579,814
발렌시아 지방에서 주 언어는 무엇입니까?,카탈루냐어,official_language,579,814
발렌시아 지방에서 공식적인 지위를 가진 언어는 무엇입니까?,카탈루냐어,official_language,579,814
발렌시아 지방에서 공식으로 인정된 언어는 무엇입니까?,카탈루냐어,official_language,579,814
슬로바키아의 공식 언어는 무엇입니까?,슬로바키아어,official_language,580,815
슬로바키아에서 공식으로 사용되는 언어는 무엇입니까?,슬로바키아어,official_language,580,815
슬로바키아에서 주 언어는 무엇입니까?,슬로바키아어,official_language,580,815
슬로바키아에서 공식적인 지위를 가진 언어는 무엇입니까?,슬로바키아어,official_language,580,815
슬로바키아에서 공식으로 인정된 언어는 무엇입니까?,슬로바키아어,official_language,580,815
하리아나주의 공식 언어는 무엇입니까?,힌디어,official_language,581,816
하리아나주에서 공식으로 사용되는 언어는 무엇입니까?,힌디어,official_language,581,816
하리아나주에서 주 언어는 무엇입니까?,힌디어,official_language,581,816
하리아나주에서 공식적인 지위를 가진 언어는 무엇입니까?,힌디어,official_language,581,816
하리아나주에서 공식으로 인정된 언어는 무엇입니까?,힌디어,official_language,581,816
대한민국의 공식 언어는 무엇입니까?,한국어,official_language,582,817
대한민국에서 공식으로 사용되는 언어는 무엇입니까?,한국어,official_language,582,817
대한민국에서 주 언어는 무엇입니까?,한국어,official_language,582,817
대한민국에서 공식적인 지위를 가진 언어는 무엇입니까?,한국어,official_language,582,817
대한민국에서 공식으로 인정된 언어는 무엇입니까?,한국어,official_language,582,817
카보베르데의 공식 언어는 무엇입니까?,포르투갈어,official_language,583,818
카보베르데에서 공식으로 사용되는 언어는 무엇입니까?,포르투갈어,official_language,583,818
카보베르데에서 주 언어는 무엇입니까?,포르투갈어,official_language,583,818
카보베르데에서 공식적인 지위를 가진 언어는 무엇입니까?,포르투갈어,official_language,583,818
카보베르데에서 공식으로 인정된 언어는 무엇입니까?,포르투갈어,official_language,583,818
심라의 공식 언어는 무엇입니까?,힌디어,official_language,584,819
심라에서 공식으로 사용되는 언어는 무엇입니까?,힌디어,official_language,584,819
심라에서 주 언어는 무엇입니까?,힌디어,official_language,584,819
심라에서 공식적인 지위를 가진 언어는 무엇입니까?,힌디어,official_language,584,819
심라에서 공식으로 인정된 언어는 무엇입니까?,힌디어,official_language,584,819
카리브 네덜란드의 공식 언어는 무엇입니까?,네덜란드어,official_language,585,820
카리브 네덜란드에서 공식으로 사용되는 언어는 무엇입니까?,네덜란드어,official_language,585,820
카리브 네덜란드에서 주 언어는 무엇입니까?,네덜란드어,official_language,585,820
카리브 네덜란드에서 공식적인 지위를 가진 언어는 무엇입니까?,네덜란드어,official_language,585,820
카리브 네덜란드에서 공식으로 인정된 언어는 무엇입니까?,네덜란드어,official_language,585,820
오클라호마주의 공식 언어는 무엇입니까?,영어,official_language,586,821
오클라호마주에서 공식으로 사용되는 언어는 무엇입니까?,영어,official_language,586,821
오클라호마주에서 주 언어는 무엇입니까?,영어,official_language,586,821
오클라호마주에서 공식적인 지위를 가진 언어는 무엇입니까?,영어,official_language,586,821
오클라호마주에서 공식으로 인정된 언어는 무엇입니까?,영어,official_language,586,821
우크라이나의 공식 언어는 무엇입니까?,우크라이나어,official_language,587,822
우크라이나에서 공식으로 사용되는 언어는 무엇입니까?,우크라이나어,official_language,587,822
우크라이나에서 주 언어는 무엇입니까?,우크라이나어,official_language,587,822
우크라이나에서 공식적인 지위를 가진 언어는 무엇입니까?,우크라이나어,official_language,587,822
우크라이나에서 공식으로 인정된 언어는 무엇입니까?,우크라이나어,official_language,587,822
쿡 제도의 공식 언어는 무엇입니까?,영어,official_language,588,823
쿡 제도에서 공식으로 사용되는 언어는 무엇입니까?,영어,official_language,588,823
쿡 제도에서 주 언어는 무엇입니까?,영어,official_language,588,823
쿡 제도에서 공식적인 지위를 가진 언어는 무엇입니까?,영어,official_language,588,823
쿡 제도에서 공식으로 인정된 언어는 무엇입니까?,영어,official_language,588,823
유럽 축구 연맹의 공식 언어는 무엇입니까?,영어,official_language,589,824
유럽 축구 연맹에서 공식으로 사용되는 언어는 무엇입니까?,영어,official_language,589,824
유럽 축구 연맹에서 주 언어는 무엇입니까?,영어,official_language,589,824
유럽 축구 연맹에서 공식적인 지위를 가진 언어는 무엇입니까?,영어,official_language,589,824
유럽 축구 연맹에서 공식으로 인정된 언어는 무엇입니까?,영어,official_language,589,824
탄자니아의 공식 언어는 무엇입니까?,영어,official_language,590,825
탄자니아에서 공식으로 사용되는 언어는 무엇입니까?,영어,official_language,590,825
탄자니아에서 주 언어는 무엇입니까?,영어,official_language,590,825
탄자니아에서 공식적인 지위를 가진 언어는 무엇입니까?,영어,official_language,590,825
탄자니아에서 공식으로 인정된 언어는 무엇입니까?,영어,official_language,590,825
투르크메니스탄의 공식 언어는 무엇입니까?,러시아어,official_language,591,826
투르크메니스탄에서 공식으로 사용되는 언어는 무엇입니까?,러시아어,official_language,591,826
투르크메니스탄에서 주 언어는 무엇입니까?,러시아어,official_language,591,826
투르크메니스탄에서 공식적인 지위를 가진 언어는 무엇입니까?,러시아어,official_language,591,826
투르크메니스탄에서 공식으로 인정된 언어는 무엇입니까?,러시아어,official_language,591,826
소말릴란드의 공식 언어는 무엇입니까?,소말리어,official_language,592,827
소말릴란드에서 공식으로 사용되는 언어는 무엇입니까?,소말리어,official_language,592,827
소말릴란드에서 주 언어는 무엇입니까?,소말리어,official_language,592,827
소말릴란드에서 공식적인 지위를 가진 언어는 무엇입니까?,소말리어,official_language,592,827
소말릴란드에서 공식으로 인정된 언어는 무엇입니까?,소말리어,official_language,592,827
스위스의 공식 언어는 무엇입니까?,독일어,official_language,593,828
스위스에서 공식으로 사용되는 언어는 무엇입니까?,독일어,official_language,593,828
스위스에서 주 언어는 무엇입니까?,독일어,official_language,593,828
스위스에서 공식적인 지위를 가진 언어는 무엇입니까?,독일어,official_language,593,828
스위스에서 공식으로 인정된 언어는 무엇입니까?,독일어,official_language,593,828
하바롭스크 지방의 공식 언어는 무엇입니까?,러시아어,official_language,594,829
하바롭스크 지방에서 공식으로 사용되는 언어는 무엇입니까?,러시아어,official_language,594,829
하바롭스크 지방에서 주 언어는 무엇입니까?,러시아어,official_language,594,829
하바롭스크 지방에서 공식적인 지위를 가진 언어는 무엇입니까?,러시아어,official_language,594,829
하바롭스크 지방에서 공식으로 인정된 언어는 무엇입니까?,러시아어,official_language,594,829
라흐티의 공식 언어는 무엇입니까?,핀란드어,official_language,595,830
라흐티에서 공식으로 사용되는 언어는 무엇입니까?,핀란드어,official_language,595,830
라흐티에서 주 언어는 무엇입니까?,핀란드어,official_language,595,830
라흐티에서 공식적인 지위를 가진 언어는 무엇입니까?,핀란드어,official_language,595,830
라흐티에서 공식으로 인정된 언어는 무엇입니까?,핀란드어,official_language,595,830
알리칸테의 공식 언어는 무엇입니까?,스페인어,official_language,596,831
알리칸테에서 공식으로 사용되는 언어는 무엇입니까?,스페인어,official_language,596,831
알리칸테에서 주 언어는 무엇입니까?,스페인어,official_language,596,831
알리칸테에서 공식적인 지위를 가진 언어는 무엇입니까?,스페인어,official_language,596,831
알리칸테에서 공식으로 인정된 언어는 무엇입니까?,스페인어,official_language,596,831
벨라루스의 공식 언어는 무엇입니까?,벨라루스어,official_language,597,832
벨라루스에서 공식으로 사용되는 언어는 무엇입니까?,벨라루스어,official_language,597,832
벨라루스에서 주 언어는 무엇입니까?,벨라루스어,official_language,597,832
벨라루스에서 공식적인 지위를 가진 언어는 무엇입니까?,벨라루스어,official_language,597,832
벨라루스에서 공식으로 인정된 언어는 무엇입니까?,벨라루스어,official_language,597,832
우타르프라데시주의 공식 언어는 무엇입니까?,힌디어,official_language,598,833
우타르프라데시주에서 공식으로 사용되는 언어는 무엇입니까?,힌디어,official_language,598,833
우타르프라데시주에서 주 언어는 무엇입니까?,힌디어,official_language,598,833
우타르프라데시주에서 공식적인 지위를 가진 언어는 무엇입니까?,힌디어,official_language,598,833
우타르프라데시주에서 공식으로 인정된 언어는 무엇입니까?,힌디어,official_language,598,833
루간스크 인민공화국의 공식 언어는 무엇입니까?,러시아어,official_language,599,834
루간스크 인민공화국에서 공식으로 사용되는 언어는 무엇입니까?,러시아어,official_language,599,834
루간스크 인민공화국에서 주 언어는 무엇입니까?,러시아어,official_language,599,834
루간스크 인민공화국에서 공식적인 지위를 가진 언어는 무엇입니까?,러시아어,official_language,599,834
루간스크 인민공화국에서 공식으로 인정된 언어는 무엇입니까?,러시아어,official_language,599,834
라오스의 공식 언어는 무엇입니까?,라오어,official_language,600,835
라오스에서 공식으로 사용되는 언어는 무엇입니까?,라오어,official_language,600,835
라오스에서 주 언어는 무엇입니까?,라오어,official_language,600,835
라오스에서 공식적인 지위를 가진 언어는 무엇입니까?,라오어,official_language,600,835
라오스에서 공식으로 인정된 언어는 무엇입니까?,라오어,official_language,600,835
인구시 공화국의 공식 언어는 무엇입니까?,러시아어,official_language,601,836
인구시 공화국에서 공식으로 사용되는 언어는 무엇입니까?,러시아어,official_language,601,836
인구시 공화국에서 주 언어는 무엇입니까?,러시아어,official_language,601,836
인구시 공화국에서 공식적인 지위를 가진 언어는 무엇입니까?,러시아어,official_language,601,836
인구시 공화국에서 공식으로 인정된 언어는 무엇입니까?,러시아어,official_language,601,836
찰스 브론슨가 의사 통신에 사용한 언어는 무엇입니까?,영어,languages_spoken,0,4010
찰스 브론슨가 어떤 언어로 말했습니까?,영어,languages_spoken,0,4010
찰스 브론슨가 무슨 언어로 말했습니까?,영어,languages_spoken,0,4010
찰스 브론슨가 의사 소통에 사용한 언어는 무엇입니까?,영어,languages_spoken,0,4010
찰스 브론슨가 사용한 언어는 무엇이었습니까?,영어,languages_spoken,0,4010
윌리엄 제임스가 의사 통신에 사용한 언어는 무엇입니까?,영어,languages_spoken,1,4011
윌리엄 제임스가 어떤 언어로 말했습니까?,영어,languages_spoken,1,4011
윌리엄 제임스가 무슨 언어로 말했습니까?,영어,languages_spoken,1,4011
윌리엄 제임스가 의사 소통에 사용한 언어는 무엇입니까?,영어,languages_spoken,1,4011
윌리엄 제임스가 사용한 언어는 무엇이었습니까?,영어,languages_spoken,1,4011
에르나 솔베르그가 의사 통신에 사용한 언어는 무엇입니까?,노르웨이어,languages_spoken,2,4012
에르나 솔베르그가 어떤 언어로 말했습니까?,노르웨이어,languages_spoken,2,4012
에르나 솔베르그가 무슨 언어로 말했습니까?,노르웨이어,languages_spoken,2,4012
에르나 솔베르그가 의사 소통에 사용한 언어는 무엇입니까?,노르웨이어,languages_spoken,2,4012
에르나 솔베르그가 사용한 언어는 무엇이었습니까?,노르웨이어,languages_spoken,2,4012
에프라임 카치르가 의사 통신에 사용한 언어는 무엇입니까?,히브리어,languages_spoken,3,4013
에프라임 카치르가 어떤 언어로 말했습니까?,히브리어,languages_spoken,3,4013
에프라임 카치르가 무슨 언어로 말했습니까?,히브리어,languages_spoken,3,4013
에프라임 카치르가 의사 소통에 사용한 언어는 무엇입니까?,히브리어,languages_spoken,3,4013
에프라임 카치르가 사용한 언어는 무엇이었습니까?,히브리어,languages_spoken,3,4013
박찬욱가 의사 통신에 사용한 언어는 무엇입니까?,한국어,languages_spoken,4,4014
박찬욱가 어떤 언어로 말했습니까?,한국어,languages_spoken,4,4014
박찬욱가 무슨 언어로 말했습니까?,한국어,languages_spoken,4,4014
박찬욱가 의사 소통에 사용한 언어는 무엇입니까?,한국어,languages_spoken,4,4014
박찬욱가 사용한 언어는 무엇이었습니까?,한국어,languages_spoken,4,4014
너새니얼 호손가 의사 통신에 사용한 언어는 무엇입니까?,영어,languages_spoken,5,4015
너새니얼 호손가 어떤 언어로 말했습니까?,영어,languages_spoken,5,4015
너새니얼 호손가 무슨 언어로 말했습니까?,영어,languages_spoken,5,4015
너새니얼 호손가 의사 소통에 사용한 언어는 무엇입니까?,영어,languages_spoken,5,4015
너새니얼 호손가 사용한 언어는 무엇이었습니까?,영어,languages_spoken,5,4015
제임스 얼 존스가 의사 통신에 사용한 언어는 무엇입니까?,영어,languages_spoken,6,4016
제임스 얼 존스가 어떤 언어로 말했습니까?,영어,languages_spoken,6,4016
제임스 얼 존스가 무슨 언어로 말했습니까?,영어,languages_spoken,6,4016
제임스 얼 존스가 의사 소통에 사용한 언어는 무엇입니까?,영어,languages_spoken,6,4016
제임스 얼 존스가 사용한 언어는 무엇이었습니까?,영어,languages_spoken,6,4016
토르 헤위에르달가 의사 통신에 사용한 언어는 무엇입니까?,노르웨이어,languages_spoken,7,4017
토르 헤위에르달가 어떤 언어로 말했습니까?,노르웨이어,languages_spoken,7,4017
토르 헤위에르달가 무슨 언어로 말했습니까?,노르웨이어,languages_spoken,7,4017
토르 헤위에르달가 의사 소통에 사용한 언어는 무엇입니까?,노르웨이어,languages_spoken,7,4017
토르 헤위에르달가 사용한 언어는 무엇이었습니까?,노르웨이어,languages_spoken,7,4017
제이슨 스테이섬가 의사 통신에 사용한 언어는 무엇입니까?,영어,languages_spoken,8,4018
제이슨 스테이섬가 어떤 언어로 말했습니까?,영어,languages_spoken,8,4018
제이슨 스테이섬가 무슨 언어로 말했습니까?,영어,languages_spoken,8,4018
제이슨 스테이섬가 의사 소통에 사용한 언어는 무엇입니까?,영어,languages_spoken,8,4018
제이슨 스테이섬가 사용한 언어는 무엇이었습니까?,영어,languages_spoken,8,4018
메리 울스턴크래프트가 의사 통신에 사용한 언어는 무엇입니까?,프랑스어,languages_spoken,9,4019
메리 울스턴크래프트가 어떤 언어로 말했습니까?,프랑스어,languages_spoken,9,4019
메리 울스턴크래프트가 무슨 언어로 말했습니까?,프랑스어,languages_spoken,9,4019
메리 울스턴크래프트가 의사 소통에 사용한 언어는 무엇입니까?,프랑스어,languages_spoken,9,4019
메리 울스턴크래프트가 사용한 언어는 무엇이었습니까?,프랑스어,languages_spoken,9,4019
프리다 칼로가 의사 통신에 사용한 언어는 무엇입니까?,스페인어,languages_spoken,10,4020
프리다 칼로가 어떤 언어로 말했습니까?,스페인어,languages_spoken,10,4020
프리다 칼로가 무슨 언어로 말했습니까?,스페인어,languages_spoken,10,4020
프리다 칼로가 의사 소통에 사용한 언어는 무엇입니까?,스페인어,languages_spoken,10,4020
프리다 칼로가 사용한 언어는 무엇이었습니까?,스페인어,languages_spoken,10,4020
잔 모로가 의사 통신에 사용한 언어는 무엇입니까?,프랑스어,languages_spoken,11,4021
잔 모로가 어떤 언어로 말했습니까?,프랑스어,languages_spoken,11,4021
잔 모로가 무슨 언어로 말했습니까?,프랑스어,languages_spoken,11,4021
잔 모로가 의사 소통에 사용한 언어는 무엇입니까?,프랑스어,languages_spoken,11,4021
잔 모로가 사용한 언어는 무엇이었습니까?,프랑스어,languages_spoken,11,4021
나디아 불랑제가 의사 통신에 사용한 언어는 무엇입니까?,프랑스어,languages_spoken,12,4022
나디아 불랑제가 어떤 언어로 말했습니까?,프랑스어,languages_spoken,12,4022
나디아 불랑제가 무슨 언어로 말했습니까?,프랑스어,languages_spoken,12,4022
나디아 불랑제가 의사 소통에 사용한 언어는 무엇입니까?,프랑스어,languages_spoken,12,4022
나디아 불랑제가 사용한 언어는 무엇이었습니까?,프랑스어,languages_spoken,12,4022
빅토리아 실브스테트가 의사 통신에 사용한 언어는 무엇입니까?,프랑스어,languages_spoken,13,4023
빅토리아 실브스테트가 어떤 언어로 말했습니까?,프랑스어,languages_spoken,13,4023
빅토리아 실브스테트가 무슨 언어로 말했습니까?,프랑스어,languages_spoken,13,4023
빅토리아 실브스테트가 의사 소통에 사용한 언어는 무엇입니까?,프랑스어,languages_spoken,13,4023
빅토리아 실브스테트가 사용한 언어는 무엇이었습니까?,프랑스어,languages_spoken,13,4023
앨프리드 러셀 월리스가 의사 통신에 사용한 언어는 무엇입니까?,영어,languages_spoken,14,4024
앨프리드 러셀 월리스가 어떤 언어로 말했습니까?,영어,languages_spoken,14,4024
앨프리드 러셀 월리스가 무슨 언어로 말했습니까?,영어,languages_spoken,14,4024
앨프리드 러셀 월리스가 의사 소통에 사용한 언어는 무엇입니까?,영어,languages_spoken,14,4024
앨프리드 러셀 월리스가 사용한 언어는 무엇이었습니까?,영어,languages_spoken,14,4024
람세스 2세가 의사 통신에 사용한 언어는 무엇입니까?,이집트어,languages_spoken,15,4025
람세스 2세가 어떤 언어로 말했습니까?,이집트어,languages_spoken,15,4025
람세스 2세가 무슨 언어로 말했습니까?,이집트어,languages_spoken,15,4025
람세스 2세가 의사 소통에 사용한 언어는 무엇입니까?,이집트어,languages_spoken,15,4025
람세스 2세가 사용한 언어는 무엇이었습니까?,이집트어,languages_spoken,15,4025
크리스토프 빌리발트 글루크가 의사 통신에 사용한 언어는 무엇입니까?,독일어,languages_spoken,16,4026
크리스토프 빌리발트 글루크가 어떤 언어로 말했습니까?,독일어,languages_spoken,16,4026
크리스토프 빌리발트 글루크가 무슨 언어로 말했습니까?,독일어,languages_spoken,16,4026
크리스토프 빌리발트 글루크가 의사 소통에 사용한 언어는 무엇입니까?,독일어,languages_spoken,16,4026
크리스토프 빌리발트 글루크가 사용한 언어는 무엇이었습니까?,독일어,languages_spoken,16,4026
아브라암 드무아브르가 의사 통신에 사용한 언어는 무엇입니까?,영어,languages_spoken,17,4027
아브라암 드무아브르가 어떤 언어로 말했습니까?,영어,languages_spoken,17,4027
아브라암 드무아브르가 무슨 언어로 말했습니까?,영어,languages_spoken,17,4027
아브라암 드무아브르가 의사 소통에 사용한 언어는 무엇입니까?,영어,languages_spoken,17,4027
아브라암 드무아브르가 사용한 언어는 무엇이었습니까?,영어,languages_spoken,17,4027
에후드 바라크가 의사 통신에 사용한 언어는 무엇입니까?,영어,languages_spoken,18,4028
에후드 바라크가 어떤 언어로 말했습니까?,영어,languages_spoken,18,4028
에후드 바라크가 무슨 언어로 말했습니까?,영어,languages_spoken,18,4028
에후드 바라크가 의사 소통에 사용한 언어는 무엇입니까?,영어,languages_spoken,18,4028
에후드 바라크가 사용한 언어는 무엇이었습니까?,영어,languages_spoken,18,4028
야코프 스베르들로프가 의사 통신에 사용한 언어는 무엇입니까?,러시아어,languages_spoken,19,4029
야코프 스베르들로프가 어떤 언어로 말했습니까?,러시아어,languages_spoken,19,4029
야코프 스베르들로프가 무슨 언어로 말했습니까?,러시아어,languages_spoken,19,4029
야코프 스베르들로프가 의사 소통에 사용한 언어는 무엇입니까?,러시아어,languages_spoken,19,4029
야코프 스베르들로프가 사용한 언어는 무엇이었습니까?,러시아어,languages_spoken,19,4029
마르쿠스 리키니우스 크라수스가 의사 통신에 사용한 언어는 무엇입니까?,라틴어,languages_spoken,20,4030
마르쿠스 리키니우스 크라수스가 어떤 언어로 말했습니까?,라틴어,languages_spoken,20,4030
마르쿠스 리키니우스 크라수스가 무슨 언어로 말했습니까?,라틴어,languages_spoken,20,4030
마르쿠스 리키니우스 크라수스가 의사 소통에 사용한 언어는 무엇입니까?,라틴어,languages_spoken,20,4030
마르쿠스 리키니우스 크라수스가 사용한 언어는 무엇이었습니까?,라틴어,languages_spoken,20,4030
장자크 아노가 의사 통신에 사용한 언어는 무엇입니까?,프랑스어,languages_spoken,21,4031
장자크 아노가 어떤 언어로 말했습니까?,프랑스어,languages_spoken,21,4031
장자크 아노가 무슨 언어로 말했습니까?,프랑스어,languages_spoken,21,4031
장자크 아노가 의사 소통에 사용한 언어는 무엇입니까?,프랑스어,languages_spoken,21,4031
장자크 아노가 사용한 언어는 무엇이었습니까?,프랑스어,languages_spoken,21,4031
베르길리우스가 의사 통신에 사용한 언어는 무엇입니까?,라틴어,languages_spoken,22,4032
베르길리우스가 어떤 언어로 말했습니까?,라틴어,languages_spoken,22,4032
베르길리우스가 무슨 언어로 말했습니까?,라틴어,languages_spoken,22,4032
베르길리우스가 의사 소통에 사용한 언어는 무엇입니까?,라틴어,languages_spoken,22,4032
베르길리우스가 사용한 언어는 무엇이었습니까?,라틴어,languages_spoken,22,4032
테레사 수녀가 의사 통신에 사용한 언어는 무엇입니까?,영어,languages_spoken,23,4033
테레사 수녀가 어떤 언어로 말했습니까?,영어,languages_spoken,23,4033
테레사 수녀가 무슨 언어로 말했습니까?,영어,languages_spoken,23,4033
테레사 수녀가 의사 소통에 사용한 언어는 무엇입니까?,영어,languages_spoken,23,4033
테레사 수녀가 사용한 언어는 무엇이었습니까?,영어,languages_spoken,23,4033
스티브 비코가 의사 통신에 사용한 언어는 무엇입니까?,영어,languages_spoken,24,4034
스티브 비코가 어떤 언어로 말했습니까?,영어,languages_spoken,24,4034
스티브 비코가 무슨 언어로 말했습니까?,영어,languages_spoken,24,4034
스티브 비코가 의사 소통에 사용한 언어는 무엇입니까?,영어,languages_spoken,24,4034
스티브 비코가 사용한 언어는 무엇이었습니까?,영어,languages_spoken,24,4034
크리스티안 하위헌스가 의사 통신에 사용한 언어는 무엇입니까?,라틴어,languages_spoken,25,4035
크리스티안 하위헌스가 어떤 언어로 말했습니까?,라틴어,languages_spoken,25,4035
크리스티안 하위헌스가 무슨 언어로 말했습니까?,라틴어,languages_spoken,25,4035
크리스티안 하위헌스가 의사 소통에 사용한 언어는 무엇입니까?,라틴어,languages_spoken,25,4035
크리스티안 하위헌스가 사용한 언어는 무엇이었습니까?,라틴어,languages_spoken,25,4035
앙리 드 생시몽가 의사 통신에 사용한 언어는 무엇입니까?,프랑스어,languages_spoken,26,4036
앙리 드 생시몽가 어떤 언어로 말했습니까?,프랑스어,languages_spoken,26,4036
앙리 드 생시몽가 무슨 언어로 말했습니까?,프랑스어,languages_spoken,26,4036
앙리 드 생시몽가 의사 소통에 사용한 언어는 무엇입니까?,프랑스어,languages_spoken,26,4036
앙리 드 생시몽가 사용한 언어는 무엇이었습니까?,프랑스어,languages_spoken,26,4036
조지 마이클가 의사 통신에 사용한 언어는 무엇입니까?,영어,languages_spoken,27,4037
조지 마이클가 어떤 언어로 말했습니까?,영어,languages_spoken,27,4037
조지 마이클가 무슨 언어로 말했습니까?,영어,languages_spoken,27,4037
조지 마이클가 의사 소통에 사용한 언어는 무엇입니까?,영어,languages_spoken,27,4037
조지 마이클가 사용한 언어는 무엇이었습니까?,영어,languages_spoken,27,4037
주세페 페아노가 의사 통신에 사용한 언어는 무엇입니까?,이탈리아어,languages_spoken,28,4038
주세페 페아노가 어떤 언어로 말했습니까?,이탈리아어,languages_spoken,28,4038
주세페 페아노가 무슨 언어로 말했습니까?,이탈리아어,languages_spoken,28,4038
주세페 페아노가 의사 소통에 사용한 언어는 무엇입니까?,이탈리아어,languages_spoken,28,4038
주세페 페아노가 사용한 언어는 무엇이었습니까?,이탈리아어,languages_spoken,28,4038
빌럼알렉산더르가 의사 통신에 사용한 언어는 무엇입니까?,네덜란드어,languages_spoken,29,4039
빌럼알렉산더르가 어떤 언어로 말했습니까?,네덜란드어,languages_spoken,29,4039
빌럼알렉산더르가 무슨 언어로 말했습니까?,네덜란드어,languages_spoken,29,4039
빌럼알렉산더르가 의사 소통에 사용한 언어는 무엇입니까?,네덜란드어,languages_spoken,29,4039
빌럼알렉산더르가 사용한 언어는 무엇이었습니까?,네덜란드어,languages_spoken,29,4039
트리스탕 차라가 의사 통신에 사용한 언어는 무엇입니까?,프랑스어,languages_spoken,30,4040
트리스탕 차라가 어떤 언어로 말했습니까?,프랑스어,languages_spoken,30,4040
트리스탕 차라가 무슨 언어로 말했습니까?,프랑스어,languages_spoken,30,4040
트리스탕 차라가 의사 소통에 사용한 언어는 무엇입니까?,프랑스어,languages_spoken,30,4040
트리스탕 차라가 사용한 언어는 무엇이었습니까?,프랑스어,languages_spoken,30,4040
리처드 아크라이트가 의사 통신에 사용한 언어는 무엇입니까?,영어,languages_spoken,31,4041
리처드 아크라이트가 어떤 언어로 말했습니까?,영어,languages_spoken,31,4041
리처드 아크라이트가 무슨 언어로 말했습니까?,영어,languages_spoken,31,4041
리처드 아크라이트가 의사 소통에 사용한 언어는 무엇입니까?,영어,languages_spoken,31,4041
리처드 아크라이트가 사용한 언어는 무엇이었습니까?,영어,languages_spoken,31,4041
주제프 과르디올라가 의사 통신에 사용한 언어는 무엇입니까?,스페인어,languages_spoken,32,4042
주제프 과르디올라가 어떤 언어로 말했습니까?,스페인어,languages_spoken,32,4042
주제프 과르디올라가 무슨 언어로 말했습니까?,스페인어,languages_spoken,32,4042
주제프 과르디올라가 의사 소통에 사용한 언어는 무엇입니까?,스페인어,languages_spoken,32,4042
주제프 과르디올라가 사용한 언어는 무엇이었습니까?,스페인어,languages_spoken,32,4042
너지 임레가 의사 통신에 사용한 언어는 무엇입니까?,헝가리어,languages_spoken,33,4043
너지 임레가 어떤 언어로 말했습니까?,헝가리어,languages_spoken,33,4043
너지 임레가 무슨 언어로 말했습니까?,헝가리어,languages_spoken,33,4043
너지 임레가 의사 소통에 사용한 언어는 무엇입니까?,헝가리어,languages_spoken,33,4043
너지 임레가 사용한 언어는 무엇이었습니까?,헝가리어,languages_spoken,33,4043
빌럼 에인트호번가 의사 통신에 사용한 언어는 무엇입니까?,네덜란드어,languages_spoken,34,4044
빌럼 에인트호번가 어떤 언어로 말했습니까?,네덜란드어,languages_spoken,34,4044
빌럼 에인트호번가 무슨 언어로 말했습니까?,네덜란드어,languages_spoken,34,4044
빌럼 에인트호번가 의사 소통에 사용한 언어는 무엇입니까?,네덜란드어,languages_spoken,34,4044
빌럼 에인트호번가 사용한 언어는 무엇이었습니까?,네덜란드어,languages_spoken,34,4044
마르그레테 2세가 의사 통신에 사용한 언어는 무엇입니까?,스웨덴어,languages_spoken,35,4045
마르그레테 2세가 어떤 언어로 말했습니까?,스웨덴어,languages_spoken,35,4045
마르그레테 2세가 무슨 언어로 말했습니까?,스웨덴어,languages_spoken,35,4045
마르그레테 2세가 의사 소통에 사용한 언어는 무엇입니까?,스웨덴어,languages_spoken,35,4045
마르그레테 2세가 사용한 언어는 무엇이었습니까?,스웨덴어,languages_spoken,35,4045
사톈드라 나스 보스가 의사 통신에 사용한 언어는 무엇입니까?,영어,languages_spoken,36,4046
사톈드라 나스 보스가 어떤 언어로 말했습니까?,영어,languages_spoken,36,4046
사톈드라 나스 보스가 무슨 언어로 말했습니까?,영어,languages_spoken,36,4046
사톈드라 나스 보스가 의사 소통에 사용한 언어는 무엇입니까?,영어,languages_spoken,36,4046
사톈드라 나스 보스가 사용한 언어는 무엇이었습니까?,영어,languages_spoken,36,4046
어니스트 섀클턴가 의사 통신에 사용한 언어는 무엇입니까?,영어,languages_spoken,37,4047
어니스트 섀클턴가 어떤 언어로 말했습니까?,영어,languages_spoken,37,4047
어니스트 섀클턴가 무슨 언어로 말했습니까?,영어,languages_spoken,37,4047
어니스트 섀클턴가 의사 소통에 사용한 언어는 무엇입니까?,영어,languages_spoken,37,4047
어니스트 섀클턴가 사용한 언어는 무엇이었습니까?,영어,languages_spoken,37,4047
살바도르 아옌데가 의사 통신에 사용한 언어는 무엇입니까?,스페인어,languages_spoken,38,4048
살바도르 아옌데가 어떤 언어로 말했습니까?,스페인어,languages_spoken,38,4048
살바도르 아옌데가 무슨 언어로 말했습니까?,스페인어,languages_spoken,38,4048
살바도르 아옌데가 의사 소통에 사용한 언어는 무엇입니까?,스페인어,languages_spoken,38,4048
살바도르 아옌데가 사용한 언어는 무엇이었습니까?,스페인어,languages_spoken,38,4048
니콜라이 레스코프가 의사 통신에 사용한 언어는 무엇입니까?,러시아어,languages_spoken,39,4049
니콜라이 레스코프가 어떤 언어로 말했습니까?,러시아어,languages_spoken,39,4049
니콜라이 레스코프가 무슨 언어로 말했습니까?,러시아어,languages_spoken,39,4049
니콜라이 레스코프가 의사 소통에 사용한 언어는 무엇입니까?,러시아어,languages_spoken,39,4049
니콜라이 레스코프가 사용한 언어는 무엇이었습니까?,러시아어,languages_spoken,39,4049
비토리오 에마누엘레 2세가 의사 통신에 사용한 언어는 무엇입니까?,이탈리아어,languages_spoken,40,4050
비토리오 에마누엘레 2세가 어떤 언어로 말했습니까?,이탈리아어,languages_spoken,40,4050
비토리오 에마누엘레 2세가 무슨 언어로 말했습니까?,이탈리아어,languages_spoken,40,4050
비토리오 에마누엘레 2세가 의사 소통에 사용한 언어는 무엇입니까?,이탈리아어,languages_spoken,40,4050
비토리오 에마누엘레 2세가 사용한 언어는 무엇이었습니까?,이탈리아어,languages_spoken,40,4050
제오르제 에네스쿠가 의사 통신에 사용한 언어는 무엇입니까?,루마니아어,languages_spoken,41,4051
제오르제 에네스쿠가 어떤 언어로 말했습니까?,루마니아어,languages_spoken,41,4051
제오르제 에네스쿠가 무슨 언어로 말했습니까?,루마니아어,languages_spoken,41,4051
제오르제 에네스쿠가 의사 소통에 사용한 언어는 무엇입니까?,루마니아어,languages_spoken,41,4051
제오르제 에네스쿠가 사용한 언어는 무엇이었습니까?,루마니아어,languages_spoken,41,4051
글로리아 에스테판가 의사 통신에 사용한 언어는 무엇입니까?,스페인어,languages_spoken,42,4052
글로리아 에스테판가 어떤 언어로 말했습니까?,스페인어,languages_spoken,42,4052
글로리아 에스테판가 무슨 언어로 말했습니까?,스페인어,languages_spoken,42,4052
글로리아 에스테판가 의사 소통에 사용한 언어는 무엇입니까?,스페인어,languages_spoken,42,4052
글로리아 에스테판가 사용한 언어는 무엇이었습니까?,스페인어,languages_spoken,42,4052
마이클 무어가 의사 통신에 사용한 언어는 무엇입니까?,영어,languages_spoken,43,4053
마이클 무어가 어떤 언어로 말했습니까?,영어,languages_spoken,43,4053
마이클 무어가 무슨 언어로 말했습니까?,영어,languages_spoken,43,4053
마이클 무어가 의사 소통에 사용한 언어는 무엇입니까?,영어,languages_spoken,43,4053
마이클 무어가 사용한 언어는 무엇이었습니까?,영어,languages_spoken,43,4053
피에르 보마르셰가 의사 통신에 사용한 언어는 무엇입니까?,프랑스어,languages_spoken,44,4054
피에르 보마르셰가 어떤 언어로 말했습니까?,프랑스어,languages_spoken,44,4054
피에르 보마르셰가 무슨 언어로 말했습니까?,프랑스어,languages_spoken,44,4054
피에르 보마르셰가 의사 소통에 사용한 언어는 무엇입니까?,프랑스어,languages_spoken,44,4054
피에르 보마르셰가 사용한 언어는 무엇이었습니까?,프랑스어,languages_spoken,44,4054
베네데토 크로체가 의사 통신에 사용한 언어는 무엇입니까?,이탈리아어,languages_spoken,45,4055
베네데토 크로체가 어떤 언어로 말했습니까?,이탈리아어,languages_spoken,45,4055
베네데토 크로체가 무슨 언어로 말했습니까?,이탈리아어,languages_spoken,45,4055
베네데토 크로체가 의사 소통에 사용한 언어는 무엇입니까?,이탈리아어,languages_spoken,45,4055
베네데토 크로체가 사용한 언어는 무엇이었습니까?,이탈리아어,languages_spoken,45,4055
라비 샹카르가 의사 통신에 사용한 언어는 무엇입니까?,영어,languages_spoken,46,4056
라비 샹카르가 어떤 언어로 말했습니까?,영어,languages_spoken,46,4056
라비 샹카르가 무슨 언어로 말했습니까?,영어,languages_spoken,46,4056
라비 샹카르가 의사 소통에 사용한 언어는 무엇입니까?,영어,languages_spoken,46,4056
라비 샹카르가 사용한 언어는 무엇이었습니까?,영어,languages_spoken,46,4056
샘 멘디스가 의사 통신에 사용한 언어는 무엇입니까?,영어,languages_spoken,47,4057
샘 멘디스가 어떤 언어로 말했습니까?,영어,languages_spoken,47,4057
샘 멘디스가 무슨 언어로 말했습니까?,영어,languages_spoken,47,4057
샘 멘디스가 의사 소통에 사용한 언어는 무엇입니까?,영어,languages_spoken,47,4057
샘 멘디스가 사용한 언어는 무엇이었습니까?,영어,languages_spoken,47,4057
이반 부닌가 의사 통신에 사용한 언어는 무엇입니까?,러시아어,languages_spoken,48,4058
이반 부닌가 어떤 언어로 말했습니까?,러시아어,languages_spoken,48,4058
이반 부닌가 무슨 언어로 말했습니까?,러시아어,languages_spoken,48,4058
이반 부닌가 의사 소통에 사용한 언어는 무엇입니까?,러시아어,languages_spoken,48,4058
이반 부닌가 사용한 언어는 무엇이었습니까?,러시아어,languages_spoken,48,4058
아볼하산 바니사드르가 의사 통신에 사용한 언어는 무엇입니까?,페르시아어,languages_spoken,49,4059
아볼하산 바니사드르가 어떤 언어로 말했습니까?,페르시아어,languages_spoken,49,4059
아볼하산 바니사드르가 무슨 언어로 말했습니까?,페르시아어,languages_spoken,49,4059
아볼하산 바니사드르가 의사 소통에 사용한 언어는 무엇입니까?,페르시아어,languages_spoken,49,4059
아볼하산 바니사드르가 사용한 언어는 무엇이었습니까?,페르시아어,languages_spoken,49,4059
앙군가 의사 통신에 사용한 언어는 무엇입니까?,인도네시아어,languages_spoken,50,4060
앙군가 어떤 언어로 말했습니까?,인도네시아어,languages_spoken,50,4060
앙군가 무슨 언어로 말했습니까?,인도네시아어,languages_spoken,50,4060
앙군가 의사 소통에 사용한 언어는 무엇입니까?,인도네시아어,languages_spoken,50,4060
앙군가 사용한 언어는 무엇이었습니까?,인도네시아어,languages_spoken,50,4060
클라크 게이블가 의사 통신에 사용한 언어는 무엇입니까?,영어,languages_spoken,51,4061
클라크 게이블가 어떤 언어로 말했습니까?,영어,languages_spoken,51,4061
클라크 게이블가 무슨 언어로 말했습니까?,영어,languages_spoken,51,4061
클라크 게이블가 의사 소통에 사용한 언어는 무엇입니까?,영어,languages_spoken,51,4061
클라크 게이블가 사용한 언어는 무엇이었습니까?,영어,languages_spoken,51,4061
자크 라캉가 의사 통신에 사용한 언어는 무엇입니까?,프랑스어,languages_spoken,52,4062
자크 라캉가 어떤 언어로 말했습니까?,프랑스어,languages_spoken,52,4062
자크 라캉가 무슨 언어로 말했습니까?,프랑스어,languages_spoken,52,4062
자크 라캉가 의사 소통에 사용한 언어는 무엇입니까?,프랑스어,languages_spoken,52,4062
자크 라캉가 사용한 언어는 무엇이었습니까?,프랑스어,languages_spoken,52,4062
제임스 가너가 의사 통신에 사용한 언어는 무엇입니까?,영어,languages_spoken,53,4063
제임스 가너가 어떤 언어로 말했습니까?,영어,languages_spoken,53,4063
제임스 가너가 무슨 언어로 말했습니까?,영어,languages_spoken,53,4063
제임스 가너가 의사 소통에 사용한 언어는 무엇입니까?,영어,languages_spoken,53,4063
제임스 가너가 사용한 언어는 무엇이었습니까?,영어,languages_spoken,53,4063
마누엘 발스가 의사 통신에 사용한 언어는 무엇입니까?,스페인어,languages_spoken,54,4064
마누엘 발스가 어떤 언어로 말했습니까?,스페인어,languages_spoken,54,4064
마누엘 발스가 무슨 언어로 말했습니까?,스페인어,languages_spoken,54,4064
마누엘 발스가 의사 소통에 사용한 언어는 무엇입니까?,스페인어,languages_spoken,54,4064
마누엘 발스가 사용한 언어는 무엇이었습니까?,스페인어,languages_spoken,54,4064
아바스 키아로스타미가 의사 통신에 사용한 언어는 무엇입니까?,페르시아어,languages_spoken,55,4065
아바스 키아로스타미가 어떤 언어로 말했습니까?,페르시아어,languages_spoken,55,4065
아바스 키아로스타미가 무슨 언어로 말했습니까?,페르시아어,languages_spoken,55,4065
아바스 키아로스타미가 의사 소통에 사용한 언어는 무엇입니까?,페르시아어,languages_spoken,55,4065
아바스 키아로스타미가 사용한 언어는 무엇이었습니까?,페르시아어,languages_spoken,55,4065
올리버 크롬웰가 의사 통신에 사용한 언어는 무엇입니까?,영어,languages_spoken,56,4066
올리버 크롬웰가 어떤 언어로 말했습니까?,영어,languages_spoken,56,4066
올리버 크롬웰가 무슨 언어로 말했습니까?,영어,languages_spoken,56,4066
올리버 크롬웰가 의사 소통에 사용한 언어는 무엇입니까?,영어,languages_spoken,56,4066
올리버 크롬웰가 사용한 언어는 무엇이었습니까?,영어,languages_spoken,56,4066
아우구스토 피노체트가 의사 통신에 사용한 언어는 무엇입니까?,스페인어,languages_spoken,57,4067
아우구스토 피노체트가 어떤 언어로 말했습니까?,스페인어,languages_spoken,57,4067
아우구스토 피노체트가 무슨 언어로 말했습니까?,스페인어,languages_spoken,57,4067
아우구스토 피노체트가 의사 소통에 사용한 언어는 무엇입니까?,스페인어,languages_spoken,57,4067
아우구스토 피노체트가 사용한 언어는 무엇이었습니까?,스페인어,languages_spoken,57,4067
프랑시스 풀랑크가 의사 통신에 사용한 언어는 무엇입니까?,프랑스어,languages_spoken,58,4068
프랑시스 풀랑크가 어떤 언어로 말했습니까?,프랑스어,languages_spoken,58,4068
프랑시스 풀랑크가 무슨 언어로 말했습니까?,프랑스어,languages_spoken,58,4068
프랑시스 풀랑크가 의사 소통에 사용한 언어는 무엇입니까?,프랑스어,languages_spoken,58,4068
프랑시스 풀랑크가 사용한 언어는 무엇이었습니까?,프랑스어,languages_spoken,58,4068
쥘 마스네가 의사 통신에 사용한 언어는 무엇입니까?,프랑스어,languages_spoken,59,4069
쥘 마스네가 어떤 언어로 말했습니까?,프랑스어,languages_spoken,59,4069
쥘 마스네가 무슨 언어로 말했습니까?,프랑스어,languages_spoken,59,4069
쥘 마스네가 의사 소통에 사용한 언어는 무엇입니까?,프랑스어,languages_spoken,59,4069
쥘 마스네가 사용한 언어는 무엇이었습니까?,프랑스어,languages_spoken,59,4069
카를로스 마르체나가 의사 통신에 사용한 언어는 무엇입니까?,스페인어,languages_spoken,60,4070
카를로스 마르체나가 어떤 언어로 말했습니까?,스페인어,languages_spoken,60,4070
카를로스 마르체나가 무슨 언어로 말했습니까?,스페인어,languages_spoken,60,4070
카를로스 마르체나가 의사 소통에 사용한 언어는 무엇입니까?,스페인어,languages_spoken,60,4070
카를로스 마르체나가 사용한 언어는 무엇이었습니까?,스페인어,languages_spoken,60,4070
루도비코 라자로 자멘호프가 의사 통신에 사용한 언어는 무엇입니까?,영어,languages_spoken,61,4071
루도비코 라자로 자멘호프가 어떤 언어로 말했습니까?,영어,languages_spoken,61,4071
루도비코 라자로 자멘호프가 무슨 언어로 말했습니까?,영어,languages_spoken,61,4071
루도비코 라자로 자멘호프가 의사 소통에 사용한 언어는 무엇입니까?,영어,languages_spoken,61,4071
루도비코 라자로 자멘호프가 사용한 언어는 무엇이었습니까?,영어,languages_spoken,61,4071
무하마드 알리가 의사 통신에 사용한 언어는 무엇입니까?,영어,languages_spoken,62,4072
무하마드 알리가 어떤 언어로 말했습니까?,영어,languages_spoken,62,4072
무하마드 알리가 무슨 언어로 말했습니까?,영어,languages_spoken,62,4072
무하마드 알리가 의사 소통에 사용한 언어는 무엇입니까?,영어,languages_spoken,62,4072
무하마드 알리가 사용한 언어는 무엇이었습니까?,영어,languages_spoken,62,4072
안나 마냐니가 의사 통신에 사용한 언어는 무엇입니까?,이탈리아어,languages_spoken,63,4073
안나 마냐니가 어떤 언어로 말했습니까?,이탈리아어,languages_spoken,63,4073
안나 마냐니가 무슨 언어로 말했습니까?,이탈리아어,languages_spoken,63,4073
안나 마냐니가 의사 소통에 사용한 언어는 무엇입니까?,이탈리아어,languages_spoken,63,4073
안나 마냐니가 사용한 언어는 무엇이었습니까?,이탈리아어,languages_spoken,63,4073
아바가 의사 통신에 사용한 언어는 무엇입니까?,스웨덴어,languages_spoken,64,4074
아바가 어떤 언어로 말했습니까?,스웨덴어,languages_spoken,64,4074
아바가 무슨 언어로 말했습니까?,스웨덴어,languages_spoken,64,4074
아바가 의사 소통에 사용한 언어는 무엇입니까?,스웨덴어,languages_spoken,64,4074
아바가 사용한 언어는 무엇이었습니까?,스웨덴어,languages_spoken,64,4074
예수가 의사 통신에 사용한 언어는 무엇입니까?,히브리어,languages_spoken,65,4075
예수가 어떤 언어로 말했습니까?,히브리어,languages_spoken,65,4075
예수가 무슨 언어로 말했습니까?,히브리어,languages_spoken,65,4075
예수가 의사 소통에 사용한 언어는 무엇입니까?,히브리어,languages_spoken,65,4075
예수가 사용한 언어는 무엇이었습니까?,히브리어,languages_spoken,65,4075
주세페 토르나토레가 의사 통신에 사용한 언어는 무엇입니까?,이탈리아어,languages_spoken,66,4076
주세페 토르나토레가 어떤 언어로 말했습니까?,이탈리아어,languages_spoken,66,4076
주세페 토르나토레가 무슨 언어로 말했습니까?,이탈리아어,languages_spoken,66,4076
주세페 토르나토레가 의사 소통에 사용한 언어는 무엇입니까?,이탈리아어,languages_spoken,66,4076
주세페 토르나토레가 사용한 언어는 무엇이었습니까?,이탈리아어,languages_spoken,66,4076
그웬 스테파니가 의사 통신에 사용한 언어는 무엇입니까?,영어,languages_spoken,67,4077
그웬 스테파니가 어떤 언어로 말했습니까?,영어,languages_spoken,67,4077
그웬 스테파니가 무슨 언어로 말했습니까?,영어,languages_spoken,67,4077
그웬 스테파니가 의사 소통에 사용한 언어는 무엇입니까?,영어,languages_spoken,67,4077
그웬 스테파니가 사용한 언어는 무엇이었습니까?,영어,languages_spoken,67,4077
타키투스가 의사 통신에 사용한 언어는 무엇입니까?,라틴어,languages_spoken,68,4078
타키투스가 어떤 언어로 말했습니까?,라틴어,languages_spoken,68,4078
타키투스가 무슨 언어로 말했습니까?,라틴어,languages_spoken,68,4078
타키투스가 의사 소통에 사용한 언어는 무엇입니까?,라틴어,languages_spoken,68,4078
타키투스가 사용한 언어는 무엇이었습니까?,라틴어,languages_spoken,68,4078
앨러니스 모리세트가 의사 통신에 사용한 언어는 무엇입니까?,영어,languages_spoken,69,4079
앨러니스 모리세트가 어떤 언어로 말했습니까?,영어,languages_spoken,69,4079
앨러니스 모리세트가 무슨 언어로 말했습니까?,영어,languages_spoken,69,4079
앨러니스 모리세트가 의사 소통에 사용한 언어는 무엇입니까?,영어,languages_spoken,69,4079
앨러니스 모리세트가 사용한 언어는 무엇이었습니까?,영어,languages_spoken,69,4079
보이치에흐 야루젤스키가 의사 통신에 사용한 언어는 무엇입니까?,폴란드어,languages_spoken,70,4080
보이치에흐 야루젤스키가 어떤 언어로 말했습니까?,폴란드어,languages_spoken,70,4080
보이치에흐 야루젤스키가 무슨 언어로 말했습니까?,폴란드어,languages_spoken,70,4080
보이치에흐 야루젤스키가 의사 소통에 사용한 언어는 무엇입니까?,폴란드어,languages_spoken,70,4080
보이치에흐 야루젤스키가 사용한 언어는 무엇이었습니까?,폴란드어,languages_spoken,70,4080
카일리 미노그가 의사 통신에 사용한 언어는 무엇입니까?,영어,languages_spoken,71,4081
카일리 미노그가 어떤 언어로 말했습니까?,영어,languages_spoken,71,4081
카일리 미노그가 무슨 언어로 말했습니까?,영어,languages_spoken,71,4081
카일리 미노그가 의사 소통에 사용한 언어는 무엇입니까?,영어,languages_spoken,71,4081
카일리 미노그가 사용한 언어는 무엇이었습니까?,영어,languages_spoken,71,4081
카를로스 푸엔테스가 의사 통신에 사용한 언어는 무엇입니까?,스페인어,languages_spoken,72,4082
카를로스 푸엔테스가 어떤 언어로 말했습니까?,스페인어,languages_spoken,72,4082
카를로스 푸엔테스가 무슨 언어로 말했습니까?,스페인어,languages_spoken,72,4082
카를로스 푸엔테스가 의사 소통에 사용한 언어는 무엇입니까?,스페인어,languages_spoken,72,4082
카를로스 푸엔테스가 사용한 언어는 무엇이었습니까?,스페인어,languages_spoken,72,4082
드와이트 D. 아이젠하워가 의사 통신에 사용한 언어는 무엇입니까?,영어,languages_spoken,73,4083
드와이트 D. 아이젠하워가 어떤 언어로 말했습니까?,영어,languages_spoken,73,4083
드와이트 D. 아이젠하워가 무슨 언어로 말했습니까?,영어,languages_spoken,73,4083
드와이트 D. 아이젠하워가 의사 소통에 사용한 언어는 무엇입니까?,영어,languages_spoken,73,4083
드와이트 D. 아이젠하워가 사용한 언어는 무엇이었습니까?,영어,languages_spoken,73,4083
토마 피케티가 의사 통신에 사용한 언어는 무엇입니까?,프랑스어,languages_spoken,74,4084
토마 피케티가 어떤 언어로 말했습니까?,프랑스어,languages_spoken,74,4084
토마 피케티가 무슨 언어로 말했습니까?,프랑스어,languages_spoken,74,4084
토마 피케티가 의사 소통에 사용한 언어는 무엇입니까?,프랑스어,languages_spoken,74,4084
토마 피케티가 사용한 언어는 무엇이었습니까?,프랑스어,languages_spoken,74,4084
알렉세이 브루실로프가 의사 통신에 사용한 언어는 무엇입니까?,러시아어,languages_spoken,75,4085
알렉세이 브루실로프가 어떤 언어로 말했습니까?,러시아어,languages_spoken,75,4085
알렉세이 브루실로프가 무슨 언어로 말했습니까?,러시아어,languages_spoken,75,4085
알렉세이 브루실로프가 의사 소통에 사용한 언어는 무엇입니까?,러시아어,languages_spoken,75,4085
알렉세이 브루실로프가 사용한 언어는 무엇이었습니까?,러시아어,languages_spoken,75,4085
레프 카메네프가 의사 통신에 사용한 언어는 무엇입니까?,러시아어,languages_spoken,76,4086
레프 카메네프가 어떤 언어로 말했습니까?,러시아어,languages_spoken,76,4086
레프 카메네프가 무슨 언어로 말했습니까?,러시아어,languages_spoken,76,4086
레프 카메네프가 의사 소통에 사용한 언어는 무엇입니까?,러시아어,languages_spoken,76,4086
레프 카메네프가 사용한 언어는 무엇이었습니까?,러시아어,languages_spoken,76,4086
존 업다이크가 의사 통신에 사용한 언어는 무엇입니까?,영어,languages_spoken,77,4087
존 업다이크가 어떤 언어로 말했습니까?,영어,languages_spoken,77,4087
존 업다이크가 무슨 언어로 말했습니까?,영어,languages_spoken,77,4087
존 업다이크가 의사 소통에 사용한 언어는 무엇입니까?,영어,languages_spoken,77,4087
존 업다이크가 사용한 언어는 무엇이었습니까?,영어,languages_spoken,77,4087
안 파릴로가 의사 통신에 사용한 언어는 무엇입니까?,프랑스어,languages_spoken,78,4088
안 파릴로가 어떤 언어로 말했습니까?,프랑스어,languages_spoken,78,4088
안 파릴로가 무슨 언어로 말했습니까?,프랑스어,languages_spoken,78,4088
안 파릴로가 의사 소통에 사용한 언어는 무엇입니까?,프랑스어,languages_spoken,78,4088
안 파릴로가 사용한 언어는 무엇이었습니까?,프랑스어,languages_spoken,78,4088
펠리페 5세가 의사 통신에 사용한 언어는 무엇입니까?,스페인어,languages_spoken,79,4089
펠리페 5세가 어떤 언어로 말했습니까?,스페인어,languages_spoken,79,4089
펠리페 5세가 무슨 언어로 말했습니까?,스페인어,languages_spoken,79,4089
펠리페 5세가 의사 소통에 사용한 언어는 무엇입니까?,스페인어,languages_spoken,79,4089
펠리페 5세가 사용한 언어는 무엇이었습니까?,스페인어,languages_spoken,79,4089
에마뉘엘 세니에르가 의사 통신에 사용한 언어는 무엇입니까?,프랑스어,languages_spoken,80,4090
에마뉘엘 세니에르가 어떤 언어로 말했습니까?,프랑스어,languages_spoken,80,4090
에마뉘엘 세니에르가 무슨 언어로 말했습니까?,프랑스어,languages_spoken,80,4090
에마뉘엘 세니에르가 의사 소통에 사용한 언어는 무엇입니까?,프랑스어,languages_spoken,80,4090
에마뉘엘 세니에르가 사용한 언어는 무엇이었습니까?,프랑스어,languages_spoken,80,4090
어니스트 러더퍼드가 의사 통신에 사용한 언어는 무엇입니까?,영어,languages_spoken,81,4091
어니스트 러더퍼드가 어떤 언어로 말했습니까?,영어,languages_spoken,81,4091
어니스트 러더퍼드가 무슨 언어로 말했습니까?,영어,languages_spoken,81,4091
어니스트 러더퍼드가 의사 소통에 사용한 언어는 무엇입니까?,영어,languages_spoken,81,4091
어니스트 러더퍼드가 사용한 언어는 무엇이었습니까?,영어,languages_spoken,81,4091
유진 오닐가 의사 통신에 사용한 언어는 무엇입니까?,영어,languages_spoken,82,4092
유진 오닐가 어떤 언어로 말했습니까?,영어,languages_spoken,82,4092
유진 오닐가 무슨 언어로 말했습니까?,영어,languages_spoken,82,4092
유진 오닐가 의사 소통에 사용한 언어는 무엇입니까?,영어,languages_spoken,82,4092
유진 오닐가 사용한 언어는 무엇이었습니까?,영어,languages_spoken,82,4092
켈빈 남작 1세 윌리엄 톰슨가 의사 통신에 사용한 언어는 무엇입니까?,영어,languages_spoken,83,4093
켈빈 남작 1세 윌리엄 톰슨가 어떤 언어로 말했습니까?,영어,languages_spoken,83,4093
켈빈 남작 1세 윌리엄 톰슨가 무슨 언어로 말했습니까?,영어,languages_spoken,83,4093
켈빈 남작 1세 윌리엄 톰슨가 의사 소통에 사용한 언어는 무엇입니까?,영어,languages_spoken,83,4093
켈빈 남작 1세 윌리엄 톰슨가 사용한 언어는 무엇이었습니까?,영어,languages_spoken,83,4093
제니퍼 허드슨가 의사 통신에 사용한 언어는 무엇입니까?,영어,languages_spoken,84,4094
제니퍼 허드슨가 어떤 언어로 말했습니까?,영어,languages_spoken,84,4094
제니퍼 허드슨가 무슨 언어로 말했습니까?,영어,languages_spoken,84,4094
제니퍼 허드슨가 의사 소통에 사용한 언어는 무엇입니까?,영어,languages_spoken,84,4094
제니퍼 허드슨가 사용한 언어는 무엇이었습니까?,영어,languages_spoken,84,4094
헨리 키신저가 의사 통신에 사용한 언어는 무엇입니까?,영어,languages_spoken,85,4095
헨리 키신저가 어떤 언어로 말했습니까?,영어,languages_spoken,85,4095
헨리 키신저가 무슨 언어로 말했습니까?,영어,languages_spoken,85,4095
헨리 키신저가 의사 소통에 사용한 언어는 무엇입니까?,영어,languages_spoken,85,4095
헨리 키신저가 사용한 언어는 무엇이었습니까?,영어,languages_spoken,85,4095
교황 비오 10세가 의사 통신에 사용한 언어는 무엇입니까?,라틴어,languages_spoken,86,4096
교황 비오 10세가 어떤 언어로 말했습니까?,라틴어,languages_spoken,86,4096
교황 비오 10세가 무슨 언어로 말했습니까?,라틴어,languages_spoken,86,4096
교황 비오 10세가 의사 소통에 사용한 언어는 무엇입니까?,라틴어,languages_spoken,86,4096
교황 비오 10세가 사용한 언어는 무엇이었습니까?,라틴어,languages_spoken,86,4096
우제이르 하지배요프가 의사 통신에 사용한 언어는 무엇입니까?,아제르바이잔어,languages_spoken,87,4097
우제이르 하지배요프가 어떤 언어로 말했습니까?,아제르바이잔어,languages_spoken,87,4097
우제이르 하지배요프가 무슨 언어로 말했습니까?,아제르바이잔어,languages_spoken,87,4097
우제이르 하지배요프가 의사 소통에 사용한 언어는 무엇입니까?,아제르바이잔어,languages_spoken,87,4097
우제이르 하지배요프가 사용한 언어는 무엇이었습니까?,아제르바이잔어,languages_spoken,87,4097
토머스 홉스가 의사 통신에 사용한 언어는 무엇입니까?,라틴어,languages_spoken,88,4098
토머스 홉스가 어떤 언어로 말했습니까?,라틴어,languages_spoken,88,4098
토머스 홉스가 무슨 언어로 말했습니까?,라틴어,languages_spoken,88,4098
토머스 홉스가 의사 소통에 사용한 언어는 무엇입니까?,라틴어,languages_spoken,88,4098
토머스 홉스가 사용한 언어는 무엇이었습니까?,라틴어,languages_spoken,88,4098
주희가 의사 통신에 사용한 언어는 무엇입니까?,중국어,languages_spoken,89,4099
주희가 어떤 언어로 말했습니까?,중국어,languages_spoken,89,4099
주희가 무슨 언어로 말했습니까?,중국어,languages_spoken,89,4099
주희가 의사 소통에 사용한 언어는 무엇입니까?,중국어,languages_spoken,89,4099
주희가 사용한 언어는 무엇이었습니까?,중국어,languages_spoken,89,4099
가드 엘마레가 의사 통신에 사용한 언어는 무엇입니까?,프랑스어,languages_spoken,90,4100
가드 엘마레가 어떤 언어로 말했습니까?,프랑스어,languages_spoken,90,4100
가드 엘마레가 무슨 언어로 말했습니까?,프랑스어,languages_spoken,90,4100
가드 엘마레가 의사 소통에 사용한 언어는 무엇입니까?,프랑스어,languages_spoken,90,4100
가드 엘마레가 사용한 언어는 무엇이었습니까?,프랑스어,languages_spoken,90,4100
알베르트 리에라가 의사 통신에 사용한 언어는 무엇입니까?,스페인어,languages_spoken,91,4101
알베르트 리에라가 어떤 언어로 말했습니까?,스페인어,languages_spoken,91,4101
알베르트 리에라가 무슨 언어로 말했습니까?,스페인어,languages_spoken,91,4101
알베르트 리에라가 의사 소통에 사용한 언어는 무엇입니까?,스페인어,languages_spoken,91,4101
알베르트 리에라가 사용한 언어는 무엇이었습니까?,스페인어,languages_spoken,91,4101
아우구스트 스트린드베리가 의사 통신에 사용한 언어는 무엇입니까?,스웨덴어,languages_spoken,92,4102
아우구스트 스트린드베리가 어떤 언어로 말했습니까?,스웨덴어,languages_spoken,92,4102
아우구스트 스트린드베리가 무슨 언어로 말했습니까?,스웨덴어,languages_spoken,92,4102
아우구스트 스트린드베리가 의사 소통에 사용한 언어는 무엇입니까?,스웨덴어,languages_spoken,92,4102
아우구스트 스트린드베리가 사용한 언어는 무엇이었습니까?,스웨덴어,languages_spoken,92,4102
크리스틴 스콧 토머스가 의사 통신에 사용한 언어는 무엇입니까?,프랑스어,languages_spoken,93,4103
크리스틴 스콧 토머스가 어떤 언어로 말했습니까?,프랑스어,languages_spoken,93,4103
크리스틴 스콧 토머스가 무슨 언어로 말했습니까?,프랑스어,languages_spoken,93,4103
크리스틴 스콧 토머스가 의사 소통에 사용한 언어는 무엇입니까?,프랑스어,languages_spoken,93,4103
크리스틴 스콧 토머스가 사용한 언어는 무엇이었습니까?,프랑스어,languages_spoken,93,4103
토머스 하디가 의사 통신에 사용한 언어는 무엇입니까?,영어,languages_spoken,94,4104
토머스 하디가 어떤 언어로 말했습니까?,영어,languages_spoken,94,4104
토머스 하디가 무슨 언어로 말했습니까?,영어,languages_spoken,94,4104
토머스 하디가 의사 소통에 사용한 언어는 무엇입니까?,영어,languages_spoken,94,4104
토머스 하디가 사용한 언어는 무엇이었습니까?,영어,languages_spoken,94,4104
월터 크롱카이트가 의사 통신에 사용한 언어는 무엇입니까?,영어,languages_spoken,95,4105
월터 크롱카이트가 어떤 언어로 말했습니까?,영어,languages_spoken,95,4105
월터 크롱카이트가 무슨 언어로 말했습니까?,영어,languages_spoken,95,4105
월터 크롱카이트가 의사 소통에 사용한 언어는 무엇입니까?,영어,languages_spoken,95,4105
월터 크롱카이트가 사용한 언어는 무엇이었습니까?,영어,languages_spoken,95,4105
마이모니데스가 의사 통신에 사용한 언어는 무엇입니까?,히브리어,languages_spoken,96,4106
마이모니데스가 어떤 언어로 말했습니까?,히브리어,languages_spoken,96,4106
마이모니데스가 무슨 언어로 말했습니까?,히브리어,languages_spoken,96,4106
마이모니데스가 의사 소통에 사용한 언어는 무엇입니까?,히브리어,languages_spoken,96,4106
마이모니데스가 사용한 언어는 무엇이었습니까?,히브리어,languages_spoken,96,4106
요한 크라위프가 의사 통신에 사용한 언어는 무엇입니까?,네덜란드어,languages_spoken,97,4107
요한 크라위프가 어떤 언어로 말했습니까?,네덜란드어,languages_spoken,97,4107
요한 크라위프가 무슨 언어로 말했습니까?,네덜란드어,languages_spoken,97,4107
요한 크라위프가 의사 소통에 사용한 언어는 무엇입니까?,네덜란드어,languages_spoken,97,4107
요한 크라위프가 사용한 언어는 무엇이었습니까?,네덜란드어,languages_spoken,97,4107
가오싱젠가 의사 통신에 사용한 언어는 무엇입니까?,중국어,languages_spoken,98,4108
가오싱젠가 어떤 언어로 말했습니까?,중국어,languages_spoken,98,4108
가오싱젠가 무슨 언어로 말했습니까?,중국어,languages_spoken,98,4108
가오싱젠가 의사 소통에 사용한 언어는 무엇입니까?,중국어,languages_spoken,98,4108
가오싱젠가 사용한 언어는 무엇이었습니까?,중국어,languages_spoken,98,4108
미하일 호도르콥스키가 의사 통신에 사용한 언어는 무엇입니까?,러시아어,languages_spoken,99,4109
미하일 호도르콥스키가 어떤 언어로 말했습니까?,러시아어,languages_spoken,99,4109
미하일 호도르콥스키가 무슨 언어로 말했습니까?,러시아어,languages_spoken,99,4109
미하일 호도르콥스키가 의사 소통에 사용한 언어는 무엇입니까?,러시아어,languages_spoken,99,4109
미하일 호도르콥스키가 사용한 언어는 무엇이었습니까?,러시아어,languages_spoken,99,4109
장 시벨리우스가 의사 통신에 사용한 언어는 무엇입니까?,핀란드어,languages_spoken,100,4110
장 시벨리우스가 어떤 언어로 말했습니까?,핀란드어,languages_spoken,100,4110
장 시벨리우스가 무슨 언어로 말했습니까?,핀란드어,languages_spoken,100,4110
장 시벨리우스가 의사 소통에 사용한 언어는 무엇입니까?,핀란드어,languages_spoken,100,4110
장 시벨리우스가 사용한 언어는 무엇이었습니까?,핀란드어,languages_spoken,100,4110
루도비코 라자로 자멘호프가 의사 통신에 사용한 언어는 무엇입니까?,러시아어,languages_spoken,101,4111
루도비코 라자로 자멘호프가 어떤 언어로 말했습니까?,러시아어,languages_spoken,101,4111
루도비코 라자로 자멘호프가 무슨 언어로 말했습니까?,러시아어,languages_spoken,101,4111
루도비코 라자로 자멘호프가 의사 소통에 사용한 언어는 무엇입니까?,러시아어,languages_spoken,101,4111
루도비코 라자로 자멘호프가 사용한 언어는 무엇이었습니까?,러시아어,languages_spoken,101,4111
프리먼 다이슨가 의사 통신에 사용한 언어는 무엇입니까?,영어,languages_spoken,102,4112
프리먼 다이슨가 어떤 언어로 말했습니까?,영어,languages_spoken,102,4112
프리먼 다이슨가 무슨 언어로 말했습니까?,영어,languages_spoken,102,4112
프리먼 다이슨가 의사 소통에 사용한 언어는 무엇입니까?,영어,languages_spoken,102,4112
프리먼 다이슨가 사용한 언어는 무엇이었습니까?,영어,languages_spoken,102,4112
알베르 카뮈가 의사 통신에 사용한 언어는 무엇입니까?,프랑스어,languages_spoken,103,4113
알베르 카뮈가 어떤 언어로 말했습니까?,프랑스어,languages_spoken,103,4113
알베르 카뮈가 무슨 언어로 말했습니까?,프랑스어,languages_spoken,103,4113
알베르 카뮈가 의사 소통에 사용한 언어는 무엇입니까?,프랑스어,languages_spoken,103,4113
알베르 카뮈가 사용한 언어는 무엇이었습니까?,프랑스어,languages_spoken,103,4113
미켈란젤로 부오나로티가 어디에서 죽었습니까?,로마,place_of_death,0,35
미켈란젤로 부오나로티가 어느 도시에서 돌아가셨습니까?,로마,place_of_death,0,35
미켈란젤로 부오나로티의 사망 장소는 어디였습니까?,로마,place_of_death,0,35
미켈란젤로 부오나로티의 죽음의 장소는 무엇이었습니까?,로마,place_of_death,0,35
미켈란젤로 부오나로티의 죽음을 기리는 장소는 어디입니까?,로마,place_of_death,0,35
코코 샤넬가 어디에서 죽었습니까?,파리,place_of_death,1,36
코코 샤넬가 어느 도시에서 돌아가셨습니까?,파리,place_of_death,1,36
코코 샤넬의 사망 장소는 어디였습니까?,파리,place_of_death,1,36
코코 샤넬의 죽음의 장소는 무엇이었습니까?,파리,place_of_death,1,36
코코 샤넬의 죽음을 기리는 장소는 어디입니까?,파리,place_of_death,1,36
교황 클레멘스 14세가 어디에서 죽었습니까?,로마,place_of_death,2,37
교황 클레멘스 14세가 어느 도시에서 돌아가셨습니까?,로마,place_of_death,2,37
교황 클레멘스 14세의 사망 장소는 어디였습니까?,로마,place_of_death,2,37
교황 클레멘스 14세의 죽음의 장소는 무엇이었습니까?,로마,place_of_death,2,37
교황 클레멘스 14세의 죽음을 기리는 장소는 어디입니까?,로마,place_of_death,2,37
우마르가 어디에서 죽었습니까?,메디나,place_of_death,3,38
우마르가 어느 도시에서 돌아가셨습니까?,메디나,place_of_death,3,38
우마르의 사망 장소는 어디였습니까?,메디나,place_of_death,3,38
우마르의 죽음의 장소는 무엇이었습니까?,메디나,place_of_death,3,38
우마르의 죽음을 기리는 장소는 어디입니까?,메디나,place_of_death,3,38
교황 클레멘스 3세가 어디에서 죽었습니까?,로마,place_of_death,4,39
교황 클레멘스 3세가 어느 도시에서 돌아가셨습니까?,로마,place_of_death,4,39
교황 클레멘스 3세의 사망 장소는 어디였습니까?,로마,place_of_death,4,39
교황 클레멘스 3세의 죽음의 장소는 무엇이었습니까?,로마,place_of_death,4,39
교황 클레멘스 3세의 죽음을 기리는 장소는 어디입니까?,로마,place_of_death,4,39
발비누스가 어디에서 죽었습니까?,로마,place_of_death,5,40
발비누스가 어느 도시에서 돌아가셨습니까?,로마,place_of_death,5,40
발비누스의 사망 장소는 어디였습니까?,로마,place_of_death,5,40
발비누스의 죽음의 장소는 무엇이었습니까?,로마,place_of_death,5,40
발비누스의 죽음을 기리는 장소는 어디입니까?,로마,place_of_death,5,40
흐란트 딘크가 어디에서 죽었습니까?,이스탄불,place_of_death,6,41
흐란트 딘크가 어느 도시에서 돌아가셨습니까?,이스탄불,place_of_death,6,41
흐란트 딘크의 사망 장소는 어디였습니까?,이스탄불,place_of_death,6,41
흐란트 딘크의 죽음의 장소는 무엇이었습니까?,이스탄불,place_of_death,6,41
흐란트 딘크의 죽음을 기리는 장소는 어디입니까?,이스탄불,place_of_death,6,41
니케포루스 3세가 어디에서 죽었습니까?,콘스탄티노폴리스,place_of_death,7,42
니케포루스 3세가 어느 도시에서 돌아가셨습니까?,콘스탄티노폴리스,place_of_death,7,42
니케포루스 3세의 사망 장소는 어디였습니까?,콘스탄티노폴리스,place_of_death,7,42
니케포루스 3세의 죽음의 장소는 무엇이었습니까?,콘스탄티노폴리스,place_of_death,7,42
니케포루스 3세의 죽음을 기리는 장소는 어디입니까?,콘스탄티노폴리스,place_of_death,7,42
요한 파헬벨가 어디에서 죽었습니까?,뉘른베르크,place_of_death,8,43
요한 파헬벨가 어느 도시에서 돌아가셨습니까?,뉘른베르크,place_of_death,8,43
요한 파헬벨의 사망 장소는 어디였습니까?,뉘른베르크,place_of_death,8,43
요한 파헬벨의 죽음의 장소는 무엇이었습니까?,뉘른베르크,place_of_death,8,43
요한 파헬벨의 죽음을 기리는 장소는 어디입니까?,뉘른베르크,place_of_death,8,43
바슬라프 니진스키가 어디에서 죽었습니까?,런던,place_of_death,9,44
바슬라프 니진스키가 어느 도시에서 돌아가셨습니까?,런던,place_of_death,9,44
바슬라프 니진스키의 사망 장소는 어디였습니까?,런던,place_of_death,9,44
바슬라프 니진스키의 죽음의 장소는 무엇이었습니까?,런던,place_of_death,9,44
바슬라프 니진스키의 죽음을 기리는 장소는 어디입니까?,런던,place_of_death,9,44
레오 10세가 어디에서 죽었습니까?,로마,place_of_death,10,45
레오 10세가 어느 도시에서 돌아가셨습니까?,로마,place_of_death,10,45
레오 10세의 사망 장소는 어디였습니까?,로마,place_of_death,10,45
레오 10세의 죽음의 장소는 무엇이었습니까?,로마,place_of_death,10,45
레오 10세의 죽음을 기리는 장소는 어디입니까?,로마,place_of_death,10,45
도나텔로가 어디에서 죽었습니까?,피렌체,place_of_death,11,46
도나텔로가 어느 도시에서 돌아가셨습니까?,피렌체,place_of_death,11,46
도나텔로의 사망 장소는 어디였습니까?,피렌체,place_of_death,11,46
도나텔로의 죽음의 장소는 무엇이었습니까?,피렌체,place_of_death,11,46
도나텔로의 죽음을 기리는 장소는 어디입니까?,피렌체,place_of_death,11,46
장징궈가 어디에서 죽었습니까?,타이베이시,place_of_death,12,47
장징궈가 어느 도시에서 돌아가셨습니까?,타이베이시,place_of_death,12,47
장징궈의 사망 장소는 어디였습니까?,타이베이시,place_of_death,12,47
장징궈의 죽음의 장소는 무엇이었습니까?,타이베이시,place_of_death,12,47
장징궈의 죽음을 기리는 장소는 어디입니까?,타이베이시,place_of_death,12,47
로버트 훅가 어디에서 죽었습니까?,런던,place_of_death,13,48
로버트 훅가 어느 도시에서 돌아가셨습니까?,런던,place_of_death,13,48
로버트 훅의 사망 장소는 어디였습니까?,런던,place_of_death,13,48
로버트 훅의 죽음의 장소는 무엇이었습니까?,런던,place_of_death,13,48
로버트 훅의 죽음을 기리는 장소는 어디입니까?,런던,place_of_death,13,48
로자 파크스가 어디에서 죽었습니까?,디트로이트,place_of_death,14,49
로자 파크스가 어느 도시에서 돌아가셨습니까?,디트로이트,place_of_death,14,49
로자 파크스의 사망 장소는 어디였습니까?,디트로이트,place_of_death,14,49
로자 파크스의 죽음의 장소는 무엇이었습니까?,디트로이트,place_of_death,14,49
로자 파크스의 죽음을 기리는 장소는 어디입니까?,디트로이트,place_of_death,14,49
요한네스 8세 팔라이올로고스가 어디에서 죽었습니까?,콘스탄티노폴리스,place_of_death,15,50
요한네스 8세 팔라이올로고스가 어느 도시에서 돌아가셨습니까?,콘스탄티노폴리스,place_of_death,15,50
요한네스 8세 팔라이올로고스의 사망 장소는 어디였습니까?,콘스탄티노폴리스,place_of_death,15,50
요한네스 8세 팔라이올로고스의 죽음의 장소는 무엇이었습니까?,콘스탄티노폴리스,place_of_death,15,50
요한네스 8세 팔라이올로고스의 죽음을 기리는 장소는 어디입니까?,콘스탄티노폴리스,place_of_death,15,50
존 디가 어디에서 죽었습니까?,서리주,place_of_death,16,51
존 디가 어느 도시에서 돌아가셨습니까?,서리주,place_of_death,16,51
존 디의 사망 장소는 어디였습니까?,서리주,place_of_death,16,51
존 디의 죽음의 장소는 무엇이었습니까?,서리주,place_of_death,16,51
존 디의 죽음을 기리는 장소는 어디입니까?,서리주,place_of_death,16,51
페르낭델가 어디에서 죽었습니까?,파리,place_of_death,17,52
페르낭델가 어느 도시에서 돌아가셨습니까?,파리,place_of_death,17,52
페르낭델의 사망 장소는 어디였습니까?,파리,place_of_death,17,52
페르낭델의 죽음의 장소는 무엇이었습니까?,파리,place_of_death,17,52
페르낭델의 죽음을 기리는 장소는 어디입니까?,파리,place_of_death,17,52
미카엘 2세가 어디에서 죽었습니까?,콘스탄티노폴리스,place_of_death,18,53
미카엘 2세가 어느 도시에서 돌아가셨습니까?,콘스탄티노폴리스,place_of_death,18,53
미카엘 2세의 사망 장소는 어디였습니까?,콘스탄티노폴리스,place_of_death,18,53
미카엘 2세의 죽음의 장소는 무엇이었습니까?,콘스탄티노폴리스,place_of_death,18,53
미카엘 2세의 죽음을 기리는 장소는 어디입니까?,콘스탄티노폴리스,place_of_death,18,53
카를 리프크네히트가 어디에서 죽었습니까?,베를린,place_of_death,19,54
카를 리프크네히트가 어느 도시에서 돌아가셨습니까?,베를린,place_of_death,19,54
카를 리프크네히트의 사망 장소는 어디였습니까?,베를린,place_of_death,19,54
카를 리프크네히트의 죽음의 장소는 무엇이었습니까?,베를린,place_of_death,19,54
카를 리프크네히트의 죽음을 기리는 장소는 어디입니까?,베를린,place_of_death,19,54
리하르트 바그너가 어디에서 죽었습니까?,베네치아,place_of_death,20,55
리하르트 바그너가 어느 도시에서 돌아가셨습니까?,베네치아,place_of_death,20,55
리하르트 바그너의 사망 장소는 어디였습니까?,베네치아,place_of_death,20,55
리하르트 바그너의 죽음의 장소는 무엇이었습니까?,베네치아,place_of_death,20,55
리하르트 바그너의 죽음을 기리는 장소는 어디입니까?,베네치아,place_of_death,20,55
안티스테네스가 어디에서 죽었습니까?,아테네,place_of_death,21,56
안티스테네스가 어느 도시에서 돌아가셨습니까?,아테네,place_of_death,21,56
안티스테네스의 사망 장소는 어디였습니까?,아테네,place_of_death,21,56
안티스테네스의 죽음의 장소는 무엇이었습니까?,아테네,place_of_death,21,56
안티스테네스의 죽음을 기리는 장소는 어디입니까?,아테네,place_of_death,21,56
막스 에른스트가 어디에서 죽었습니까?,파리,place_of_death,22,57
막스 에른스트가 어느 도시에서 돌아가셨습니까?,파리,place_of_death,22,57
막스 에른스트의 사망 장소는 어디였습니까?,파리,place_of_death,22,57
막스 에른스트의 죽음의 장소는 무엇이었습니까?,파리,place_of_death,22,57
막스 에른스트의 죽음을 기리는 장소는 어디입니까?,파리,place_of_death,22,57
마르틴 부버가 어디에서 죽었습니까?,예루살렘,place_of_death,23,58
마르틴 부버가 어느 도시에서 돌아가셨습니까?,예루살렘,place_of_death,23,58
마르틴 부버의 사망 장소는 어디였습니까?,예루살렘,place_of_death,23,58
마르틴 부버의 죽음의 장소는 무엇이었습니까?,예루살렘,place_of_death,23,58
마르틴 부버의 죽음을 기리는 장소는 어디입니까?,예루살렘,place_of_death,23,58
요제프 괴벨스가 어디에서 죽었습니까?,베를린,place_of_death,24,59
요제프 괴벨스가 어느 도시에서 돌아가셨습니까?,베를린,place_of_death,24,59
요제프 괴벨스의 사망 장소는 어디였습니까?,베를린,place_of_death,24,59
요제프 괴벨스의 죽음의 장소는 무엇이었습니까?,베를린,place_of_death,24,59
요제프 괴벨스의 죽음을 기리는 장소는 어디입니까?,베를린,place_of_death,24,59
몽테스키외가 어디에서 죽었습니까?,파리,place_of_death,25,60
몽테스키외가 어느 도시에서 돌아가셨습니까?,파리,place_of_death,25,60
몽테스키외의 사망 장소는 어디였습니까?,파리,place_of_death,25,60
몽테스키외의 죽음의 장소는 무엇이었습니까?,파리,place_of_death,25,60
몽테스키외의 죽음을 기리는 장소는 어디입니까?,파리,place_of_death,25,60
교황 니콜라오 5세가 어디에서 죽었습니까?,로마,place_of_death,26,61
교황 니콜라오 5세가 어느 도시에서 돌아가셨습니까?,로마,place_of_death,26,61
교황 니콜라오 5세의 사망 장소는 어디였습니까?,로마,place_of_death,26,61
교황 니콜라오 5세의 죽음의 장소는 무엇이었습니까?,로마,place_of_death,26,61
교황 니콜라오 5세의 죽음을 기리는 장소는 어디입니까?,로마,place_of_death,26,61
샤를로트 코르데가 어디에서 죽었습니까?,파리,place_of_death,27,62
샤를로트 코르데가 어느 도시에서 돌아가셨습니까?,파리,place_of_death,27,62
샤를로트 코르데의 사망 장소는 어디였습니까?,파리,place_of_death,27,62
샤를로트 코르데의 죽음의 장소는 무엇이었습니까?,파리,place_of_death,27,62
샤를로트 코르데의 죽음을 기리는 장소는 어디입니까?,파리,place_of_death,27,62
무함마드 자히르 샤가 어디에서 죽었습니까?,카불,place_of_death,28,63
무함마드 자히르 샤가 어느 도시에서 돌아가셨습니까?,카불,place_of_death,28,63
무함마드 자히르 샤의 사망 장소는 어디였습니까?,카불,place_of_death,28,63
무함마드 자히르 샤의 죽음의 장소는 무엇이었습니까?,카불,place_of_death,28,63
무함마드 자히르 샤의 죽음을 기리는 장소는 어디입니까?,카불,place_of_death,28,63
교황 인노첸시오 11세가 어디에서 죽었습니까?,로마,place_of_death,29,64
교황 인노첸시오 11세가 어느 도시에서 돌아가셨습니까?,로마,place_of_death,29,64
교황 인노첸시오 11세의 사망 장소는 어디였습니까?,로마,place_of_death,29,64
교황 인노첸시오 11세의 죽음의 장소는 무엇이었습니까?,로마,place_of_death,29,64
교황 인노첸시오 11세의 죽음을 기리는 장소는 어디입니까?,로마,place_of_death,29,64
고르디아누스 2세가 어디에서 죽었습니까?,카르타고,place_of_death,30,65
고르디아누스 2세가 어느 도시에서 돌아가셨습니까?,카르타고,place_of_death,30,65
고르디아누스 2세의 사망 장소는 어디였습니까?,카르타고,place_of_death,30,65
고르디아누스 2세의 죽음의 장소는 무엇이었습니까?,카르타고,place_of_death,30,65
고르디아누스 2세의 죽음을 기리는 장소는 어디입니까?,카르타고,place_of_death,30,65
므스티슬라프 로스트로포비치가 어디에서 죽었습니까?,모스크바,place_of_death,31,66
므스티슬라프 로스트로포비치가 어느 도시에서 돌아가셨습니까?,모스크바,place_of_death,31,66
므스티슬라프 로스트로포비치의 사망 장소는 어디였습니까?,모스크바,place_of_death,31,66
므스티슬라프 로스트로포비치의 죽음의 장소는 무엇이었습니까?,모스크바,place_of_death,31,66
므스티슬라프 로스트로포비치의 죽음을 기리는 장소는 어디입니까?,모스크바,place_of_death,31,66
교황 비오 3세가 어디에서 죽었습니까?,로마,place_of_death,32,67
교황 비오 3세가 어느 도시에서 돌아가셨습니까?,로마,place_of_death,32,67
교황 비오 3세의 사망 장소는 어디였습니까?,로마,place_of_death,32,67
교황 비오 3세의 죽음의 장소는 무엇이었습니까?,로마,place_of_death,32,67
교황 비오 3세의 죽음을 기리는 장소는 어디입니까?,로마,place_of_death,32,67
아브드 알카림 카심가 어디에서 죽었습니까?,바그다드,place_of_death,33,68
아브드 알카림 카심가 어느 도시에서 돌아가셨습니까?,바그다드,place_of_death,33,68
아브드 알카림 카심의 사망 장소는 어디였습니까?,바그다드,place_of_death,33,68
아브드 알카림 카심의 죽음의 장소는 무엇이었습니까?,바그다드,place_of_death,33,68
아브드 알카림 카심의 죽음을 기리는 장소는 어디입니까?,바그다드,place_of_death,33,68
교황 그레고리오 16세가 어디에서 죽었습니까?,로마,place_of_death,34,69
교황 그레고리오 16세가 어느 도시에서 돌아가셨습니까?,로마,place_of_death,34,69
교황 그레고리오 16세의 사망 장소는 어디였습니까?,로마,place_of_death,34,69
교황 그레고리오 16세의 죽음의 장소는 무엇이었습니까?,로마,place_of_death,34,69
교황 그레고리오 16세의 죽음을 기리는 장소는 어디입니까?,로마,place_of_death,34,69
아람 하차투리안가 어디에서 죽었습니까?,모스크바,place_of_death,35,70
아람 하차투리안가 어느 도시에서 돌아가셨습니까?,모스크바,place_of_death,35,70
아람 하차투리안의 사망 장소는 어디였습니까?,모스크바,place_of_death,35,70
아람 하차투리안의 죽음의 장소는 무엇이었습니까?,모스크바,place_of_death,35,70
아람 하차투리안의 죽음을 기리는 장소는 어디입니까?,모스크바,place_of_death,35,70
하인리히 폰 클라이스트가 어디에서 죽었습니까?,베를린,place_of_death,36,71
하인리히 폰 클라이스트가 어느 도시에서 돌아가셨습니까?,베를린,place_of_death,36,71
하인리히 폰 클라이스트의 사망 장소는 어디였습니까?,베를린,place_of_death,36,71
하인리히 폰 클라이스트의 죽음의 장소는 무엇이었습니까?,베를린,place_of_death,36,71
하인리히 폰 클라이스트의 죽음을 기리는 장소는 어디입니까?,베를린,place_of_death,36,71
압뒬하미트 1세가 어디에서 죽었습니까?,콘스탄티노폴리스,place_of_death,37,72
압뒬하미트 1세가 어느 도시에서 돌아가셨습니까?,콘스탄티노폴리스,place_of_death,37,72
압뒬하미트 1세의 사망 장소는 어디였습니까?,콘스탄티노폴리스,place_of_death,37,72
압뒬하미트 1세의 죽음의 장소는 무엇이었습니까?,콘스탄티노폴리스,place_of_death,37,72
압뒬하미트 1세의 죽음을 기리는 장소는 어디입니까?,콘스탄티노폴리스,place_of_death,37,72
교황 알렉산데르 8세가 어디에서 죽었습니까?,로마,place_of_death,38,73
교황 알렉산데르 8세가 어느 도시에서 돌아가셨습니까?,로마,place_of_death,38,73
교황 알렉산데르 8세의 사망 장소는 어디였습니까?,로마,place_of_death,38,73
교황 알렉산데르 8세의 죽음의 장소는 무엇이었습니까?,로마,place_of_death,38,73
교황 알렉산데르 8세의 죽음을 기리는 장소는 어디입니까?,로마,place_of_death,38,73
요한 크리스티안 바흐가 어디에서 죽었습니까?,런던,place_of_death,39,74
요한 크리스티안 바흐가 어느 도시에서 돌아가셨습니까?,런던,place_of_death,39,74
요한 크리스티안 바흐의 사망 장소는 어디였습니까?,런던,place_of_death,39,74
요한 크리스티안 바흐의 죽음의 장소는 무엇이었습니까?,런던,place_of_death,39,74
요한 크리스티안 바흐의 죽음을 기리는 장소는 어디입니까?,런던,place_of_death,39,74
새뮤얼 존슨가 어디에서 죽었습니까?,런던,place_of_death,40,75
새뮤얼 존슨가 어느 도시에서 돌아가셨습니까?,런던,place_of_death,40,75
새뮤얼 존슨의 사망 장소는 어디였습니까?,런던,place_of_death,40,75
새뮤얼 존슨의 죽음의 장소는 무엇이었습니까?,런던,place_of_death,40,75
새뮤얼 존슨의 죽음을 기리는 장소는 어디입니까?,런던,place_of_death,40,75
자크 쿠스토가 어디에서 죽었습니까?,파리,place_of_death,41,76
자크 쿠스토가 어느 도시에서 돌아가셨습니까?,파리,place_of_death,41,76
자크 쿠스토의 사망 장소는 어디였습니까?,파리,place_of_death,41,76
자크 쿠스토의 죽음의 장소는 무엇이었습니까?,파리,place_of_death,41,76
자크 쿠스토의 죽음을 기리는 장소는 어디입니까?,파리,place_of_death,41,76
소피야 코발렙스카야가 어디에서 죽었습니까?,스톡홀름,place_of_death,42,77
소피야 코발렙스카야가 어느 도시에서 돌아가셨습니까?,스톡홀름,place_of_death,42,77
소피야 코발렙스카야의 사망 장소는 어디였습니까?,스톡홀름,place_of_death,42,77
소피야 코발렙스카야의 죽음의 장소는 무엇이었습니까?,스톡홀름,place_of_death,42,77
소피야 코발렙스카야의 죽음을 기리는 장소는 어디입니까?,스톡홀름,place_of_death,42,77
게오르크 빌헬름 프리드리히 헤겔가 어디에서 죽었습니까?,베를린,place_of_death,43,78
게오르크 빌헬름 프리드리히 헤겔가 어느 도시에서 돌아가셨습니까?,베를린,place_of_death,43,78
게오르크 빌헬름 프리드리히 헤겔의 사망 장소는 어디였습니까?,베를린,place_of_death,43,78
게오르크 빌헬름 프리드리히 헤겔의 죽음의 장소는 무엇이었습니까?,베를린,place_of_death,43,78
게오르크 빌헬름 프리드리히 헤겔의 죽음을 기리는 장소는 어디입니까?,베를린,place_of_death,43,78
산드로 보티첼리가 어디에서 죽었습니까?,피렌체,place_of_death,44,79
산드로 보티첼리가 어느 도시에서 돌아가셨습니까?,피렌체,place_of_death,44,79
산드로 보티첼리의 사망 장소는 어디였습니까?,피렌체,place_of_death,44,79
산드로 보티첼리의 죽음의 장소는 무엇이었습니까?,피렌체,place_of_death,44,79
산드로 보티첼리의 죽음을 기리는 장소는 어디입니까?,피렌체,place_of_death,44,79
새뮤얼 테일러 콜리지가 어디에서 죽었습니까?,런던,place_of_death,45,80
새뮤얼 테일러 콜리지가 어느 도시에서 돌아가셨습니까?,런던,place_of_death,45,80
새뮤얼 테일러 콜리지의 사망 장소는 어디였습니까?,런던,place_of_death,45,80
새뮤얼 테일러 콜리지의 죽음의 장소는 무엇이었습니까?,런던,place_of_death,45,80
새뮤얼 테일러 콜리지의 죽음을 기리는 장소는 어디입니까?,런던,place_of_death,45,80
이븐 할둔가 어디에서 죽었습니까?,카이로,place_of_death,46,81
이븐 할둔가 어느 도시에서 돌아가셨습니까?,카이로,place_of_death,46,81
이븐 할둔의 사망 장소는 어디였습니까?,카이로,place_of_death,46,81
이븐 할둔의 죽음의 장소는 무엇이었습니까?,카이로,place_of_death,46,81
이븐 할둔의 죽음을 기리는 장소는 어디입니까?,카이로,place_of_death,46,81
헨리 4세가 어디에서 죽었습니까?,런던,place_of_death,47,82
헨리 4세가 어느 도시에서 돌아가셨습니까?,런던,place_of_death,47,82
헨리 4세의 사망 장소는 어디였습니까?,런던,place_of_death,47,82
헨리 4세의 죽음의 장소는 무엇이었습니까?,런던,place_of_death,47,82
헨리 4세의 죽음을 기리는 장소는 어디입니까?,런던,place_of_death,47,82
토마소 알비노니가 어디에서 죽었습니까?,베네치아,place_of_death,48,83
토마소 알비노니가 어느 도시에서 돌아가셨습니까?,베네치아,place_of_death,48,83
토마소 알비노니의 사망 장소는 어디였습니까?,베네치아,place_of_death,48,83
토마소 알비노니의 죽음의 장소는 무엇이었습니까?,베네치아,place_of_death,48,83
토마소 알비노니의 죽음을 기리는 장소는 어디입니까?,베네치아,place_of_death,48,83
파보 누르미가 어디에서 죽었습니까?,헬싱키,place_of_death,49,84
파보 누르미가 어느 도시에서 돌아가셨습니까?,헬싱키,place_of_death,49,84
파보 누르미의 사망 장소는 어디였습니까?,헬싱키,place_of_death,49,84
파보 누르미의 죽음의 장소는 무엇이었습니까?,헬싱키,place_of_death,49,84
파보 누르미의 죽음을 기리는 장소는 어디입니까?,헬싱키,place_of_death,49,84
교황 클레멘스 1세가 어디에서 죽었습니까?,로마,place_of_death,50,85
교황 클레멘스 1세가 어느 도시에서 돌아가셨습니까?,로마,place_of_death,50,85
교황 클레멘스 1세의 사망 장소는 어디였습니까?,로마,place_of_death,50,85
교황 클레멘스 1세의 죽음의 장소는 무엇이었습니까?,로마,place_of_death,50,85
교황 클레멘스 1세의 죽음을 기리는 장소는 어디입니까?,로마,place_of_death,50,85
루이 17세가 어디에서 죽었습니까?,파리,place_of_death,51,86
루이 17세가 어느 도시에서 돌아가셨습니까?,파리,place_of_death,51,86
루이 17세의 사망 장소는 어디였습니까?,파리,place_of_death,51,86
루이 17세의 죽음의 장소는 무엇이었습니까?,파리,place_of_death,51,86
루이 17세의 죽음을 기리는 장소는 어디입니까?,파리,place_of_death,51,86
구로카와 기쇼가 어디에서 죽었습니까?,도쿄도,place_of_death,52,87
구로카와 기쇼가 어느 도시에서 돌아가셨습니까?,도쿄도,place_of_death,52,87
구로카와 기쇼의 사망 장소는 어디였습니까?,도쿄도,place_of_death,52,87
구로카와 기쇼의 죽음의 장소는 무엇이었습니까?,도쿄도,place_of_death,52,87
구로카와 기쇼의 죽음을 기리는 장소는 어디입니까?,도쿄도,place_of_death,52,87
막시밀리앙 드 로베스피에르가 어디에서 죽었습니까?,파리,place_of_death,53,88
막시밀리앙 드 로베스피에르가 어느 도시에서 돌아가셨습니까?,파리,place_of_death,53,88
막시밀리앙 드 로베스피에르의 사망 장소는 어디였습니까?,파리,place_of_death,53,88
막시밀리앙 드 로베스피에르의 죽음의 장소는 무엇이었습니까?,파리,place_of_death,53,88
막시밀리앙 드 로베스피에르의 죽음을 기리는 장소는 어디입니까?,파리,place_of_death,53,88
조르조네가 어디에서 죽었습니까?,베네치아,place_of_death,54,89
조르조네가 어느 도시에서 돌아가셨습니까?,베네치아,place_of_death,54,89
조르조네의 사망 장소는 어디였습니까?,베네치아,place_of_death,54,89
조르조네의 죽음의 장소는 무엇이었습니까?,베네치아,place_of_death,54,89
조르조네의 죽음을 기리는 장소는 어디입니까?,베네치아,place_of_death,54,89
페타르 1세가 어디에서 죽었습니까?,베오그라드,place_of_death,55,90
페타르 1세가 어느 도시에서 돌아가셨습니까?,베오그라드,place_of_death,55,90
페타르 1세의 사망 장소는 어디였습니까?,베오그라드,place_of_death,55,90
페타르 1세의 죽음의 장소는 무엇이었습니까?,베오그라드,place_of_death,55,90
페타르 1세의 죽음을 기리는 장소는 어디입니까?,베오그라드,place_of_death,55,90
루도비코 라자로 자멘호프가 어디에서 죽었습니까?,바르샤바,place_of_death,56,91
루도비코 라자로 자멘호프가 어느 도시에서 돌아가셨습니까?,바르샤바,place_of_death,56,91
루도비코 라자로 자멘호프의 사망 장소는 어디였습니까?,바르샤바,place_of_death,56,91
루도비코 라자로 자멘호프의 죽음의 장소는 무엇이었습니까?,바르샤바,place_of_death,56,91
루도비코 라자로 자멘호프의 죽음을 기리는 장소는 어디입니까?,바르샤바,place_of_death,56,91
이집트의 이브라힘 파샤가 어디에서 죽었습니까?,카이로,place_of_death,57,92
이집트의 이브라힘 파샤가 어느 도시에서 돌아가셨습니까?,카이로,place_of_death,57,92
이집트의 이브라힘 파샤의 사망 장소는 어디였습니까?,카이로,place_of_death,57,92
이집트의 이브라힘 파샤의 죽음의 장소는 무엇이었습니까?,카이로,place_of_death,57,92
이집트의 이브라힘 파샤의 죽음을 기리는 장소는 어디입니까?,카이로,place_of_death,57,92
교황 클레멘스 12세가 어디에서 죽었습니까?,로마,place_of_death,58,93
교황 클레멘스 12세가 어느 도시에서 돌아가셨습니까?,로마,place_of_death,58,93
교황 클레멘스 12세의 사망 장소는 어디였습니까?,로마,place_of_death,58,93
교황 클레멘스 12세의 죽음의 장소는 무엇이었습니까?,로마,place_of_death,58,93
교황 클레멘스 12세의 죽음을 기리는 장소는 어디입니까?,로마,place_of_death,58,93
이레네오가 어디에서 죽었습니까?,리옹,place_of_death,59,94
이레네오가 어느 도시에서 돌아가셨습니까?,리옹,place_of_death,59,94
이레네오의 사망 장소는 어디였습니까?,리옹,place_of_death,59,94
이레네오의 죽음의 장소는 무엇이었습니까?,리옹,place_of_death,59,94
이레네오의 죽음을 기리는 장소는 어디입니까?,리옹,place_of_death,59,94
자크 데리다가 어디에서 죽었습니까?,파리,place_of_death,60,95
자크 데리다가 어느 도시에서 돌아가셨습니까?,파리,place_of_death,60,95
자크 데리다의 사망 장소는 어디였습니까?,파리,place_of_death,60,95
자크 데리다의 죽음의 장소는 무엇이었습니까?,파리,place_of_death,60,95
자크 데리다의 죽음을 기리는 장소는 어디입니까?,파리,place_of_death,60,95
카를로스 4세가 어디에서 죽었습니까?,로마,place_of_death,61,96
카를로스 4세가 어느 도시에서 돌아가셨습니까?,로마,place_of_death,61,96
카를로스 4세의 사망 장소는 어디였습니까?,로마,place_of_death,61,96
카를로스 4세의 죽음의 장소는 무엇이었습니까?,로마,place_of_death,61,96
카를로스 4세의 죽음을 기리는 장소는 어디입니까?,로마,place_of_death,61,96
레이프 본 윌리엄스가 어디에서 죽었습니까?,런던,place_of_death,62,97
레이프 본 윌리엄스가 어느 도시에서 돌아가셨습니까?,런던,place_of_death,62,97
레이프 본 윌리엄스의 사망 장소는 어디였습니까?,런던,place_of_death,62,97
레이프 본 윌리엄스의 죽음의 장소는 무엇이었습니까?,런던,place_of_death,62,97
레이프 본 윌리엄스의 죽음을 기리는 장소는 어디입니까?,런던,place_of_death,62,97
안드레이 그로미코가 어디에서 죽었습니까?,모스크바,place_of_death,63,98
안드레이 그로미코가 어느 도시에서 돌아가셨습니까?,모스크바,place_of_death,63,98
안드레이 그로미코의 사망 장소는 어디였습니까?,모스크바,place_of_death,63,98
안드레이 그로미코의 죽음의 장소는 무엇이었습니까?,모스크바,place_of_death,63,98
안드레이 그로미코의 죽음을 기리는 장소는 어디입니까?,모스크바,place_of_death,63,98
울리카 엘레오노라가 어디에서 죽었습니까?,스톡홀름,place_of_death,64,99
울리카 엘레오노라가 어느 도시에서 돌아가셨습니까?,스톡홀름,place_of_death,64,99
울리카 엘레오노라의 사망 장소는 어디였습니까?,스톡홀름,place_of_death,64,99
울리카 엘레오노라의 죽음의 장소는 무엇이었습니까?,스톡홀름,place_of_death,64,99
울리카 엘레오노라의 죽음을 기리는 장소는 어디입니까?,스톡홀름,place_of_death,64,99
오티스 레딩가 어디에서 죽었습니까?,매디슨,place_of_death,65,100
오티스 레딩가 어느 도시에서 돌아가셨습니까?,매디슨,place_of_death,65,100
오티스 레딩의 사망 장소는 어디였습니까?,매디슨,place_of_death,65,100
오티스 레딩의 죽음의 장소는 무엇이었습니까?,매디슨,place_of_death,65,100
오티스 레딩의 죽음을 기리는 장소는 어디입니까?,매디슨,place_of_death,65,100
앙리 루소가 어디에서 죽었습니까?,파리,place_of_death,66,101
앙리 루소가 어느 도시에서 돌아가셨습니까?,파리,place_of_death,66,101
앙리 루소의 사망 장소는 어디였습니까?,파리,place_of_death,66,101
앙리 루소의 죽음의 장소는 무엇이었습니까?,파리,place_of_death,66,101
앙리 루소의 죽음을 기리는 장소는 어디입니까?,파리,place_of_death,66,101
무아위야 1세가 어디에서 죽었습니까?,다마스쿠스,place_of_death,67,102
무아위야 1세가 어느 도시에서 돌아가셨습니까?,다마스쿠스,place_of_death,67,102
무아위야 1세의 사망 장소는 어디였습니까?,다마스쿠스,place_of_death,67,102
무아위야 1세의 죽음의 장소는 무엇이었습니까?,다마스쿠스,place_of_death,67,102
무아위야 1세의 죽음을 기리는 장소는 어디입니까?,다마스쿠스,place_of_death,67,102
루이 아라공가 어디에서 죽었습니까?,파리,place_of_death,68,103
루이 아라공가 어느 도시에서 돌아가셨습니까?,파리,place_of_death,68,103
루이 아라공의 사망 장소는 어디였습니까?,파리,place_of_death,68,103
루이 아라공의 죽음의 장소는 무엇이었습니까?,파리,place_of_death,68,103
루이 아라공의 죽음을 기리는 장소는 어디입니까?,파리,place_of_death,68,103
바이바르스가 어디에서 죽었습니까?,다마스쿠스,place_of_death,69,104
바이바르스가 어느 도시에서 돌아가셨습니까?,다마스쿠스,place_of_death,69,104
바이바르스의 사망 장소는 어디였습니까?,다마스쿠스,place_of_death,69,104
바이바르스의 죽음의 장소는 무엇이었습니까?,다마스쿠스,place_of_death,69,104
바이바르스의 죽음을 기리는 장소는 어디입니까?,다마스쿠스,place_of_death,69,104
클라우스 폰 슈타우펜베르크가 어디에서 죽었습니까?,베를린,place_of_death,70,105
클라우스 폰 슈타우펜베르크가 어느 도시에서 돌아가셨습니까?,베를린,place_of_death,70,105
클라우스 폰 슈타우펜베르크의 사망 장소는 어디였습니까?,베를린,place_of_death,70,105
클라우스 폰 슈타우펜베르크의 죽음의 장소는 무엇이었습니까?,베를린,place_of_death,70,105
클라우스 폰 슈타우펜베르크의 죽음을 기리는 장소는 어디입니까?,베를린,place_of_death,70,105
도나토 브라만테가 어디에서 죽었습니까?,로마,place_of_death,71,106
도나토 브라만테가 어느 도시에서 돌아가셨습니까?,로마,place_of_death,71,106
도나토 브라만테의 사망 장소는 어디였습니까?,로마,place_of_death,71,106
도나토 브라만테의 죽음의 장소는 무엇이었습니까?,로마,place_of_death,71,106
도나토 브라만테의 죽음을 기리는 장소는 어디입니까?,로마,place_of_death,71,106
프란시스코 프랑코가 어디에서 죽었습니까?,마드리드,place_of_death,72,107
프란시스코 프랑코가 어느 도시에서 돌아가셨습니까?,마드리드,place_of_death,72,107
프란시스코 프랑코의 사망 장소는 어디였습니까?,마드리드,place_of_death,72,107
프란시스코 프랑코의 죽음의 장소는 무엇이었습니까?,마드리드,place_of_death,72,107
프란시스코 프랑코의 죽음을 기리는 장소는 어디입니까?,마드리드,place_of_death,72,107
클로드 베르나르가 어디에서 죽었습니까?,파리,place_of_death,73,108
클로드 베르나르가 어느 도시에서 돌아가셨습니까?,파리,place_of_death,73,108
클로드 베르나르의 사망 장소는 어디였습니까?,파리,place_of_death,73,108
클로드 베르나르의 죽음의 장소는 무엇이었습니까?,파리,place_of_death,73,108
클로드 베르나르의 죽음을 기리는 장소는 어디입니까?,파리,place_of_death,73,108
가말 압델 나세르가 어디에서 죽었습니까?,카이로,place_of_death,74,109
가말 압델 나세르가 어느 도시에서 돌아가셨습니까?,카이로,place_of_death,74,109
가말 압델 나세르의 사망 장소는 어디였습니까?,카이로,place_of_death,74,109
가말 압델 나세르의 죽음의 장소는 무엇이었습니까?,카이로,place_of_death,74,109
가말 압델 나세르의 죽음을 기리는 장소는 어디입니까?,카이로,place_of_death,74,109
야코프 스베르들로프가 어디에서 죽었습니까?,모스크바,place_of_death,75,110
야코프 스베르들로프가 어느 도시에서 돌아가셨습니까?,모스크바,place_of_death,75,110
야코프 스베르들로프의 사망 장소는 어디였습니까?,모스크바,place_of_death,75,110
야코프 스베르들로프의 죽음의 장소는 무엇이었습니까?,모스크바,place_of_death,75,110
야코프 스베르들로프의 죽음을 기리는 장소는 어디입니까?,모스크바,place_of_death,75,110
샤를 루이 알퐁스 라브랑가 어디에서 죽었습니까?,파리,place_of_death,76,111
샤를 루이 알퐁스 라브랑가 어느 도시에서 돌아가셨습니까?,파리,place_of_death,76,111
샤를 루이 알퐁스 라브랑의 사망 장소는 어디였습니까?,파리,place_of_death,76,111
샤를 루이 알퐁스 라브랑의 죽음의 장소는 무엇이었습니까?,파리,place_of_death,76,111
샤를 루이 알퐁스 라브랑의 죽음을 기리는 장소는 어디입니까?,파리,place_of_death,76,111
튀코 브라헤가 어디에서 죽었습니까?,프라하,place_of_death,77,112
튀코 브라헤가 어느 도시에서 돌아가셨습니까?,프라하,place_of_death,77,112
튀코 브라헤의 사망 장소는 어디였습니까?,프라하,place_of_death,77,112
튀코 브라헤의 죽음의 장소는 무엇이었습니까?,프라하,place_of_death,77,112
튀코 브라헤의 죽음을 기리는 장소는 어디입니까?,프라하,place_of_death,77,112
에드워드 히스가 어디에서 죽었습니까?,솔즈베리,place_of_death,78,113
에드워드 히스가 어느 도시에서 돌아가셨습니까?,솔즈베리,place_of_death,78,113
에드워드 히스의 사망 장소는 어디였습니까?,솔즈베리,place_of_death,78,113
에드워드 히스의 죽음의 장소는 무엇이었습니까?,솔즈베리,place_of_death,78,113
에드워드 히스의 죽음을 기리는 장소는 어디입니까?,솔즈베리,place_of_death,78,113
회사가 페라리 엔초 페라리를 제조합니까?,페라리,manufacturer,0,3284
페라리 엔초 페라리를 생산하는 사람은 누구입니까?,페라리,manufacturer,0,3284
페라리 엔초 페라리의 생산자는 누구입니까?,페라리,manufacturer,0,3284
페라리 엔초 페라리를 만든 사람은 누구입니까?,페라리,manufacturer,0,3284
페라리 엔초 페라리에 책임을지는 제조업체는 누구입니까?,페라리,manufacturer,0,3284
회사가 윈도 2000를 제조합니까?,마이크로소프트,manufacturer,1,3285
윈도 2000를 생산하는 사람은 누구입니까?,마이크로소프트,manufacturer,1,3285
윈도 2000의 생산자는 누구입니까?,마이크로소프트,manufacturer,1,3285
윈도 2000를 만든 사람은 누구입니까?,마이크로소프트,manufacturer,1,3285
윈도 2000에 책임을지는 제조업체는 누구입니까?,마이크로소프트,manufacturer,1,3285
회사가 에어버스 A330를 제조합니까?,에어버스,manufacturer,2,3286
에어버스 A330를 생산하는 사람은 누구입니까?,에어버스,manufacturer,2,3286
에어버스 A330의 생산자는 누구입니까?,에어버스,manufacturer,2,3286
에어버스 A330를 만든 사람은 누구입니까?,에어버스,manufacturer,2,3286
에어버스 A330에 책임을지는 제조업체는 누구입니까?,에어버스,manufacturer,2,3286
회사가 혼다 시빅를 제조합니까?,혼다 기연 공업,manufacturer,3,3287
혼다 시빅를 생산하는 사람은 누구입니까?,혼다 기연 공업,manufacturer,3,3287
혼다 시빅의 생산자는 누구입니까?,혼다 기연 공업,manufacturer,3,3287
혼다 시빅를 만든 사람은 누구입니까?,혼다 기연 공업,manufacturer,3,3287
혼다 시빅에 책임을지는 제조업체는 누구입니까?,혼다 기연 공업,manufacturer,3,3287
회사가 페라리 458 이탈리아‎를 제조합니까?,페라리,manufacturer,4,3288
페라리 458 이탈리아‎를 생산하는 사람은 누구입니까?,페라리,manufacturer,4,3288
페라리 458 이탈리아‎의 생산자는 누구입니까?,페라리,manufacturer,4,3288
페라리 458 이탈리아‎를 만든 사람은 누구입니까?,페라리,manufacturer,4,3288
페라리 458 이탈리아‎에 책임을지는 제조업체는 누구입니까?,페라리,manufacturer,4,3288
회사가 보잉 777를 제조합니까?,보잉,manufacturer,5,3289
보잉 777를 생산하는 사람은 누구입니까?,보잉,manufacturer,5,3289
보잉 777의 생산자는 누구입니까?,보잉,manufacturer,5,3289
보잉 777를 만든 사람은 누구입니까?,보잉,manufacturer,5,3289
보잉 777에 책임을지는 제조업체는 누구입니까?,보잉,manufacturer,5,3289
회사가 윈도 7를 제조합니까?,마이크로소프트,manufacturer,6,3290
윈도 7를 생산하는 사람은 누구입니까?,마이크로소프트,manufacturer,6,3290
윈도 7의 생산자는 누구입니까?,마이크로소프트,manufacturer,6,3290
윈도 7를 만든 사람은 누구입니까?,마이크로소프트,manufacturer,6,3290
윈도 7에 책임을지는 제조업체는 누구입니까?,마이크로소프트,manufacturer,6,3290
회사가 닌텐도 3DS를 제조합니까?,닌텐도,manufacturer,7,3291
닌텐도 3DS를 생산하는 사람은 누구입니까?,닌텐도,manufacturer,7,3291
닌텐도 3DS의 생산자는 누구입니까?,닌텐도,manufacturer,7,3291
닌텐도 3DS를 만든 사람은 누구입니까?,닌텐도,manufacturer,7,3291
닌텐도 3DS에 책임을지는 제조업체는 누구입니까?,닌텐도,manufacturer,7,3291
회사가 혼다 어코드를 제조합니까?,혼다 기연 공업,manufacturer,8,3292
혼다 어코드를 생산하는 사람은 누구입니까?,혼다 기연 공업,manufacturer,8,3292
혼다 어코드의 생산자는 누구입니까?,혼다 기연 공업,manufacturer,8,3292
혼다 어코드를 만든 사람은 누구입니까?,혼다 기연 공업,manufacturer,8,3292
혼다 어코드에 책임을지는 제조업체는 누구입니까?,혼다 기연 공업,manufacturer,8,3292
회사가 아이폰를 제조합니까?,애플,manufacturer,9,3293
아이폰를 생산하는 사람은 누구입니까?,애플,manufacturer,9,3293
아이폰의 생산자는 누구입니까?,애플,manufacturer,9,3293
아이폰를 만든 사람은 누구입니까?,애플,manufacturer,9,3293
아이폰에 책임을지는 제조업체는 누구입니까?,애플,manufacturer,9,3293
회사가 인텔 8008를 제조합니까?,인텔,manufacturer,10,3294
인텔 8008를 생산하는 사람은 누구입니까?,인텔,manufacturer,10,3294
인텔 8008의 생산자는 누구입니까?,인텔,manufacturer,10,3294
인텔 8008를 만든 사람은 누구입니까?,인텔,manufacturer,10,3294
인텔 8008에 책임을지는 제조업체는 누구입니까?,인텔,manufacturer,10,3294
회사가 토요타 캠리를 제조합니까?,토요타 자동차,manufacturer,11,3295
토요타 캠리를 생산하는 사람은 누구입니까?,토요타 자동차,manufacturer,11,3295
토요타 캠리의 생산자는 누구입니까?,토요타 자동차,manufacturer,11,3295
토요타 캠리를 만든 사람은 누구입니까?,토요타 자동차,manufacturer,11,3295
토요타 캠리에 책임을지는 제조업체는 누구입니까?,토요타 자동차,manufacturer,11,3295
회사가 에어버스 A380를 제조합니까?,에어버스,manufacturer,12,3296
에어버스 A380를 생산하는 사람은 누구입니까?,에어버스,manufacturer,12,3296
에어버스 A380의 생산자는 누구입니까?,에어버스,manufacturer,12,3296
에어버스 A380를 만든 사람은 누구입니까?,에어버스,manufacturer,12,3296
에어버스 A380에 책임을지는 제조업체는 누구입니까?,에어버스,manufacturer,12,3296
회사가 아이폰 4S를 제조합니까?,애플,manufacturer,13,3297
아이폰 4S를 생산하는 사람은 누구입니까?,애플,manufacturer,13,3297
아이폰 4S의 생산자는 누구입니까?,애플,manufacturer,13,3297
아이폰 4S를 만든 사람은 누구입니까?,애플,manufacturer,13,3297
아이폰 4S에 책임을지는 제조업체는 누구입니까?,애플,manufacturer,13,3297
회사가 닌텐도 DS를 제조합니까?,닌텐도,manufacturer,14,3298
닌텐도 DS를 생산하는 사람은 누구입니까?,닌텐도,manufacturer,14,3298
닌텐도 DS의 생산자는 누구입니까?,닌텐도,manufacturer,14,3298
닌텐도 DS를 만든 사람은 누구입니까?,닌텐도,manufacturer,14,3298
닌텐도 DS에 책임을지는 제조업체는 누구입니까?,닌텐도,manufacturer,14,3298
회사가 보잉 B-17 플라잉 포트리스를 제조합니까?,보잉,manufacturer,15,3299
보잉 B-17 플라잉 포트리스를 생산하는 사람은 누구입니까?,보잉,manufacturer,15,3299
보잉 B-17 플라잉 포트리스의 생산자는 누구입니까?,보잉,manufacturer,15,3299
보잉 B-17 플라잉 포트리스를 만든 사람은 누구입니까?,보잉,manufacturer,15,3299
보잉 B-17 플라잉 포트리스에 책임을지는 제조업체는 누구입니까?,보잉,manufacturer,15,3299
회사가 애플 I를 제조합니까?,애플,manufacturer,16,3300
애플 I를 생산하는 사람은 누구입니까?,애플,manufacturer,16,3300
애플 I의 생산자는 누구입니까?,애플,manufacturer,16,3300
애플 I를 만든 사람은 누구입니까?,애플,manufacturer,16,3300
애플 I에 책임을지는 제조업체는 누구입니까?,애플,manufacturer,16,3300
회사가 엑스박스를 제조합니까?,마이크로소프트,manufacturer,17,3301
엑스박스를 생산하는 사람은 누구입니까?,마이크로소프트,manufacturer,17,3301
엑스박스의 생산자는 누구입니까?,마이크로소프트,manufacturer,17,3301
엑스박스를 만든 사람은 누구입니까?,마이크로소프트,manufacturer,17,3301
엑스박스에 책임을지는 제조업체는 누구입니까?,마이크로소프트,manufacturer,17,3301
회사가 토요타 코롤라를 제조합니까?,토요타 자동차,manufacturer,18,3302
토요타 코롤라를 생산하는 사람은 누구입니까?,토요타 자동차,manufacturer,18,3302
토요타 코롤라의 생산자는 누구입니까?,토요타 자동차,manufacturer,18,3302
토요타 코롤라를 만든 사람은 누구입니까?,토요타 자동차,manufacturer,18,3302
토요타 코롤라에 책임을지는 제조업체는 누구입니까?,토요타 자동차,manufacturer,18,3302
회사가 아이폰 3GS를 제조합니까?,애플,manufacturer,19,3303
아이폰 3GS를 생산하는 사람은 누구입니까?,애플,manufacturer,19,3303
아이폰 3GS의 생산자는 누구입니까?,애플,manufacturer,19,3303
아이폰 3GS를 만든 사람은 누구입니까?,애플,manufacturer,19,3303
아이폰 3GS에 책임을지는 제조업체는 누구입니까?,애플,manufacturer,19,3303
회사가 아이팟를 제조합니까?,애플,manufacturer,20,3304
아이팟를 생산하는 사람은 누구입니까?,애플,manufacturer,20,3304
아이팟의 생산자는 누구입니까?,애플,manufacturer,20,3304
아이팟를 만든 사람은 누구입니까?,애플,manufacturer,20,3304
아이팟에 책임을지는 제조업체는 누구입니까?,애플,manufacturer,20,3304
회사가 BMW X3를 제조합니까?,BMW,manufacturer,21,3305
BMW X3를 생산하는 사람은 누구입니까?,BMW,manufacturer,21,3305
BMW X3의 생산자는 누구입니까?,BMW,manufacturer,21,3305
BMW X3를 만든 사람은 누구입니까?,BMW,manufacturer,21,3305
BMW X3에 책임을지는 제조업체는 누구입니까?,BMW,manufacturer,21,3305
회사가 패밀리 컴퓨터를 제조합니까?,닌텐도,manufacturer,22,3306
패밀리 컴퓨터를 생산하는 사람은 누구입니까?,닌텐도,manufacturer,22,3306
패밀리 컴퓨터의 생산자는 누구입니까?,닌텐도,manufacturer,22,3306
패밀리 컴퓨터를 만든 사람은 누구입니까?,닌텐도,manufacturer,22,3306
패밀리 컴퓨터에 책임을지는 제조업체는 누구입니까?,닌텐도,manufacturer,22,3306
회사가 아이패드를 제조합니까?,애플,manufacturer,23,3307
아이패드를 생산하는 사람은 누구입니까?,애플,manufacturer,23,3307
아이패드의 생산자는 누구입니까?,애플,manufacturer,23,3307
아이패드를 만든 사람은 누구입니까?,애플,manufacturer,23,3307
아이패드에 책임을지는 제조업체는 누구입니까?,애플,manufacturer,23,3307
회사가 에어버스 A300를 제조합니까?,에어버스,manufacturer,24,3308
에어버스 A300를 생산하는 사람은 누구입니까?,에어버스,manufacturer,24,3308
에어버스 A300의 생산자는 누구입니까?,에어버스,manufacturer,24,3308
에어버스 A300를 만든 사람은 누구입니까?,에어버스,manufacturer,24,3308
에어버스 A300에 책임을지는 제조업체는 누구입니까?,에어버스,manufacturer,24,3308
회사가 페라리 라페라리를 제조합니까?,페라리,manufacturer,25,3309
페라리 라페라리를 생산하는 사람은 누구입니까?,페라리,manufacturer,25,3309
페라리 라페라리의 생산자는 누구입니까?,페라리,manufacturer,25,3309
페라리 라페라리를 만든 사람은 누구입니까?,페라리,manufacturer,25,3309
페라리 라페라리에 책임을지는 제조업체는 누구입니까?,페라리,manufacturer,25,3309
회사가 게임보이 어드밴스를 제조합니까?,닌텐도,manufacturer,26,3310
게임보이 어드밴스를 생산하는 사람은 누구입니까?,닌텐도,manufacturer,26,3310
게임보이 어드밴스의 생산자는 누구입니까?,닌텐도,manufacturer,26,3310
게임보이 어드밴스를 만든 사람은 누구입니까?,닌텐도,manufacturer,26,3310
게임보이 어드밴스에 책임을지는 제조업체는 누구입니까?,닌텐도,manufacturer,26,3310
회사가 에어버스 A320를 제조합니까?,에어버스,manufacturer,27,3311
에어버스 A320를 생산하는 사람은 누구입니까?,에어버스,manufacturer,27,3311
에어버스 A320의 생산자는 누구입니까?,에어버스,manufacturer,27,3311
에어버스 A320를 만든 사람은 누구입니까?,에어버스,manufacturer,27,3311
에어버스 A320에 책임을지는 제조업체는 누구입니까?,에어버스,manufacturer,27,3311
회사가 윈도 비스타를 제조합니까?,마이크로소프트,manufacturer,28,3312
윈도 비스타를 생산하는 사람은 누구입니까?,마이크로소프트,manufacturer,28,3312
윈도 비스타의 생산자는 누구입니까?,마이크로소프트,manufacturer,28,3312
윈도 비스타를 만든 사람은 누구입니까?,마이크로소프트,manufacturer,28,3312
윈도 비스타에 책임을지는 제조업체는 누구입니까?,마이크로소프트,manufacturer,28,3312
회사가 천사를 제조합니까?,하느님,manufacturer,29,3313
천사를 생산하는 사람은 누구입니까?,하느님,manufacturer,29,3313
천사의 생산자는 누구입니까?,하느님,manufacturer,29,3313
천사를 만든 사람은 누구입니까?,하느님,manufacturer,29,3313
천사에 책임을지는 제조업체는 누구입니까?,하느님,manufacturer,29,3313
회사가 슈퍼 패미컴를 제조합니까?,닌텐도,manufacturer,30,3314
슈퍼 패미컴를 생산하는 사람은 누구입니까?,닌텐도,manufacturer,30,3314
슈퍼 패미컴의 생산자는 누구입니까?,닌텐도,manufacturer,30,3314
슈퍼 패미컴를 만든 사람은 누구입니까?,닌텐도,manufacturer,30,3314
슈퍼 패미컴에 책임을지는 제조업체는 누구입니까?,닌텐도,manufacturer,30,3314
회사가 에어버스 A350를 제조합니까?,에어버스,manufacturer,31,3315
에어버스 A350를 생산하는 사람은 누구입니까?,에어버스,manufacturer,31,3315
에어버스 A350의 생산자는 누구입니까?,에어버스,manufacturer,31,3315
에어버스 A350를 만든 사람은 누구입니까?,에어버스,manufacturer,31,3315
에어버스 A350에 책임을지는 제조업체는 누구입니까?,에어버스,manufacturer,31,3315
회사가 에어버스 A310를 제조합니까?,에어버스,manufacturer,32,3316
에어버스 A310를 생산하는 사람은 누구입니까?,에어버스,manufacturer,32,3316
에어버스 A310의 생산자는 누구입니까?,에어버스,manufacturer,32,3316
에어버스 A310를 만든 사람은 누구입니까?,에어버스,manufacturer,32,3316
에어버스 A310에 책임을지는 제조업체는 누구입니까?,에어버스,manufacturer,32,3316
회사가 에어버스 A340를 제조합니까?,에어버스,manufacturer,33,3317
에어버스 A340를 생산하는 사람은 누구입니까?,에어버스,manufacturer,33,3317
에어버스 A340의 생산자는 누구입니까?,에어버스,manufacturer,33,3317
에어버스 A340를 만든 사람은 누구입니까?,에어버스,manufacturer,33,3317
에어버스 A340에 책임을지는 제조업체는 누구입니까?,에어버스,manufacturer,33,3317
회사가 Wii U를 제조합니까?,닌텐도,manufacturer,34,3318
Wii U를 생산하는 사람은 누구입니까?,닌텐도,manufacturer,34,3318
Wii U의 생산자는 누구입니까?,닌텐도,manufacturer,34,3318
Wii U를 만든 사람은 누구입니까?,닌텐도,manufacturer,34,3318
Wii U에 책임을지는 제조업체는 누구입니까?,닌텐도,manufacturer,34,3318
터키가 위치한 대륙은 무엇입니까?,아시아,continent,0,3462
터키의 대륙은 무엇입니까?,아시아,continent,0,3462
터키를 어느 대륙에서 찾을 수 있습니까?,아시아,continent,0,3462
대륙적으로 터키의 소속이 어디에 있습니까?,아시아,continent,0,3462
대륙별로 터키를 찾을 수 있는 곳은 어디입니까?,아시아,continent,0,3462
나미비아가 위치한 대륙은 무엇입니까?,아프리카,continent,1,3463
나미비아의 대륙은 무엇입니까?,아프리카,continent,1,3463
나미비아를 어느 대륙에서 찾을 수 있습니까?,아프리카,continent,1,3463
대륙적으로 나미비아의 소속이 어디에 있습니까?,아프리카,continent,1,3463
대륙별로 나미비아를 찾을 수 있는 곳은 어디입니까?,아프리카,continent,1,3463
오스트레일리아령 남극 지역가 위치한 대륙은 무엇입니까?,남극,continent,2,3464
오스트레일리아령 남극 지역의 대륙은 무엇입니까?,남극,continent,2,3464
오스트레일리아령 남극 지역를 어느 대륙에서 찾을 수 있습니까?,남극,continent,2,3464
대륙적으로 오스트레일리아령 남극 지역의 소속이 어디에 있습니까?,남극,continent,2,3464
대륙별로 오스트레일리아령 남극 지역를 찾을 수 있는 곳은 어디입니까?,남극,continent,2,3464
코치가 위치한 대륙은 무엇입니까?,아시아,continent,3,3465
코치의 대륙은 무엇입니까?,아시아,continent,3,3465
코치를 어느 대륙에서 찾을 수 있습니까?,아시아,continent,3,3465
대륙적으로 코치의 소속이 어디에 있습니까?,아시아,continent,3,3465
대륙별로 코치를 찾을 수 있는 곳은 어디입니까?,아시아,continent,3,3465
독일가 위치한 대륙은 무엇입니까?,유럽,continent,4,3466
독일의 대륙은 무엇입니까?,유럽,continent,4,3466
독일를 어느 대륙에서 찾을 수 있습니까?,유럽,continent,4,3466
대륙적으로 독일의 소속이 어디에 있습니까?,유럽,continent,4,3466
대륙별로 독일를 찾을 수 있는 곳은 어디입니까?,유럽,continent,4,3466
치에신가 위치한 대륙은 무엇입니까?,유럽,continent,5,3467
치에신의 대륙은 무엇입니까?,유럽,continent,5,3467
치에신를 어느 대륙에서 찾을 수 있습니까?,유럽,continent,5,3467
대륙적으로 치에신의 소속이 어디에 있습니까?,유럽,continent,5,3467
대륙별로 치에신를 찾을 수 있는 곳은 어디입니까?,유럽,continent,5,3467
소련가 위치한 대륙은 무엇입니까?,유럽,continent,6,3468
소련의 대륙은 무엇입니까?,유럽,continent,6,3468
소련를 어느 대륙에서 찾을 수 있습니까?,유럽,continent,6,3468
대륙적으로 소련의 소속이 어디에 있습니까?,유럽,continent,6,3468
대륙별로 소련를 찾을 수 있는 곳은 어디입니까?,유럽,continent,6,3468
요크셔가 위치한 대륙은 무엇입니까?,유럽,continent,7,3469
요크셔의 대륙은 무엇입니까?,유럽,continent,7,3469
요크셔를 어느 대륙에서 찾을 수 있습니까?,유럽,continent,7,3469
대륙적으로 요크셔의 소속이 어디에 있습니까?,유럽,continent,7,3469
대륙별로 요크셔를 찾을 수 있는 곳은 어디입니까?,유럽,continent,7,3469
핏케언 제도가 위치한 대륙은 무엇입니까?,오세아니아,continent,8,3470
핏케언 제도의 대륙은 무엇입니까?,오세아니아,continent,8,3470
핏케언 제도를 어느 대륙에서 찾을 수 있습니까?,오세아니아,continent,8,3470
대륙적으로 핏케언 제도의 소속이 어디에 있습니까?,오세아니아,continent,8,3470
대륙별로 핏케언 제도를 찾을 수 있는 곳은 어디입니까?,오세아니아,continent,8,3470
아르메니아가 위치한 대륙은 무엇입니까?,유럽,continent,9,3471
아르메니아의 대륙은 무엇입니까?,유럽,continent,9,3471
아르메니아를 어느 대륙에서 찾을 수 있습니까?,유럽,continent,9,3471
대륙적으로 아르메니아의 소속이 어디에 있습니까?,유럽,continent,9,3471
대륙별로 아르메니아를 찾을 수 있는 곳은 어디입니까?,유럽,continent,9,3471
하노이가 위치한 대륙은 무엇입니까?,아시아,continent,10,3472
하노이의 대륙은 무엇입니까?,아시아,continent,10,3472
하노이를 어느 대륙에서 찾을 수 있습니까?,아시아,continent,10,3472
대륙적으로 하노이의 소속이 어디에 있습니까?,아시아,continent,10,3472
대륙별로 하노이를 찾을 수 있는 곳은 어디입니까?,아시아,continent,10,3472
탈린가 위치한 대륙은 무엇입니까?,유럽,continent,11,3473
탈린의 대륙은 무엇입니까?,유럽,continent,11,3473
탈린를 어느 대륙에서 찾을 수 있습니까?,유럽,continent,11,3473
대륙적으로 탈린의 소속이 어디에 있습니까?,유럽,continent,11,3473
대륙별로 탈린를 찾을 수 있는 곳은 어디입니까?,유럽,continent,11,3473
노르트브라반트주가 위치한 대륙은 무엇입니까?,유럽,continent,12,3474
노르트브라반트주의 대륙은 무엇입니까?,유럽,continent,12,3474
노르트브라반트주를 어느 대륙에서 찾을 수 있습니까?,유럽,continent,12,3474
대륙적으로 노르트브라반트주의 소속이 어디에 있습니까?,유럽,continent,12,3474
대륙별로 노르트브라반트주를 찾을 수 있는 곳은 어디입니까?,유럽,continent,12,3474
타구스강가 위치한 대륙은 무엇입니까?,유럽,continent,13,3475
타구스강의 대륙은 무엇입니까?,유럽,continent,13,3475
타구스강를 어느 대륙에서 찾을 수 있습니까?,유럽,continent,13,3475
대륙적으로 타구스강의 소속이 어디에 있습니까?,유럽,continent,13,3475
대륙별로 타구스강를 찾을 수 있는 곳은 어디입니까?,유럽,continent,13,3475
사우디아라비아가 위치한 대륙은 무엇입니까?,아시아,continent,14,3476
사우디아라비아의 대륙은 무엇입니까?,아시아,continent,14,3476
사우디아라비아를 어느 대륙에서 찾을 수 있습니까?,아시아,continent,14,3476
대륙적으로 사우디아라비아의 소속이 어디에 있습니까?,아시아,continent,14,3476
대륙별로 사우디아라비아를 찾을 수 있는 곳은 어디입니까?,아시아,continent,14,3476
오스트레일리아가 위치한 대륙은 무엇입니까?,오세아니아,continent,15,3477
오스트레일리아의 대륙은 무엇입니까?,오세아니아,continent,15,3477
오스트레일리아를 어느 대륙에서 찾을 수 있습니까?,오세아니아,continent,15,3477
대륙적으로 오스트레일리아의 소속이 어디에 있습니까?,오세아니아,continent,15,3477
대륙별로 오스트레일리아를 찾을 수 있는 곳은 어디입니까?,오세아니아,continent,15,3477
에리트레아가 위치한 대륙은 무엇입니까?,아프리카,continent,16,3478
에리트레아의 대륙은 무엇입니까?,아프리카,continent,16,3478
에리트레아를 어느 대륙에서 찾을 수 있습니까?,아프리카,continent,16,3478
대륙적으로 에리트레아의 소속이 어디에 있습니까?,아프리카,continent,16,3478
대륙별로 에리트레아를 찾을 수 있는 곳은 어디입니까?,아프리카,continent,16,3478
툴루즈가 위치한 대륙은 무엇입니까?,유럽,continent,17,3479
툴루즈의 대륙은 무엇입니까?,유럽,continent,17,3479
툴루즈를 어느 대륙에서 찾을 수 있습니까?,유럽,continent,17,3479
대륙적으로 툴루즈의 소속이 어디에 있습니까?,유럽,continent,17,3479
대륙별로 툴루즈를 찾을 수 있는 곳은 어디입니까?,유럽,continent,17,3479
대한민국가 위치한 대륙은 무엇입니까?,아시아,continent,18,3480
대한민국의 대륙은 무엇입니까?,아시아,continent,18,3480
대한민국를 어느 대륙에서 찾을 수 있습니까?,아시아,continent,18,3480
대륙적으로 대한민국의 소속이 어디에 있습니까?,아시아,continent,18,3480
대륙별로 대한민국를 찾을 수 있는 곳은 어디입니까?,아시아,continent,18,3480
헤이그가 위치한 대륙은 무엇입니까?,유럽,continent,19,3481
헤이그의 대륙은 무엇입니까?,유럽,continent,19,3481
헤이그를 어느 대륙에서 찾을 수 있습니까?,유럽,continent,19,3481
대륙적으로 헤이그의 소속이 어디에 있습니까?,유럽,continent,19,3481
대륙별로 헤이그를 찾을 수 있는 곳은 어디입니까?,유럽,continent,19,3481
덴마크가 위치한 대륙은 무엇입니까?,유럽,continent,20,3482
덴마크의 대륙은 무엇입니까?,유럽,continent,20,3482
덴마크를 어느 대륙에서 찾을 수 있습니까?,유럽,continent,20,3482
대륙적으로 덴마크의 소속이 어디에 있습니까?,유럽,continent,20,3482
대륙별로 덴마크를 찾을 수 있는 곳은 어디입니까?,유럽,continent,20,3482
영국가 위치한 대륙은 무엇입니까?,유럽,continent,21,3483
영국의 대륙은 무엇입니까?,유럽,continent,21,3483
영국를 어느 대륙에서 찾을 수 있습니까?,유럽,continent,21,3483
대륙적으로 영국의 소속이 어디에 있습니까?,유럽,continent,21,3483
대륙별로 영국를 찾을 수 있는 곳은 어디입니까?,유럽,continent,21,3483
대영 제국가 위치한 대륙은 무엇입니까?,아프리카,continent,22,3484
대영 제국의 대륙은 무엇입니까?,아프리카,continent,22,3484
대영 제국를 어느 대륙에서 찾을 수 있습니까?,아프리카,continent,22,3484
대륙적으로 대영 제국의 소속이 어디에 있습니까?,아프리카,continent,22,3484
대륙별로 대영 제국를 찾을 수 있는 곳은 어디입니까?,아프리카,continent,22,3484
남아시아가 위치한 대륙은 무엇입니까?,아시아,continent,23,3485
남아시아의 대륙은 무엇입니까?,아시아,continent,23,3485
남아시아를 어느 대륙에서 찾을 수 있습니까?,아시아,continent,23,3485
대륙적으로 남아시아의 소속이 어디에 있습니까?,아시아,continent,23,3485
대륙별로 남아시아를 찾을 수 있는 곳은 어디입니까?,아시아,continent,23,3485
불가리아가 위치한 대륙은 무엇입니까?,유럽,continent,24,3486
불가리아의 대륙은 무엇입니까?,유럽,continent,24,3486
불가리아를 어느 대륙에서 찾을 수 있습니까?,유럽,continent,24,3486
대륙적으로 불가리아의 소속이 어디에 있습니까?,유럽,continent,24,3486
대륙별로 불가리아를 찾을 수 있는 곳은 어디입니까?,유럽,continent,24,3486
페초라강가 위치한 대륙은 무엇입니까?,유럽,continent,25,3487
페초라강의 대륙은 무엇입니까?,유럽,continent,25,3487
페초라강를 어느 대륙에서 찾을 수 있습니까?,유럽,continent,25,3487
대륙적으로 페초라강의 소속이 어디에 있습니까?,유럽,continent,25,3487
대륙별로 페초라강를 찾을 수 있는 곳은 어디입니까?,유럽,continent,25,3487
키리바시가 위치한 대륙은 무엇입니까?,오세아니아,continent,26,3488
키리바시의 대륙은 무엇입니까?,오세아니아,continent,26,3488
키리바시를 어느 대륙에서 찾을 수 있습니까?,오세아니아,continent,26,3488
대륙적으로 키리바시의 소속이 어디에 있습니까?,오세아니아,continent,26,3488
대륙별로 키리바시를 찾을 수 있는 곳은 어디입니까?,오세아니아,continent,26,3488
아이거산가 위치한 대륙은 무엇입니까?,유럽,continent,27,3489
아이거산의 대륙은 무엇입니까?,유럽,continent,27,3489
아이거산를 어느 대륙에서 찾을 수 있습니까?,유럽,continent,27,3489
대륙적으로 아이거산의 소속이 어디에 있습니까?,유럽,continent,27,3489
대륙별로 아이거산를 찾을 수 있는 곳은 어디입니까?,유럽,continent,27,3489
체코슬로바키아가 위치한 대륙은 무엇입니까?,유럽,continent,28,3490
체코슬로바키아의 대륙은 무엇입니까?,유럽,continent,28,3490
체코슬로바키아를 어느 대륙에서 찾을 수 있습니까?,유럽,continent,28,3490
대륙적으로 체코슬로바키아의 소속이 어디에 있습니까?,유럽,continent,28,3490
대륙별로 체코슬로바키아를 찾을 수 있는 곳은 어디입니까?,유럽,continent,28,3490
오스트리아가 위치한 대륙은 무엇입니까?,유럽,continent,29,3491
오스트리아의 대륙은 무엇입니까?,유럽,continent,29,3491
오스트리아를 어느 대륙에서 찾을 수 있습니까?,유럽,continent,29,3491
대륙적으로 오스트리아의 소속이 어디에 있습니까?,유럽,continent,29,3491
대륙별로 오스트리아를 찾을 수 있는 곳은 어디입니까?,유럽,continent,29,3491
그리스가 위치한 대륙은 무엇입니까?,유럽,continent,30,3492
그리스의 대륙은 무엇입니까?,유럽,continent,30,3492
그리스를 어느 대륙에서 찾을 수 있습니까?,유럽,continent,30,3492
대륙적으로 그리스의 소속이 어디에 있습니까?,유럽,continent,30,3492
대륙별로 그리스를 찾을 수 있는 곳은 어디입니까?,유럽,continent,30,3492
웨일스가 위치한 대륙은 무엇입니까?,유럽,continent,31,3493
웨일스의 대륙은 무엇입니까?,유럽,continent,31,3493
웨일스를 어느 대륙에서 찾을 수 있습니까?,유럽,continent,31,3493
대륙적으로 웨일스의 소속이 어디에 있습니까?,유럽,continent,31,3493
대륙별로 웨일스를 찾을 수 있는 곳은 어디입니까?,유럽,continent,31,3493
인도네시아가 위치한 대륙은 무엇입니까?,아시아,continent,32,3494
인도네시아의 대륙은 무엇입니까?,아시아,continent,32,3494
인도네시아를 어느 대륙에서 찾을 수 있습니까?,아시아,continent,32,3494
대륙적으로 인도네시아의 소속이 어디에 있습니까?,아시아,continent,32,3494
대륙별로 인도네시아를 찾을 수 있는 곳은 어디입니까?,아시아,continent,32,3494
베트남가 위치한 대륙은 무엇입니까?,아시아,continent,33,3495
베트남의 대륙은 무엇입니까?,아시아,continent,33,3495
베트남를 어느 대륙에서 찾을 수 있습니까?,아시아,continent,33,3495
대륙적으로 베트남의 소속이 어디에 있습니까?,아시아,continent,33,3495
대륙별로 베트남를 찾을 수 있는 곳은 어디입니까?,아시아,continent,33,3495
유럽 연합가 위치한 대륙은 무엇입니까?,유럽,continent,34,3496
유럽 연합의 대륙은 무엇입니까?,유럽,continent,34,3496
유럽 연합를 어느 대륙에서 찾을 수 있습니까?,유럽,continent,34,3496
대륙적으로 유럽 연합의 소속이 어디에 있습니까?,유럽,continent,34,3496
대륙별로 유럽 연합를 찾을 수 있는 곳은 어디입니까?,유럽,continent,34,3496
유고슬라비아가 위치한 대륙은 무엇입니까?,유럽,continent,35,3497
유고슬라비아의 대륙은 무엇입니까?,유럽,continent,35,3497
유고슬라비아를 어느 대륙에서 찾을 수 있습니까?,유럽,continent,35,3497
대륙적으로 유고슬라비아의 소속이 어디에 있습니까?,유럽,continent,35,3497
대륙별로 유고슬라비아를 찾을 수 있는 곳은 어디입니까?,유럽,continent,35,3497
왈리스 푸투나가 위치한 대륙은 무엇입니까?,오세아니아,continent,36,3498
왈리스 푸투나의 대륙은 무엇입니까?,오세아니아,continent,36,3498
왈리스 푸투나를 어느 대륙에서 찾을 수 있습니까?,오세아니아,continent,36,3498
대륙적으로 왈리스 푸투나의 소속이 어디에 있습니까?,오세아니아,continent,36,3498
대륙별로 왈리스 푸투나를 찾을 수 있는 곳은 어디입니까?,오세아니아,continent,36,3498
머시아 왕국가 위치한 대륙은 무엇입니까?,유럽,continent,37,3499
머시아 왕국의 대륙은 무엇입니까?,유럽,continent,37,3499
머시아 왕국를 어느 대륙에서 찾을 수 있습니까?,유럽,continent,37,3499
대륙적으로 머시아 왕국의 소속이 어디에 있습니까?,유럽,continent,37,3499
대륙별로 머시아 왕국를 찾을 수 있는 곳은 어디입니까?,유럽,continent,37,3499
남극횡단산지가 위치한 대륙은 무엇입니까?,남극,continent,38,3500
남극횡단산지의 대륙은 무엇입니까?,남극,continent,38,3500
남극횡단산지를 어느 대륙에서 찾을 수 있습니까?,남극,continent,38,3500
대륙적으로 남극횡단산지의 소속이 어디에 있습니까?,남극,continent,38,3500
대륙별로 남극횡단산지를 찾을 수 있는 곳은 어디입니까?,남극,continent,38,3500
트빌리시가 위치한 대륙은 무엇입니까?,유럽,continent,39,3501
트빌리시의 대륙은 무엇입니까?,유럽,continent,39,3501
트빌리시를 어느 대륙에서 찾을 수 있습니까?,유럽,continent,39,3501
대륙적으로 트빌리시의 소속이 어디에 있습니까?,유럽,continent,39,3501
대륙별로 트빌리시를 찾을 수 있는 곳은 어디입니까?,유럽,continent,39,3501
베른가 위치한 대륙은 무엇입니까?,유럽,continent,40,3502
베른의 대륙은 무엇입니까?,유럽,continent,40,3502
베른를 어느 대륙에서 찾을 수 있습니까?,유럽,continent,40,3502
대륙적으로 베른의 소속이 어디에 있습니까?,유럽,continent,40,3502
대륙별로 베른를 찾을 수 있는 곳은 어디입니까?,유럽,continent,40,3502
파리가 위치한 대륙은 무엇입니까?,유럽,continent,41,3503
파리의 대륙은 무엇입니까?,유럽,continent,41,3503
파리를 어느 대륙에서 찾을 수 있습니까?,유럽,continent,41,3503
대륙적으로 파리의 소속이 어디에 있습니까?,유럽,continent,41,3503
대륙별로 파리를 찾을 수 있는 곳은 어디입니까?,유럽,continent,41,3503
하바롭스크가 위치한 대륙은 무엇입니까?,아시아,continent,42,3504
하바롭스크의 대륙은 무엇입니까?,아시아,continent,42,3504
하바롭스크를 어느 대륙에서 찾을 수 있습니까?,아시아,continent,42,3504
대륙적으로 하바롭스크의 소속이 어디에 있습니까?,아시아,continent,42,3504
대륙별로 하바롭스크를 찾을 수 있는 곳은 어디입니까?,아시아,continent,42,3504
뉴델리가 위치한 대륙은 무엇입니까?,아시아,continent,43,3505
뉴델리의 대륙은 무엇입니까?,아시아,continent,43,3505
뉴델리를 어느 대륙에서 찾을 수 있습니까?,아시아,continent,43,3505
대륙적으로 뉴델리의 소속이 어디에 있습니까?,아시아,continent,43,3505
대륙별로 뉴델리를 찾을 수 있는 곳은 어디입니까?,아시아,continent,43,3505
아제르바이잔가 위치한 대륙은 무엇입니까?,아시아,continent,44,3506
아제르바이잔의 대륙은 무엇입니까?,아시아,continent,44,3506
아제르바이잔를 어느 대륙에서 찾을 수 있습니까?,아시아,continent,44,3506
대륙적으로 아제르바이잔의 소속이 어디에 있습니까?,아시아,continent,44,3506
대륙별로 아제르바이잔를 찾을 수 있는 곳은 어디입니까?,아시아,continent,44,3506
테베레강가 위치한 대륙은 무엇입니까?,유럽,continent,45,3507
테베레강의 대륙은 무엇입니까?,유럽,continent,45,3507
테베레강를 어느 대륙에서 찾을 수 있습니까?,유럽,continent,45,3507
대륙적으로 테베레강의 소속이 어디에 있습니까?,유럽,continent,45,3507
대륙별로 테베레강를 찾을 수 있는 곳은 어디입니까?,유럽,continent,45,3507
슬로베니아가 위치한 대륙은 무엇입니까?,유럽,continent,46,3508
슬로베니아의 대륙은 무엇입니까?,유럽,continent,46,3508
슬로베니아를 어느 대륙에서 찾을 수 있습니까?,유럽,continent,46,3508
대륙적으로 슬로베니아의 소속이 어디에 있습니까?,유럽,continent,46,3508
대륙별로 슬로베니아를 찾을 수 있는 곳은 어디입니까?,유럽,continent,46,3508
이르티시강가 위치한 대륙은 무엇입니까?,아시아,continent,47,3509
이르티시강의 대륙은 무엇입니까?,아시아,continent,47,3509
이르티시강를 어느 대륙에서 찾을 수 있습니까?,아시아,continent,47,3509
대륙적으로 이르티시강의 소속이 어디에 있습니까?,아시아,continent,47,3509
대륙별로 이르티시강를 찾을 수 있는 곳은 어디입니까?,아시아,continent,47,3509
찬디가르가 위치한 대륙은 무엇입니까?,아시아,continent,48,3510
찬디가르의 대륙은 무엇입니까?,아시아,continent,48,3510
찬디가르를 어느 대륙에서 찾을 수 있습니까?,아시아,continent,48,3510
대륙적으로 찬디가르의 소속이 어디에 있습니까?,아시아,continent,48,3510
대륙별로 찬디가르를 찾을 수 있는 곳은 어디입니까?,아시아,continent,48,3510
에페이로스 공국가 위치한 대륙은 무엇입니까?,유럽,continent,49,3511
에페이로스 공국의 대륙은 무엇입니까?,유럽,continent,49,3511
에페이로스 공국를 어느 대륙에서 찾을 수 있습니까?,유럽,continent,49,3511
대륙적으로 에페이로스 공국의 소속이 어디에 있습니까?,유럽,continent,49,3511
대륙별로 에페이로스 공국를 찾을 수 있는 곳은 어디입니까?,유럽,continent,49,3511
잉글랜드가 위치한 대륙은 무엇입니까?,유럽,continent,50,3512
잉글랜드의 대륙은 무엇입니까?,유럽,continent,50,3512
잉글랜드를 어느 대륙에서 찾을 수 있습니까?,유럽,continent,50,3512
대륙적으로 잉글랜드의 소속이 어디에 있습니까?,유럽,continent,50,3512
대륙별로 잉글랜드를 찾을 수 있는 곳은 어디입니까?,유럽,continent,50,3512
프랑스 본토가 위치한 대륙은 무엇입니까?,유럽,continent,51,3513
프랑스 본토의 대륙은 무엇입니까?,유럽,continent,51,3513
프랑스 본토를 어느 대륙에서 찾을 수 있습니까?,유럽,continent,51,3513
대륙적으로 프랑스 본토의 소속이 어디에 있습니까?,유럽,continent,51,3513
대륙별로 프랑스 본토를 찾을 수 있는 곳은 어디입니까?,유럽,continent,51,3513
코모로가 위치한 대륙은 무엇입니까?,아프리카,continent,52,3514
코모로의 대륙은 무엇입니까?,아프리카,continent,52,3514
코모로를 어느 대륙에서 찾을 수 있습니까?,아프리카,continent,52,3514
대륙적으로 코모로의 소속이 어디에 있습니까?,아프리카,continent,52,3514
대륙별로 코모로를 찾을 수 있는 곳은 어디입니까?,아프리카,continent,52,3514
동프랑크 왕국가 위치한 대륙은 무엇입니까?,유럽,continent,53,3515
동프랑크 왕국의 대륙은 무엇입니까?,유럽,continent,53,3515
동프랑크 왕국를 어느 대륙에서 찾을 수 있습니까?,유럽,continent,53,3515
대륙적으로 동프랑크 왕국의 소속이 어디에 있습니까?,유럽,continent,53,3515
대륙별로 동프랑크 왕국를 찾을 수 있는 곳은 어디입니까?,유럽,continent,53,3515
네덜란드 왕국가 위치한 대륙은 무엇입니까?,유럽,continent,54,3516
네덜란드 왕국의 대륙은 무엇입니까?,유럽,continent,54,3516
네덜란드 왕국를 어느 대륙에서 찾을 수 있습니까?,유럽,continent,54,3516
대륙적으로 네덜란드 왕국의 소속이 어디에 있습니까?,유럽,continent,54,3516
대륙별로 네덜란드 왕국를 찾을 수 있는 곳은 어디입니까?,유럽,continent,54,3516
마셜 제도가 위치한 대륙은 무엇입니까?,오세아니아,continent,55,3517
마셜 제도의 대륙은 무엇입니까?,오세아니아,continent,55,3517
마셜 제도를 어느 대륙에서 찾을 수 있습니까?,오세아니아,continent,55,3517
대륙적으로 마셜 제도의 소속이 어디에 있습니까?,오세아니아,continent,55,3517
대륙별로 마셜 제도를 찾을 수 있는 곳은 어디입니까?,오세아니아,continent,55,3517
다만 디우가 위치한 대륙은 무엇입니까?,아시아,continent,56,3518
다만 디우의 대륙은 무엇입니까?,아시아,continent,56,3518
다만 디우를 어느 대륙에서 찾을 수 있습니까?,아시아,continent,56,3518
대륙적으로 다만 디우의 소속이 어디에 있습니까?,아시아,continent,56,3518
대륙별로 다만 디우를 찾을 수 있는 곳은 어디입니까?,아시아,continent,56,3518
레소토가 위치한 대륙은 무엇입니까?,아프리카,continent,57,3519
레소토의 대륙은 무엇입니까?,아프리카,continent,57,3519
레소토를 어느 대륙에서 찾을 수 있습니까?,아프리카,continent,57,3519
대륙적으로 레소토의 소속이 어디에 있습니까?,아프리카,continent,57,3519
대륙별로 레소토를 찾을 수 있는 곳은 어디입니까?,아프리카,continent,57,3519
루아르강가 위치한 대륙은 무엇입니까?,유럽,continent,58,3520
루아르강의 대륙은 무엇입니까?,유럽,continent,58,3520
루아르강를 어느 대륙에서 찾을 수 있습니까?,유럽,continent,58,3520
대륙적으로 루아르강의 소속이 어디에 있습니까?,유럽,continent,58,3520
대륙별로 루아르강를 찾을 수 있는 곳은 어디입니까?,유럽,continent,58,3520
마요트가 위치한 대륙은 무엇입니까?,아프리카,continent,59,3521
마요트의 대륙은 무엇입니까?,아프리카,continent,59,3521
마요트를 어느 대륙에서 찾을 수 있습니까?,아프리카,continent,59,3521
대륙적으로 마요트의 소속이 어디에 있습니까?,아프리카,continent,59,3521
대륙별로 마요트를 찾을 수 있는 곳은 어디입니까?,아프리카,continent,59,3521
미크로네시아 연방가 위치한 대륙은 무엇입니까?,오세아니아,continent,60,3522
미크로네시아 연방의 대륙은 무엇입니까?,오세아니아,continent,60,3522
미크로네시아 연방를 어느 대륙에서 찾을 수 있습니까?,오세아니아,continent,60,3522
대륙적으로 미크로네시아 연방의 소속이 어디에 있습니까?,오세아니아,continent,60,3522
대륙별로 미크로네시아 연방를 찾을 수 있는 곳은 어디입니까?,오세아니아,continent,60,3522
노르트홀란트주가 위치한 대륙은 무엇입니까?,유럽,continent,61,3523
노르트홀란트주의 대륙은 무엇입니까?,유럽,continent,61,3523
노르트홀란트주를 어느 대륙에서 찾을 수 있습니까?,유럽,continent,61,3523
대륙적으로 노르트홀란트주의 소속이 어디에 있습니까?,유럽,continent,61,3523
대륙별로 노르트홀란트주를 찾을 수 있는 곳은 어디입니까?,유럽,continent,61,3523
북마케도니아가 위치한 대륙은 무엇입니까?,유럽,continent,62,3524
북마케도니아의 대륙은 무엇입니까?,유럽,continent,62,3524
북마케도니아를 어느 대륙에서 찾을 수 있습니까?,유럽,continent,62,3524
대륙적으로 북마케도니아의 소속이 어디에 있습니까?,유럽,continent,62,3524
대륙별로 북마케도니아를 찾을 수 있는 곳은 어디입니까?,유럽,continent,62,3524
라이베리아가 위치한 대륙은 무엇입니까?,아프리카,continent,63,3525
라이베리아의 대륙은 무엇입니까?,아프리카,continent,63,3525
라이베리아를 어느 대륙에서 찾을 수 있습니까?,아프리카,continent,63,3525
대륙적으로 라이베리아의 소속이 어디에 있습니까?,아프리카,continent,63,3525
대륙별로 라이베리아를 찾을 수 있는 곳은 어디입니까?,아프리카,continent,63,3525
엘베강가 위치한 대륙은 무엇입니까?,유럽,continent,64,3526
엘베강의 대륙은 무엇입니까?,유럽,continent,64,3526
엘베강를 어느 대륙에서 찾을 수 있습니까?,유럽,continent,64,3526
대륙적으로 엘베강의 소속이 어디에 있습니까?,유럽,continent,64,3526
대륙별로 엘베강를 찾을 수 있는 곳은 어디입니까?,유럽,continent,64,3526
바누아투가 위치한 대륙은 무엇입니까?,오세아니아,continent,65,3527
바누아투의 대륙은 무엇입니까?,오세아니아,continent,65,3527
바누아투를 어느 대륙에서 찾을 수 있습니까?,오세아니아,continent,65,3527
대륙적으로 바누아투의 소속이 어디에 있습니까?,오세아니아,continent,65,3527
대륙별로 바누아투를 찾을 수 있는 곳은 어디입니까?,오세아니아,continent,65,3527
크라이오바가 위치한 대륙은 무엇입니까?,유럽,continent,66,3528
크라이오바의 대륙은 무엇입니까?,유럽,continent,66,3528
크라이오바를 어느 대륙에서 찾을 수 있습니까?,유럽,continent,66,3528
대륙적으로 크라이오바의 소속이 어디에 있습니까?,유럽,continent,66,3528
대륙별로 크라이오바를 찾을 수 있는 곳은 어디입니까?,유럽,continent,66,3528
히마찰프라데시주가 위치한 대륙은 무엇입니까?,아시아,continent,67,3529
히마찰프라데시주의 대륙은 무엇입니까?,아시아,continent,67,3529
히마찰프라데시주를 어느 대륙에서 찾을 수 있습니까?,아시아,continent,67,3529
대륙적으로 히마찰프라데시주의 소속이 어디에 있습니까?,아시아,continent,67,3529
대륙별로 히마찰프라데시주를 찾을 수 있는 곳은 어디입니까?,아시아,continent,67,3529
쿡 제도가 위치한 대륙은 무엇입니까?,오세아니아,continent,68,3530
쿡 제도의 대륙은 무엇입니까?,오세아니아,continent,68,3530
쿡 제도를 어느 대륙에서 찾을 수 있습니까?,오세아니아,continent,68,3530
대륙적으로 쿡 제도의 소속이 어디에 있습니까?,오세아니아,continent,68,3530
대륙별로 쿡 제도를 찾을 수 있는 곳은 어디입니까?,오세아니아,continent,68,3530
남극판가 위치한 대륙은 무엇입니까?,남극,continent,69,3531
남극판의 대륙은 무엇입니까?,남극,continent,69,3531
남극판를 어느 대륙에서 찾을 수 있습니까?,남극,continent,69,3531
대륙적으로 남극판의 소속이 어디에 있습니까?,남극,continent,69,3531
대륙별로 남극판를 찾을 수 있는 곳은 어디입니까?,남극,continent,69,3531
홍콩가 위치한 대륙은 무엇입니까?,아시아,continent,70,3532
홍콩의 대륙은 무엇입니까?,아시아,continent,70,3532
홍콩를 어느 대륙에서 찾을 수 있습니까?,아시아,continent,70,3532
대륙적으로 홍콩의 소속이 어디에 있습니까?,아시아,continent,70,3532
대륙별로 홍콩를 찾을 수 있는 곳은 어디입니까?,아시아,continent,70,3532
상트페테르부르크가 위치한 대륙은 무엇입니까?,유럽,continent,71,3533
상트페테르부르크의 대륙은 무엇입니까?,유럽,continent,71,3533
상트페테르부르크를 어느 대륙에서 찾을 수 있습니까?,유럽,continent,71,3533
대륙적으로 상트페테르부르크의 소속이 어디에 있습니까?,유럽,continent,71,3533
대륙별로 상트페테르부르크를 찾을 수 있는 곳은 어디입니까?,유럽,continent,71,3533
타지키스탄가 위치한 대륙은 무엇입니까?,아시아,continent,72,3534
타지키스탄의 대륙은 무엇입니까?,아시아,continent,72,3534
타지키스탄를 어느 대륙에서 찾을 수 있습니까?,아시아,continent,72,3534
대륙적으로 타지키스탄의 소속이 어디에 있습니까?,아시아,continent,72,3534
대륙별로 타지키스탄를 찾을 수 있는 곳은 어디입니까?,아시아,continent,72,3534
칼라하리 사막가 위치한 대륙은 무엇입니까?,아프리카,continent,73,3535
칼라하리 사막의 대륙은 무엇입니까?,아프리카,continent,73,3535
칼라하리 사막를 어느 대륙에서 찾을 수 있습니까?,아프리카,continent,73,3535
대륙적으로 칼라하리 사막의 소속이 어디에 있습니까?,아프리카,continent,73,3535
대륙별로 칼라하리 사막를 찾을 수 있는 곳은 어디입니까?,아프리카,continent,73,3535
투르크메니스탄가 위치한 대륙은 무엇입니까?,아시아,continent,74,3536
투르크메니스탄의 대륙은 무엇입니까?,아시아,continent,74,3536
투르크메니스탄를 어느 대륙에서 찾을 수 있습니까?,아시아,continent,74,3536
대륙적으로 투르크메니스탄의 소속이 어디에 있습니까?,아시아,continent,74,3536
대륙별로 투르크메니스탄를 찾을 수 있는 곳은 어디입니까?,아시아,continent,74,3536
고대 그리스가 위치한 대륙은 무엇입니까?,유럽,continent,75,3537
고대 그리스의 대륙은 무엇입니까?,유럽,continent,75,3537
고대 그리스를 어느 대륙에서 찾을 수 있습니까?,유럽,continent,75,3537
대륙적으로 고대 그리스의 소속이 어디에 있습니까?,유럽,continent,75,3537
대륙별로 고대 그리스를 찾을 수 있는 곳은 어디입니까?,유럽,continent,75,3537
모스크바가 위치한 대륙은 무엇입니까?,유럽,continent,76,3538
모스크바의 대륙은 무엇입니까?,유럽,continent,76,3538
모스크바를 어느 대륙에서 찾을 수 있습니까?,유럽,continent,76,3538
대륙적으로 모스크바의 소속이 어디에 있습니까?,유럽,continent,76,3538
대륙별로 모스크바를 찾을 수 있는 곳은 어디입니까?,유럽,continent,76,3538
고아주가 위치한 대륙은 무엇입니까?,아시아,continent,77,3539
고아주의 대륙은 무엇입니까?,아시아,continent,77,3539
고아주를 어느 대륙에서 찾을 수 있습니까?,아시아,continent,77,3539
대륙적으로 고아주의 소속이 어디에 있습니까?,아시아,continent,77,3539
대륙별로 고아주를 찾을 수 있는 곳은 어디입니까?,아시아,continent,77,3539
태국가 위치한 대륙은 무엇입니까?,아시아,continent,78,3540
태국의 대륙은 무엇입니까?,아시아,continent,78,3540
태국를 어느 대륙에서 찾을 수 있습니까?,아시아,continent,78,3540
대륙적으로 태국의 소속이 어디에 있습니까?,아시아,continent,78,3540
대륙별로 태국를 찾을 수 있는 곳은 어디입니까?,아시아,continent,78,3540
유프라테스강가 위치한 대륙은 무엇입니까?,아시아,continent,79,3541
유프라테스강의 대륙은 무엇입니까?,아시아,continent,79,3541
유프라테스강를 어느 대륙에서 찾을 수 있습니까?,아시아,continent,79,3541
대륙적으로 유프라테스강의 소속이 어디에 있습니까?,아시아,continent,79,3541
대륙별로 유프라테스강를 찾을 수 있는 곳은 어디입니까?,아시아,continent,79,3541
스헬데 강가 위치한 대륙은 무엇입니까?,유럽,continent,80,3542
스헬데 강의 대륙은 무엇입니까?,유럽,continent,80,3542
스헬데 강를 어느 대륙에서 찾을 수 있습니까?,유럽,continent,80,3542
대륙적으로 스헬데 강의 소속이 어디에 있습니까?,유럽,continent,80,3542
대륙별로 스헬데 강를 찾을 수 있는 곳은 어디입니까?,유럽,continent,80,3542
스코틀랜드가 위치한 대륙은 무엇입니까?,유럽,continent,81,3543
스코틀랜드의 대륙은 무엇입니까?,유럽,continent,81,3543
스코틀랜드를 어느 대륙에서 찾을 수 있습니까?,유럽,continent,81,3543
대륙적으로 스코틀랜드의 소속이 어디에 있습니까?,유럽,continent,81,3543
대륙별로 스코틀랜드를 찾을 수 있는 곳은 어디입니까?,유럽,continent,81,3543
부르군트 왕국가 위치한 대륙은 무엇입니까?,유럽,continent,82,3544
부르군트 왕국의 대륙은 무엇입니까?,유럽,continent,82,3544
부르군트 왕국를 어느 대륙에서 찾을 수 있습니까?,유럽,continent,82,3544
대륙적으로 부르군트 왕국의 소속이 어디에 있습니까?,유럽,continent,82,3544
대륙별로 부르군트 왕국를 찾을 수 있는 곳은 어디입니까?,유럽,continent,82,3544
칸첸중가가 위치한 대륙은 무엇입니까?,아시아,continent,83,3545
칸첸중가의 대륙은 무엇입니까?,아시아,continent,83,3545
칸첸중가를 어느 대륙에서 찾을 수 있습니까?,아시아,continent,83,3545
대륙적으로 칸첸중가의 소속이 어디에 있습니까?,아시아,continent,83,3545
대륙별로 칸첸중가를 찾을 수 있는 곳은 어디입니까?,아시아,continent,83,3545
슬로바키아가 위치한 대륙은 무엇입니까?,유럽,continent,84,3546
슬로바키아의 대륙은 무엇입니까?,유럽,continent,84,3546
슬로바키아를 어느 대륙에서 찾을 수 있습니까?,유럽,continent,84,3546
대륙적으로 슬로바키아의 소속이 어디에 있습니까?,유럽,continent,84,3546
대륙별로 슬로바키아를 찾을 수 있는 곳은 어디입니까?,유럽,continent,84,3546
카메룬가 위치한 대륙은 무엇입니까?,아프리카,continent,85,3547
카메룬의 대륙은 무엇입니까?,아프리카,continent,85,3547
카메룬를 어느 대륙에서 찾을 수 있습니까?,아프리카,continent,85,3547
대륙적으로 카메룬의 소속이 어디에 있습니까?,아프리카,continent,85,3547
대륙별로 카메룬를 찾을 수 있는 곳은 어디입니까?,아프리카,continent,85,3547
루비콘강가 위치한 대륙은 무엇입니까?,유럽,continent,86,3548
루비콘강의 대륙은 무엇입니까?,유럽,continent,86,3548
루비콘강를 어느 대륙에서 찾을 수 있습니까?,유럽,continent,86,3548
대륙적으로 루비콘강의 소속이 어디에 있습니까?,유럽,continent,86,3548
대륙별로 루비콘강를 찾을 수 있는 곳은 어디입니까?,유럽,continent,86,3548
오스트리아-헝가리 제국가 위치한 대륙은 무엇입니까?,유럽,continent,87,3549
오스트리아-헝가리 제국의 대륙은 무엇입니까?,유럽,continent,87,3549
오스트리아-헝가리 제국를 어느 대륙에서 찾을 수 있습니까?,유럽,continent,87,3549
대륙적으로 오스트리아-헝가리 제국의 소속이 어디에 있습니까?,유럽,continent,87,3549
대륙별로 오스트리아-헝가리 제국를 찾을 수 있는 곳은 어디입니까?,유럽,continent,87,3549
그레이트브리튼 아일랜드 연합왕국가 위치한 대륙은 무엇입니까?,유럽,continent,88,3550
그레이트브리튼 아일랜드 연합왕국의 대륙은 무엇입니까?,유럽,continent,88,3550
그레이트브리튼 아일랜드 연합왕국를 어느 대륙에서 찾을 수 있습니까?,유럽,continent,88,3550
대륙적으로 그레이트브리튼 아일랜드 연합왕국의 소속이 어디에 있습니까?,유럽,continent,88,3550
대륙별로 그레이트브리튼 아일랜드 연합왕국를 찾을 수 있는 곳은 어디입니까?,유럽,continent,88,3550
보스토크호가 위치한 대륙은 무엇입니까?,남극,continent,89,3551
보스토크호의 대륙은 무엇입니까?,남극,continent,89,3551
보스토크호를 어느 대륙에서 찾을 수 있습니까?,남극,continent,89,3551
대륙적으로 보스토크호의 소속이 어디에 있습니까?,남극,continent,89,3551
대륙별로 보스토크호를 찾을 수 있는 곳은 어디입니까?,남극,continent,89,3551
적도 기니가 위치한 대륙은 무엇입니까?,아프리카,continent,90,3552
적도 기니의 대륙은 무엇입니까?,아프리카,continent,90,3552
적도 기니를 어느 대륙에서 찾을 수 있습니까?,아프리카,continent,90,3552
대륙적으로 적도 기니의 소속이 어디에 있습니까?,아프리카,continent,90,3552
대륙별로 적도 기니를 찾을 수 있는 곳은 어디입니까?,아프리카,continent,90,3552
스페인가 위치한 대륙은 무엇입니까?,유럽,continent,91,3553
스페인의 대륙은 무엇입니까?,유럽,continent,91,3553
스페인를 어느 대륙에서 찾을 수 있습니까?,유럽,continent,91,3553
대륙적으로 스페인의 소속이 어디에 있습니까?,유럽,continent,91,3553
대륙별로 스페인를 찾을 수 있는 곳은 어디입니까?,유럽,continent,91,3553
나이지리아가 위치한 대륙은 무엇입니까?,아프리카,continent,92,3554
나이지리아의 대륙은 무엇입니까?,아프리카,continent,92,3554
나이지리아를 어느 대륙에서 찾을 수 있습니까?,아프리카,continent,92,3554
대륙적으로 나이지리아의 소속이 어디에 있습니까?,아프리카,continent,92,3554
대륙별로 나이지리아를 찾을 수 있는 곳은 어디입니까?,아프리카,continent,92,3554
에스와티니가 위치한 대륙은 무엇입니까?,아프리카,continent,93,3555
에스와티니의 대륙은 무엇입니까?,아프리카,continent,93,3555
에스와티니를 어느 대륙에서 찾을 수 있습니까?,아프리카,continent,93,3555
대륙적으로 에스와티니의 소속이 어디에 있습니까?,아프리카,continent,93,3555
대륙별로 에스와티니를 찾을 수 있는 곳은 어디입니까?,아프리카,continent,93,3555
빈슨 산괴가 위치한 대륙은 무엇입니까?,남극,continent,94,3556
빈슨 산괴의 대륙은 무엇입니까?,남극,continent,94,3556
빈슨 산괴를 어느 대륙에서 찾을 수 있습니까?,남극,continent,94,3556
대륙적으로 빈슨 산괴의 소속이 어디에 있습니까?,남극,continent,94,3556
대륙별로 빈슨 산괴를 찾을 수 있는 곳은 어디입니까?,남극,continent,94,3556
세이셸가 위치한 대륙은 무엇입니까?,아프리카,continent,95,3557
세이셸의 대륙은 무엇입니까?,아프리카,continent,95,3557
세이셸를 어느 대륙에서 찾을 수 있습니까?,아프리카,continent,95,3557
대륙적으로 세이셸의 소속이 어디에 있습니까?,아프리카,continent,95,3557
대륙별로 세이셸를 찾을 수 있는 곳은 어디입니까?,아프리카,continent,95,3557
니제르가 위치한 대륙은 무엇입니까?,아프리카,continent,96,3558
니제르의 대륙은 무엇입니까?,아프리카,continent,96,3558
니제르를 어느 대륙에서 찾을 수 있습니까?,아프리카,continent,96,3558
대륙적으로 니제르의 소속이 어디에 있습니까?,아프리카,continent,96,3558
대륙별로 니제르를 찾을 수 있는 곳은 어디입니까?,아프리카,continent,96,3558
포르투갈가 위치한 대륙은 무엇입니까?,유럽,continent,97,3559
포르투갈의 대륙은 무엇입니까?,유럽,continent,97,3559
포르투갈를 어느 대륙에서 찾을 수 있습니까?,유럽,continent,97,3559
대륙적으로 포르투갈의 소속이 어디에 있습니까?,유럽,continent,97,3559
대륙별로 포르투갈를 찾을 수 있는 곳은 어디입니까?,유럽,continent,97,3559
니우에가 위치한 대륙은 무엇입니까?,오세아니아,continent,98,3560
니우에의 대륙은 무엇입니까?,오세아니아,continent,98,3560
니우에를 어느 대륙에서 찾을 수 있습니까?,오세아니아,continent,98,3560
대륙적으로 니우에의 소속이 어디에 있습니까?,오세아니아,continent,98,3560
대륙별로 니우에를 찾을 수 있는 곳은 어디입니까?,오세아니아,continent,98,3560
아일랜드 자유국가 위치한 대륙은 무엇입니까?,유럽,continent,99,3561
아일랜드 자유국의 대륙은 무엇입니까?,유럽,continent,99,3561
아일랜드 자유국를 어느 대륙에서 찾을 수 있습니까?,유럽,continent,99,3561
대륙적으로 아일랜드 자유국의 소속이 어디에 있습니까?,유럽,continent,99,3561
대륙별로 아일랜드 자유국를 찾을 수 있는 곳은 어디입니까?,유럽,continent,99,3561
티서강가 위치한 대륙은 무엇입니까?,유럽,continent,100,3562
티서강의 대륙은 무엇입니까?,유럽,continent,100,3562
티서강를 어느 대륙에서 찾을 수 있습니까?,유럽,continent,100,3562
대륙적으로 티서강의 소속이 어디에 있습니까?,유럽,continent,100,3562
대륙별로 티서강를 찾을 수 있는 곳은 어디입니까?,유럽,continent,100,3562
보스니아 헤르체고비나가 위치한 대륙은 무엇입니까?,유럽,continent,101,3563
보스니아 헤르체고비나의 대륙은 무엇입니까?,유럽,continent,101,3563
보스니아 헤르체고비나를 어느 대륙에서 찾을 수 있습니까?,유럽,continent,101,3563
대륙적으로 보스니아 헤르체고비나의 소속이 어디에 있습니까?,유럽,continent,101,3563
대륙별로 보스니아 헤르체고비나를 찾을 수 있는 곳은 어디입니까?,유럽,continent,101,3563
중동가 위치한 대륙은 무엇입니까?,아프리카,continent,102,3564
중동의 대륙은 무엇입니까?,아프리카,continent,102,3564
중동를 어느 대륙에서 찾을 수 있습니까?,아프리카,continent,102,3564
대륙적으로 중동의 소속이 어디에 있습니까?,아프리카,continent,102,3564
대륙별로 중동를 찾을 수 있는 곳은 어디입니까?,아프리카,continent,102,3564
아바스 왕조가 위치한 대륙은 무엇입니까?,아프리카,continent,103,3565
아바스 왕조의 대륙은 무엇입니까?,아프리카,continent,103,3565
아바스 왕조를 어느 대륙에서 찾을 수 있습니까?,아프리카,continent,103,3565
대륙적으로 아바스 왕조의 소속이 어디에 있습니까?,아프리카,continent,103,3565
대륙별로 아바스 왕조를 찾을 수 있는 곳은 어디입니까?,아프리카,continent,103,3565
팔라우가 위치한 대륙은 무엇입니까?,오세아니아,continent,104,3566
팔라우의 대륙은 무엇입니까?,오세아니아,continent,104,3566
팔라우를 어느 대륙에서 찾을 수 있습니까?,오세아니아,continent,104,3566
대륙적으로 팔라우의 소속이 어디에 있습니까?,오세아니아,continent,104,3566
대륙별로 팔라우를 찾을 수 있는 곳은 어디입니까?,오세아니아,continent,104,3566
멜리야가 위치한 대륙은 무엇입니까?,아프리카,continent,105,3567
멜리야의 대륙은 무엇입니까?,아프리카,continent,105,3567
멜리야를 어느 대륙에서 찾을 수 있습니까?,아프리카,continent,105,3567
대륙적으로 멜리야의 소속이 어디에 있습니까?,아프리카,continent,105,3567
대륙별로 멜리야를 찾을 수 있는 곳은 어디입니까?,아프리카,continent,105,3567
몬테네그로가 위치한 대륙은 무엇입니까?,유럽,continent,106,3568
몬테네그로의 대륙은 무엇입니까?,유럽,continent,106,3568
몬테네그로를 어느 대륙에서 찾을 수 있습니까?,유럽,continent,106,3568
대륙적으로 몬테네그로의 소속이 어디에 있습니까?,유럽,continent,106,3568
대륙별로 몬테네그로를 찾을 수 있는 곳은 어디입니까?,유럽,continent,106,3568
마니푸르주가 위치한 대륙은 무엇입니까?,아시아,continent,107,3569
마니푸르주의 대륙은 무엇입니까?,아시아,continent,107,3569
마니푸르주를 어느 대륙에서 찾을 수 있습니까?,아시아,continent,107,3569
대륙적으로 마니푸르주의 소속이 어디에 있습니까?,아시아,continent,107,3569
대륙별로 마니푸르주를 찾을 수 있는 곳은 어디입니까?,아시아,continent,107,3569
웰링턴가 위치한 대륙은 무엇입니까?,오세아니아,continent,108,3570
웰링턴의 대륙은 무엇입니까?,오세아니아,continent,108,3570
웰링턴를 어느 대륙에서 찾을 수 있습니까?,오세아니아,continent,108,3570
대륙적으로 웰링턴의 소속이 어디에 있습니까?,오세아니아,continent,108,3570
대륙별로 웰링턴를 찾을 수 있는 곳은 어디입니까?,오세아니아,continent,108,3570
지부티가 위치한 대륙은 무엇입니까?,아프리카,continent,109,3571
지부티의 대륙은 무엇입니까?,아프리카,continent,109,3571
지부티를 어느 대륙에서 찾을 수 있습니까?,아프리카,continent,109,3571
대륙적으로 지부티의 소속이 어디에 있습니까?,아프리카,continent,109,3571
대륙별로 지부티를 찾을 수 있는 곳은 어디입니까?,아프리카,continent,109,3571
베냉가 위치한 대륙은 무엇입니까?,아프리카,continent,110,3572
베냉의 대륙은 무엇입니까?,아프리카,continent,110,3572
베냉를 어느 대륙에서 찾을 수 있습니까?,아프리카,continent,110,3572
대륙적으로 베냉의 소속이 어디에 있습니까?,아프리카,continent,110,3572
대륙별로 베냉를 찾을 수 있는 곳은 어디입니까?,아프리카,continent,110,3572
이란가 위치한 대륙은 무엇입니까?,아시아,continent,111,3573
이란의 대륙은 무엇입니까?,아시아,continent,111,3573
이란를 어느 대륙에서 찾을 수 있습니까?,아시아,continent,111,3573
대륙적으로 이란의 소속이 어디에 있습니까?,아시아,continent,111,3573
대륙별로 이란를 찾을 수 있는 곳은 어디입니까?,아시아,continent,111,3573
그로스글로크너산가 위치한 대륙은 무엇입니까?,유럽,continent,112,3574
그로스글로크너산의 대륙은 무엇입니까?,유럽,continent,112,3574
그로스글로크너산를 어느 대륙에서 찾을 수 있습니까?,유럽,continent,112,3574
대륙적으로 그로스글로크너산의 소속이 어디에 있습니까?,유럽,continent,112,3574
대륙별로 그로스글로크너산를 찾을 수 있는 곳은 어디입니까?,유럽,continent,112,3574
지브롤터가 위치한 대륙은 무엇입니까?,유럽,continent,113,3575
지브롤터의 대륙은 무엇입니까?,유럽,continent,113,3575
지브롤터를 어느 대륙에서 찾을 수 있습니까?,유럽,continent,113,3575
대륙적으로 지브롤터의 소속이 어디에 있습니까?,유럽,continent,113,3575
대륙별로 지브롤터를 찾을 수 있는 곳은 어디입니까?,유럽,continent,113,3575
몽블랑산가 위치한 대륙은 무엇입니까?,유럽,continent,114,3576
몽블랑산의 대륙은 무엇입니까?,유럽,continent,114,3576
몽블랑산를 어느 대륙에서 찾을 수 있습니까?,유럽,continent,114,3576
대륙적으로 몽블랑산의 소속이 어디에 있습니까?,유럽,continent,114,3576
대륙별로 몽블랑산를 찾을 수 있는 곳은 어디입니까?,유럽,continent,114,3576
아일랜드가 위치한 대륙은 무엇입니까?,유럽,continent,115,3577
아일랜드의 대륙은 무엇입니까?,유럽,continent,115,3577
아일랜드를 어느 대륙에서 찾을 수 있습니까?,유럽,continent,115,3577
대륙적으로 아일랜드의 소속이 어디에 있습니까?,유럽,continent,115,3577
대륙별로 아일랜드를 찾을 수 있는 곳은 어디입니까?,유럽,continent,115,3577
쿠웨이트가 위치한 대륙은 무엇입니까?,아시아,continent,116,3578
쿠웨이트의 대륙은 무엇입니까?,아시아,continent,116,3578
쿠웨이트를 어느 대륙에서 찾을 수 있습니까?,아시아,continent,116,3578
대륙적으로 쿠웨이트의 소속이 어디에 있습니까?,아시아,continent,116,3578
대륙별로 쿠웨이트를 찾을 수 있는 곳은 어디입니까?,아시아,continent,116,3578
팀부가 위치한 대륙은 무엇입니까?,아시아,continent,117,3579
팀부의 대륙은 무엇입니까?,아시아,continent,117,3579
팀부를 어느 대륙에서 찾을 수 있습니까?,아시아,continent,117,3579
대륙적으로 팀부의 소속이 어디에 있습니까?,아시아,continent,117,3579
대륙별로 팀부를 찾을 수 있는 곳은 어디입니까?,아시아,continent,117,3579
창 강가 위치한 대륙은 무엇입니까?,아시아,continent,118,3580
창 강의 대륙은 무엇입니까?,아시아,continent,118,3580
창 강를 어느 대륙에서 찾을 수 있습니까?,아시아,continent,118,3580
대륙적으로 창 강의 소속이 어디에 있습니까?,아시아,continent,118,3580
대륙별로 창 강를 찾을 수 있는 곳은 어디입니까?,아시아,continent,118,3580
카자흐스탄가 위치한 대륙은 무엇입니까?,유럽,continent,119,3581
카자흐스탄의 대륙은 무엇입니까?,유럽,continent,119,3581
카자흐스탄를 어느 대륙에서 찾을 수 있습니까?,유럽,continent,119,3581
대륙적으로 카자흐스탄의 소속이 어디에 있습니까?,유럽,continent,119,3581
대륙별로 카자흐스탄를 찾을 수 있는 곳은 어디입니까?,유럽,continent,119,3581
작센 왕국가 위치한 대륙은 무엇입니까?,유럽,continent,120,3582
작센 왕국의 대륙은 무엇입니까?,유럽,continent,120,3582
작센 왕국를 어느 대륙에서 찾을 수 있습니까?,유럽,continent,120,3582
대륙적으로 작센 왕국의 소속이 어디에 있습니까?,유럽,continent,120,3582
대륙별로 작센 왕국를 찾을 수 있는 곳은 어디입니까?,유럽,continent,120,3582
이라와디강가 위치한 대륙은 무엇입니까?,아시아,continent,121,3583
이라와디강의 대륙은 무엇입니까?,아시아,continent,121,3583
이라와디강를 어느 대륙에서 찾을 수 있습니까?,아시아,continent,121,3583
대륙적으로 이라와디강의 소속이 어디에 있습니까?,아시아,continent,121,3583
대륙별로 이라와디강를 찾을 수 있는 곳은 어디입니까?,아시아,continent,121,3583
라오스가 위치한 대륙은 무엇입니까?,아시아,continent,122,3584
라오스의 대륙은 무엇입니까?,아시아,continent,122,3584
라오스를 어느 대륙에서 찾을 수 있습니까?,아시아,continent,122,3584
대륙적으로 라오스의 소속이 어디에 있습니까?,아시아,continent,122,3584
대륙별로 라오스를 찾을 수 있는 곳은 어디입니까?,아시아,continent,122,3584
스위스가 위치한 대륙은 무엇입니까?,유럽,continent,123,3585
스위스의 대륙은 무엇입니까?,유럽,continent,123,3585
스위스를 어느 대륙에서 찾을 수 있습니까?,유럽,continent,123,3585
대륙적으로 스위스의 소속이 어디에 있습니까?,유럽,continent,123,3585
대륙별로 스위스를 찾을 수 있는 곳은 어디입니까?,유럽,continent,123,3585
그디니아가 위치한 대륙은 무엇입니까?,유럽,continent,124,3586
그디니아의 대륙은 무엇입니까?,유럽,continent,124,3586
그디니아를 어느 대륙에서 찾을 수 있습니까?,유럽,continent,124,3586
대륙적으로 그디니아의 소속이 어디에 있습니까?,유럽,continent,124,3586
대륙별로 그디니아를 찾을 수 있는 곳은 어디입니까?,유럽,continent,124,3586
드네스트르강가 위치한 대륙은 무엇입니까?,유럽,continent,125,3587
드네스트르강의 대륙은 무엇입니까?,유럽,continent,125,3587
드네스트르강를 어느 대륙에서 찾을 수 있습니까?,유럽,continent,125,3587
대륙적으로 드네스트르강의 소속이 어디에 있습니까?,유럽,continent,125,3587
대륙별로 드네스트르강를 찾을 수 있는 곳은 어디입니까?,유럽,continent,125,3587
푸네가 위치한 대륙은 무엇입니까?,아시아,continent,126,3588
푸네의 대륙은 무엇입니까?,아시아,continent,126,3588
푸네를 어느 대륙에서 찾을 수 있습니까?,아시아,continent,126,3588
대륙적으로 푸네의 소속이 어디에 있습니까?,아시아,continent,126,3588
대륙별로 푸네를 찾을 수 있는 곳은 어디입니까?,아시아,continent,126,3588
라지코트가 위치한 대륙은 무엇입니까?,아시아,continent,127,3589
라지코트의 대륙은 무엇입니까?,아시아,continent,127,3589
라지코트를 어느 대륙에서 찾을 수 있습니까?,아시아,continent,127,3589
대륙적으로 라지코트의 소속이 어디에 있습니까?,아시아,continent,127,3589
대륙별로 라지코트를 찾을 수 있는 곳은 어디입니까?,아시아,continent,127,3589
크리비리흐가 위치한 대륙은 무엇입니까?,유럽,continent,128,3590
크리비리흐의 대륙은 무엇입니까?,유럽,continent,128,3590
크리비리흐를 어느 대륙에서 찾을 수 있습니까?,유럽,continent,128,3590
대륙적으로 크리비리흐의 소속이 어디에 있습니까?,유럽,continent,128,3590
대륙별로 크리비리흐를 찾을 수 있는 곳은 어디입니까?,유럽,continent,128,3590
인강가 위치한 대륙은 무엇입니까?,유럽,continent,129,3591
인강의 대륙은 무엇입니까?,유럽,continent,129,3591
인강를 어느 대륙에서 찾을 수 있습니까?,유럽,continent,129,3591
대륙적으로 인강의 소속이 어디에 있습니까?,유럽,continent,129,3591
대륙별로 인강를 찾을 수 있는 곳은 어디입니까?,유럽,continent,129,3591
타슈켄트가 위치한 대륙은 무엇입니까?,아시아,continent,130,3592
타슈켄트의 대륙은 무엇입니까?,아시아,continent,130,3592
타슈켄트를 어느 대륙에서 찾을 수 있습니까?,아시아,continent,130,3592
대륙적으로 타슈켄트의 소속이 어디에 있습니까?,아시아,continent,130,3592
대륙별로 타슈켄트를 찾을 수 있는 곳은 어디입니까?,아시아,continent,130,3592
다우가바강가 위치한 대륙은 무엇입니까?,유럽,continent,131,3593
다우가바강의 대륙은 무엇입니까?,유럽,continent,131,3593
다우가바강를 어느 대륙에서 찾을 수 있습니까?,유럽,continent,131,3593
대륙적으로 다우가바강의 소속이 어디에 있습니까?,유럽,continent,131,3593
대륙별로 다우가바강를 찾을 수 있는 곳은 어디입니까?,유럽,continent,131,3593
잠무 카슈미르주가 위치한 대륙은 무엇입니까?,아시아,continent,132,3594
잠무 카슈미르주의 대륙은 무엇입니까?,아시아,continent,132,3594
잠무 카슈미르주를 어느 대륙에서 찾을 수 있습니까?,아시아,continent,132,3594
대륙적으로 잠무 카슈미르주의 소속이 어디에 있습니까?,아시아,continent,132,3594
대륙별로 잠무 카슈미르주를 찾을 수 있는 곳은 어디입니까?,아시아,continent,132,3594
말레이시아가 위치한 대륙은 무엇입니까?,아시아,continent,133,3595
말레이시아의 대륙은 무엇입니까?,아시아,continent,133,3595
말레이시아를 어느 대륙에서 찾을 수 있습니까?,아시아,continent,133,3595
대륙적으로 말레이시아의 소속이 어디에 있습니까?,아시아,continent,133,3595
대륙별로 말레이시아를 찾을 수 있는 곳은 어디입니까?,아시아,continent,133,3595
우타르프라데시주가 위치한 대륙은 무엇입니까?,아시아,continent,134,3596
우타르프라데시주의 대륙은 무엇입니까?,아시아,continent,134,3596
우타르프라데시주를 어느 대륙에서 찾을 수 있습니까?,아시아,continent,134,3596
대륙적으로 우타르프라데시주의 소속이 어디에 있습니까?,아시아,continent,134,3596
대륙별로 우타르프라데시주를 찾을 수 있는 곳은 어디입니까?,아시아,continent,134,3596
바르타강가 위치한 대륙은 무엇입니까?,유럽,continent,135,3597
바르타강의 대륙은 무엇입니까?,유럽,continent,135,3597
바르타강를 어느 대륙에서 찾을 수 있습니까?,유럽,continent,135,3597
대륙적으로 바르타강의 소속이 어디에 있습니까?,유럽,continent,135,3597
대륙별로 바르타강를 찾을 수 있는 곳은 어디입니까?,유럽,continent,135,3597
타밀나두주가 위치한 대륙은 무엇입니까?,아시아,continent,136,3598
타밀나두주의 대륙은 무엇입니까?,아시아,continent,136,3598
타밀나두주를 어느 대륙에서 찾을 수 있습니까?,아시아,continent,136,3598
대륙적으로 타밀나두주의 소속이 어디에 있습니까?,아시아,continent,136,3598
대륙별로 타밀나두주를 찾을 수 있는 곳은 어디입니까?,아시아,continent,136,3598
레바논가 위치한 대륙은 무엇입니까?,아시아,continent,137,3599
레바논의 대륙은 무엇입니까?,아시아,continent,137,3599
레바논를 어느 대륙에서 찾을 수 있습니까?,아시아,continent,137,3599
대륙적으로 레바논의 소속이 어디에 있습니까?,아시아,continent,137,3599
대륙별로 레바논를 찾을 수 있는 곳은 어디입니까?,아시아,continent,137,3599
부룬디가 위치한 대륙은 무엇입니까?,아프리카,continent,138,3600
부룬디의 대륙은 무엇입니까?,아프리카,continent,138,3600
부룬디를 어느 대륙에서 찾을 수 있습니까?,아프리카,continent,138,3600
대륙적으로 부룬디의 소속이 어디에 있습니까?,아프리카,continent,138,3600
대륙별로 부룬디를 찾을 수 있는 곳은 어디입니까?,아프리카,continent,138,3600
티루바난타푸람가 위치한 대륙은 무엇입니까?,아시아,continent,139,3601
티루바난타푸람의 대륙은 무엇입니까?,아시아,continent,139,3601
티루바난타푸람를 어느 대륙에서 찾을 수 있습니까?,아시아,continent,139,3601
대륙적으로 티루바난타푸람의 소속이 어디에 있습니까?,아시아,continent,139,3601
대륙별로 티루바난타푸람를 찾을 수 있는 곳은 어디입니까?,아시아,continent,139,3601
네덜란드 공화국가 위치한 대륙은 무엇입니까?,유럽,continent,140,3602
네덜란드 공화국의 대륙은 무엇입니까?,유럽,continent,140,3602
네덜란드 공화국를 어느 대륙에서 찾을 수 있습니까?,유럽,continent,140,3602
대륙적으로 네덜란드 공화국의 소속이 어디에 있습니까?,유럽,continent,140,3602
대륙별로 네덜란드 공화국를 찾을 수 있는 곳은 어디입니까?,유럽,continent,140,3602
카타르가 위치한 대륙은 무엇입니까?,아시아,continent,141,3603
카타르의 대륙은 무엇입니까?,아시아,continent,141,3603
카타르를 어느 대륙에서 찾을 수 있습니까?,아시아,continent,141,3603
대륙적으로 카타르의 소속이 어디에 있습니까?,아시아,continent,141,3603
대륙별로 카타르를 찾을 수 있는 곳은 어디입니까?,아시아,continent,141,3603
아프가니스탄가 위치한 대륙은 무엇입니까?,아시아,continent,142,3604
아프가니스탄의 대륙은 무엇입니까?,아시아,continent,142,3604
아프가니스탄를 어느 대륙에서 찾을 수 있습니까?,아시아,continent,142,3604
대륙적으로 아프가니스탄의 소속이 어디에 있습니까?,아시아,continent,142,3604
대륙별로 아프가니스탄를 찾을 수 있는 곳은 어디입니까?,아시아,continent,142,3604
영국 해협가 위치한 대륙은 무엇입니까?,유럽,continent,143,3605
영국 해협의 대륙은 무엇입니까?,유럽,continent,143,3605
영국 해협를 어느 대륙에서 찾을 수 있습니까?,유럽,continent,143,3605
대륙적으로 영국 해협의 소속이 어디에 있습니까?,유럽,continent,143,3605
대륙별로 영국 해협를 찾을 수 있는 곳은 어디입니까?,유럽,continent,143,3605
프리모르스키 지방가 위치한 대륙은 무엇입니까?,아시아,continent,144,3606
프리모르스키 지방의 대륙은 무엇입니까?,아시아,continent,144,3606
프리모르스키 지방를 어느 대륙에서 찾을 수 있습니까?,아시아,continent,144,3606
대륙적으로 프리모르스키 지방의 소속이 어디에 있습니까?,아시아,continent,144,3606
대륙별로 프리모르스키 지방를 찾을 수 있는 곳은 어디입니까?,아시아,continent,144,3606
아랍에미리트가 위치한 대륙은 무엇입니까?,아시아,continent,145,3607
아랍에미리트의 대륙은 무엇입니까?,아시아,continent,145,3607
아랍에미리트를 어느 대륙에서 찾을 수 있습니까?,아시아,continent,145,3607
대륙적으로 아랍에미리트의 소속이 어디에 있습니까?,아시아,continent,145,3607
대륙별로 아랍에미리트를 찾을 수 있는 곳은 어디입니까?,아시아,continent,145,3607
바이칼호가 위치한 대륙은 무엇입니까?,아시아,continent,146,3608
바이칼호의 대륙은 무엇입니까?,아시아,continent,146,3608
바이칼호를 어느 대륙에서 찾을 수 있습니까?,아시아,continent,146,3608
대륙적으로 바이칼호의 소속이 어디에 있습니까?,아시아,continent,146,3608
대륙별로 바이칼호를 찾을 수 있는 곳은 어디입니까?,아시아,continent,146,3608
아콩카과산가 위치한 대륙은 무엇입니까?,아메리카,continent,147,3609
아콩카과산의 대륙은 무엇입니까?,아메리카,continent,147,3609
아콩카과산를 어느 대륙에서 찾을 수 있습니까?,아메리카,continent,147,3609
대륙적으로 아콩카과산의 소속이 어디에 있습니까?,아메리카,continent,147,3609
대륙별로 아콩카과산를 찾을 수 있는 곳은 어디입니까?,아메리카,continent,147,3609
바젤가 위치한 대륙은 무엇입니까?,유럽,continent,148,3610
바젤의 대륙은 무엇입니까?,유럽,continent,148,3610
바젤를 어느 대륙에서 찾을 수 있습니까?,유럽,continent,148,3610
대륙적으로 바젤의 소속이 어디에 있습니까?,유럽,continent,148,3610
대륙별로 바젤를 찾을 수 있는 곳은 어디입니까?,유럽,continent,148,3610
알렉산더섬가 위치한 대륙은 무엇입니까?,남극,continent,149,3611
알렉산더섬의 대륙은 무엇입니까?,남극,continent,149,3611
알렉산더섬를 어느 대륙에서 찾을 수 있습니까?,남극,continent,149,3611
대륙적으로 알렉산더섬의 소속이 어디에 있습니까?,남극,continent,149,3611
대륙별로 알렉산더섬를 찾을 수 있는 곳은 어디입니까?,남극,continent,149,3611
오호스델살라도산가 위치한 대륙은 무엇입니까?,아메리카,continent,150,3612
오호스델살라도산의 대륙은 무엇입니까?,아메리카,continent,150,3612
오호스델살라도산를 어느 대륙에서 찾을 수 있습니까?,아메리카,continent,150,3612
대륙적으로 오호스델살라도산의 소속이 어디에 있습니까?,아메리카,continent,150,3612
대륙별로 오호스델살라도산를 찾을 수 있는 곳은 어디입니까?,아메리카,continent,150,3612
몰도바가 위치한 대륙은 무엇입니까?,유럽,continent,151,3613
몰도바의 대륙은 무엇입니까?,유럽,continent,151,3613
몰도바를 어느 대륙에서 찾을 수 있습니까?,유럽,continent,151,3613
대륙적으로 몰도바의 소속이 어디에 있습니까?,유럽,continent,151,3613
대륙별로 몰도바를 찾을 수 있는 곳은 어디입니까?,유럽,continent,151,3613
맥쿼리 섬가 위치한 대륙은 무엇입니까?,남극,continent,152,3614
맥쿼리 섬의 대륙은 무엇입니까?,남극,continent,152,3614
맥쿼리 섬를 어느 대륙에서 찾을 수 있습니까?,남극,continent,152,3614
대륙적으로 맥쿼리 섬의 소속이 어디에 있습니까?,남극,continent,152,3614
대륙별로 맥쿼리 섬를 찾을 수 있는 곳은 어디입니까?,남극,continent,152,3614
뭄바이가 위치한 대륙은 무엇입니까?,아시아,continent,153,3615
뭄바이의 대륙은 무엇입니까?,아시아,continent,153,3615
뭄바이를 어느 대륙에서 찾을 수 있습니까?,아시아,continent,153,3615
대륙적으로 뭄바이의 소속이 어디에 있습니까?,아시아,continent,153,3615
대륙별로 뭄바이를 찾을 수 있는 곳은 어디입니까?,아시아,continent,153,3615
카탈루냐 지방가 위치한 대륙은 무엇입니까?,유럽,continent,154,3616
카탈루냐 지방의 대륙은 무엇입니까?,유럽,continent,154,3616
카탈루냐 지방를 어느 대륙에서 찾을 수 있습니까?,유럽,continent,154,3616
대륙적으로 카탈루냐 지방의 소속이 어디에 있습니까?,유럽,continent,154,3616
대륙별로 카탈루냐 지방를 찾을 수 있는 곳은 어디입니까?,유럽,continent,154,3616
마다가스카르가 위치한 대륙은 무엇입니까?,아프리카,continent,155,3617
마다가스카르의 대륙은 무엇입니까?,아프리카,continent,155,3617
마다가스카르를 어느 대륙에서 찾을 수 있습니까?,아프리카,continent,155,3617
대륙적으로 마다가스카르의 소속이 어디에 있습니까?,아프리카,continent,155,3617
대륙별로 마다가스카르를 찾을 수 있는 곳은 어디입니까?,아프리카,continent,155,3617
네바강가 위치한 대륙은 무엇입니까?,유럽,continent,156,3618
네바강의 대륙은 무엇입니까?,유럽,continent,156,3618
네바강를 어느 대륙에서 찾을 수 있습니까?,유럽,continent,156,3618
대륙적으로 네바강의 소속이 어디에 있습니까?,유럽,continent,156,3618
대륙별로 네바강를 찾을 수 있는 곳은 어디입니까?,유럽,continent,156,3618
중앙아프리카 공화국가 위치한 대륙은 무엇입니까?,아프리카,continent,157,3619
중앙아프리카 공화국의 대륙은 무엇입니까?,아프리카,continent,157,3619
중앙아프리카 공화국를 어느 대륙에서 찾을 수 있습니까?,아프리카,continent,157,3619
대륙적으로 중앙아프리카 공화국의 소속이 어디에 있습니까?,아프리카,continent,157,3619
대륙별로 중앙아프리카 공화국를 찾을 수 있는 곳은 어디입니까?,아프리카,continent,157,3619
이집트가 위치한 대륙은 무엇입니까?,아프리카,continent,158,3620
이집트의 대륙은 무엇입니까?,아프리카,continent,158,3620
이집트를 어느 대륙에서 찾을 수 있습니까?,아프리카,continent,158,3620
대륙적으로 이집트의 소속이 어디에 있습니까?,아프리카,continent,158,3620
대륙별로 이집트를 찾을 수 있는 곳은 어디입니까?,아프리카,continent,158,3620
알자스로렌가 위치한 대륙은 무엇입니까?,유럽,continent,159,3621
알자스로렌의 대륙은 무엇입니까?,유럽,continent,159,3621
알자스로렌를 어느 대륙에서 찾을 수 있습니까?,유럽,continent,159,3621
대륙적으로 알자스로렌의 소속이 어디에 있습니까?,유럽,continent,159,3621
대륙별로 알자스로렌를 찾을 수 있는 곳은 어디입니까?,유럽,continent,159,3621
앙골라가 위치한 대륙은 무엇입니까?,아프리카,continent,160,3622
앙골라의 대륙은 무엇입니까?,아프리카,continent,160,3622
앙골라를 어느 대륙에서 찾을 수 있습니까?,아프리카,continent,160,3622
대륙적으로 앙골라의 소속이 어디에 있습니까?,아프리카,continent,160,3622
대륙별로 앙골라를 찾을 수 있는 곳은 어디입니까?,아프리카,continent,160,3622
중동가 위치한 대륙은 무엇입니까?,유럽,continent,161,3623
중동의 대륙은 무엇입니까?,유럽,continent,161,3623
중동를 어느 대륙에서 찾을 수 있습니까?,유럽,continent,161,3623
대륙적으로 중동의 소속이 어디에 있습니까?,유럽,continent,161,3623
대륙별로 중동를 찾을 수 있는 곳은 어디입니까?,유럽,continent,161,3623
대영 제국가 위치한 대륙은 무엇입니까?,아메리카,continent,162,3624
대영 제국의 대륙은 무엇입니까?,아메리카,continent,162,3624
대영 제국를 어느 대륙에서 찾을 수 있습니까?,아메리카,continent,162,3624
대륙적으로 대영 제국의 소속이 어디에 있습니까?,아메리카,continent,162,3624
대륙별로 대영 제국를 찾을 수 있는 곳은 어디입니까?,아메리카,continent,162,3624
아테네가 위치한 대륙은 무엇입니까?,유럽,continent,163,3625
아테네의 대륙은 무엇입니까?,유럽,continent,163,3625
아테네를 어느 대륙에서 찾을 수 있습니까?,유럽,continent,163,3625
대륙적으로 아테네의 소속이 어디에 있습니까?,유럽,continent,163,3625
대륙별로 아테네를 찾을 수 있는 곳은 어디입니까?,유럽,continent,163,3625
티그리스강가 위치한 대륙은 무엇입니까?,아시아,continent,164,3626
티그리스강의 대륙은 무엇입니까?,아시아,continent,164,3626
티그리스강를 어느 대륙에서 찾을 수 있습니까?,아시아,continent,164,3626
대륙적으로 티그리스강의 소속이 어디에 있습니까?,아시아,continent,164,3626
대륙별로 티그리스강를 찾을 수 있는 곳은 어디입니까?,아시아,continent,164,3626
캄보디아가 위치한 대륙은 무엇입니까?,아시아,continent,165,3627
캄보디아의 대륙은 무엇입니까?,아시아,continent,165,3627
캄보디아를 어느 대륙에서 찾을 수 있습니까?,아시아,continent,165,3627
대륙적으로 캄보디아의 소속이 어디에 있습니까?,아시아,continent,165,3627
대륙별로 캄보디아를 찾을 수 있는 곳은 어디입니까?,아시아,continent,165,3627
볼가 불가르가 위치한 대륙은 무엇입니까?,유럽,continent,166,3628
볼가 불가르의 대륙은 무엇입니까?,유럽,continent,166,3628
볼가 불가르를 어느 대륙에서 찾을 수 있습니까?,유럽,continent,166,3628
대륙적으로 볼가 불가르의 소속이 어디에 있습니까?,유럽,continent,166,3628
대륙별로 볼가 불가르를 찾을 수 있는 곳은 어디입니까?,유럽,continent,166,3628
말리가 위치한 대륙은 무엇입니까?,아프리카,continent,167,3629
말리의 대륙은 무엇입니까?,아프리카,continent,167,3629
말리를 어느 대륙에서 찾을 수 있습니까?,아프리카,continent,167,3629
대륙적으로 말리의 소속이 어디에 있습니까?,아프리카,continent,167,3629
대륙별로 말리를 찾을 수 있는 곳은 어디입니까?,아프리카,continent,167,3629
반타가 위치한 대륙은 무엇입니까?,유럽,continent,168,3630
반타의 대륙은 무엇입니까?,유럽,continent,168,3630
반타를 어느 대륙에서 찾을 수 있습니까?,유럽,continent,168,3630
대륙적으로 반타의 소속이 어디에 있습니까?,유럽,continent,168,3630
대륙별로 반타를 찾을 수 있는 곳은 어디입니까?,유럽,continent,168,3630
축치 자치구가 위치한 대륙은 무엇입니까?,아시아,continent,169,3631
축치 자치구의 대륙은 무엇입니까?,아시아,continent,169,3631
축치 자치구를 어느 대륙에서 찾을 수 있습니까?,아시아,continent,169,3631
대륙적으로 축치 자치구의 소속이 어디에 있습니까?,아시아,continent,169,3631
대륙별로 축치 자치구를 찾을 수 있는 곳은 어디입니까?,아시아,continent,169,3631
기니비사우가 위치한 대륙은 무엇입니까?,아프리카,continent,170,3632
기니비사우의 대륙은 무엇입니까?,아프리카,continent,170,3632
기니비사우를 어느 대륙에서 찾을 수 있습니까?,아프리카,continent,170,3632
대륙적으로 기니비사우의 소속이 어디에 있습니까?,아프리카,continent,170,3632
대륙별로 기니비사우를 찾을 수 있는 곳은 어디입니까?,아프리카,continent,170,3632
핀란드가 위치한 대륙은 무엇입니까?,유럽,continent,171,3633
핀란드의 대륙은 무엇입니까?,유럽,continent,171,3633
핀란드를 어느 대륙에서 찾을 수 있습니까?,유럽,continent,171,3633
대륙적으로 핀란드의 소속이 어디에 있습니까?,유럽,continent,171,3633
대륙별로 핀란드를 찾을 수 있는 곳은 어디입니까?,유럽,continent,171,3633
왈롱가 위치한 대륙은 무엇입니까?,유럽,continent,172,3634
왈롱의 대륙은 무엇입니까?,유럽,continent,172,3634
왈롱를 어느 대륙에서 찾을 수 있습니까?,유럽,continent,172,3634
대륙적으로 왈롱의 소속이 어디에 있습니까?,유럽,continent,172,3634
대륙별로 왈롱를 찾을 수 있는 곳은 어디입니까?,유럽,continent,172,3634
모로코가 위치한 대륙은 무엇입니까?,아프리카,continent,173,3635
모로코의 대륙은 무엇입니까?,아프리카,continent,173,3635
모로코를 어느 대륙에서 찾을 수 있습니까?,아프리카,continent,173,3635
대륙적으로 모로코의 소속이 어디에 있습니까?,아프리카,continent,173,3635
대륙별로 모로코를 찾을 수 있는 곳은 어디입니까?,아프리카,continent,173,3635
마하라슈트라주가 위치한 대륙은 무엇입니까?,아시아,continent,174,3636
마하라슈트라주의 대륙은 무엇입니까?,아시아,continent,174,3636
마하라슈트라주를 어느 대륙에서 찾을 수 있습니까?,아시아,continent,174,3636
대륙적으로 마하라슈트라주의 소속이 어디에 있습니까?,아시아,continent,174,3636
대륙별로 마하라슈트라주를 찾을 수 있는 곳은 어디입니까?,아시아,continent,174,3636
나일강가 위치한 대륙은 무엇입니까?,아프리카,continent,175,3637
나일강의 대륙은 무엇입니까?,아프리카,continent,175,3637
나일강를 어느 대륙에서 찾을 수 있습니까?,아프리카,continent,175,3637
대륙적으로 나일강의 소속이 어디에 있습니까?,아프리카,continent,175,3637
대륙별로 나일강를 찾을 수 있는 곳은 어디입니까?,아프리카,continent,175,3637
유럽의 역사가 위치한 대륙은 무엇입니까?,유럽,continent,176,3638
유럽의 역사의 대륙은 무엇입니까?,유럽,continent,176,3638
유럽의 역사를 어느 대륙에서 찾을 수 있습니까?,유럽,continent,176,3638
대륙적으로 유럽의 역사의 소속이 어디에 있습니까?,유럽,continent,176,3638
대륙별로 유럽의 역사를 찾을 수 있는 곳은 어디입니까?,유럽,continent,176,3638
다마반드산가 위치한 대륙은 무엇입니까?,아시아,continent,177,3639
다마반드산의 대륙은 무엇입니까?,아시아,continent,177,3639
다마반드산를 어느 대륙에서 찾을 수 있습니까?,아시아,continent,177,3639
대륙적으로 다마반드산의 소속이 어디에 있습니까?,아시아,continent,177,3639
대륙별로 다마반드산를 찾을 수 있는 곳은 어디입니까?,아시아,continent,177,3639
우마이야 칼리파조가 위치한 대륙은 무엇입니까?,유럽,continent,178,3640
우마이야 칼리파조의 대륙은 무엇입니까?,유럽,continent,178,3640
우마이야 칼리파조를 어느 대륙에서 찾을 수 있습니까?,유럽,continent,178,3640
대륙적으로 우마이야 칼리파조의 소속이 어디에 있습니까?,유럽,continent,178,3640
대륙별로 우마이야 칼리파조를 찾을 수 있는 곳은 어디입니까?,유럽,continent,178,3640
카토비체가 위치한 대륙은 무엇입니까?,유럽,continent,179,3641
카토비체의 대륙은 무엇입니까?,유럽,continent,179,3641
카토비체를 어느 대륙에서 찾을 수 있습니까?,유럽,continent,179,3641
대륙적으로 카토비체의 소속이 어디에 있습니까?,유럽,continent,179,3641
대륙별로 카토비체를 찾을 수 있는 곳은 어디입니까?,유럽,continent,179,3641
라인강가 위치한 대륙은 무엇입니까?,유럽,continent,180,3642
라인강의 대륙은 무엇입니까?,유럽,continent,180,3642
라인강를 어느 대륙에서 찾을 수 있습니까?,유럽,continent,180,3642
대륙적으로 라인강의 소속이 어디에 있습니까?,유럽,continent,180,3642
대륙별로 라인강를 찾을 수 있는 곳은 어디입니까?,유럽,continent,180,3642
헬데를란트주가 위치한 대륙은 무엇입니까?,유럽,continent,181,3643
헬데를란트주의 대륙은 무엇입니까?,유럽,continent,181,3643
헬데를란트주를 어느 대륙에서 찾을 수 있습니까?,유럽,continent,181,3643
대륙적으로 헬데를란트주의 소속이 어디에 있습니까?,유럽,continent,181,3643
대륙별로 헬데를란트주를 찾을 수 있는 곳은 어디입니까?,유럽,continent,181,3643
모리셔스가 위치한 대륙은 무엇입니까?,아프리카,continent,182,3644
모리셔스의 대륙은 무엇입니까?,아프리카,continent,182,3644
모리셔스를 어느 대륙에서 찾을 수 있습니까?,아프리카,continent,182,3644
대륙적으로 모리셔스의 소속이 어디에 있습니까?,아프리카,continent,182,3644
대륙별로 모리셔스를 찾을 수 있는 곳은 어디입니까?,아프리카,continent,182,3644
동구권가 위치한 대륙은 무엇입니까?,유럽,continent,183,3645
동구권의 대륙은 무엇입니까?,유럽,continent,183,3645
동구권를 어느 대륙에서 찾을 수 있습니까?,유럽,continent,183,3645
대륙적으로 동구권의 소속이 어디에 있습니까?,유럽,continent,183,3645
대륙별로 동구권를 찾을 수 있는 곳은 어디입니까?,유럽,continent,183,3645
오클랜드가 위치한 대륙은 무엇입니까?,오세아니아,continent,184,3646
오클랜드의 대륙은 무엇입니까?,오세아니아,continent,184,3646
오클랜드를 어느 대륙에서 찾을 수 있습니까?,오세아니아,continent,184,3646
대륙적으로 오클랜드의 소속이 어디에 있습니까?,오세아니아,continent,184,3646
대륙별로 오클랜드를 찾을 수 있는 곳은 어디입니까?,오세아니아,continent,184,3646
바이킹 시대가 위치한 대륙은 무엇입니까?,유럽,continent,185,3647
바이킹 시대의 대륙은 무엇입니까?,유럽,continent,185,3647
바이킹 시대를 어느 대륙에서 찾을 수 있습니까?,유럽,continent,185,3647
대륙적으로 바이킹 시대의 소속이 어디에 있습니까?,유럽,continent,185,3647
대륙별로 바이킹 시대를 찾을 수 있는 곳은 어디입니까?,유럽,continent,185,3647
나이저강가 위치한 대륙은 무엇입니까?,아프리카,continent,186,3648
나이저강의 대륙은 무엇입니까?,아프리카,continent,186,3648
나이저강를 어느 대륙에서 찾을 수 있습니까?,아프리카,continent,186,3648
대륙적으로 나이저강의 소속이 어디에 있습니까?,아프리카,continent,186,3648
대륙별로 나이저강를 찾을 수 있는 곳은 어디입니까?,아프리카,continent,186,3648
서아시아가 위치한 대륙은 무엇입니까?,아시아,continent,187,3649
서아시아의 대륙은 무엇입니까?,아시아,continent,187,3649
서아시아를 어느 대륙에서 찾을 수 있습니까?,아시아,continent,187,3649
대륙적으로 서아시아의 소속이 어디에 있습니까?,아시아,continent,187,3649
대륙별로 서아시아를 찾을 수 있는 곳은 어디입니까?,아시아,continent,187,3649
토켈라우가 위치한 대륙은 무엇입니까?,오세아니아,continent,188,3650
토켈라우의 대륙은 무엇입니까?,오세아니아,continent,188,3650
토켈라우를 어느 대륙에서 찾을 수 있습니까?,오세아니아,continent,188,3650
대륙적으로 토켈라우의 소속이 어디에 있습니까?,오세아니아,continent,188,3650
대륙별로 토켈라우를 찾을 수 있는 곳은 어디입니까?,오세아니아,continent,188,3650
비하르주가 위치한 대륙은 무엇입니까?,아시아,continent,189,3651
비하르주의 대륙은 무엇입니까?,아시아,continent,189,3651
비하르주를 어느 대륙에서 찾을 수 있습니까?,아시아,continent,189,3651
대륙적으로 비하르주의 소속이 어디에 있습니까?,아시아,continent,189,3651
대륙별로 비하르주를 찾을 수 있는 곳은 어디입니까?,아시아,continent,189,3651
에스토니아가 위치한 대륙은 무엇입니까?,유럽,continent,190,3652
에스토니아의 대륙은 무엇입니까?,유럽,continent,190,3652
에스토니아를 어느 대륙에서 찾을 수 있습니까?,유럽,continent,190,3652
대륙적으로 에스토니아의 소속이 어디에 있습니까?,유럽,continent,190,3652
대륙별로 에스토니아를 찾을 수 있는 곳은 어디입니까?,유럽,continent,190,3652
프랑스령 남방 및 남극가 위치한 대륙은 무엇입니까?,남극,continent,191,3653
프랑스령 남방 및 남극의 대륙은 무엇입니까?,남극,continent,191,3653
프랑스령 남방 및 남극를 어느 대륙에서 찾을 수 있습니까?,남극,continent,191,3653
대륙적으로 프랑스령 남방 및 남극의 소속이 어디에 있습니까?,남극,continent,191,3653
대륙별로 프랑스령 남방 및 남극를 찾을 수 있는 곳은 어디입니까?,남극,continent,191,3653
수단가 위치한 대륙은 무엇입니까?,아프리카,continent,192,3654
수단의 대륙은 무엇입니까?,아프리카,continent,192,3654
수단를 어느 대륙에서 찾을 수 있습니까?,아프리카,continent,192,3654
대륙적으로 수단의 소속이 어디에 있습니까?,아프리카,continent,192,3654
대륙별로 수단를 찾을 수 있는 곳은 어디입니까?,아프리카,continent,192,3654
시랜드 공국가 위치한 대륙은 무엇입니까?,유럽,continent,193,3655
시랜드 공국의 대륙은 무엇입니까?,유럽,continent,193,3655
시랜드 공국를 어느 대륙에서 찾을 수 있습니까?,유럽,continent,193,3655
대륙적으로 시랜드 공국의 소속이 어디에 있습니까?,유럽,continent,193,3655
대륙별로 시랜드 공국를 찾을 수 있는 곳은 어디입니까?,유럽,continent,193,3655
남극조약가 위치한 대륙은 무엇입니까?,남극,continent,194,3656
남극조약의 대륙은 무엇입니까?,남극,continent,194,3656
남극조약를 어느 대륙에서 찾을 수 있습니까?,남극,continent,194,3656
대륙적으로 남극조약의 소속이 어디에 있습니까?,남극,continent,194,3656
대륙별로 남극조약를 찾을 수 있는 곳은 어디입니까?,남극,continent,194,3656
네팔가 위치한 대륙은 무엇입니까?,아시아,continent,195,3657
네팔의 대륙은 무엇입니까?,아시아,continent,195,3657
네팔를 어느 대륙에서 찾을 수 있습니까?,아시아,continent,195,3657
대륙적으로 네팔의 소속이 어디에 있습니까?,아시아,continent,195,3657
대륙별로 네팔를 찾을 수 있는 곳은 어디입니까?,아시아,continent,195,3657
주앙데노바섬가 위치한 대륙은 무엇입니까?,아프리카,continent,196,3658
주앙데노바섬의 대륙은 무엇입니까?,아프리카,continent,196,3658
주앙데노바섬를 어느 대륙에서 찾을 수 있습니까?,아프리카,continent,196,3658
대륙적으로 주앙데노바섬의 소속이 어디에 있습니까?,아프리카,continent,196,3658
대륙별로 주앙데노바섬를 찾을 수 있는 곳은 어디입니까?,아프리카,continent,196,3658
미국가 위치한 대륙은 무엇입니까?,오세아니아,continent,197,3659
미국의 대륙은 무엇입니까?,오세아니아,continent,197,3659
미국를 어느 대륙에서 찾을 수 있습니까?,오세아니아,continent,197,3659
대륙적으로 미국의 소속이 어디에 있습니까?,오세아니아,continent,197,3659
대륙별로 미국를 찾을 수 있는 곳은 어디입니까?,오세아니아,continent,197,3659
일본가 위치한 대륙은 무엇입니까?,아시아,continent,198,3660
일본의 대륙은 무엇입니까?,아시아,continent,198,3660
일본를 어느 대륙에서 찾을 수 있습니까?,아시아,continent,198,3660
대륙적으로 일본의 소속이 어디에 있습니까?,아시아,continent,198,3660
대륙별로 일본를 찾을 수 있는 곳은 어디입니까?,아시아,continent,198,3660
모잠비크가 위치한 대륙은 무엇입니까?,아프리카,continent,199,3661
모잠비크의 대륙은 무엇입니까?,아프리카,continent,199,3661
모잠비크를 어느 대륙에서 찾을 수 있습니까?,아프리카,continent,199,3661
대륙적으로 모잠비크의 소속이 어디에 있습니까?,아프리카,continent,199,3661
대륙별로 모잠비크를 찾을 수 있는 곳은 어디입니까?,아프리카,continent,199,3661
심라가 위치한 대륙은 무엇입니까?,아시아,continent,200,3662
심라의 대륙은 무엇입니까?,아시아,continent,200,3662
심라를 어느 대륙에서 찾을 수 있습니까?,아시아,continent,200,3662
대륙적으로 심라의 소속이 어디에 있습니까?,아시아,continent,200,3662
대륙별로 심라를 찾을 수 있는 곳은 어디입니까?,아시아,continent,200,3662
헬싱키가 위치한 대륙은 무엇입니까?,유럽,continent,201,3663
헬싱키의 대륙은 무엇입니까?,유럽,continent,201,3663
헬싱키를 어느 대륙에서 찾을 수 있습니까?,유럽,continent,201,3663
대륙적으로 헬싱키의 소속이 어디에 있습니까?,유럽,continent,201,3663
대륙별로 헬싱키를 찾을 수 있는 곳은 어디입니까?,유럽,continent,201,3663
산마리노가 위치한 대륙은 무엇입니까?,유럽,continent,202,3664
산마리노의 대륙은 무엇입니까?,유럽,continent,202,3664
산마리노를 어느 대륙에서 찾을 수 있습니까?,유럽,continent,202,3664
대륙적으로 산마리노의 소속이 어디에 있습니까?,유럽,continent,202,3664
대륙별로 산마리노를 찾을 수 있는 곳은 어디입니까?,유럽,continent,202,3664
선전시가 위치한 대륙은 무엇입니까?,아시아,continent,203,3665
선전시의 대륙은 무엇입니까?,아시아,continent,203,3665
선전시를 어느 대륙에서 찾을 수 있습니까?,아시아,continent,203,3665
대륙적으로 선전시의 소속이 어디에 있습니까?,아시아,continent,203,3665
대륙별로 선전시를 찾을 수 있는 곳은 어디입니까?,아시아,continent,203,3665
콩고 자유국가 위치한 대륙은 무엇입니까?,아프리카,continent,204,3666
콩고 자유국의 대륙은 무엇입니까?,아프리카,continent,204,3666
콩고 자유국를 어느 대륙에서 찾을 수 있습니까?,아프리카,continent,204,3666
대륙적으로 콩고 자유국의 소속이 어디에 있습니까?,아프리카,continent,204,3666
대륙별로 콩고 자유국를 찾을 수 있는 곳은 어디입니까?,아프리카,continent,204,3666
아랍 연맹가 위치한 대륙은 무엇입니까?,아시아,continent,205,3667
아랍 연맹의 대륙은 무엇입니까?,아시아,continent,205,3667
아랍 연맹를 어느 대륙에서 찾을 수 있습니까?,아시아,continent,205,3667
대륙적으로 아랍 연맹의 소속이 어디에 있습니까?,아시아,continent,205,3667
대륙별로 아랍 연맹를 찾을 수 있는 곳은 어디입니까?,아시아,continent,205,3667
비스와강가 위치한 대륙은 무엇입니까?,유럽,continent,206,3668
비스와강의 대륙은 무엇입니까?,유럽,continent,206,3668
비스와강를 어느 대륙에서 찾을 수 있습니까?,유럽,continent,206,3668
대륙적으로 비스와강의 소속이 어디에 있습니까?,유럽,continent,206,3668
대륙별로 비스와강를 찾을 수 있는 곳은 어디입니까?,유럽,continent,206,3668
도루강가 위치한 대륙은 무엇입니까?,유럽,continent,207,3669
도루강의 대륙은 무엇입니까?,유럽,continent,207,3669
도루강를 어느 대륙에서 찾을 수 있습니까?,유럽,continent,207,3669
대륙적으로 도루강의 소속이 어디에 있습니까?,유럽,continent,207,3669
대륙별로 도루강를 찾을 수 있는 곳은 어디입니까?,유럽,continent,207,3669
남아프리카 공화국가 위치한 대륙은 무엇입니까?,아프리카,continent,208,3670
남아프리카 공화국의 대륙은 무엇입니까?,아프리카,continent,208,3670
남아프리카 공화국를 어느 대륙에서 찾을 수 있습니까?,아프리카,continent,208,3670
대륙적으로 남아프리카 공화국의 소속이 어디에 있습니까?,아프리카,continent,208,3670
대륙별로 남아프리카 공화국를 찾을 수 있는 곳은 어디입니까?,아프리카,continent,208,3670
피지가 위치한 대륙은 무엇입니까?,오세아니아,continent,209,3671
피지의 대륙은 무엇입니까?,오세아니아,continent,209,3671
피지를 어느 대륙에서 찾을 수 있습니까?,오세아니아,continent,209,3671
대륙적으로 피지의 소속이 어디에 있습니까?,오세아니아,continent,209,3671
대륙별로 피지를 찾을 수 있는 곳은 어디입니까?,오세아니아,continent,209,3671
과달키비르강가 위치한 대륙은 무엇입니까?,유럽,continent,210,3672
과달키비르강의 대륙은 무엇입니까?,유럽,continent,210,3672
과달키비르강를 어느 대륙에서 찾을 수 있습니까?,유럽,continent,210,3672
대륙적으로 과달키비르강의 소속이 어디에 있습니까?,유럽,continent,210,3672
대륙별로 과달키비르강를 찾을 수 있는 곳은 어디입니까?,유럽,continent,210,3672
소말리아가 위치한 대륙은 무엇입니까?,아프리카,continent,211,3673
소말리아의 대륙은 무엇입니까?,아프리카,continent,211,3673
소말리아를 어느 대륙에서 찾을 수 있습니까?,아프리카,continent,211,3673
대륙적으로 소말리아의 소속이 어디에 있습니까?,아프리카,continent,211,3673
대륙별로 소말리아를 찾을 수 있는 곳은 어디입니까?,아프리카,continent,211,3673
아제르바이잔의 수도는 어디에 위치합니까?,바쿠,capital,0,6152
아제르바이잔의 수도는 어디에 있습니까?,바쿠,capital,0,6152
아제르바이잔의 수도로 무슨 도시가 있습니까?,바쿠,capital,0,6152
아제르바이잔의 수도 도시를 이름짓으십시오. 대답은:,바쿠,capital,0,6152
아제르바이잔는 어디에 수도가 있습니까?,바쿠,capital,0,6152
네브래스카주의 수도는 어디에 위치합니까?,링컨,capital,1,6153
네브래스카주의 수도는 어디에 있습니까?,링컨,capital,1,6153
네브래스카주의 수도로 무슨 도시가 있습니까?,링컨,capital,1,6153
네브래스카주의 수도 도시를 이름짓으십시오. 대답은:,링컨,capital,1,6153
네브래스카주는 어디에 수도가 있습니까?,링컨,capital,1,6153
햄프셔주의 수도는 어디에 위치합니까?,윈체스터,capital,2,6154
햄프셔주의 수도는 어디에 있습니까?,윈체스터,capital,2,6154
햄프셔주의 수도로 무슨 도시가 있습니까?,윈체스터,capital,2,6154
햄프셔주의 수도 도시를 이름짓으십시오. 대답은:,윈체스터,capital,2,6154
햄프셔주는 어디에 수도가 있습니까?,윈체스터,capital,2,6154
알렉산드리아주의 수도는 어디에 위치합니까?,알렉산드리아,capital,3,6155
알렉산드리아주의 수도는 어디에 있습니까?,알렉산드리아,capital,3,6155
알렉산드리아주의 수도로 무슨 도시가 있습니까?,알렉산드리아,capital,3,6155
알렉산드리아주의 수도 도시를 이름짓으십시오. 대답은:,알렉산드리아,capital,3,6155
알렉산드리아주는 어디에 수도가 있습니까?,알렉산드리아,capital,3,6155
이탈리아 왕국의 수도는 어디에 위치합니까?,피렌체,capital,4,6156
이탈리아 왕국의 수도는 어디에 있습니까?,피렌체,capital,4,6156
이탈리아 왕국의 수도로 무슨 도시가 있습니까?,피렌체,capital,4,6156
이탈리아 왕국의 수도 도시를 이름짓으십시오. 대답은:,피렌체,capital,4,6156
이탈리아 왕국는 어디에 수도가 있습니까?,피렌체,capital,4,6156
핀란드 대공국의 수도는 어디에 위치합니까?,헬싱키,capital,5,6157
핀란드 대공국의 수도는 어디에 있습니까?,헬싱키,capital,5,6157
핀란드 대공국의 수도로 무슨 도시가 있습니까?,헬싱키,capital,5,6157
핀란드 대공국의 수도 도시를 이름짓으십시오. 대답은:,헬싱키,capital,5,6157
핀란드 대공국는 어디에 수도가 있습니까?,헬싱키,capital,5,6157
텔랑가나주의 수도는 어디에 위치합니까?,하이데라바드,capital,6,6158
텔랑가나주의 수도는 어디에 있습니까?,하이데라바드,capital,6,6158
텔랑가나주의 수도로 무슨 도시가 있습니까?,하이데라바드,capital,6,6158
텔랑가나주의 수도 도시를 이름짓으십시오. 대답은:,하이데라바드,capital,6,6158
텔랑가나주는 어디에 수도가 있습니까?,하이데라바드,capital,6,6158
사우스오스트레일리아주의 수도는 어디에 위치합니까?,애들레이드,capital,7,6159
사우스오스트레일리아주의 수도는 어디에 있습니까?,애들레이드,capital,7,6159
사우스오스트레일리아주의 수도로 무슨 도시가 있습니까?,애들레이드,capital,7,6159
사우스오스트레일리아주의 수도 도시를 이름짓으십시오. 대답은:,애들레이드,capital,7,6159
사우스오스트레일리아주는 어디에 수도가 있습니까?,애들레이드,capital,7,6159
스코틀랜드 왕국의 수도는 어디에 위치합니까?,에든버러,capital,8,6160
스코틀랜드 왕국의 수도는 어디에 있습니까?,에든버러,capital,8,6160
스코틀랜드 왕국의 수도로 무슨 도시가 있습니까?,에든버러,capital,8,6160
스코틀랜드 왕국의 수도 도시를 이름짓으십시오. 대답은:,에든버러,capital,8,6160
스코틀랜드 왕국는 어디에 수도가 있습니까?,에든버러,capital,8,6160
폴란드 제2공화국의 수도는 어디에 위치합니까?,바르샤바,capital,9,6161
폴란드 제2공화국의 수도는 어디에 있습니까?,바르샤바,capital,9,6161
폴란드 제2공화국의 수도로 무슨 도시가 있습니까?,바르샤바,capital,9,6161
폴란드 제2공화국의 수도 도시를 이름짓으십시오. 대답은:,바르샤바,capital,9,6161
폴란드 제2공화국는 어디에 수도가 있습니까?,바르샤바,capital,9,6161
캔터베리 지방의 수도는 어디에 위치합니까?,크라이스트처치,capital,10,6162
캔터베리 지방의 수도는 어디에 있습니까?,크라이스트처치,capital,10,6162
캔터베리 지방의 수도로 무슨 도시가 있습니까?,크라이스트처치,capital,10,6162
캔터베리 지방의 수도 도시를 이름짓으십시오. 대답은:,크라이스트처치,capital,10,6162
캔터베리 지방는 어디에 수도가 있습니까?,크라이스트처치,capital,10,6162
프랑스 왕국의 수도는 어디에 위치합니까?,파리,capital,11,6163
프랑스 왕국의 수도는 어디에 있습니까?,파리,capital,11,6163
프랑스 왕국의 수도로 무슨 도시가 있습니까?,파리,capital,11,6163
프랑스 왕국의 수도 도시를 이름짓으십시오. 대답은:,파리,capital,11,6163
프랑스 왕국는 어디에 수도가 있습니까?,파리,capital,11,6163
앨버타주의 수도는 어디에 위치합니까?,에드먼턴,capital,12,6164
앨버타주의 수도는 어디에 있습니까?,에드먼턴,capital,12,6164
앨버타주의 수도로 무슨 도시가 있습니까?,에드먼턴,capital,12,6164
앨버타주의 수도 도시를 이름짓으십시오. 대답은:,에드먼턴,capital,12,6164
앨버타주는 어디에 수도가 있습니까?,에드먼턴,capital,12,6164
독일의 수도는 어디에 위치합니까?,베를린,capital,13,6165
독일의 수도는 어디에 있습니까?,베를린,capital,13,6165
독일의 수도로 무슨 도시가 있습니까?,베를린,capital,13,6165
독일의 수도 도시를 이름짓으십시오. 대답은:,베를린,capital,13,6165
독일는 어디에 수도가 있습니까?,베를린,capital,13,6165
인디애나주의 수도는 어디에 위치합니까?,인디애나폴리스,capital,14,6166
인디애나주의 수도는 어디에 있습니까?,인디애나폴리스,capital,14,6166
인디애나주의 수도로 무슨 도시가 있습니까?,인디애나폴리스,capital,14,6166
인디애나주의 수도 도시를 이름짓으십시오. 대답은:,인디애나폴리스,capital,14,6166
인디애나주는 어디에 수도가 있습니까?,인디애나폴리스,capital,14,6166
프랑스 제2제국의 수도는 어디에 위치합니까?,파리,capital,15,6167
프랑스 제2제국의 수도는 어디에 있습니까?,파리,capital,15,6167
프랑스 제2제국의 수도로 무슨 도시가 있습니까?,파리,capital,15,6167
프랑스 제2제국의 수도 도시를 이름짓으십시오. 대답은:,파리,capital,15,6167
프랑스 제2제국는 어디에 수도가 있습니까?,파리,capital,15,6167
케임브리지셔주의 수도는 어디에 위치합니까?,케임브리지,capital,16,6168
케임브리지셔주의 수도는 어디에 있습니까?,케임브리지,capital,16,6168
케임브리지셔주의 수도로 무슨 도시가 있습니까?,케임브리지,capital,16,6168
케임브리지셔주의 수도 도시를 이름짓으십시오. 대답은:,케임브리지,capital,16,6168
케임브리지셔주는 어디에 수도가 있습니까?,케임브리지,capital,16,6168
시칠리아 왕국의 수도는 어디에 위치합니까?,나폴리,capital,17,6169
시칠리아 왕국의 수도는 어디에 있습니까?,나폴리,capital,17,6169
시칠리아 왕국의 수도로 무슨 도시가 있습니까?,나폴리,capital,17,6169
시칠리아 왕국의 수도 도시를 이름짓으십시오. 대답은:,나폴리,capital,17,6169
시칠리아 왕국는 어디에 수도가 있습니까?,나폴리,capital,17,6169
앵드르에루아르주의 수도는 어디에 위치합니까?,투르,capital,18,6170
앵드르에루아르주의 수도는 어디에 있습니까?,투르,capital,18,6170
앵드르에루아르주의 수도로 무슨 도시가 있습니까?,투르,capital,18,6170
앵드르에루아르주의 수도 도시를 이름짓으십시오. 대답은:,투르,capital,18,6170
앵드르에루아르주는 어디에 수도가 있습니까?,투르,capital,18,6170
풀리아주의 수도는 어디에 위치합니까?,바리,capital,19,6171
풀리아주의 수도는 어디에 있습니까?,바리,capital,19,6171
풀리아주의 수도로 무슨 도시가 있습니까?,바리,capital,19,6171
풀리아주의 수도 도시를 이름짓으십시오. 대답은:,바리,capital,19,6171
풀리아주는 어디에 수도가 있습니까?,바리,capital,19,6171
오스트플란데런주의 수도는 어디에 위치합니까?,헨트,capital,20,6172
오스트플란데런주의 수도는 어디에 있습니까?,헨트,capital,20,6172
오스트플란데런주의 수도로 무슨 도시가 있습니까?,헨트,capital,20,6172
오스트플란데런주의 수도 도시를 이름짓으십시오. 대답은:,헨트,capital,20,6172
오스트플란데런주는 어디에 수도가 있습니까?,헨트,capital,20,6172
덴마크의 수도는 어디에 위치합니까?,코펜하겐,capital,21,6173
덴마크의 수도는 어디에 있습니까?,코펜하겐,capital,21,6173
덴마크의 수도로 무슨 도시가 있습니까?,코펜하겐,capital,21,6173
덴마크의 수도 도시를 이름짓으십시오. 대답은:,코펜하겐,capital,21,6173
덴마크는 어디에 수도가 있습니까?,코펜하겐,capital,21,6173
미시간주의 수도는 어디에 위치합니까?,랜싱,capital,22,6174
미시간주의 수도는 어디에 있습니까?,랜싱,capital,22,6174
미시간주의 수도로 무슨 도시가 있습니까?,랜싱,capital,22,6174
미시간주의 수도 도시를 이름짓으십시오. 대답은:,랜싱,capital,22,6174
미시간주는 어디에 수도가 있습니까?,랜싱,capital,22,6174
아이유브 왕조의 수도는 어디에 위치합니까?,카이로,capital,23,6175
아이유브 왕조의 수도는 어디에 있습니까?,카이로,capital,23,6175
아이유브 왕조의 수도로 무슨 도시가 있습니까?,카이로,capital,23,6175
아이유브 왕조의 수도 도시를 이름짓으십시오. 대답은:,카이로,capital,23,6175
아이유브 왕조는 어디에 수도가 있습니까?,카이로,capital,23,6175
정통 칼리파국의 수도는 어디에 위치합니까?,메디나,capital,24,6176
정통 칼리파국의 수도는 어디에 있습니까?,메디나,capital,24,6176
정통 칼리파국의 수도로 무슨 도시가 있습니까?,메디나,capital,24,6176
정통 칼리파국의 수도 도시를 이름짓으십시오. 대답은:,메디나,capital,24,6176
정통 칼리파국는 어디에 수도가 있습니까?,메디나,capital,24,6176
에도 막부의 수도는 어디에 위치합니까?,에도,capital,25,6177
에도 막부의 수도는 어디에 있습니까?,에도,capital,25,6177
에도 막부의 수도로 무슨 도시가 있습니까?,에도,capital,25,6177
에도 막부의 수도 도시를 이름짓으십시오. 대답은:,에도,capital,25,6177
에도 막부는 어디에 수도가 있습니까?,에도,capital,25,6177
소련의 수도는 어디에 위치합니까?,모스크바,capital,26,6178
소련의 수도는 어디에 있습니까?,모스크바,capital,26,6178
소련의 수도로 무슨 도시가 있습니까?,모스크바,capital,26,6178
소련의 수도 도시를 이름짓으십시오. 대답은:,모스크바,capital,26,6178
소련는 어디에 수도가 있습니까?,모스크바,capital,26,6178
루마니아 왕국의 수도는 어디에 위치합니까?,부쿠레슈티,capital,27,6179
루마니아 왕국의 수도는 어디에 있습니까?,부쿠레슈티,capital,27,6179
루마니아 왕국의 수도로 무슨 도시가 있습니까?,부쿠레슈티,capital,27,6179
루마니아 왕국의 수도 도시를 이름짓으십시오. 대답은:,부쿠레슈티,capital,27,6179
루마니아 왕국는 어디에 수도가 있습니까?,부쿠레슈티,capital,27,6179
태즈메이니아주의 수도는 어디에 위치합니까?,호바트,capital,28,6180
태즈메이니아주의 수도는 어디에 있습니까?,호바트,capital,28,6180
태즈메이니아주의 수도로 무슨 도시가 있습니까?,호바트,capital,28,6180
태즈메이니아주의 수도 도시를 이름짓으십시오. 대답은:,호바트,capital,28,6180
태즈메이니아주는 어디에 수도가 있습니까?,호바트,capital,28,6180
리머릭주의 수도는 어디에 위치합니까?,리머릭,capital,29,6181
리머릭주의 수도는 어디에 있습니까?,리머릭,capital,29,6181
리머릭주의 수도로 무슨 도시가 있습니까?,리머릭,capital,29,6181
리머릭주의 수도 도시를 이름짓으십시오. 대답은:,리머릭,capital,29,6181
리머릭주는 어디에 수도가 있습니까?,리머릭,capital,29,6181
파티마 왕조의 수도는 어디에 위치합니까?,카이로,capital,30,6182
파티마 왕조의 수도는 어디에 있습니까?,카이로,capital,30,6182
파티마 왕조의 수도로 무슨 도시가 있습니까?,카이로,capital,30,6182
파티마 왕조의 수도 도시를 이름짓으십시오. 대답은:,카이로,capital,30,6182
파티마 왕조는 어디에 수도가 있습니까?,카이로,capital,30,6182
오클랜드 지방의 수도는 어디에 위치합니까?,오클랜드,capital,31,6183
오클랜드 지방의 수도는 어디에 있습니까?,오클랜드,capital,31,6183
오클랜드 지방의 수도로 무슨 도시가 있습니까?,오클랜드,capital,31,6183
오클랜드 지방의 수도 도시를 이름짓으십시오. 대답은:,오클랜드,capital,31,6183
오클랜드 지방는 어디에 수도가 있습니까?,오클랜드,capital,31,6183
뉴햄프셔주의 수도는 어디에 위치합니까?,콩코드,capital,32,6184
뉴햄프셔주의 수도는 어디에 있습니까?,콩코드,capital,32,6184
뉴햄프셔주의 수도로 무슨 도시가 있습니까?,콩코드,capital,32,6184
뉴햄프셔주의 수도 도시를 이름짓으십시오. 대답은:,콩코드,capital,32,6184
뉴햄프셔주는 어디에 수도가 있습니까?,콩코드,capital,32,6184
오데사주의 수도는 어디에 위치합니까?,오데사,capital,33,6185
오데사주의 수도는 어디에 있습니까?,오데사,capital,33,6185
오데사주의 수도로 무슨 도시가 있습니까?,오데사,capital,33,6185
오데사주의 수도 도시를 이름짓으십시오. 대답은:,오데사,capital,33,6185
오데사주는 어디에 수도가 있습니까?,오데사,capital,33,6185
오스트레일리아의 수도는 어디에 위치합니까?,캔버라,capital,34,6186
오스트레일리아의 수도는 어디에 있습니까?,캔버라,capital,34,6186
오스트레일리아의 수도로 무슨 도시가 있습니까?,캔버라,capital,34,6186
오스트레일리아의 수도 도시를 이름짓으십시오. 대답은:,캔버라,capital,34,6186
오스트레일리아는 어디에 수도가 있습니까?,캔버라,capital,34,6186
오스만 제국의 수도는 어디에 위치합니까?,이스탄불,capital,35,6187
오스만 제국의 수도는 어디에 있습니까?,이스탄불,capital,35,6187
오스만 제국의 수도로 무슨 도시가 있습니까?,이스탄불,capital,35,6187
오스만 제국의 수도 도시를 이름짓으십시오. 대답은:,이스탄불,capital,35,6187
오스만 제국는 어디에 수도가 있습니까?,이스탄불,capital,35,6187
사우스웨스트잉글랜드의 수도는 어디에 위치합니까?,브리스틀,capital,36,6188
사우스웨스트잉글랜드의 수도는 어디에 있습니까?,브리스틀,capital,36,6188
사우스웨스트잉글랜드의 수도로 무슨 도시가 있습니까?,브리스틀,capital,36,6188
사우스웨스트잉글랜드의 수도 도시를 이름짓으십시오. 대답은:,브리스틀,capital,36,6188
사우스웨스트잉글랜드는 어디에 수도가 있습니까?,브리스틀,capital,36,6188
텍사스주의 수도는 어디에 위치합니까?,오스틴,capital,37,6189
텍사스주의 수도는 어디에 있습니까?,오스틴,capital,37,6189
텍사스주의 수도로 무슨 도시가 있습니까?,오스틴,capital,37,6189
텍사스주의 수도 도시를 이름짓으십시오. 대답은:,오스틴,capital,37,6189
텍사스주는 어디에 수도가 있습니까?,오스틴,capital,37,6189
라틴 제국의 수도는 어디에 위치합니까?,콘스탄티노폴리스,capital,38,6190
라틴 제국의 수도는 어디에 있습니까?,콘스탄티노폴리스,capital,38,6190
라틴 제국의 수도로 무슨 도시가 있습니까?,콘스탄티노폴리스,capital,38,6190
라틴 제국의 수도 도시를 이름짓으십시오. 대답은:,콘스탄티노폴리스,capital,38,6190
라틴 제국는 어디에 수도가 있습니까?,콘스탄티노폴리스,capital,38,6190
헝가리의 수도는 어디에 위치합니까?,부다페스트,capital,39,6191
헝가리의 수도는 어디에 있습니까?,부다페스트,capital,39,6191
헝가리의 수도로 무슨 도시가 있습니까?,부다페스트,capital,39,6191
헝가리의 수도 도시를 이름짓으십시오. 대답은:,부다페스트,capital,39,6191
헝가리는 어디에 수도가 있습니까?,부다페스트,capital,39,6191
러시아의 수도는 어디에 위치합니까?,모스크바,capital,40,6192
러시아의 수도는 어디에 있습니까?,모스크바,capital,40,6192
러시아의 수도로 무슨 도시가 있습니까?,모스크바,capital,40,6192
러시아의 수도 도시를 이름짓으십시오. 대답은:,모스크바,capital,40,6192
러시아는 어디에 수도가 있습니까?,모스크바,capital,40,6192
베네토주의 수도는 어디에 위치합니까?,베네치아,capital,41,6193
베네토주의 수도는 어디에 있습니까?,베네치아,capital,41,6193
베네토주의 수도로 무슨 도시가 있습니까?,베네치아,capital,41,6193
베네토주의 수도 도시를 이름짓으십시오. 대답은:,베네치아,capital,41,6193
베네토주는 어디에 수도가 있습니까?,베네치아,capital,41,6193
우스터셔주의 수도는 어디에 위치합니까?,우스터,capital,42,6194
우스터셔주의 수도는 어디에 있습니까?,우스터,capital,42,6194
우스터셔주의 수도로 무슨 도시가 있습니까?,우스터,capital,42,6194
우스터셔주의 수도 도시를 이름짓으십시오. 대답은:,우스터,capital,42,6194
우스터셔주는 어디에 수도가 있습니까?,우스터,capital,42,6194
시칠리아 왕국의 수도는 어디에 위치합니까?,팔레르모,capital,43,6195
시칠리아 왕국의 수도는 어디에 있습니까?,팔레르모,capital,43,6195
시칠리아 왕국의 수도로 무슨 도시가 있습니까?,팔레르모,capital,43,6195
시칠리아 왕국의 수도 도시를 이름짓으십시오. 대답은:,팔레르모,capital,43,6195
시칠리아 왕국는 어디에 수도가 있습니까?,팔레르모,capital,43,6195
펜실베이니아주의 수도는 어디에 위치합니까?,해리스버그,capital,44,6196
펜실베이니아주의 수도는 어디에 있습니까?,해리스버그,capital,44,6196
펜실베이니아주의 수도로 무슨 도시가 있습니까?,해리스버그,capital,44,6196
펜실베이니아주의 수도 도시를 이름짓으십시오. 대답은:,해리스버그,capital,44,6196
펜실베이니아주는 어디에 수도가 있습니까?,해리스버그,capital,44,6196
교황령의 수도는 어디에 위치합니까?,로마,capital,45,6197
교황령의 수도는 어디에 있습니까?,로마,capital,45,6197
교황령의 수도로 무슨 도시가 있습니까?,로마,capital,45,6197
교황령의 수도 도시를 이름짓으십시오. 대답은:,로마,capital,45,6197
교황령는 어디에 수도가 있습니까?,로마,capital,45,6197
골웨이주의 수도는 어디에 위치합니까?,골웨이,capital,46,6198
골웨이주의 수도는 어디에 있습니까?,골웨이,capital,46,6198
골웨이주의 수도로 무슨 도시가 있습니까?,골웨이,capital,46,6198
골웨이주의 수도 도시를 이름짓으십시오. 대답은:,골웨이,capital,46,6198
골웨이주는 어디에 수도가 있습니까?,골웨이,capital,46,6198
오스트리아 제국의 수도는 어디에 위치합니까?,빈,capital,47,6199
오스트리아 제국의 수도는 어디에 있습니까?,빈,capital,47,6199
오스트리아 제국의 수도로 무슨 도시가 있습니까?,빈,capital,47,6199
오스트리아 제국의 수도 도시를 이름짓으십시오. 대답은:,빈,capital,47,6199
오스트리아 제국는 어디에 수도가 있습니까?,빈,capital,47,6199
네덜란드령 동인도의 수도는 어디에 위치합니까?,자카르타,capital,48,6200
네덜란드령 동인도의 수도는 어디에 있습니까?,자카르타,capital,48,6200
네덜란드령 동인도의 수도로 무슨 도시가 있습니까?,자카르타,capital,48,6200
네덜란드령 동인도의 수도 도시를 이름짓으십시오. 대답은:,자카르타,capital,48,6200
네덜란드령 동인도는 어디에 수도가 있습니까?,자카르타,capital,48,6200
이스라엘의 수도는 어디에 위치합니까?,예루살렘,capital,49,6201
이스라엘의 수도는 어디에 있습니까?,예루살렘,capital,49,6201
이스라엘의 수도로 무슨 도시가 있습니까?,예루살렘,capital,49,6201
이스라엘의 수도 도시를 이름짓으십시오. 대답은:,예루살렘,capital,49,6201
이스라엘는 어디에 수도가 있습니까?,예루살렘,capital,49,6201
아이치현의 수도는 어디에 위치합니까?,나고야시,capital,50,6202
아이치현의 수도는 어디에 있습니까?,나고야시,capital,50,6202
아이치현의 수도로 무슨 도시가 있습니까?,나고야시,capital,50,6202
아이치현의 수도 도시를 이름짓으십시오. 대답은:,나고야시,capital,50,6202
아이치현는 어디에 수도가 있습니까?,나고야시,capital,50,6202
레스터셔주의 수도는 어디에 위치합니까?,레스터,capital,51,6203
레스터셔주의 수도는 어디에 있습니까?,레스터,capital,51,6203
레스터셔주의 수도로 무슨 도시가 있습니까?,레스터,capital,51,6203
레스터셔주의 수도 도시를 이름짓으십시오. 대답은:,레스터,capital,51,6203
레스터셔주는 어디에 수도가 있습니까?,레스터,capital,51,6203
킹 군의 수도는 어디에 위치합니까?,시애틀,capital,52,6204
킹 군의 수도는 어디에 있습니까?,시애틀,capital,52,6204
킹 군의 수도로 무슨 도시가 있습니까?,시애틀,capital,52,6204
킹 군의 수도 도시를 이름짓으십시오. 대답은:,시애틀,capital,52,6204
킹 군는 어디에 수도가 있습니까?,시애틀,capital,52,6204
아테네 공국의 수도는 어디에 위치합니까?,아테네,capital,53,6205
아테네 공국의 수도는 어디에 있습니까?,아테네,capital,53,6205
아테네 공국의 수도로 무슨 도시가 있습니까?,아테네,capital,53,6205
아테네 공국의 수도 도시를 이름짓으십시오. 대답은:,아테네,capital,53,6205
아테네 공국는 어디에 수도가 있습니까?,아테네,capital,53,6205
네덜란드 왕국의 수도는 어디에 위치합니까?,암스테르담,capital,54,6206
네덜란드 왕국의 수도는 어디에 있습니까?,암스테르담,capital,54,6206
네덜란드 왕국의 수도로 무슨 도시가 있습니까?,암스테르담,capital,54,6206
네덜란드 왕국의 수도 도시를 이름짓으십시오. 대답은:,암스테르담,capital,54,6206
네덜란드 왕국는 어디에 수도가 있습니까?,암스테르담,capital,54,6206
알바니아의 수도는 어디에 위치합니까?,티라나,capital,55,6207
알바니아의 수도는 어디에 있습니까?,티라나,capital,55,6207
알바니아의 수도로 무슨 도시가 있습니까?,티라나,capital,55,6207
알바니아의 수도 도시를 이름짓으십시오. 대답은:,티라나,capital,55,6207
알바니아는 어디에 수도가 있습니까?,티라나,capital,55,6207
제노바도의 수도는 어디에 위치합니까?,제노바,capital,56,6208
제노바도의 수도는 어디에 있습니까?,제노바,capital,56,6208
제노바도의 수도로 무슨 도시가 있습니까?,제노바,capital,56,6208
제노바도의 수도 도시를 이름짓으십시오. 대답은:,제노바,capital,56,6208
제노바도는 어디에 수도가 있습니까?,제노바,capital,56,6208
중화민국의 수도는 어디에 위치합니까?,타이베이시,capital,57,6209
중화민국의 수도는 어디에 있습니까?,타이베이시,capital,57,6209
중화민국의 수도로 무슨 도시가 있습니까?,타이베이시,capital,57,6209
중화민국의 수도 도시를 이름짓으십시오. 대답은:,타이베이시,capital,57,6209
중화민국는 어디에 수도가 있습니까?,타이베이시,capital,57,6209
체코슬로바키아의 수도는 어디에 위치합니까?,프라하,capital,58,6210
체코슬로바키아의 수도는 어디에 있습니까?,프라하,capital,58,6210
체코슬로바키아의 수도로 무슨 도시가 있습니까?,프라하,capital,58,6210
체코슬로바키아의 수도 도시를 이름짓으십시오. 대답은:,프라하,capital,58,6210
체코슬로바키아는 어디에 수도가 있습니까?,프라하,capital,58,6210
두바이 토후국의 수도는 어디에 위치합니까?,두바이,capital,59,6211
두바이 토후국의 수도는 어디에 있습니까?,두바이,capital,59,6211
두바이 토후국의 수도로 무슨 도시가 있습니까?,두바이,capital,59,6211
두바이 토후국의 수도 도시를 이름짓으십시오. 대답은:,두바이,capital,59,6211
두바이 토후국는 어디에 수도가 있습니까?,두바이,capital,59,6211
노스다코타주의 수도는 어디에 위치합니까?,비즈마크,capital,60,6212
노스다코타주의 수도는 어디에 있습니까?,비즈마크,capital,60,6212
노스다코타주의 수도로 무슨 도시가 있습니까?,비즈마크,capital,60,6212
노스다코타주의 수도 도시를 이름짓으십시오. 대답은:,비즈마크,capital,60,6212
노스다코타주는 어디에 수도가 있습니까?,비즈마크,capital,60,6212
안달루시아 지방의 수도는 어디에 위치합니까?,세비야,capital,61,6213
안달루시아 지방의 수도는 어디에 있습니까?,세비야,capital,61,6213
안달루시아 지방의 수도로 무슨 도시가 있습니까?,세비야,capital,61,6213
안달루시아 지방의 수도 도시를 이름짓으십시오. 대답은:,세비야,capital,61,6213
안달루시아 지방는 어디에 수도가 있습니까?,세비야,capital,61,6213
마하라슈트라주의 수도는 어디에 위치합니까?,뭄바이,capital,62,6214
마하라슈트라주의 수도는 어디에 있습니까?,뭄바이,capital,62,6214
마하라슈트라주의 수도로 무슨 도시가 있습니까?,뭄바이,capital,62,6214
마하라슈트라주의 수도 도시를 이름짓으십시오. 대답은:,뭄바이,capital,62,6214
마하라슈트라주는 어디에 수도가 있습니까?,뭄바이,capital,62,6214
카르나타카주의 수도는 어디에 위치합니까?,벵갈루루,capital,63,6215
카르나타카주의 수도는 어디에 있습니까?,벵갈루루,capital,63,6215
카르나타카주의 수도로 무슨 도시가 있습니까?,벵갈루루,capital,63,6215
카르나타카주의 수도 도시를 이름짓으십시오. 대답은:,벵갈루루,capital,63,6215
카르나타카주는 어디에 수도가 있습니까?,벵갈루루,capital,63,6215
인도네시아의 수도는 어디에 위치합니까?,자카르타,capital,64,6216
인도네시아의 수도는 어디에 있습니까?,자카르타,capital,64,6216
인도네시아의 수도로 무슨 도시가 있습니까?,자카르타,capital,64,6216
인도네시아의 수도 도시를 이름짓으십시오. 대답은:,자카르타,capital,64,6216
인도네시아는 어디에 수도가 있습니까?,자카르타,capital,64,6216
이탈리아 사회공화국의 수도는 어디에 위치합니까?,로마,capital,65,6217
이탈리아 사회공화국의 수도는 어디에 있습니까?,로마,capital,65,6217
이탈리아 사회공화국의 수도로 무슨 도시가 있습니까?,로마,capital,65,6217
이탈리아 사회공화국의 수도 도시를 이름짓으십시오. 대답은:,로마,capital,65,6217
이탈리아 사회공화국는 어디에 수도가 있습니까?,로마,capital,65,6217
합스부르크 군주국의 수도는 어디에 위치합니까?,빈,capital,66,6218
합스부르크 군주국의 수도는 어디에 있습니까?,빈,capital,66,6218
합스부르크 군주국의 수도로 무슨 도시가 있습니까?,빈,capital,66,6218
합스부르크 군주국의 수도 도시를 이름짓으십시오. 대답은:,빈,capital,66,6218
합스부르크 군주국는 어디에 수도가 있습니까?,빈,capital,66,6218
포르투갈의 수도는 어디에 위치합니까?,리스본,capital,67,6219
포르투갈의 수도는 어디에 있습니까?,리스본,capital,67,6219
포르투갈의 수도로 무슨 도시가 있습니까?,리스본,capital,67,6219
포르투갈의 수도 도시를 이름짓으십시오. 대답은:,리스본,capital,67,6219
포르투갈는 어디에 수도가 있습니까?,리스본,capital,67,6219
발레아레스 제도의 수도는 어디에 위치합니까?,팔마데마요르카,capital,68,6220
발레아레스 제도의 수도는 어디에 있습니까?,팔마데마요르카,capital,68,6220
발레아레스 제도의 수도로 무슨 도시가 있습니까?,팔마데마요르카,capital,68,6220
발레아레스 제도의 수도 도시를 이름짓으십시오. 대답은:,팔마데마요르카,capital,68,6220
발레아레스 제도는 어디에 수도가 있습니까?,팔마데마요르카,capital,68,6220
볼로냐현의 수도는 어디에 위치합니까?,볼로냐,capital,69,6221
볼로냐현의 수도는 어디에 있습니까?,볼로냐,capital,69,6221
볼로냐현의 수도로 무슨 도시가 있습니까?,볼로냐,capital,69,6221
볼로냐현의 수도 도시를 이름짓으십시오. 대답은:,볼로냐,capital,69,6221
볼로냐현는 어디에 수도가 있습니까?,볼로냐,capital,69,6221
쿠바의 수도는 어디에 위치합니까?,아바나,capital,70,6222
쿠바의 수도는 어디에 있습니까?,아바나,capital,70,6222
쿠바의 수도로 무슨 도시가 있습니까?,아바나,capital,70,6222
쿠바의 수도 도시를 이름짓으십시오. 대답은:,아바나,capital,70,6222
쿠바는 어디에 수도가 있습니까?,아바나,capital,70,6222
톨레도주의 수도는 어디에 위치합니까?,톨레도,capital,71,6223
톨레도주의 수도는 어디에 있습니까?,톨레도,capital,71,6223
톨레도주의 수도로 무슨 도시가 있습니까?,톨레도,capital,71,6223
톨레도주의 수도 도시를 이름짓으십시오. 대답은:,톨레도,capital,71,6223
톨레도주는 어디에 수도가 있습니까?,톨레도,capital,71,6223
시에나도의 수도는 어디에 위치합니까?,시에나,capital,72,6224
시에나도의 수도는 어디에 있습니까?,시에나,capital,72,6224
시에나도의 수도로 무슨 도시가 있습니까?,시에나,capital,72,6224
시에나도의 수도 도시를 이름짓으십시오. 대답은:,시에나,capital,72,6224
시에나도는 어디에 수도가 있습니까?,시에나,capital,72,6224
호놀룰루군의 수도는 어디에 위치합니까?,호놀룰루,capital,73,6225
호놀룰루군의 수도는 어디에 있습니까?,호놀룰루,capital,73,6225
호놀룰루군의 수도로 무슨 도시가 있습니까?,호놀룰루,capital,73,6225
호놀룰루군의 수도 도시를 이름짓으십시오. 대답은:,호놀룰루,capital,73,6225
호놀룰루군는 어디에 수도가 있습니까?,호놀룰루,capital,73,6225
로마 제국의 수도는 어디에 위치합니까?,콘스탄티노폴리스,capital,74,6226
로마 제국의 수도는 어디에 있습니까?,콘스탄티노폴리스,capital,74,6226
로마 제국의 수도로 무슨 도시가 있습니까?,콘스탄티노폴리스,capital,74,6226
로마 제국의 수도 도시를 이름짓으십시오. 대답은:,콘스탄티노폴리스,capital,74,6226
로마 제국는 어디에 수도가 있습니까?,콘스탄티노폴리스,capital,74,6226
코네티컷주의 수도는 어디에 위치합니까?,하트퍼드,capital,75,6227
코네티컷주의 수도는 어디에 있습니까?,하트퍼드,capital,75,6227
코네티컷주의 수도로 무슨 도시가 있습니까?,하트퍼드,capital,75,6227
코네티컷주의 수도 도시를 이름짓으십시오. 대답은:,하트퍼드,capital,75,6227
코네티컷주는 어디에 수도가 있습니까?,하트퍼드,capital,75,6227
스코틀랜드의 수도는 어디에 위치합니까?,에든버러,capital,76,6228
스코틀랜드의 수도는 어디에 있습니까?,에든버러,capital,76,6228
스코틀랜드의 수도로 무슨 도시가 있습니까?,에든버러,capital,76,6228
스코틀랜드의 수도 도시를 이름짓으십시오. 대답은:,에든버러,capital,76,6228
스코틀랜드는 어디에 수도가 있습니까?,에든버러,capital,76,6228
앙카라주의 수도는 어디에 위치합니까?,앙카라,capital,77,6229
앙카라주의 수도는 어디에 있습니까?,앙카라,capital,77,6229
앙카라주의 수도로 무슨 도시가 있습니까?,앙카라,capital,77,6229
앙카라주의 수도 도시를 이름짓으십시오. 대답은:,앙카라,capital,77,6229
앙카라주는 어디에 수도가 있습니까?,앙카라,capital,77,6229
라치오주의 수도는 어디에 위치합니까?,로마,capital,78,6230
라치오주의 수도는 어디에 있습니까?,로마,capital,78,6230
라치오주의 수도로 무슨 도시가 있습니까?,로마,capital,78,6230
라치오주의 수도 도시를 이름짓으십시오. 대답은:,로마,capital,78,6230
라치오주는 어디에 수도가 있습니까?,로마,capital,78,6230
폴란드 인민공화국의 수도는 어디에 위치합니까?,바르샤바,capital,79,6231
폴란드 인민공화국의 수도는 어디에 있습니까?,바르샤바,capital,79,6231
폴란드 인민공화국의 수도로 무슨 도시가 있습니까?,바르샤바,capital,79,6231
폴란드 인민공화국의 수도 도시를 이름짓으십시오. 대답은:,바르샤바,capital,79,6231
폴란드 인민공화국는 어디에 수도가 있습니까?,바르샤바,capital,79,6231
바젤슈타트주의 수도는 어디에 위치합니까?,바젤,capital,80,6232
바젤슈타트주의 수도는 어디에 있습니까?,바젤,capital,80,6232
바젤슈타트주의 수도로 무슨 도시가 있습니까?,바젤,capital,80,6232
바젤슈타트주의 수도 도시를 이름짓으십시오. 대답은:,바젤,capital,80,6232
바젤슈타트주는 어디에 수도가 있습니까?,바젤,capital,80,6232
캘리포니아주의 수도는 어디에 위치합니까?,새크라멘토,capital,81,6233
캘리포니아주의 수도는 어디에 있습니까?,새크라멘토,capital,81,6233
캘리포니아주의 수도로 무슨 도시가 있습니까?,새크라멘토,capital,81,6233
캘리포니아주의 수도 도시를 이름짓으십시오. 대답은:,새크라멘토,capital,81,6233
캘리포니아주는 어디에 수도가 있습니까?,새크라멘토,capital,81,6233
잘츠부르크주의 수도는 어디에 위치합니까?,잘츠부르크,capital,82,6234
잘츠부르크주의 수도는 어디에 있습니까?,잘츠부르크,capital,82,6234
잘츠부르크주의 수도로 무슨 도시가 있습니까?,잘츠부르크,capital,82,6234
잘츠부르크주의 수도 도시를 이름짓으십시오. 대답은:,잘츠부르크,capital,82,6234
잘츠부르크주는 어디에 수도가 있습니까?,잘츠부르크,capital,82,6234
교토부의 수도는 어디에 위치합니까?,교토시,capital,83,6235
교토부의 수도는 어디에 있습니까?,교토시,capital,83,6235
교토부의 수도로 무슨 도시가 있습니까?,교토시,capital,83,6235
교토부의 수도 도시를 이름짓으십시오. 대답은:,교토시,capital,83,6235
교토부는 어디에 수도가 있습니까?,교토시,capital,83,6235
피렌체현의 수도는 어디에 위치합니까?,피렌체,capital,84,6236
피렌체현의 수도는 어디에 있습니까?,피렌체,capital,84,6236
피렌체현의 수도로 무슨 도시가 있습니까?,피렌체,capital,84,6236
피렌체현의 수도 도시를 이름짓으십시오. 대답은:,피렌체,capital,84,6236
피렌체현는 어디에 수도가 있습니까?,피렌체,capital,84,6236
이라크의 수도는 어디에 위치합니까?,바그다드,capital,85,6237
이라크의 수도는 어디에 있습니까?,바그다드,capital,85,6237
이라크의 수도로 무슨 도시가 있습니까?,바그다드,capital,85,6237
이라크의 수도 도시를 이름짓으십시오. 대답은:,바그다드,capital,85,6237
이라크는 어디에 수도가 있습니까?,바그다드,capital,85,6237
캄파니아주의 수도는 어디에 위치합니까?,나폴리,capital,86,6238
캄파니아주의 수도는 어디에 있습니까?,나폴리,capital,86,6238
캄파니아주의 수도로 무슨 도시가 있습니까?,나폴리,capital,86,6238
캄파니아주의 수도 도시를 이름짓으십시오. 대답은:,나폴리,capital,86,6238
캄파니아주는 어디에 수도가 있습니까?,나폴리,capital,86,6238
일본의 수도는 어디에 위치합니까?,도쿄도,capital,87,6239
일본의 수도는 어디에 있습니까?,도쿄도,capital,87,6239
일본의 수도로 무슨 도시가 있습니까?,도쿄도,capital,87,6239
일본의 수도 도시를 이름짓으십시오. 대답은:,도쿄도,capital,87,6239
일본는 어디에 수도가 있습니까?,도쿄도,capital,87,6239
마이애미데이드 군의 수도는 어디에 위치합니까?,마이애미,capital,88,6240
마이애미데이드 군의 수도는 어디에 있습니까?,마이애미,capital,88,6240
마이애미데이드 군의 수도로 무슨 도시가 있습니까?,마이애미,capital,88,6240
마이애미데이드 군의 수도 도시를 이름짓으십시오. 대답은:,마이애미,capital,88,6240
마이애미데이드 군는 어디에 수도가 있습니까?,마이애미,capital,88,6240
케르만주의 수도는 어디에 위치합니까?,케르만,capital,89,6241
케르만주의 수도는 어디에 있습니까?,케르만,capital,89,6241
케르만주의 수도로 무슨 도시가 있습니까?,케르만,capital,89,6241
케르만주의 수도 도시를 이름짓으십시오. 대답은:,케르만,capital,89,6241
케르만주는 어디에 수도가 있습니까?,케르만,capital,89,6241
알프마리팀주의 수도는 어디에 위치합니까?,니스,capital,90,6242
알프마리팀주의 수도는 어디에 있습니까?,니스,capital,90,6242
알프마리팀주의 수도로 무슨 도시가 있습니까?,니스,capital,90,6242
알프마리팀주의 수도 도시를 이름짓으십시오. 대답은:,니스,capital,90,6242
알프마리팀주는 어디에 수도가 있습니까?,니스,capital,90,6242
에스토니아의 수도는 어디에 위치합니까?,탈린,capital,91,6243
에스토니아의 수도는 어디에 있습니까?,탈린,capital,91,6243
에스토니아의 수도로 무슨 도시가 있습니까?,탈린,capital,91,6243
에스토니아의 수도 도시를 이름짓으십시오. 대답은:,탈린,capital,91,6243
에스토니아는 어디에 수도가 있습니까?,탈린,capital,91,6243
웨스턴오스트레일리아주의 수도는 어디에 위치합니까?,퍼스,capital,92,6244
웨스턴오스트레일리아주의 수도는 어디에 있습니까?,퍼스,capital,92,6244
웨스턴오스트레일리아주의 수도로 무슨 도시가 있습니까?,퍼스,capital,92,6244
웨스턴오스트레일리아주의 수도 도시를 이름짓으십시오. 대답은:,퍼스,capital,92,6244
웨스턴오스트레일리아주는 어디에 수도가 있습니까?,퍼스,capital,92,6244
리비우주의 수도는 어디에 위치합니까?,리비우,capital,93,6245
리비우주의 수도는 어디에 있습니까?,리비우,capital,93,6245
리비우주의 수도로 무슨 도시가 있습니까?,리비우,capital,93,6245
리비우주의 수도 도시를 이름짓으십시오. 대답은:,리비우,capital,93,6245
리비우주는 어디에 수도가 있습니까?,리비우,capital,93,6245
뉴사우스웨일스주의 수도는 어디에 위치합니까?,시드니,capital,94,6246
뉴사우스웨일스주의 수도는 어디에 있습니까?,시드니,capital,94,6246
뉴사우스웨일스주의 수도로 무슨 도시가 있습니까?,시드니,capital,94,6246
뉴사우스웨일스주의 수도 도시를 이름짓으십시오. 대답은:,시드니,capital,94,6246
뉴사우스웨일스주는 어디에 수도가 있습니까?,시드니,capital,94,6246
리버사이드 군의 수도는 어디에 위치합니까?,리버사이드,capital,95,6247
리버사이드 군의 수도는 어디에 있습니까?,리버사이드,capital,95,6247
리버사이드 군의 수도로 무슨 도시가 있습니까?,리버사이드,capital,95,6247
리버사이드 군의 수도 도시를 이름짓으십시오. 대답은:,리버사이드,capital,95,6247
리버사이드 군는 어디에 수도가 있습니까?,리버사이드,capital,95,6247
베네수엘라의 수도는 어디에 위치합니까?,카라카스,capital,96,6248
베네수엘라의 수도는 어디에 있습니까?,카라카스,capital,96,6248
베네수엘라의 수도로 무슨 도시가 있습니까?,카라카스,capital,96,6248
베네수엘라의 수도 도시를 이름짓으십시오. 대답은:,카라카스,capital,96,6248
베네수엘라는 어디에 수도가 있습니까?,카라카스,capital,96,6248
매니토바주의 수도는 어디에 위치합니까?,위니펙,capital,97,6249
매니토바주의 수도는 어디에 있습니까?,위니펙,capital,97,6249
매니토바주의 수도로 무슨 도시가 있습니까?,위니펙,capital,97,6249
매니토바주의 수도 도시를 이름짓으십시오. 대답은:,위니펙,capital,97,6249
매니토바주는 어디에 수도가 있습니까?,위니펙,capital,97,6249
이탈리아 왕국의 수도는 어디에 위치합니까?,토리노,capital,98,6250
이탈리아 왕국의 수도는 어디에 있습니까?,토리노,capital,98,6250
이탈리아 왕국의 수도로 무슨 도시가 있습니까?,토리노,capital,98,6250
이탈리아 왕국의 수도 도시를 이름짓으십시오. 대답은:,토리노,capital,98,6250
이탈리아 왕국는 어디에 수도가 있습니까?,토리노,capital,98,6250
롬바르디아주의 수도는 어디에 위치합니까?,밀라노,capital,99,6251
롬바르디아주의 수도는 어디에 있습니까?,밀라노,capital,99,6251
롬바르디아주의 수도로 무슨 도시가 있습니까?,밀라노,capital,99,6251
롬바르디아주의 수도 도시를 이름짓으십시오. 대답은:,밀라노,capital,99,6251
롬바르디아주는 어디에 수도가 있습니까?,밀라노,capital,99,6251
이란의 수도는 어디에 위치합니까?,테헤란,capital,100,6252
이란의 수도는 어디에 있습니까?,테헤란,capital,100,6252
이란의 수도로 무슨 도시가 있습니까?,테헤란,capital,100,6252
이란의 수도 도시를 이름짓으십시오. 대답은:,테헤란,capital,100,6252
이란는 어디에 수도가 있습니까?,테헤란,capital,100,6252
그레이트브리튼 왕국의 수도는 어디에 위치합니까?,런던,capital,101,6253
그레이트브리튼 왕국의 수도는 어디에 있습니까?,런던,capital,101,6253
그레이트브리튼 왕국의 수도로 무슨 도시가 있습니까?,런던,capital,101,6253
그레이트브리튼 왕국의 수도 도시를 이름짓으십시오. 대답은:,런던,capital,101,6253
그레이트브리튼 왕국는 어디에 수도가 있습니까?,런던,capital,101,6253
리비아의 수도는 어디에 위치합니까?,트리폴리,capital,102,6254
리비아의 수도는 어디에 있습니까?,트리폴리,capital,102,6254
리비아의 수도로 무슨 도시가 있습니까?,트리폴리,capital,102,6254
리비아의 수도 도시를 이름짓으십시오. 대답은:,트리폴리,capital,102,6254
리비아는 어디에 수도가 있습니까?,트리폴리,capital,102,6254
모스크바 대공국의 수도는 어디에 위치합니까?,모스크바,capital,103,6255
모스크바 대공국의 수도는 어디에 있습니까?,모스크바,capital,103,6255
모스크바 대공국의 수도로 무슨 도시가 있습니까?,모스크바,capital,103,6255
모스크바 대공국의 수도 도시를 이름짓으십시오. 대답은:,모스크바,capital,103,6255
모스크바 대공국는 어디에 수도가 있습니까?,모스크바,capital,103,6255
오스트레일리아 수도 준주의 수도는 어디에 위치합니까?,캔버라,capital,104,6256
오스트레일리아 수도 준주의 수도는 어디에 있습니까?,캔버라,capital,104,6256
오스트레일리아 수도 준주의 수도로 무슨 도시가 있습니까?,캔버라,capital,104,6256
오스트레일리아 수도 준주의 수도 도시를 이름짓으십시오. 대답은:,캔버라,capital,104,6256
오스트레일리아 수도 준주는 어디에 수도가 있습니까?,캔버라,capital,104,6256
비시 프랑스의 수도는 어디에 위치합니까?,파리,capital,105,6257
비시 프랑스의 수도는 어디에 있습니까?,파리,capital,105,6257
비시 프랑스의 수도로 무슨 도시가 있습니까?,파리,capital,105,6257
비시 프랑스의 수도 도시를 이름짓으십시오. 대답은:,파리,capital,105,6257
비시 프랑스는 어디에 수도가 있습니까?,파리,capital,105,6257
바랭주의 수도는 어디에 위치합니까?,스트라스부르,capital,106,6258
바랭주의 수도는 어디에 있습니까?,스트라스부르,capital,106,6258
바랭주의 수도로 무슨 도시가 있습니까?,스트라스부르,capital,106,6258
바랭주의 수도 도시를 이름짓으십시오. 대답은:,스트라스부르,capital,106,6258
바랭주는 어디에 수도가 있습니까?,스트라스부르,capital,106,6258
빌뉴스주의 수도는 어디에 위치합니까?,빌뉴스,capital,107,6259
빌뉴스주의 수도는 어디에 있습니까?,빌뉴스,capital,107,6259
빌뉴스주의 수도로 무슨 도시가 있습니까?,빌뉴스,capital,107,6259
빌뉴스주의 수도 도시를 이름짓으십시오. 대답은:,빌뉴스,capital,107,6259
빌뉴스주는 어디에 수도가 있습니까?,빌뉴스,capital,107,6259
브뤼셀의 수도는 어디에 위치합니까?,브뤼셀 시,capital,108,6260
브뤼셀의 수도는 어디에 있습니까?,브뤼셀 시,capital,108,6260
브뤼셀의 수도로 무슨 도시가 있습니까?,브뤼셀 시,capital,108,6260
브뤼셀의 수도 도시를 이름짓으십시오. 대답은:,브뤼셀 시,capital,108,6260
브뤼셀는 어디에 수도가 있습니까?,브뤼셀 시,capital,108,6260
서스캐처원주의 수도는 어디에 위치합니까?,리자이나,capital,109,6261
서스캐처원주의 수도는 어디에 있습니까?,리자이나,capital,109,6261
서스캐처원주의 수도로 무슨 도시가 있습니까?,리자이나,capital,109,6261
서스캐처원주의 수도 도시를 이름짓으십시오. 대답은:,리자이나,capital,109,6261
서스캐처원주는 어디에 수도가 있습니까?,리자이나,capital,109,6261
테헤란주의 수도는 어디에 위치합니까?,테헤란,capital,110,6262
테헤란주의 수도는 어디에 있습니까?,테헤란,capital,110,6262
테헤란주의 수도로 무슨 도시가 있습니까?,테헤란,capital,110,6262
테헤란주의 수도 도시를 이름짓으십시오. 대답은:,테헤란,capital,110,6262
테헤란주는 어디에 수도가 있습니까?,테헤란,capital,110,6262
에밀리아로마냐주의 수도는 어디에 위치합니까?,볼로냐,capital,111,6263
에밀리아로마냐주의 수도는 어디에 있습니까?,볼로냐,capital,111,6263
에밀리아로마냐주의 수도로 무슨 도시가 있습니까?,볼로냐,capital,111,6263
에밀리아로마냐주의 수도 도시를 이름짓으십시오. 대답은:,볼로냐,capital,111,6263
에밀리아로마냐주는 어디에 수도가 있습니까?,볼로냐,capital,111,6263
아일랜드의 수도는 어디에 위치합니까?,더블린,capital,112,6264
아일랜드의 수도는 어디에 있습니까?,더블린,capital,112,6264
아일랜드의 수도로 무슨 도시가 있습니까?,더블린,capital,112,6264
아일랜드의 수도 도시를 이름짓으십시오. 대답은:,더블린,capital,112,6264
아일랜드는 어디에 수도가 있습니까?,더블린,capital,112,6264
우루과이의 수도는 어디에 위치합니까?,몬테비데오,capital,113,6265
우루과이의 수도는 어디에 있습니까?,몬테비데오,capital,113,6265
우루과이의 수도로 무슨 도시가 있습니까?,몬테비데오,capital,113,6265
우루과이의 수도 도시를 이름짓으십시오. 대답은:,몬테비데오,capital,113,6265
우루과이는 어디에 수도가 있습니까?,몬테비데오,capital,113,6265
아케메네스 왕조의 수도는 어디에 위치합니까?,바빌론,capital,114,6266
아케메네스 왕조의 수도는 어디에 있습니까?,바빌론,capital,114,6266
아케메네스 왕조의 수도로 무슨 도시가 있습니까?,바빌론,capital,114,6266
아케메네스 왕조의 수도 도시를 이름짓으십시오. 대답은:,바빌론,capital,114,6266
아케메네스 왕조는 어디에 수도가 있습니까?,바빌론,capital,114,6266
페루의 수도는 어디에 위치합니까?,리마,capital,115,6267
페루의 수도는 어디에 있습니까?,리마,capital,115,6267
페루의 수도로 무슨 도시가 있습니까?,리마,capital,115,6267
페루의 수도 도시를 이름짓으십시오. 대답은:,리마,capital,115,6267
페루는 어디에 수도가 있습니까?,리마,capital,115,6267
스리랑카의 수도는 어디에 위치합니까?,콜롬보,capital,116,6268
스리랑카의 수도는 어디에 있습니까?,콜롬보,capital,116,6268
스리랑카의 수도로 무슨 도시가 있습니까?,콜롬보,capital,116,6268
스리랑카의 수도 도시를 이름짓으십시오. 대답은:,콜롬보,capital,116,6268
스리랑카는 어디에 수도가 있습니까?,콜롬보,capital,116,6268
이라크 왕국의 수도는 어디에 위치합니까?,바그다드,capital,117,6269
이라크 왕국의 수도는 어디에 있습니까?,바그다드,capital,117,6269
이라크 왕국의 수도로 무슨 도시가 있습니까?,바그다드,capital,117,6269
이라크 왕국의 수도 도시를 이름짓으십시오. 대답은:,바그다드,capital,117,6269
이라크 왕국는 어디에 수도가 있습니까?,바그다드,capital,117,6269
아메리카 남부 연합의 수도는 어디에 위치합니까?,몽고메리,capital,118,6270
아메리카 남부 연합의 수도는 어디에 있습니까?,몽고메리,capital,118,6270
아메리카 남부 연합의 수도로 무슨 도시가 있습니까?,몽고메리,capital,118,6270
아메리카 남부 연합의 수도 도시를 이름짓으십시오. 대답은:,몽고메리,capital,118,6270
아메리카 남부 연합는 어디에 수도가 있습니까?,몽고메리,capital,118,6270
세르비아 왕국의 수도는 어디에 위치합니까?,베오그라드,capital,119,6271
세르비아 왕국의 수도는 어디에 있습니까?,베오그라드,capital,119,6271
세르비아 왕국의 수도로 무슨 도시가 있습니까?,베오그라드,capital,119,6271
세르비아 왕국의 수도 도시를 이름짓으십시오. 대답은:,베오그라드,capital,119,6271
세르비아 왕국는 어디에 수도가 있습니까?,베오그라드,capital,119,6271
워터퍼드주의 수도는 어디에 위치합니까?,워터퍼드,capital,120,6272
워터퍼드주의 수도는 어디에 있습니까?,워터퍼드,capital,120,6272
워터퍼드주의 수도로 무슨 도시가 있습니까?,워터퍼드,capital,120,6272
워터퍼드주의 수도 도시를 이름짓으십시오. 대답은:,워터퍼드,capital,120,6272
워터퍼드주는 어디에 수도가 있습니까?,워터퍼드,capital,120,6272
세르비아 몬테네그로의 수도는 어디에 위치합니까?,베오그라드,capital,121,6273
세르비아 몬테네그로의 수도는 어디에 있습니까?,베오그라드,capital,121,6273
세르비아 몬테네그로의 수도로 무슨 도시가 있습니까?,베오그라드,capital,121,6273
세르비아 몬테네그로의 수도 도시를 이름짓으십시오. 대답은:,베오그라드,capital,121,6273
세르비아 몬테네그로는 어디에 수도가 있습니까?,베오그라드,capital,121,6273
우크라이나의 수도는 어디에 위치합니까?,키예프,capital,122,6274
우크라이나의 수도는 어디에 있습니까?,키예프,capital,122,6274
우크라이나의 수도로 무슨 도시가 있습니까?,키예프,capital,122,6274
우크라이나의 수도 도시를 이름짓으십시오. 대답은:,키예프,capital,122,6274
우크라이나는 어디에 수도가 있습니까?,키예프,capital,122,6274
보스니아 헤르체고비나의 수도는 어디에 위치합니까?,사라예보,capital,123,6275
보스니아 헤르체고비나의 수도는 어디에 있습니까?,사라예보,capital,123,6275
보스니아 헤르체고비나의 수도로 무슨 도시가 있습니까?,사라예보,capital,123,6275
보스니아 헤르체고비나의 수도 도시를 이름짓으십시오. 대답은:,사라예보,capital,123,6275
보스니아 헤르체고비나는 어디에 수도가 있습니까?,사라예보,capital,123,6275
아르메니아의 수도는 어디에 위치합니까?,예레반,capital,124,6276
아르메니아의 수도는 어디에 있습니까?,예레반,capital,124,6276
아르메니아의 수도로 무슨 도시가 있습니까?,예레반,capital,124,6276
아르메니아의 수도 도시를 이름짓으십시오. 대답은:,예레반,capital,124,6276
아르메니아는 어디에 수도가 있습니까?,예레반,capital,124,6276
아바스 왕조의 수도는 어디에 위치합니까?,다마스쿠스,capital,125,6277
아바스 왕조의 수도는 어디에 있습니까?,다마스쿠스,capital,125,6277
아바스 왕조의 수도로 무슨 도시가 있습니까?,다마스쿠스,capital,125,6277
아바스 왕조의 수도 도시를 이름짓으십시오. 대답은:,다마스쿠스,capital,125,6277
아바스 왕조는 어디에 수도가 있습니까?,다마스쿠스,capital,125,6277
할리스코주의 수도는 어디에 위치합니까?,과달라하라,capital,126,6278
할리스코주의 수도는 어디에 있습니까?,과달라하라,capital,126,6278
할리스코주의 수도로 무슨 도시가 있습니까?,과달라하라,capital,126,6278
할리스코주의 수도 도시를 이름짓으십시오. 대답은:,과달라하라,capital,126,6278
할리스코주는 어디에 수도가 있습니까?,과달라하라,capital,126,6278
방글라데시의 수도는 어디에 위치합니까?,다카,capital,127,6279
방글라데시의 수도는 어디에 있습니까?,다카,capital,127,6279
방글라데시의 수도로 무슨 도시가 있습니까?,다카,capital,127,6279
방글라데시의 수도 도시를 이름짓으십시오. 대답은:,다카,capital,127,6279
방글라데시는 어디에 수도가 있습니까?,다카,capital,127,6279
앨라배마주의 수도는 어디에 위치합니까?,몽고메리,capital,128,6280
앨라배마주의 수도는 어디에 있습니까?,몽고메리,capital,128,6280
앨라배마주의 수도로 무슨 도시가 있습니까?,몽고메리,capital,128,6280
앨라배마주의 수도 도시를 이름짓으십시오. 대답은:,몽고메리,capital,128,6280
앨라배마주는 어디에 수도가 있습니까?,몽고메리,capital,128,6280
일리노이주의 수도는 어디에 위치합니까?,스프링필드,capital,129,6281
일리노이주의 수도는 어디에 있습니까?,스프링필드,capital,129,6281
일리노이주의 수도로 무슨 도시가 있습니까?,스프링필드,capital,129,6281
일리노이주의 수도 도시를 이름짓으십시오. 대답은:,스프링필드,capital,129,6281
일리노이주는 어디에 수도가 있습니까?,스프링필드,capital,129,6281
링컨셔주의 수도는 어디에 위치합니까?,링컨,capital,130,6282
링컨셔주의 수도는 어디에 있습니까?,링컨,capital,130,6282
링컨셔주의 수도로 무슨 도시가 있습니까?,링컨,capital,130,6282
링컨셔주의 수도 도시를 이름짓으십시오. 대답은:,링컨,capital,130,6282
링컨셔주는 어디에 수도가 있습니까?,링컨,capital,130,6282
스페인 제국의 수도는 어디에 위치합니까?,마드리드,capital,131,6283
스페인 제국의 수도는 어디에 있습니까?,마드리드,capital,131,6283
스페인 제국의 수도로 무슨 도시가 있습니까?,마드리드,capital,131,6283
스페인 제국의 수도 도시를 이름짓으십시오. 대답은:,마드리드,capital,131,6283
스페인 제국는 어디에 수도가 있습니까?,마드리드,capital,131,6283
노르파드칼레의 수도는 어디에 위치합니까?,릴,capital,132,6284
노르파드칼레의 수도는 어디에 있습니까?,릴,capital,132,6284
노르파드칼레의 수도로 무슨 도시가 있습니까?,릴,capital,132,6284
노르파드칼레의 수도 도시를 이름짓으십시오. 대답은:,릴,capital,132,6284
노르파드칼레는 어디에 수도가 있습니까?,릴,capital,132,6284
위스콘신주의 수도는 어디에 위치합니까?,매디슨,capital,133,6285
위스콘신주의 수도는 어디에 있습니까?,매디슨,capital,133,6285
위스콘신주의 수도로 무슨 도시가 있습니까?,매디슨,capital,133,6285
위스콘신주의 수도 도시를 이름짓으십시오. 대답은:,매디슨,capital,133,6285
위스콘신주는 어디에 수도가 있습니까?,매디슨,capital,133,6285
시칠리아의 수도는 어디에 위치합니까?,팔레르모,capital,134,6286
시칠리아의 수도는 어디에 있습니까?,팔레르모,capital,134,6286
시칠리아의 수도로 무슨 도시가 있습니까?,팔레르모,capital,134,6286
시칠리아의 수도 도시를 이름짓으십시오. 대답은:,팔레르모,capital,134,6286
시칠리아는 어디에 수도가 있습니까?,팔레르모,capital,134,6286
아일랜드 왕국의 수도는 어디에 위치합니까?,더블린,capital,135,6287
아일랜드 왕국의 수도는 어디에 있습니까?,더블린,capital,135,6287
아일랜드 왕국의 수도로 무슨 도시가 있습니까?,더블린,capital,135,6287
아일랜드 왕국의 수도 도시를 이름짓으십시오. 대답은:,더블린,capital,135,6287
아일랜드 왕국는 어디에 수도가 있습니까?,더블린,capital,135,6287
필리핀의 수도는 어디에 위치합니까?,마닐라,capital,136,6288
필리핀의 수도는 어디에 있습니까?,마닐라,capital,136,6288
필리핀의 수도로 무슨 도시가 있습니까?,마닐라,capital,136,6288
필리핀의 수도 도시를 이름짓으십시오. 대답은:,마닐라,capital,136,6288
필리핀는 어디에 수도가 있습니까?,마닐라,capital,136,6288
베네치아 공화국의 수도는 어디에 위치합니까?,베네치아,capital,137,6289
베네치아 공화국의 수도는 어디에 있습니까?,베네치아,capital,137,6289
베네치아 공화국의 수도로 무슨 도시가 있습니까?,베네치아,capital,137,6289
베네치아 공화국의 수도 도시를 이름짓으십시오. 대답은:,베네치아,capital,137,6289
베네치아 공화국는 어디에 수도가 있습니까?,베네치아,capital,137,6289
알레포주의 수도는 어디에 위치합니까?,알레포,capital,138,6290
알레포주의 수도는 어디에 있습니까?,알레포,capital,138,6290
알레포주의 수도로 무슨 도시가 있습니까?,알레포,capital,138,6290
알레포주의 수도 도시를 이름짓으십시오. 대답은:,알레포,capital,138,6290
알레포주는 어디에 수도가 있습니까?,알레포,capital,138,6290
콜로라도주의 수도는 어디에 위치합니까?,덴버,capital,139,6291
콜로라도주의 수도는 어디에 있습니까?,덴버,capital,139,6291
콜로라도주의 수도로 무슨 도시가 있습니까?,덴버,capital,139,6291
콜로라도주의 수도 도시를 이름짓으십시오. 대답은:,덴버,capital,139,6291
콜로라도주는 어디에 수도가 있습니까?,덴버,capital,139,6291
그리스의 수도는 어디에 위치합니까?,아테네,capital,140,6292
그리스의 수도는 어디에 있습니까?,아테네,capital,140,6292
그리스의 수도로 무슨 도시가 있습니까?,아테네,capital,140,6292
그리스의 수도 도시를 이름짓으십시오. 대답은:,아테네,capital,140,6292
그리스는 어디에 수도가 있습니까?,아테네,capital,140,6292
크로아티아 독립국의 수도는 어디에 위치합니까?,자그레브,capital,141,6293
크로아티아 독립국의 수도는 어디에 있습니까?,자그레브,capital,141,6293
크로아티아 독립국의 수도로 무슨 도시가 있습니까?,자그레브,capital,141,6293
크로아티아 독립국의 수도 도시를 이름짓으십시오. 대답은:,자그레브,capital,141,6293
크로아티아 독립국는 어디에 수도가 있습니까?,자그레브,capital,141,6293
네덜란드의 수도는 어디에 위치합니까?,암스테르담,capital,142,6294
네덜란드의 수도는 어디에 있습니까?,암스테르담,capital,142,6294
네덜란드의 수도로 무슨 도시가 있습니까?,암스테르담,capital,142,6294
네덜란드의 수도 도시를 이름짓으십시오. 대답은:,암스테르담,capital,142,6294
네덜란드는 어디에 수도가 있습니까?,암스테르담,capital,142,6294
애리조나주의 수도는 어디에 위치합니까?,피닉스,capital,143,6295
애리조나주의 수도는 어디에 있습니까?,피닉스,capital,143,6295
애리조나주의 수도로 무슨 도시가 있습니까?,피닉스,capital,143,6295
애리조나주의 수도 도시를 이름짓으십시오. 대답은:,피닉스,capital,143,6295
애리조나주는 어디에 수도가 있습니까?,피닉스,capital,143,6295
이탈리아의 수도는 어디에 위치합니까?,로마,capital,144,6296
이탈리아의 수도는 어디에 있습니까?,로마,capital,144,6296
이탈리아의 수도로 무슨 도시가 있습니까?,로마,capital,144,6296
이탈리아의 수도 도시를 이름짓으십시오. 대답은:,로마,capital,144,6296
이탈리아는 어디에 수도가 있습니까?,로마,capital,144,6296
유고슬라비아 왕국의 수도는 어디에 위치합니까?,베오그라드,capital,145,6297
유고슬라비아 왕국의 수도는 어디에 있습니까?,베오그라드,capital,145,6297
유고슬라비아 왕국의 수도로 무슨 도시가 있습니까?,베오그라드,capital,145,6297
유고슬라비아 왕국의 수도 도시를 이름짓으십시오. 대답은:,베오그라드,capital,145,6297
유고슬라비아 왕국는 어디에 수도가 있습니까?,베오그라드,capital,145,6297
영국의 수도는 어디에 위치합니까?,런던,capital,146,6298
영국의 수도는 어디에 있습니까?,런던,capital,146,6298
영국의 수도로 무슨 도시가 있습니까?,런던,capital,146,6298
영국의 수도 도시를 이름짓으십시오. 대답은:,런던,capital,146,6298
영국는 어디에 수도가 있습니까?,런던,capital,146,6298
알바니아 사회주의 인민공화국의 수도는 어디에 위치합니까?,티라나,capital,147,6299
알바니아 사회주의 인민공화국의 수도는 어디에 있습니까?,티라나,capital,147,6299
알바니아 사회주의 인민공화국의 수도로 무슨 도시가 있습니까?,티라나,capital,147,6299
알바니아 사회주의 인민공화국의 수도 도시를 이름짓으십시오. 대답은:,티라나,capital,147,6299
알바니아 사회주의 인민공화국는 어디에 수도가 있습니까?,티라나,capital,147,6299
세르비아의 수도는 어디에 위치합니까?,베오그라드,capital,148,6300
세르비아의 수도는 어디에 있습니까?,베오그라드,capital,148,6300
세르비아의 수도로 무슨 도시가 있습니까?,베오그라드,capital,148,6300
세르비아의 수도 도시를 이름짓으십시오. 대답은:,베오그라드,capital,148,6300
세르비아는 어디에 수도가 있습니까?,베오그라드,capital,148,6300
리비아 왕국의 수도는 어디에 위치합니까?,트리폴리,capital,149,6301
리비아 왕국의 수도는 어디에 있습니까?,트리폴리,capital,149,6301
리비아 왕국의 수도로 무슨 도시가 있습니까?,트리폴리,capital,149,6301
리비아 왕국의 수도 도시를 이름짓으십시오. 대답은:,트리폴리,capital,149,6301
리비아 왕국는 어디에 수도가 있습니까?,트리폴리,capital,149,6301
캐나다의 수도는 어디에 위치합니까?,오타와,capital,150,6302
캐나다의 수도는 어디에 있습니까?,오타와,capital,150,6302
캐나다의 수도로 무슨 도시가 있습니까?,오타와,capital,150,6302
캐나다의 수도 도시를 이름짓으십시오. 대답은:,오타와,capital,150,6302
캐나다는 어디에 수도가 있습니까?,오타와,capital,150,6302
가나가와현의 수도는 어디에 위치합니까?,요코하마시,capital,151,6303
가나가와현의 수도는 어디에 있습니까?,요코하마시,capital,151,6303
가나가와현의 수도로 무슨 도시가 있습니까?,요코하마시,capital,151,6303
가나가와현의 수도 도시를 이름짓으십시오. 대답은:,요코하마시,capital,151,6303
가나가와현는 어디에 수도가 있습니까?,요코하마시,capital,151,6303
중앙보헤미아주의 수도는 어디에 위치합니까?,프라하,capital,152,6304
중앙보헤미아주의 수도는 어디에 있습니까?,프라하,capital,152,6304
중앙보헤미아주의 수도로 무슨 도시가 있습니까?,프라하,capital,152,6304
중앙보헤미아주의 수도 도시를 이름짓으십시오. 대답은:,프라하,capital,152,6304
중앙보헤미아주는 어디에 수도가 있습니까?,프라하,capital,152,6304
프랑스의 수도는 어디에 위치합니까?,파리,capital,153,6305
프랑스의 수도는 어디에 있습니까?,파리,capital,153,6305
프랑스의 수도로 무슨 도시가 있습니까?,파리,capital,153,6305
프랑스의 수도 도시를 이름짓으십시오. 대답은:,파리,capital,153,6305
프랑스는 어디에 수도가 있습니까?,파리,capital,153,6305
불가리아의 수도는 어디에 위치합니까?,소피아,capital,154,6306
불가리아의 수도는 어디에 있습니까?,소피아,capital,154,6306
불가리아의 수도로 무슨 도시가 있습니까?,소피아,capital,154,6306
불가리아의 수도 도시를 이름짓으십시오. 대답은:,소피아,capital,154,6306
불가리아는 어디에 수도가 있습니까?,소피아,capital,154,6306
데번주의 수도는 어디에 위치합니까?,엑서터,capital,155,6307
데번주의 수도는 어디에 있습니까?,엑서터,capital,155,6307
데번주의 수도로 무슨 도시가 있습니까?,엑서터,capital,155,6307
데번주의 수도 도시를 이름짓으십시오. 대답은:,엑서터,capital,155,6307
데번주는 어디에 수도가 있습니까?,엑서터,capital,155,6307
중앙마케도니아주의 수도는 어디에 위치합니까?,테살로니키,capital,156,6308
중앙마케도니아주의 수도는 어디에 있습니까?,테살로니키,capital,156,6308
중앙마케도니아주의 수도로 무슨 도시가 있습니까?,테살로니키,capital,156,6308
중앙마케도니아주의 수도 도시를 이름짓으십시오. 대답은:,테살로니키,capital,156,6308
중앙마케도니아주는 어디에 수도가 있습니까?,테살로니키,capital,156,6308
시칠리아 토후국의 수도는 어디에 위치합니까?,팔레르모,capital,157,6309
시칠리아 토후국의 수도는 어디에 있습니까?,팔레르모,capital,157,6309
시칠리아 토후국의 수도로 무슨 도시가 있습니까?,팔레르모,capital,157,6309
시칠리아 토후국의 수도 도시를 이름짓으십시오. 대답은:,팔레르모,capital,157,6309
시칠리아 토후국는 어디에 수도가 있습니까?,팔레르모,capital,157,6309
가이아나의 수도는 어디에 위치합니까?,조지타운,capital,158,6310
가이아나의 수도는 어디에 있습니까?,조지타운,capital,158,6310
가이아나의 수도로 무슨 도시가 있습니까?,조지타운,capital,158,6310
가이아나의 수도 도시를 이름짓으십시오. 대답은:,조지타운,capital,158,6310
가이아나는 어디에 수도가 있습니까?,조지타운,capital,158,6310
헝가리 왕국의 수도는 어디에 위치합니까?,부다페스트,capital,159,6311
헝가리 왕국의 수도는 어디에 있습니까?,부다페스트,capital,159,6311
헝가리 왕국의 수도로 무슨 도시가 있습니까?,부다페스트,capital,159,6311
헝가리 왕국의 수도 도시를 이름짓으십시오. 대답은:,부다페스트,capital,159,6311
헝가리 왕국는 어디에 수도가 있습니까?,부다페스트,capital,159,6311
작센주의 수도는 어디에 위치합니까?,드레스덴,capital,160,6312
작센주의 수도는 어디에 있습니까?,드레스덴,capital,160,6312
작센주의 수도로 무슨 도시가 있습니까?,드레스덴,capital,160,6312
작센주의 수도 도시를 이름짓으십시오. 대답은:,드레스덴,capital,160,6312
작센주는 어디에 수도가 있습니까?,드레스덴,capital,160,6312
명의 수도는 어디에 위치합니까?,난징시,capital,161,6313
명의 수도는 어디에 있습니까?,난징시,capital,161,6313
명의 수도로 무슨 도시가 있습니까?,난징시,capital,161,6313
명의 수도 도시를 이름짓으십시오. 대답은:,난징시,capital,161,6313
명는 어디에 수도가 있습니까?,난징시,capital,161,6313
메카주의 수도는 어디에 위치합니까?,메카,capital,162,6314
메카주의 수도는 어디에 있습니까?,메카,capital,162,6314
메카주의 수도로 무슨 도시가 있습니까?,메카,capital,162,6314
메카주의 수도 도시를 이름짓으십시오. 대답은:,메카,capital,162,6314
메카주는 어디에 수도가 있습니까?,메카,capital,162,6314
이집트 속주의 수도는 어디에 위치합니까?,카이로,capital,163,6315
이집트 속주의 수도는 어디에 있습니까?,카이로,capital,163,6315
이집트 속주의 수도로 무슨 도시가 있습니까?,카이로,capital,163,6315
이집트 속주의 수도 도시를 이름짓으십시오. 대답은:,카이로,capital,163,6315
이집트 속주는 어디에 수도가 있습니까?,카이로,capital,163,6315
폴란드 입헌왕국의 수도는 어디에 위치합니까?,바르샤바,capital,164,6316
폴란드 입헌왕국의 수도는 어디에 있습니까?,바르샤바,capital,164,6316
폴란드 입헌왕국의 수도로 무슨 도시가 있습니까?,바르샤바,capital,164,6316
폴란드 입헌왕국의 수도 도시를 이름짓으십시오. 대답은:,바르샤바,capital,164,6316
폴란드 입헌왕국는 어디에 수도가 있습니까?,바르샤바,capital,164,6316
북아일랜드의 수도는 어디에 위치합니까?,벨파스트,capital,165,6317
북아일랜드의 수도는 어디에 있습니까?,벨파스트,capital,165,6317
북아일랜드의 수도로 무슨 도시가 있습니까?,벨파스트,capital,165,6317
북아일랜드의 수도 도시를 이름짓으십시오. 대답은:,벨파스트,capital,165,6317
북아일랜드는 어디에 수도가 있습니까?,벨파스트,capital,165,6317
스페인의 수도는 어디에 위치합니까?,마드리드,capital,166,6318
스페인의 수도는 어디에 있습니까?,마드리드,capital,166,6318
스페인의 수도로 무슨 도시가 있습니까?,마드리드,capital,166,6318
스페인의 수도 도시를 이름짓으십시오. 대답은:,마드리드,capital,166,6318
스페인는 어디에 수도가 있습니까?,마드리드,capital,166,6318
프랑스 본토의 수도는 어디에 위치합니까?,파리,capital,167,6319
프랑스 본토의 수도는 어디에 있습니까?,파리,capital,167,6319
프랑스 본토의 수도로 무슨 도시가 있습니까?,파리,capital,167,6319
프랑스 본토의 수도 도시를 이름짓으십시오. 대답은:,파리,capital,167,6319
프랑스 본토는 어디에 수도가 있습니까?,파리,capital,167,6319
타타르 공화국의 수도는 어디에 위치합니까?,카잔,capital,168,6320
타타르 공화국의 수도는 어디에 있습니까?,카잔,capital,168,6320
타타르 공화국의 수도로 무슨 도시가 있습니까?,카잔,capital,168,6320
타타르 공화국의 수도 도시를 이름짓으십시오. 대답은:,카잔,capital,168,6320
타타르 공화국는 어디에 수도가 있습니까?,카잔,capital,168,6320
브레스트주의 수도는 어디에 위치합니까?,브레스트,capital,169,6321
브레스트주의 수도는 어디에 있습니까?,브레스트,capital,169,6321
브레스트주의 수도로 무슨 도시가 있습니까?,브레스트,capital,169,6321
브레스트주의 수도 도시를 이름짓으십시오. 대답은:,브레스트,capital,169,6321
브레스트주는 어디에 수도가 있습니까?,브레스트,capital,169,6321
영국 위임통치령 팔레스타인의 수도는 어디에 위치합니까?,예루살렘,capital,170,6322
영국 위임통치령 팔레스타인의 수도는 어디에 있습니까?,예루살렘,capital,170,6322
영국 위임통치령 팔레스타인의 수도로 무슨 도시가 있습니까?,예루살렘,capital,170,6322
영국 위임통치령 팔레스타인의 수도 도시를 이름짓으십시오. 대답은:,예루살렘,capital,170,6322
영국 위임통치령 팔레스타인는 어디에 수도가 있습니까?,예루살렘,capital,170,6322
팔레르모현의 수도는 어디에 위치합니까?,팔레르모,capital,171,6323
팔레르모현의 수도는 어디에 있습니까?,팔레르모,capital,171,6323
팔레르모현의 수도로 무슨 도시가 있습니까?,팔레르모,capital,171,6323
팔레르모현의 수도 도시를 이름짓으십시오. 대답은:,팔레르모,capital,171,6323
팔레르모현는 어디에 수도가 있습니까?,팔레르모,capital,171,6323
바이에른 왕국의 수도는 어디에 위치합니까?,뮌헨,capital,172,6324
바이에른 왕국의 수도는 어디에 있습니까?,뮌헨,capital,172,6324
바이에른 왕국의 수도로 무슨 도시가 있습니까?,뮌헨,capital,172,6324
바이에른 왕국의 수도 도시를 이름짓으십시오. 대답은:,뮌헨,capital,172,6324
바이에른 왕국는 어디에 수도가 있습니까?,뮌헨,capital,172,6324
타밀나두주의 수도는 어디에 위치합니까?,첸나이,capital,173,6325
타밀나두주의 수도는 어디에 있습니까?,첸나이,capital,173,6325
타밀나두주의 수도로 무슨 도시가 있습니까?,첸나이,capital,173,6325
타밀나두주의 수도 도시를 이름짓으십시오. 대답은:,첸나이,capital,173,6325
타밀나두주는 어디에 수도가 있습니까?,첸나이,capital,173,6325
벨라루스의 수도는 어디에 위치합니까?,민스크,capital,174,6326
벨라루스의 수도는 어디에 있습니까?,민스크,capital,174,6326
벨라루스의 수도로 무슨 도시가 있습니까?,민스크,capital,174,6326
벨라루스의 수도 도시를 이름짓으십시오. 대답은:,민스크,capital,174,6326
벨라루스는 어디에 수도가 있습니까?,민스크,capital,174,6326
글로스터셔주의 수도는 어디에 위치합니까?,글로스터,capital,175,6327
글로스터셔주의 수도는 어디에 있습니까?,글로스터,capital,175,6327
글로스터셔주의 수도로 무슨 도시가 있습니까?,글로스터,capital,175,6327
글로스터셔주의 수도 도시를 이름짓으십시오. 대답은:,글로스터,capital,175,6327
글로스터셔주는 어디에 수도가 있습니까?,글로스터,capital,175,6327
보주의 수도는 어디에 위치합니까?,로잔,capital,176,6328
보주의 수도는 어디에 있습니까?,로잔,capital,176,6328
보주의 수도로 무슨 도시가 있습니까?,로잔,capital,176,6328
보주의 수도 도시를 이름짓으십시오. 대답은:,로잔,capital,176,6328
보주는 어디에 수도가 있습니까?,로잔,capital,176,6328
유럽 연합의 수도는 어디에 위치합니까?,스트라스부르,capital,177,6329
유럽 연합의 수도는 어디에 있습니까?,스트라스부르,capital,177,6329
유럽 연합의 수도로 무슨 도시가 있습니까?,스트라스부르,capital,177,6329
유럽 연합의 수도 도시를 이름짓으십시오. 대답은:,스트라스부르,capital,177,6329
유럽 연합는 어디에 수도가 있습니까?,스트라스부르,capital,177,6329
우타르프라데시주의 수도는 어디에 위치합니까?,러크나우,capital,178,6330
우타르프라데시주의 수도는 어디에 있습니까?,러크나우,capital,178,6330
우타르프라데시주의 수도로 무슨 도시가 있습니까?,러크나우,capital,178,6330
우타르프라데시주의 수도 도시를 이름짓으십시오. 대답은:,러크나우,capital,178,6330
우타르프라데시주는 어디에 수도가 있습니까?,러크나우,capital,178,6330
스릅스카 공화국의 수도는 어디에 위치합니까?,사라예보,capital,179,6331
스릅스카 공화국의 수도는 어디에 있습니까?,사라예보,capital,179,6331
스릅스카 공화국의 수도로 무슨 도시가 있습니까?,사라예보,capital,179,6331
스릅스카 공화국의 수도 도시를 이름짓으십시오. 대답은:,사라예보,capital,179,6331
스릅스카 공화국는 어디에 수도가 있습니까?,사라예보,capital,179,6331
사라예보 주의 수도는 어디에 위치합니까?,사라예보,capital,180,6332
사라예보 주의 수도는 어디에 있습니까?,사라예보,capital,180,6332
사라예보 주의 수도로 무슨 도시가 있습니까?,사라예보,capital,180,6332
사라예보 주의 수도 도시를 이름짓으십시오. 대답은:,사라예보,capital,180,6332
사라예보 주는 어디에 수도가 있습니까?,사라예보,capital,180,6332
헝가리 평의회 공화국의 수도는 어디에 위치합니까?,부다페스트,capital,181,6333
헝가리 평의회 공화국의 수도는 어디에 있습니까?,부다페스트,capital,181,6333
헝가리 평의회 공화국의 수도로 무슨 도시가 있습니까?,부다페스트,capital,181,6333
헝가리 평의회 공화국의 수도 도시를 이름짓으십시오. 대답은:,부다페스트,capital,181,6333
헝가리 평의회 공화국는 어디에 수도가 있습니까?,부다페스트,capital,181,6333
아프가니스탄 왕국의 수도는 어디에 위치합니까?,카불,capital,182,6334
아프가니스탄 왕국의 수도는 어디에 있습니까?,카불,capital,182,6334
아프가니스탄 왕국의 수도로 무슨 도시가 있습니까?,카불,capital,182,6334
아프가니스탄 왕국의 수도 도시를 이름짓으십시오. 대답은:,카불,capital,182,6334
아프가니스탄 왕국는 어디에 수도가 있습니까?,카불,capital,182,6334
루블린주의 수도는 어디에 위치합니까?,루블린,capital,183,6335
루블린주의 수도는 어디에 있습니까?,루블린,capital,183,6335
루블린주의 수도로 무슨 도시가 있습니까?,루블린,capital,183,6335
루블린주의 수도 도시를 이름짓으십시오. 대답은:,루블린,capital,183,6335
루블린주는 어디에 수도가 있습니까?,루블린,capital,183,6335
버지니아주의 수도는 어디에 위치합니까?,리치먼드,capital,184,6336
버지니아주의 수도는 어디에 있습니까?,리치먼드,capital,184,6336
버지니아주의 수도로 무슨 도시가 있습니까?,리치먼드,capital,184,6336
버지니아주의 수도 도시를 이름짓으십시오. 대답은:,리치먼드,capital,184,6336
버지니아주는 어디에 수도가 있습니까?,리치먼드,capital,184,6336
잉글랜드 왕국의 수도는 어디에 위치합니까?,윈체스터,capital,185,6337
잉글랜드 왕국의 수도는 어디에 있습니까?,윈체스터,capital,185,6337
잉글랜드 왕국의 수도로 무슨 도시가 있습니까?,윈체스터,capital,185,6337
잉글랜드 왕국의 수도 도시를 이름짓으십시오. 대답은:,윈체스터,capital,185,6337
잉글랜드 왕국는 어디에 수도가 있습니까?,윈체스터,capital,185,6337
메디나주의 수도는 어디에 위치합니까?,메디나,capital,186,6338
메디나주의 수도는 어디에 있습니까?,메디나,capital,186,6338
메디나주의 수도로 무슨 도시가 있습니까?,메디나,capital,186,6338
메디나주의 수도 도시를 이름짓으십시오. 대답은:,메디나,capital,186,6338
메디나주는 어디에 수도가 있습니까?,메디나,capital,186,6338
스톡홀름시의 수도는 어디에 위치합니까?,스톡홀름,capital,187,6339
스톡홀름시의 수도는 어디에 있습니까?,스톡홀름,capital,187,6339
스톡홀름시의 수도로 무슨 도시가 있습니까?,스톡홀름,capital,187,6339
스톡홀름시의 수도 도시를 이름짓으십시오. 대답은:,스톡홀름,capital,187,6339
스톡홀름시는 어디에 수도가 있습니까?,스톡홀름,capital,187,6339
아제르바이잔 소비에트 사회주의 공화국의 수도는 어디에 위치합니까?,바쿠,capital,188,6340
아제르바이잔 소비에트 사회주의 공화국의 수도는 어디에 있습니까?,바쿠,capital,188,6340
아제르바이잔 소비에트 사회주의 공화국의 수도로 무슨 도시가 있습니까?,바쿠,capital,188,6340
아제르바이잔 소비에트 사회주의 공화국의 수도 도시를 이름짓으십시오. 대답은:,바쿠,capital,188,6340
아제르바이잔 소비에트 사회주의 공화국는 어디에 수도가 있습니까?,바쿠,capital,188,6340
그리스 왕국의 수도는 어디에 위치합니까?,아테네,capital,189,6341
그리스 왕국의 수도는 어디에 있습니까?,아테네,capital,189,6341
그리스 왕국의 수도로 무슨 도시가 있습니까?,아테네,capital,189,6341
그리스 왕국의 수도 도시를 이름짓으십시오. 대답은:,아테네,capital,189,6341
그리스 왕국는 어디에 수도가 있습니까?,아테네,capital,189,6341
대한민국의 수도는 어디에 위치합니까?,서울특별시,capital,190,6342
대한민국의 수도는 어디에 있습니까?,서울특별시,capital,190,6342
대한민국의 수도로 무슨 도시가 있습니까?,서울특별시,capital,190,6342
대한민국의 수도 도시를 이름짓으십시오. 대답은:,서울특별시,capital,190,6342
대한민국는 어디에 수도가 있습니까?,서울특별시,capital,190,6342
몰타 기사단의 수도는 어디에 위치합니까?,로마,capital,191,6343
몰타 기사단의 수도는 어디에 있습니까?,로마,capital,191,6343
몰타 기사단의 수도로 무슨 도시가 있습니까?,로마,capital,191,6343
몰타 기사단의 수도 도시를 이름짓으십시오. 대답은:,로마,capital,191,6343
몰타 기사단는 어디에 수도가 있습니까?,로마,capital,191,6343
컴브리아주의 수도는 어디에 위치합니까?,칼라일,capital,192,6344
컴브리아주의 수도는 어디에 있습니까?,칼라일,capital,192,6344
컴브리아주의 수도로 무슨 도시가 있습니까?,칼라일,capital,192,6344
컴브리아주의 수도 도시를 이름짓으십시오. 대답은:,칼라일,capital,192,6344
컴브리아주는 어디에 수도가 있습니까?,칼라일,capital,192,6344
니더작센주의 수도는 어디에 위치합니까?,하노버,capital,193,6345
니더작센주의 수도는 어디에 있습니까?,하노버,capital,193,6345
니더작센주의 수도로 무슨 도시가 있습니까?,하노버,capital,193,6345
니더작센주의 수도 도시를 이름짓으십시오. 대답은:,하노버,capital,193,6345
니더작센주는 어디에 수도가 있습니까?,하노버,capital,193,6345
잉글랜드 왕국의 수도는 어디에 위치합니까?,웨스트민스터,capital,194,6346
잉글랜드 왕국의 수도는 어디에 있습니까?,웨스트민스터,capital,194,6346
잉글랜드 왕국의 수도로 무슨 도시가 있습니까?,웨스트민스터,capital,194,6346
잉글랜드 왕국의 수도 도시를 이름짓으십시오. 대답은:,웨스트민스터,capital,194,6346
잉글랜드 왕국는 어디에 수도가 있습니까?,웨스트민스터,capital,194,6346
토리노현의 수도는 어디에 위치합니까?,토리노,capital,195,6347
토리노현의 수도는 어디에 있습니까?,토리노,capital,195,6347
토리노현의 수도로 무슨 도시가 있습니까?,토리노,capital,195,6347
토리노현의 수도 도시를 이름짓으십시오. 대답은:,토리노,capital,195,6347
토리노현는 어디에 수도가 있습니까?,토리노,capital,195,6347
노스캐롤라이나주의 수도는 어디에 위치합니까?,롤리,capital,196,6348
노스캐롤라이나주의 수도는 어디에 있습니까?,롤리,capital,196,6348
노스캐롤라이나주의 수도로 무슨 도시가 있습니까?,롤리,capital,196,6348
노스캐롤라이나주의 수도 도시를 이름짓으십시오. 대답은:,롤리,capital,196,6348
노스캐롤라이나주는 어디에 수도가 있습니까?,롤리,capital,196,6348
노던 준주의 수도는 어디에 위치합니까?,다윈,capital,197,6349
노던 준주의 수도는 어디에 있습니까?,다윈,capital,197,6349
노던 준주의 수도로 무슨 도시가 있습니까?,다윈,capital,197,6349
노던 준주의 수도 도시를 이름짓으십시오. 대답은:,다윈,capital,197,6349
노던 준주는 어디에 수도가 있습니까?,다윈,capital,197,6349
하노버 왕국의 수도는 어디에 위치합니까?,하노버,capital,198,6350
하노버 왕국의 수도는 어디에 있습니까?,하노버,capital,198,6350
하노버 왕국의 수도로 무슨 도시가 있습니까?,하노버,capital,198,6350
하노버 왕국의 수도 도시를 이름짓으십시오. 대답은:,하노버,capital,198,6350
하노버 왕국는 어디에 수도가 있습니까?,하노버,capital,198,6350
호르달란주의 수도는 어디에 위치합니까?,베르겐,capital,199,6351
호르달란주의 수도는 어디에 있습니까?,베르겐,capital,199,6351
호르달란주의 수도로 무슨 도시가 있습니까?,베르겐,capital,199,6351
호르달란주의 수도 도시를 이름짓으십시오. 대답은:,베르겐,capital,199,6351
호르달란주는 어디에 수도가 있습니까?,베르겐,capital,199,6351
사우스다코타주의 수도는 어디에 위치합니까?,피어,capital,200,6352
사우스다코타주의 수도는 어디에 있습니까?,피어,capital,200,6352
사우스다코타주의 수도로 무슨 도시가 있습니까?,피어,capital,200,6352
사우스다코타주의 수도 도시를 이름짓으십시오. 대답은:,피어,capital,200,6352
사우스다코타주는 어디에 수도가 있습니까?,피어,capital,200,6352
알자스의 수도는 어디에 위치합니까?,스트라스부르,capital,201,6353
알자스의 수도는 어디에 있습니까?,스트라스부르,capital,201,6353
알자스의 수도로 무슨 도시가 있습니까?,스트라스부르,capital,201,6353
알자스의 수도 도시를 이름짓으십시오. 대답은:,스트라스부르,capital,201,6353
알자스는 어디에 수도가 있습니까?,스트라스부르,capital,201,6353
온타리오주의 수도는 어디에 위치합니까?,토론토,capital,202,6354
온타리오주의 수도는 어디에 있습니까?,토론토,capital,202,6354
온타리오주의 수도로 무슨 도시가 있습니까?,토론토,capital,202,6354
온타리오주의 수도 도시를 이름짓으십시오. 대답은:,토론토,capital,202,6354
온타리오주는 어디에 수도가 있습니까?,토론토,capital,202,6354
매사추세츠주의 수도는 어디에 위치합니까?,보스턴,capital,203,6355
매사추세츠주의 수도는 어디에 있습니까?,보스턴,capital,203,6355
매사추세츠주의 수도로 무슨 도시가 있습니까?,보스턴,capital,203,6355
매사추세츠주의 수도 도시를 이름짓으십시오. 대답은:,보스턴,capital,203,6355
매사추세츠주는 어디에 수도가 있습니까?,보스턴,capital,203,6355
불가리아 왕국의 수도는 어디에 위치합니까?,소피아,capital,204,6356
불가리아 왕국의 수도는 어디에 있습니까?,소피아,capital,204,6356
불가리아 왕국의 수도로 무슨 도시가 있습니까?,소피아,capital,204,6356
불가리아 왕국의 수도 도시를 이름짓으십시오. 대답은:,소피아,capital,204,6356
불가리아 왕국는 어디에 수도가 있습니까?,소피아,capital,204,6356
나폴리도의 수도는 어디에 위치합니까?,나폴리,capital,205,6357
나폴리도의 수도는 어디에 있습니까?,나폴리,capital,205,6357
나폴리도의 수도로 무슨 도시가 있습니까?,나폴리,capital,205,6357
나폴리도의 수도 도시를 이름짓으십시오. 대답은:,나폴리,capital,205,6357
나폴리도는 어디에 수도가 있습니까?,나폴리,capital,205,6357
루마니아의 수도는 어디에 위치합니까?,부쿠레슈티,capital,206,6358
루마니아의 수도는 어디에 있습니까?,부쿠레슈티,capital,206,6358
루마니아의 수도로 무슨 도시가 있습니까?,부쿠레슈티,capital,206,6358
루마니아의 수도 도시를 이름짓으십시오. 대답은:,부쿠레슈티,capital,206,6358
루마니아는 어디에 수도가 있습니까?,부쿠레슈티,capital,206,6358
스위스의 수도는 어디에 위치합니까?,베른,capital,207,6359
스위스의 수도는 어디에 있습니까?,베른,capital,207,6359
스위스의 수도로 무슨 도시가 있습니까?,베른,capital,207,6359
스위스의 수도 도시를 이름짓으십시오. 대답은:,베른,capital,207,6359
스위스는 어디에 수도가 있습니까?,베른,capital,207,6359
오스트리아의 수도는 어디에 위치합니까?,빈,capital,208,6360
오스트리아의 수도는 어디에 있습니까?,빈,capital,208,6360
오스트리아의 수도로 무슨 도시가 있습니까?,빈,capital,208,6360
오스트리아의 수도 도시를 이름짓으십시오. 대답은:,빈,capital,208,6360
오스트리아는 어디에 수도가 있습니까?,빈,capital,208,6360
슬로바키아의 수도는 어디에 위치합니까?,브라티슬라바,capital,209,6361
슬로바키아의 수도는 어디에 있습니까?,브라티슬라바,capital,209,6361
슬로바키아의 수도로 무슨 도시가 있습니까?,브라티슬라바,capital,209,6361
슬로바키아의 수도 도시를 이름짓으십시오. 대답은:,브라티슬라바,capital,209,6361
슬로바키아는 어디에 수도가 있습니까?,브라티슬라바,capital,209,6361
잉글랜드의 수도는 어디에 위치합니까?,런던,capital,210,6362
잉글랜드의 수도는 어디에 있습니까?,런던,capital,210,6362
잉글랜드의 수도로 무슨 도시가 있습니까?,런던,capital,210,6362
잉글랜드의 수도 도시를 이름짓으십시오. 대답은:,런던,capital,210,6362
잉글랜드는 어디에 수도가 있습니까?,런던,capital,210,6362
이집트의 수도는 어디에 위치합니까?,카이로,capital,211,6363
이집트의 수도는 어디에 있습니까?,카이로,capital,211,6363
이집트의 수도로 무슨 도시가 있습니까?,카이로,capital,211,6363
이집트의 수도 도시를 이름짓으십시오. 대답은:,카이로,capital,211,6363
이집트는 어디에 수도가 있습니까?,카이로,capital,211,6363
우시마 지역의 수도는 어디에 위치합니까?,헬싱키,capital,212,6364
우시마 지역의 수도는 어디에 있습니까?,헬싱키,capital,212,6364
우시마 지역의 수도로 무슨 도시가 있습니까?,헬싱키,capital,212,6364
우시마 지역의 수도 도시를 이름짓으십시오. 대답은:,헬싱키,capital,212,6364
우시마 지역는 어디에 수도가 있습니까?,헬싱키,capital,212,6364
랭커셔주의 수도는 어디에 위치합니까?,프레스턴,capital,213,6365
랭커셔주의 수도는 어디에 있습니까?,프레스턴,capital,213,6365
랭커셔주의 수도로 무슨 도시가 있습니까?,프레스턴,capital,213,6365
랭커셔주의 수도 도시를 이름짓으십시오. 대답은:,프레스턴,capital,213,6365
랭커셔주는 어디에 수도가 있습니까?,프레스턴,capital,213,6365
히로시마현의 수도는 어디에 위치합니까?,히로시마시,capital,214,6366
히로시마현의 수도는 어디에 있습니까?,히로시마시,capital,214,6366
히로시마현의 수도로 무슨 도시가 있습니까?,히로시마시,capital,214,6366
히로시마현의 수도 도시를 이름짓으십시오. 대답은:,히로시마시,capital,214,6366
히로시마현는 어디에 수도가 있습니까?,히로시마시,capital,214,6366
신성 로마 제국의 수도는 어디에 위치합니까?,빈,capital,215,6367
신성 로마 제국의 수도는 어디에 있습니까?,빈,capital,215,6367
신성 로마 제국의 수도로 무슨 도시가 있습니까?,빈,capital,215,6367
신성 로마 제국의 수도 도시를 이름짓으십시오. 대답은:,빈,capital,215,6367
신성 로마 제국는 어디에 수도가 있습니까?,빈,capital,215,6367
그레이트브리튼 아일랜드 연합왕국의 수도는 어디에 위치합니까?,런던,capital,216,6368
그레이트브리튼 아일랜드 연합왕국의 수도는 어디에 있습니까?,런던,capital,216,6368
그레이트브리튼 아일랜드 연합왕국의 수도로 무슨 도시가 있습니까?,런던,capital,216,6368
그레이트브리튼 아일랜드 연합왕국의 수도 도시를 이름짓으십시오. 대답은:,런던,capital,216,6368
그레이트브리튼 아일랜드 연합왕국는 어디에 수도가 있습니까?,런던,capital,216,6368
나치 독일의 수도는 어디에 위치합니까?,베를린,capital,217,6369
나치 독일의 수도는 어디에 있습니까?,베를린,capital,217,6369
나치 독일의 수도로 무슨 도시가 있습니까?,베를린,capital,217,6369
나치 독일의 수도 도시를 이름짓으십시오. 대답은:,베를린,capital,217,6369
나치 독일는 어디에 수도가 있습니까?,베를린,capital,217,6369
시라쿠사도의 수도는 어디에 위치합니까?,시라쿠사,capital,218,6370
시라쿠사도의 수도는 어디에 있습니까?,시라쿠사,capital,218,6370
시라쿠사도의 수도로 무슨 도시가 있습니까?,시라쿠사,capital,218,6370
시라쿠사도의 수도 도시를 이름짓으십시오. 대답은:,시라쿠사,capital,218,6370
시라쿠사도는 어디에 수도가 있습니까?,시라쿠사,capital,218,6370
러시아 소비에트 연방 사회주의 공화국의 수도는 어디에 위치합니까?,모스크바,capital,219,6371
러시아 소비에트 연방 사회주의 공화국의 수도는 어디에 있습니까?,모스크바,capital,219,6371
러시아 소비에트 연방 사회주의 공화국의 수도로 무슨 도시가 있습니까?,모스크바,capital,219,6371
러시아 소비에트 연방 사회주의 공화국의 수도 도시를 이름짓으십시오. 대답은:,모스크바,capital,219,6371
러시아 소비에트 연방 사회주의 공화국는 어디에 수도가 있습니까?,모스크바,capital,219,6371
와이오밍주의 수도는 어디에 위치합니까?,샤이엔,capital,220,6372
와이오밍주의 수도는 어디에 있습니까?,샤이엔,capital,220,6372
와이오밍주의 수도로 무슨 도시가 있습니까?,샤이엔,capital,220,6372
와이오밍주의 수도 도시를 이름짓으십시오. 대답은:,샤이엔,capital,220,6372
와이오밍주는 어디에 수도가 있습니까?,샤이엔,capital,220,6372
우크라이나 소비에트 사회주의 공화국의 수도는 어디에 위치합니까?,키예프,capital,221,6373
우크라이나 소비에트 사회주의 공화국의 수도는 어디에 있습니까?,키예프,capital,221,6373
우크라이나 소비에트 사회주의 공화국의 수도로 무슨 도시가 있습니까?,키예프,capital,221,6373
우크라이나 소비에트 사회주의 공화국의 수도 도시를 이름짓으십시오. 대답은:,키예프,capital,221,6373
우크라이나 소비에트 사회주의 공화국는 어디에 수도가 있습니까?,키예프,capital,221,6373
비잔티움 제국의 수도는 어디에 위치합니까?,콘스탄티노폴리스,capital,222,6374
비잔티움 제국의 수도는 어디에 있습니까?,콘스탄티노폴리스,capital,222,6374
비잔티움 제국의 수도로 무슨 도시가 있습니까?,콘스탄티노폴리스,capital,222,6374
비잔티움 제국의 수도 도시를 이름짓으십시오. 대답은:,콘스탄티노폴리스,capital,222,6374
비잔티움 제국는 어디에 수도가 있습니까?,콘스탄티노폴리스,capital,222,6374
우마이야 칼리파조의 수도는 어디에 위치합니까?,다마스쿠스,capital,223,6375
우마이야 칼리파조의 수도는 어디에 있습니까?,다마스쿠스,capital,223,6375
우마이야 칼리파조의 수도로 무슨 도시가 있습니까?,다마스쿠스,capital,223,6375
우마이야 칼리파조의 수도 도시를 이름짓으십시오. 대답은:,다마스쿠스,capital,223,6375
우마이야 칼리파조는 어디에 수도가 있습니까?,다마스쿠스,capital,223,6375
태국의 수도는 어디에 위치합니까?,방콕,capital,224,6376
태국의 수도는 어디에 있습니까?,방콕,capital,224,6376
태국의 수도로 무슨 도시가 있습니까?,방콕,capital,224,6376
태국의 수도 도시를 이름짓으십시오. 대답은:,방콕,capital,224,6376
태국는 어디에 수도가 있습니까?,방콕,capital,224,6376
안드라프라데시주의 수도는 어디에 위치합니까?,하이데라바드,capital,225,6377
안드라프라데시주의 수도는 어디에 있습니까?,하이데라바드,capital,225,6377
안드라프라데시주의 수도로 무슨 도시가 있습니까?,하이데라바드,capital,225,6377
안드라프라데시주의 수도 도시를 이름짓으십시오. 대답은:,하이데라바드,capital,225,6377
안드라프라데시주는 어디에 수도가 있습니까?,하이데라바드,capital,225,6377
노르웨이의 수도는 어디에 위치합니까?,오슬로,capital,226,6378
노르웨이의 수도는 어디에 있습니까?,오슬로,capital,226,6378
노르웨이의 수도로 무슨 도시가 있습니까?,오슬로,capital,226,6378
노르웨이의 수도 도시를 이름짓으십시오. 대답은:,오슬로,capital,226,6378
노르웨이는 어디에 수도가 있습니까?,오슬로,capital,226,6378
라인란트팔츠주의 수도는 어디에 위치합니까?,마인츠,capital,227,6379
라인란트팔츠주의 수도는 어디에 있습니까?,마인츠,capital,227,6379
라인란트팔츠주의 수도로 무슨 도시가 있습니까?,마인츠,capital,227,6379
라인란트팔츠주의 수도 도시를 이름짓으십시오. 대답은:,마인츠,capital,227,6379
라인란트팔츠주는 어디에 수도가 있습니까?,마인츠,capital,227,6379
터키의 수도는 어디에 위치합니까?,앙카라,capital,228,6380
터키의 수도는 어디에 있습니까?,앙카라,capital,228,6380
터키의 수도로 무슨 도시가 있습니까?,앙카라,capital,228,6380
터키의 수도 도시를 이름짓으십시오. 대답은:,앙카라,capital,228,6380
터키는 어디에 수도가 있습니까?,앙카라,capital,228,6380
리프디마슈크주의 수도는 어디에 위치합니까?,다마스쿠스,capital,229,6381
리프디마슈크주의 수도는 어디에 있습니까?,다마스쿠스,capital,229,6381
리프디마슈크주의 수도로 무슨 도시가 있습니까?,다마스쿠스,capital,229,6381
리프디마슈크주의 수도 도시를 이름짓으십시오. 대답은:,다마스쿠스,capital,229,6381
리프디마슈크주는 어디에 수도가 있습니까?,다마스쿠스,capital,229,6381
슈바벤 현의 수도는 어디에 위치합니까?,아우크스부르크,capital,230,6382
슈바벤 현의 수도는 어디에 있습니까?,아우크스부르크,capital,230,6382
슈바벤 현의 수도로 무슨 도시가 있습니까?,아우크스부르크,capital,230,6382
슈바벤 현의 수도 도시를 이름짓으십시오. 대답은:,아우크스부르크,capital,230,6382
슈바벤 현는 어디에 수도가 있습니까?,아우크스부르크,capital,230,6382
일본의 군정기의 수도는 어디에 위치합니까?,도쿄도,capital,231,6383
일본의 군정기의 수도는 어디에 있습니까?,도쿄도,capital,231,6383
일본의 군정기의 수도로 무슨 도시가 있습니까?,도쿄도,capital,231,6383
일본의 군정기의 수도 도시를 이름짓으십시오. 대답은:,도쿄도,capital,231,6383
일본의 군정기는 어디에 수도가 있습니까?,도쿄도,capital,231,6383
로드아일랜드주의 수도는 어디에 위치합니까?,프로비던스,capital,232,6384
로드아일랜드주의 수도는 어디에 있습니까?,프로비던스,capital,232,6384
로드아일랜드주의 수도로 무슨 도시가 있습니까?,프로비던스,capital,232,6384
로드아일랜드주의 수도 도시를 이름짓으십시오. 대답은:,프로비던스,capital,232,6384
로드아일랜드주는 어디에 수도가 있습니까?,프로비던스,capital,232,6384
아이다호주의 수도는 어디에 위치합니까?,보이시,capital,233,6385
아이다호주의 수도는 어디에 있습니까?,보이시,capital,233,6385
아이다호주의 수도로 무슨 도시가 있습니까?,보이시,capital,233,6385
아이다호주의 수도 도시를 이름짓으십시오. 대답은:,보이시,capital,233,6385
아이다호주는 어디에 수도가 있습니까?,보이시,capital,233,6385
크로아티아의 수도는 어디에 위치합니까?,자그레브,capital,234,6386
크로아티아의 수도는 어디에 있습니까?,자그레브,capital,234,6386
크로아티아의 수도로 무슨 도시가 있습니까?,자그레브,capital,234,6386
크로아티아의 수도 도시를 이름짓으십시오. 대답은:,자그레브,capital,234,6386
크로아티아는 어디에 수도가 있습니까?,자그레브,capital,234,6386
코크주의 수도는 어디에 위치합니까?,코크,capital,235,6387
코크주의 수도는 어디에 있습니까?,코크,capital,235,6387
코크주의 수도로 무슨 도시가 있습니까?,코크,capital,235,6387
코크주의 수도 도시를 이름짓으십시오. 대답은:,코크,capital,235,6387
코크주는 어디에 수도가 있습니까?,코크,capital,235,6387
베네치아현의 수도는 어디에 위치합니까?,베네치아,capital,236,6388
베네치아현의 수도는 어디에 있습니까?,베네치아,capital,236,6388
베네치아현의 수도로 무슨 도시가 있습니까?,베네치아,capital,236,6388
베네치아현의 수도 도시를 이름짓으십시오. 대답은:,베네치아,capital,236,6388
베네치아현는 어디에 수도가 있습니까?,베네치아,capital,236,6388
웨섹스 왕국의 수도는 어디에 위치합니까?,윈체스터,capital,237,6389
웨섹스 왕국의 수도는 어디에 있습니까?,윈체스터,capital,237,6389
웨섹스 왕국의 수도로 무슨 도시가 있습니까?,윈체스터,capital,237,6389
웨섹스 왕국의 수도 도시를 이름짓으십시오. 대답은:,윈체스터,capital,237,6389
웨섹스 왕국는 어디에 수도가 있습니까?,윈체스터,capital,237,6389
로마 제국의 수도는 어디에 위치합니까?,로마,capital,238,6390
로마 제국의 수도는 어디에 있습니까?,로마,capital,238,6390
로마 제국의 수도로 무슨 도시가 있습니까?,로마,capital,238,6390
로마 제국의 수도 도시를 이름짓으십시오. 대답은:,로마,capital,238,6390
로마 제국는 어디에 수도가 있습니까?,로마,capital,238,6390
알제리의 수도는 어디에 위치합니까?,알제,capital,239,6391
알제리의 수도는 어디에 있습니까?,알제,capital,239,6391
알제리의 수도로 무슨 도시가 있습니까?,알제,capital,239,6391
알제리의 수도 도시를 이름짓으십시오. 대답은:,알제,capital,239,6391
알제리는 어디에 수도가 있습니까?,알제,capital,239,6391
브리티시컬럼비아주의 수도는 어디에 위치합니까?,빅토리아,capital,240,6392
브리티시컬럼비아주의 수도는 어디에 있습니까?,빅토리아,capital,240,6392
브리티시컬럼비아주의 수도로 무슨 도시가 있습니까?,빅토리아,capital,240,6392
브리티시컬럼비아주의 수도 도시를 이름짓으십시오. 대답은:,빅토리아,capital,240,6392
브리티시컬럼비아주는 어디에 수도가 있습니까?,빅토리아,capital,240,6392
서벵골주의 수도는 어디에 위치합니까?,콜카타,capital,241,6393
서벵골주의 수도는 어디에 있습니까?,콜카타,capital,241,6393
서벵골주의 수도로 무슨 도시가 있습니까?,콜카타,capital,241,6393
서벵골주의 수도 도시를 이름짓으십시오. 대답은:,콜카타,capital,241,6393
서벵골주는 어디에 수도가 있습니까?,콜카타,capital,241,6393
보헤미아 왕국의 수도는 어디에 위치합니까?,프라하,capital,242,6394
보헤미아 왕국의 수도는 어디에 있습니까?,프라하,capital,242,6394
보헤미아 왕국의 수도로 무슨 도시가 있습니까?,프라하,capital,242,6394
보헤미아 왕국의 수도 도시를 이름짓으십시오. 대답은:,프라하,capital,242,6394
보헤미아 왕국는 어디에 수도가 있습니까?,프라하,capital,242,6394
모스크바주의 수도는 어디에 위치합니까?,모스크바,capital,243,6395
모스크바주의 수도는 어디에 있습니까?,모스크바,capital,243,6395
모스크바주의 수도로 무슨 도시가 있습니까?,모스크바,capital,243,6395
모스크바주의 수도 도시를 이름짓으십시오. 대답은:,모스크바,capital,243,6395
모스크바주는 어디에 수도가 있습니까?,모스크바,capital,243,6395
레바논의 수도는 어디에 위치합니까?,베이루트,capital,244,6396
레바논의 수도는 어디에 있습니까?,베이루트,capital,244,6396
레바논의 수도로 무슨 도시가 있습니까?,베이루트,capital,244,6396
레바논의 수도 도시를 이름짓으십시오. 대답은:,베이루트,capital,244,6396
레바논는 어디에 수도가 있습니까?,베이루트,capital,244,6396
라트비아의 수도는 어디에 위치합니까?,리가,capital,245,6397
라트비아의 수도는 어디에 있습니까?,리가,capital,245,6397
라트비아의 수도로 무슨 도시가 있습니까?,리가,capital,245,6397
라트비아의 수도 도시를 이름짓으십시오. 대답은:,리가,capital,245,6397
라트비아는 어디에 수도가 있습니까?,리가,capital,245,6397
일본 제국의 수도는 어디에 위치합니까?,도쿄도,capital,246,6398
일본 제국의 수도는 어디에 있습니까?,도쿄도,capital,246,6398
일본 제국의 수도로 무슨 도시가 있습니까?,도쿄도,capital,246,6398
일본 제국의 수도 도시를 이름짓으십시오. 대답은:,도쿄도,capital,246,6398
일본 제국는 어디에 수도가 있습니까?,도쿄도,capital,246,6398
웨일스의 수도는 어디에 위치합니까?,카디프,capital,247,6399
웨일스의 수도는 어디에 있습니까?,카디프,capital,247,6399
웨일스의 수도로 무슨 도시가 있습니까?,카디프,capital,247,6399
웨일스의 수도 도시를 이름짓으십시오. 대답은:,카디프,capital,247,6399
웨일스는 어디에 수도가 있습니까?,카디프,capital,247,6399
델리 술탄 왕조의 수도는 어디에 위치합니까?,델리,capital,248,6400
델리 술탄 왕조의 수도는 어디에 있습니까?,델리,capital,248,6400
델리 술탄 왕조의 수도로 무슨 도시가 있습니까?,델리,capital,248,6400
델리 술탄 왕조의 수도 도시를 이름짓으십시오. 대답은:,델리,capital,248,6400
델리 술탄 왕조는 어디에 수도가 있습니까?,델리,capital,248,6400
아프가니스탄 민주공화국의 수도는 어디에 위치합니까?,카불,capital,249,6401
아프가니스탄 민주공화국의 수도는 어디에 있습니까?,카불,capital,249,6401
아프가니스탄 민주공화국의 수도로 무슨 도시가 있습니까?,카불,capital,249,6401
아프가니스탄 민주공화국의 수도 도시를 이름짓으십시오. 대답은:,카불,capital,249,6401
아프가니스탄 민주공화국는 어디에 수도가 있습니까?,카불,capital,249,6401
폴란드의 수도는 어디에 위치합니까?,바르샤바,capital,250,6402
폴란드의 수도는 어디에 있습니까?,바르샤바,capital,250,6402
폴란드의 수도로 무슨 도시가 있습니까?,바르샤바,capital,250,6402
폴란드의 수도 도시를 이름짓으십시오. 대답은:,바르샤바,capital,250,6402
폴란드는 어디에 수도가 있습니까?,바르샤바,capital,250,6402
카자르 왕조의 수도는 어디에 위치합니까?,테헤란,capital,251,6403
카자르 왕조의 수도는 어디에 있습니까?,테헤란,capital,251,6403
카자르 왕조의 수도로 무슨 도시가 있습니까?,테헤란,capital,251,6403
카자르 왕조의 수도 도시를 이름짓으십시오. 대답은:,테헤란,capital,251,6403
카자르 왕조는 어디에 수도가 있습니까?,테헤란,capital,251,6403
아바스 왕조의 수도는 어디에 위치합니까?,바그다드,capital,252,6404
아바스 왕조의 수도는 어디에 있습니까?,바그다드,capital,252,6404
아바스 왕조의 수도로 무슨 도시가 있습니까?,바그다드,capital,252,6404
아바스 왕조의 수도 도시를 이름짓으십시오. 대답은:,바그다드,capital,252,6404
아바스 왕조는 어디에 수도가 있습니까?,바그다드,capital,252,6404
신드주의 수도는 어디에 위치합니까?,카라치,capital,253,6405
신드주의 수도는 어디에 있습니까?,카라치,capital,253,6405
신드주의 수도로 무슨 도시가 있습니까?,카라치,capital,253,6405
신드주의 수도 도시를 이름짓으십시오. 대답은:,카라치,capital,253,6405
신드주는 어디에 수도가 있습니까?,카라치,capital,253,6405
아케르스후스주의 수도는 어디에 위치합니까?,오슬로,capital,254,6406
아케르스후스주의 수도는 어디에 있습니까?,오슬로,capital,254,6406
아케르스후스주의 수도로 무슨 도시가 있습니까?,오슬로,capital,254,6406
아케르스후스주의 수도 도시를 이름짓으십시오. 대답은:,오슬로,capital,254,6406
아케르스후스주는 어디에 수도가 있습니까?,오슬로,capital,254,6406
남예멘의 수도는 어디에 위치합니까?,아덴,capital,255,6407
남예멘의 수도는 어디에 있습니까?,아덴,capital,255,6407
남예멘의 수도로 무슨 도시가 있습니까?,아덴,capital,255,6407
남예멘의 수도 도시를 이름짓으십시오. 대답은:,아덴,capital,255,6407
남예멘는 어디에 수도가 있습니까?,아덴,capital,255,6407
누벨아키텐의 수도는 어디에 위치합니까?,보르도,capital,256,6408
누벨아키텐의 수도는 어디에 있습니까?,보르도,capital,256,6408
누벨아키텐의 수도로 무슨 도시가 있습니까?,보르도,capital,256,6408
누벨아키텐의 수도 도시를 이름짓으십시오. 대답은:,보르도,capital,256,6408
누벨아키텐는 어디에 수도가 있습니까?,보르도,capital,256,6408
노스웨스트잉글랜드의 수도는 어디에 위치합니까?,맨체스터,capital,257,6409
노스웨스트잉글랜드의 수도는 어디에 있습니까?,맨체스터,capital,257,6409
노스웨스트잉글랜드의 수도로 무슨 도시가 있습니까?,맨체스터,capital,257,6409
노스웨스트잉글랜드의 수도 도시를 이름짓으십시오. 대답은:,맨체스터,capital,257,6409
노스웨스트잉글랜드는 어디에 수도가 있습니까?,맨체스터,capital,257,6409
중화인민공화국의 수도는 어디에 위치합니까?,베이징시,capital,258,6410
중화인민공화국의 수도는 어디에 있습니까?,베이징시,capital,258,6410
중화인민공화국의 수도로 무슨 도시가 있습니까?,베이징시,capital,258,6410
중화인민공화국의 수도 도시를 이름짓으십시오. 대답은:,베이징시,capital,258,6410
중화인민공화국는 어디에 수도가 있습니까?,베이징시,capital,258,6410
이집트 고왕국의 수도는 어디에 위치합니까?,멤피스,capital,259,6411
이집트 고왕국의 수도는 어디에 있습니까?,멤피스,capital,259,6411
이집트 고왕국의 수도로 무슨 도시가 있습니까?,멤피스,capital,259,6411
이집트 고왕국의 수도 도시를 이름짓으십시오. 대답은:,멤피스,capital,259,6411
이집트 고왕국는 어디에 수도가 있습니까?,멤피스,capital,259,6411
버뮤다의 수도는 어디에 위치합니까?,해밀턴,capital,260,6412
버뮤다의 수도는 어디에 있습니까?,해밀턴,capital,260,6412
버뮤다의 수도로 무슨 도시가 있습니까?,해밀턴,capital,260,6412
버뮤다의 수도 도시를 이름짓으십시오. 대답은:,해밀턴,capital,260,6412
버뮤다는 어디에 수도가 있습니까?,해밀턴,capital,260,6412
오트가론주의 수도는 어디에 위치합니까?,툴루즈,capital,261,6413
오트가론주의 수도는 어디에 있습니까?,툴루즈,capital,261,6413
오트가론주의 수도로 무슨 도시가 있습니까?,툴루즈,capital,261,6413
오트가론주의 수도 도시를 이름짓으십시오. 대답은:,툴루즈,capital,261,6413
오트가론주는 어디에 수도가 있습니까?,툴루즈,capital,261,6413
아랍 연합 공화국의 수도는 어디에 위치합니까?,카이로,capital,262,6414
아랍 연합 공화국의 수도는 어디에 있습니까?,카이로,capital,262,6414
아랍 연합 공화국의 수도로 무슨 도시가 있습니까?,카이로,capital,262,6414
아랍 연합 공화국의 수도 도시를 이름짓으십시오. 대답은:,카이로,capital,262,6414
아랍 연합 공화국는 어디에 수도가 있습니까?,카이로,capital,262,6414
헤리퍼드셔주의 수도는 어디에 위치합니까?,헤리퍼드,capital,263,6415
헤리퍼드셔주의 수도는 어디에 있습니까?,헤리퍼드,capital,263,6415
헤리퍼드셔주의 수도로 무슨 도시가 있습니까?,헤리퍼드,capital,263,6415
헤리퍼드셔주의 수도 도시를 이름짓으십시오. 대답은:,헤리퍼드,capital,263,6415
헤리퍼드셔주는 어디에 수도가 있습니까?,헤리퍼드,capital,263,6415
지롱드주의 수도는 어디에 위치합니까?,보르도,capital,264,6416
지롱드주의 수도는 어디에 있습니까?,보르도,capital,264,6416
지롱드주의 수도로 무슨 도시가 있습니까?,보르도,capital,264,6416
지롱드주의 수도 도시를 이름짓으십시오. 대답은:,보르도,capital,264,6416
지롱드주는 어디에 수도가 있습니까?,보르도,capital,264,6416
밀라노현의 수도는 어디에 위치합니까?,밀라노,capital,265,6417
밀라노현의 수도는 어디에 있습니까?,밀라노,capital,265,6417
밀라노현의 수도로 무슨 도시가 있습니까?,밀라노,capital,265,6417
밀라노현의 수도 도시를 이름짓으십시오. 대답은:,밀라노,capital,265,6417
밀라노현는 어디에 수도가 있습니까?,밀라노,capital,265,6417
핀란드의 수도는 어디에 위치합니까?,헬싱키,capital,266,6418
핀란드의 수도는 어디에 있습니까?,헬싱키,capital,266,6418
핀란드의 수도로 무슨 도시가 있습니까?,헬싱키,capital,266,6418
핀란드의 수도 도시를 이름짓으십시오. 대답은:,헬싱키,capital,266,6418
핀란드는 어디에 수도가 있습니까?,헬싱키,capital,266,6418
시리아의 수도는 어디에 위치합니까?,다마스쿠스,capital,267,6419
시리아의 수도는 어디에 있습니까?,다마스쿠스,capital,267,6419
시리아의 수도로 무슨 도시가 있습니까?,다마스쿠스,capital,267,6419
시리아의 수도 도시를 이름짓으십시오. 대답은:,다마스쿠스,capital,267,6419
시리아는 어디에 수도가 있습니까?,다마스쿠스,capital,267,6419
발렌시아 지방의 수도는 어디에 위치합니까?,발렌시아,capital,268,6420
발렌시아 지방의 수도는 어디에 있습니까?,발렌시아,capital,268,6420
발렌시아 지방의 수도로 무슨 도시가 있습니까?,발렌시아,capital,268,6420
발렌시아 지방의 수도 도시를 이름짓으십시오. 대답은:,발렌시아,capital,268,6420
발렌시아 지방는 어디에 수도가 있습니까?,발렌시아,capital,268,6420
벨로루시 소비에트 사회주의 공화국의 수도는 어디에 위치합니까?,민스크,capital,269,6421
벨로루시 소비에트 사회주의 공화국의 수도는 어디에 있습니까?,민스크,capital,269,6421
벨로루시 소비에트 사회주의 공화국의 수도로 무슨 도시가 있습니까?,민스크,capital,269,6421
벨로루시 소비에트 사회주의 공화국의 수도 도시를 이름짓으십시오. 대답은:,민스크,capital,269,6421
벨로루시 소비에트 사회주의 공화국는 어디에 수도가 있습니까?,민스크,capital,269,6421
제노바 공화국의 수도는 어디에 위치합니까?,제노바,capital,270,6422
제노바 공화국의 수도는 어디에 있습니까?,제노바,capital,270,6422
제노바 공화국의 수도로 무슨 도시가 있습니까?,제노바,capital,270,6422
제노바 공화국의 수도 도시를 이름짓으십시오. 대답은:,제노바,capital,270,6422
제노바 공화국는 어디에 수도가 있습니까?,제노바,capital,270,6422
벨기에의 수도는 어디에 위치합니까?,브뤼셀 시,capital,271,6423
벨기에의 수도는 어디에 있습니까?,브뤼셀 시,capital,271,6423
벨기에의 수도로 무슨 도시가 있습니까?,브뤼셀 시,capital,271,6423
벨기에의 수도 도시를 이름짓으십시오. 대답은:,브뤼셀 시,capital,271,6423
벨기에는 어디에 수도가 있습니까?,브뤼셀 시,capital,271,6423
티라나 현의 수도는 어디에 위치합니까?,티라나,capital,272,6424
티라나 현의 수도는 어디에 있습니까?,티라나,capital,272,6424
티라나 현의 수도로 무슨 도시가 있습니까?,티라나,capital,272,6424
티라나 현의 수도 도시를 이름짓으십시오. 대답은:,티라나,capital,272,6424
티라나 현는 어디에 수도가 있습니까?,티라나,capital,272,6424
리구리아주의 수도는 어디에 위치합니까?,제노바,capital,273,6425
리구리아주의 수도는 어디에 있습니까?,제노바,capital,273,6425
리구리아주의 수도로 무슨 도시가 있습니까?,제노바,capital,273,6425
리구리아주의 수도 도시를 이름짓으십시오. 대답은:,제노바,capital,273,6425
리구리아주는 어디에 수도가 있습니까?,제노바,capital,273,6425
아키텐의 수도는 어디에 위치합니까?,보르도,capital,274,6426
아키텐의 수도는 어디에 있습니까?,보르도,capital,274,6426
아키텐의 수도로 무슨 도시가 있습니까?,보르도,capital,274,6426
아키텐의 수도 도시를 이름짓으십시오. 대답은:,보르도,capital,274,6426
아키텐는 어디에 수도가 있습니까?,보르도,capital,274,6426
오스트리아-헝가리 제국의 수도는 어디에 위치합니까?,빈,capital,275,6427
오스트리아-헝가리 제국의 수도는 어디에 있습니까?,빈,capital,275,6427
오스트리아-헝가리 제국의 수도로 무슨 도시가 있습니까?,빈,capital,275,6427
오스트리아-헝가리 제국의 수도 도시를 이름짓으십시오. 대답은:,빈,capital,275,6427
오스트리아-헝가리 제국는 어디에 수도가 있습니까?,빈,capital,275,6427
로마도의 수도는 어디에 위치합니까?,로마,capital,276,6428
로마도의 수도는 어디에 있습니까?,로마,capital,276,6428
로마도의 수도로 무슨 도시가 있습니까?,로마,capital,276,6428
로마도의 수도 도시를 이름짓으십시오. 대답은:,로마,capital,276,6428
로마도는 어디에 수도가 있습니까?,로마,capital,276,6428
스톡홀름주의 수도는 어디에 위치합니까?,스톡홀름,capital,277,6429
스톡홀름주의 수도는 어디에 있습니까?,스톡홀름,capital,277,6429
스톡홀름주의 수도로 무슨 도시가 있습니까?,스톡홀름,capital,277,6429
스톡홀름주의 수도 도시를 이름짓으십시오. 대답은:,스톡홀름,capital,277,6429
스톡홀름주는 어디에 수도가 있습니까?,스톡홀름,capital,277,6429
이집트 왕국의 수도는 어디에 위치합니까?,카이로,capital,278,6430
이집트 왕국의 수도는 어디에 있습니까?,카이로,capital,278,6430
이집트 왕국의 수도로 무슨 도시가 있습니까?,카이로,capital,278,6430
이집트 왕국의 수도 도시를 이름짓으십시오. 대답은:,카이로,capital,278,6430
이집트 왕국는 어디에 수도가 있습니까?,카이로,capital,278,6430
테네시주의 수도는 어디에 위치합니까?,내슈빌,capital,279,6431
테네시주의 수도는 어디에 있습니까?,내슈빌,capital,279,6431
테네시주의 수도로 무슨 도시가 있습니까?,내슈빌,capital,279,6431
테네시주의 수도 도시를 이름짓으십시오. 대답은:,내슈빌,capital,279,6431
테네시주는 어디에 수도가 있습니까?,내슈빌,capital,279,6431
사가현의 수도는 어디에 위치합니까?,사가시,capital,280,6432
사가현의 수도는 어디에 있습니까?,사가시,capital,280,6432
사가현의 수도로 무슨 도시가 있습니까?,사가시,capital,280,6432
사가현의 수도 도시를 이름짓으십시오. 대답은:,사가시,capital,280,6432
사가현는 어디에 수도가 있습니까?,사가시,capital,280,6432
스웨덴의 수도는 어디에 위치합니까?,스톡홀름,capital,281,6433
스웨덴의 수도는 어디에 있습니까?,스톡홀름,capital,281,6433
스웨덴의 수도로 무슨 도시가 있습니까?,스톡홀름,capital,281,6433
스웨덴의 수도 도시를 이름짓으십시오. 대답은:,스톡홀름,capital,281,6433
스웨덴는 어디에 수도가 있습니까?,스톡홀름,capital,281,6433
프랑스령 알제리의 수도는 어디에 위치합니까?,알제,capital,282,6434
프랑스령 알제리의 수도는 어디에 있습니까?,알제,capital,282,6434
프랑스령 알제리의 수도로 무슨 도시가 있습니까?,알제,capital,282,6434
프랑스령 알제리의 수도 도시를 이름짓으십시오. 대답은:,알제,capital,282,6434
프랑스령 알제리는 어디에 수도가 있습니까?,알제,capital,282,6434
오하이오주의 수도는 어디에 위치합니까?,콜럼버스,capital,283,6435
오하이오주의 수도는 어디에 있습니까?,콜럼버스,capital,283,6435
오하이오주의 수도로 무슨 도시가 있습니까?,콜럼버스,capital,283,6435
오하이오주의 수도 도시를 이름짓으십시오. 대답은:,콜럼버스,capital,283,6435
오하이오주는 어디에 수도가 있습니까?,콜럼버스,capital,283,6435
사우스캐롤라이나주의 수도는 어디에 위치합니까?,컬럼비아,capital,284,6436
사우스캐롤라이나주의 수도는 어디에 있습니까?,컬럼비아,capital,284,6436
사우스캐롤라이나주의 수도로 무슨 도시가 있습니까?,컬럼비아,capital,284,6436
사우스캐롤라이나주의 수도 도시를 이름짓으십시오. 대답은:,컬럼비아,capital,284,6436
사우스캐롤라이나주는 어디에 수도가 있습니까?,컬럼비아,capital,284,6436
자메이카의 수도는 어디에 위치합니까?,킹스턴,capital,285,6437
자메이카의 수도는 어디에 있습니까?,킹스턴,capital,285,6437
자메이카의 수도로 무슨 도시가 있습니까?,킹스턴,capital,285,6437
자메이카의 수도 도시를 이름짓으십시오. 대답은:,킹스턴,capital,285,6437
자메이카는 어디에 수도가 있습니까?,킹스턴,capital,285,6437
키예프 루스의 수도는 어디에 위치합니까?,키예프,capital,286,6438
키예프 루스의 수도는 어디에 있습니까?,키예프,capital,286,6438
키예프 루스의 수도로 무슨 도시가 있습니까?,키예프,capital,286,6438
키예프 루스의 수도 도시를 이름짓으십시오. 대답은:,키예프,capital,286,6438
키예프 루스는 어디에 수도가 있습니까?,키예프,capital,286,6438
오트잘프주의 수도는 어디에 위치합니까?,가프,capital,287,6439
오트잘프주의 수도는 어디에 있습니까?,가프,capital,287,6439
오트잘프주의 수도로 무슨 도시가 있습니까?,가프,capital,287,6439
오트잘프주의 수도 도시를 이름짓으십시오. 대답은:,가프,capital,287,6439
오트잘프주는 어디에 수도가 있습니까?,가프,capital,287,6439
잉글랜드 왕국의 수도는 어디에 위치합니까?,런던,capital,288,6440
잉글랜드 왕국의 수도는 어디에 있습니까?,런던,capital,288,6440
잉글랜드 왕국의 수도로 무슨 도시가 있습니까?,런던,capital,288,6440
잉글랜드 왕국의 수도 도시를 이름짓으십시오. 대답은:,런던,capital,288,6440
잉글랜드 왕국는 어디에 수도가 있습니까?,런던,capital,288,6440
카탈루냐 지방의 수도는 어디에 위치합니까?,바르셀로나,capital,289,6441
카탈루냐 지방의 수도는 어디에 있습니까?,바르셀로나,capital,289,6441
카탈루냐 지방의 수도로 무슨 도시가 있습니까?,바르셀로나,capital,289,6441
카탈루냐 지방의 수도 도시를 이름짓으십시오. 대답은:,바르셀로나,capital,289,6441
카탈루냐 지방는 어디에 수도가 있습니까?,바르셀로나,capital,289,6441
파리 코뮌의 수도는 어디에 위치합니까?,파리,capital,290,6442
파리 코뮌의 수도는 어디에 있습니까?,파리,capital,290,6442
파리 코뮌의 수도로 무슨 도시가 있습니까?,파리,capital,290,6442
파리 코뮌의 수도 도시를 이름짓으십시오. 대답은:,파리,capital,290,6442
파리 코뮌는 어디에 수도가 있습니까?,파리,capital,290,6442
피에몬테주의 수도는 어디에 위치합니까?,토리노,capital,291,6443
피에몬테주의 수도는 어디에 있습니까?,토리노,capital,291,6443
피에몬테주의 수도로 무슨 도시가 있습니까?,토리노,capital,291,6443
피에몬테주의 수도 도시를 이름짓으십시오. 대답은:,토리노,capital,291,6443
피에몬테주는 어디에 수도가 있습니까?,토리노,capital,291,6443
체코의 수도는 어디에 위치합니까?,프라하,capital,292,6444
체코의 수도는 어디에 있습니까?,프라하,capital,292,6444
체코의 수도로 무슨 도시가 있습니까?,프라하,capital,292,6444
체코의 수도 도시를 이름짓으십시오. 대답은:,프라하,capital,292,6444
체코는 어디에 수도가 있습니까?,프라하,capital,292,6444
노바스코샤주의 수도는 어디에 위치합니까?,핼리팩스,capital,293,6445
노바스코샤주의 수도는 어디에 있습니까?,핼리팩스,capital,293,6445
노바스코샤주의 수도로 무슨 도시가 있습니까?,핼리팩스,capital,293,6445
노바스코샤주의 수도 도시를 이름짓으십시오. 대답은:,핼리팩스,capital,293,6445
노바스코샤주는 어디에 수도가 있습니까?,핼리팩스,capital,293,6445
옥스퍼드셔주의 수도는 어디에 위치합니까?,옥스퍼드,capital,294,6446
옥스퍼드셔주의 수도는 어디에 있습니까?,옥스퍼드,capital,294,6446
옥스퍼드셔주의 수도로 무슨 도시가 있습니까?,옥스퍼드,capital,294,6446
옥스퍼드셔주의 수도 도시를 이름짓으십시오. 대답은:,옥스퍼드,capital,294,6446
옥스퍼드셔주는 어디에 수도가 있습니까?,옥스퍼드,capital,294,6446
유럽 연합의 수도는 어디에 위치합니까?,브뤼셀 시,capital,295,6447
유럽 연합의 수도는 어디에 있습니까?,브뤼셀 시,capital,295,6447
유럽 연합의 수도로 무슨 도시가 있습니까?,브뤼셀 시,capital,295,6447
유럽 연합의 수도 도시를 이름짓으십시오. 대답은:,브뤼셀 시,capital,295,6447
유럽 연합는 어디에 수도가 있습니까?,브뤼셀 시,capital,295,6447
유고슬라비아 사회주의 연방공화국의 수도는 어디에 위치합니까?,베오그라드,capital,296,6448
유고슬라비아 사회주의 연방공화국의 수도는 어디에 있습니까?,베오그라드,capital,296,6448
유고슬라비아 사회주의 연방공화국의 수도로 무슨 도시가 있습니까?,베오그라드,capital,296,6448
유고슬라비아 사회주의 연방공화국의 수도 도시를 이름짓으십시오. 대답은:,베오그라드,capital,296,6448
유고슬라비아 사회주의 연방공화국는 어디에 수도가 있습니까?,베오그라드,capital,296,6448
영국령 인도 제국의 수도는 어디에 위치합니까?,콜카타,capital,297,6449
영국령 인도 제국의 수도는 어디에 있습니까?,콜카타,capital,297,6449
영국령 인도 제국의 수도로 무슨 도시가 있습니까?,콜카타,capital,297,6449
영국령 인도 제국의 수도 도시를 이름짓으십시오. 대답은:,콜카타,capital,297,6449
영국령 인도 제국는 어디에 수도가 있습니까?,콜카타,capital,297,6449
청나라의 수도는 어디에 위치합니까?,베이징시,capital,298,6450
청나라의 수도는 어디에 있습니까?,베이징시,capital,298,6450
청나라의 수도로 무슨 도시가 있습니까?,베이징시,capital,298,6450
청나라의 수도 도시를 이름짓으십시오. 대답은:,베이징시,capital,298,6450
청나라는 어디에 수도가 있습니까?,베이징시,capital,298,6450
리투아니아 대공국의 수도는 어디에 위치합니까?,빌뉴스,capital,299,6451
리투아니아 대공국의 수도는 어디에 있습니까?,빌뉴스,capital,299,6451
리투아니아 대공국의 수도로 무슨 도시가 있습니까?,빌뉴스,capital,299,6451
리투아니아 대공국의 수도 도시를 이름짓으십시오. 대답은:,빌뉴스,capital,299,6451
리투아니아 대공국는 어디에 수도가 있습니까?,빌뉴스,capital,299,6451
사르데냐 왕국의 수도는 어디에 위치합니까?,토리노,capital,300,6452
사르데냐 왕국의 수도는 어디에 있습니까?,토리노,capital,300,6452
사르데냐 왕국의 수도로 무슨 도시가 있습니까?,토리노,capital,300,6452
사르데냐 왕국의 수도 도시를 이름짓으십시오. 대답은:,토리노,capital,300,6452
사르데냐 왕국는 어디에 수도가 있습니까?,토리노,capital,300,6452
메릴랜드주의 수도는 어디에 위치합니까?,아나폴리스,capital,301,6453
메릴랜드주의 수도는 어디에 있습니까?,아나폴리스,capital,301,6453
메릴랜드주의 수도로 무슨 도시가 있습니까?,아나폴리스,capital,301,6453
메릴랜드주의 수도 도시를 이름짓으십시오. 대답은:,아나폴리스,capital,301,6453
메릴랜드주는 어디에 수도가 있습니까?,아나폴리스,capital,301,6453
바이마르 공화국의 수도는 어디에 위치합니까?,베를린,capital,302,6454
바이마르 공화국의 수도는 어디에 있습니까?,베를린,capital,302,6454
바이마르 공화국의 수도로 무슨 도시가 있습니까?,베를린,capital,302,6454
바이마르 공화국의 수도 도시를 이름짓으십시오. 대답은:,베를린,capital,302,6454
바이마르 공화국는 어디에 수도가 있습니까?,베를린,capital,302,6454
아메리카 남부 연합의 수도는 어디에 위치합니까?,리치먼드,capital,303,6455
아메리카 남부 연합의 수도는 어디에 있습니까?,리치먼드,capital,303,6455
아메리카 남부 연합의 수도로 무슨 도시가 있습니까?,리치먼드,capital,303,6455
아메리카 남부 연합의 수도 도시를 이름짓으십시오. 대답은:,리치먼드,capital,303,6455
아메리카 남부 연합는 어디에 수도가 있습니까?,리치먼드,capital,303,6455
네우스트리아의 수도는 어디에 위치합니까?,파리,capital,304,6456
네우스트리아의 수도는 어디에 있습니까?,파리,capital,304,6456
네우스트리아의 수도로 무슨 도시가 있습니까?,파리,capital,304,6456
네우스트리아의 수도 도시를 이름짓으십시오. 대답은:,파리,capital,304,6456
네우스트리아는 어디에 수도가 있습니까?,파리,capital,304,6456
바이에른주의 수도는 어디에 위치합니까?,뮌헨,capital,305,6457
바이에른주의 수도는 어디에 있습니까?,뮌헨,capital,305,6457
바이에른주의 수도로 무슨 도시가 있습니까?,뮌헨,capital,305,6457
바이에른주의 수도 도시를 이름짓으십시오. 대답은:,뮌헨,capital,305,6457
바이에른주는 어디에 수도가 있습니까?,뮌헨,capital,305,6457
하와이주의 수도는 어디에 위치합니까?,호놀룰루,capital,306,6458
하와이주의 수도는 어디에 있습니까?,호놀룰루,capital,306,6458
하와이주의 수도로 무슨 도시가 있습니까?,호놀룰루,capital,306,6458
하와이주의 수도 도시를 이름짓으십시오. 대답은:,호놀룰루,capital,306,6458
하와이주는 어디에 수도가 있습니까?,호놀룰루,capital,306,6458
연합군의 독일 점령 지역의 수도는 어디에 위치합니까?,베를린,capital,307,6459
연합군의 독일 점령 지역의 수도는 어디에 있습니까?,베를린,capital,307,6459
연합군의 독일 점령 지역의 수도로 무슨 도시가 있습니까?,베를린,capital,307,6459
연합군의 독일 점령 지역의 수도 도시를 이름짓으십시오. 대답은:,베를린,capital,307,6459
연합군의 독일 점령 지역는 어디에 수도가 있습니까?,베를린,capital,307,6459
퀸즐랜드주의 수도는 어디에 위치합니까?,브리즈번,capital,308,6460
퀸즐랜드주의 수도는 어디에 있습니까?,브리즈번,capital,308,6460
퀸즐랜드주의 수도로 무슨 도시가 있습니까?,브리즈번,capital,308,6460
퀸즐랜드주의 수도 도시를 이름짓으십시오. 대답은:,브리즈번,capital,308,6460
퀸즐랜드주는 어디에 수도가 있습니까?,브리즈번,capital,308,6460
보헤미아의 수도는 어디에 위치합니까?,프라하,capital,309,6461
보헤미아의 수도는 어디에 있습니까?,프라하,capital,309,6461
보헤미아의 수도로 무슨 도시가 있습니까?,프라하,capital,309,6461
보헤미아의 수도 도시를 이름짓으십시오. 대답은:,프라하,capital,309,6461
보헤미아는 어디에 수도가 있습니까?,프라하,capital,309,6461
아프가니스탄 이슬람 에미리트의 수도는 어디에 위치합니까?,카불,capital,310,6462
아프가니스탄 이슬람 에미리트의 수도는 어디에 있습니까?,카불,capital,310,6462
아프가니스탄 이슬람 에미리트의 수도로 무슨 도시가 있습니까?,카불,capital,310,6462
아프가니스탄 이슬람 에미리트의 수도 도시를 이름짓으십시오. 대답은:,카불,capital,310,6462
아프가니스탄 이슬람 에미리트는 어디에 수도가 있습니까?,카불,capital,310,6462
홈스주의 수도는 어디에 위치합니까?,다마스쿠스,capital,311,6463
홈스주의 수도는 어디에 있습니까?,다마스쿠스,capital,311,6463
홈스주의 수도로 무슨 도시가 있습니까?,다마스쿠스,capital,311,6463
홈스주의 수도 도시를 이름짓으십시오. 대답은:,다마스쿠스,capital,311,6463
홈스주는 어디에 수도가 있습니까?,다마스쿠스,capital,311,6463
웨스트버지니아주의 수도는 어디에 위치합니까?,찰스턴,capital,312,6464
웨스트버지니아주의 수도는 어디에 있습니까?,찰스턴,capital,312,6464
웨스트버지니아주의 수도로 무슨 도시가 있습니까?,찰스턴,capital,312,6464
웨스트버지니아주의 수도 도시를 이름짓으십시오. 대답은:,찰스턴,capital,312,6464
웨스트버지니아주는 어디에 수도가 있습니까?,찰스턴,capital,312,6464
케냐의 수도는 어디에 위치합니까?,나이로비,capital,313,6465
케냐의 수도는 어디에 있습니까?,나이로비,capital,313,6465
케냐의 수도로 무슨 도시가 있습니까?,나이로비,capital,313,6465
케냐의 수도 도시를 이름짓으십시오. 대답은:,나이로비,capital,313,6465
케냐는 어디에 수도가 있습니까?,나이로비,capital,313,6465
서독의 수도는 어디에 위치합니까?,본,capital,314,6466
서독의 수도는 어디에 있습니까?,본,capital,314,6466
서독의 수도로 무슨 도시가 있습니까?,본,capital,314,6466
서독의 수도 도시를 이름짓으십시오. 대답은:,본,capital,314,6466
서독는 어디에 수도가 있습니까?,본,capital,314,6466
슬로베니아의 수도는 어디에 위치합니까?,류블랴나,capital,315,6467
슬로베니아의 수도는 어디에 있습니까?,류블랴나,capital,315,6467
슬로베니아의 수도로 무슨 도시가 있습니까?,류블랴나,capital,315,6467
슬로베니아의 수도 도시를 이름짓으십시오. 대답은:,류블랴나,capital,315,6467
슬로베니아는 어디에 수도가 있습니까?,류블랴나,capital,315,6467
오타고 지방의 수도는 어디에 위치합니까?,더니딘,capital,316,6468
오타고 지방의 수도는 어디에 있습니까?,더니딘,capital,316,6468
오타고 지방의 수도로 무슨 도시가 있습니까?,더니딘,capital,316,6468
오타고 지방의 수도 도시를 이름짓으십시오. 대답은:,더니딘,capital,316,6468
오타고 지방는 어디에 수도가 있습니까?,더니딘,capital,316,6468
장쑤성의 수도는 어디에 위치합니까?,난징시,capital,317,6469
장쑤성의 수도는 어디에 있습니까?,난징시,capital,317,6469
장쑤성의 수도로 무슨 도시가 있습니까?,난징시,capital,317,6469
장쑤성의 수도 도시를 이름짓으십시오. 대답은:,난징시,capital,317,6469
장쑤성는 어디에 수도가 있습니까?,난징시,capital,317,6469
뉴저지주의 수도는 어디에 위치합니까?,트렌턴,capital,318,6470
뉴저지주의 수도는 어디에 있습니까?,트렌턴,capital,318,6470
뉴저지주의 수도로 무슨 도시가 있습니까?,트렌턴,capital,318,6470
뉴저지주의 수도 도시를 이름짓으십시오. 대답은:,트렌턴,capital,318,6470
뉴저지주는 어디에 수도가 있습니까?,트렌턴,capital,318,6470
오리건주의 수도는 어디에 위치합니까?,세일럼,capital,319,6471
오리건주의 수도는 어디에 있습니까?,세일럼,capital,319,6471
오리건주의 수도로 무슨 도시가 있습니까?,세일럼,capital,319,6471
오리건주의 수도 도시를 이름짓으십시오. 대답은:,세일럼,capital,319,6471
오리건주는 어디에 수도가 있습니까?,세일럼,capital,319,6471
이탈리아 왕국의 수도는 어디에 위치합니까?,로마,capital,320,6472
이탈리아 왕국의 수도는 어디에 있습니까?,로마,capital,320,6472
이탈리아 왕국의 수도로 무슨 도시가 있습니까?,로마,capital,320,6472
이탈리아 왕국의 수도 도시를 이름짓으십시오. 대답은:,로마,capital,320,6472
이탈리아 왕국는 어디에 수도가 있습니까?,로마,capital,320,6472
슐레스비히홀슈타인주의 수도는 어디에 위치합니까?,킬,capital,321,6473
슐레스비히홀슈타인주의 수도는 어디에 있습니까?,킬,capital,321,6473
슐레스비히홀슈타인주의 수도로 무슨 도시가 있습니까?,킬,capital,321,6473
슐레스비히홀슈타인주의 수도 도시를 이름짓으십시오. 대답은:,킬,capital,321,6473
슐레스비히홀슈타인주는 어디에 수도가 있습니까?,킬,capital,321,6473
리투아니아의 수도는 어디에 위치합니까?,빌뉴스,capital,322,6474
리투아니아의 수도는 어디에 있습니까?,빌뉴스,capital,322,6474
리투아니아의 수도로 무슨 도시가 있습니까?,빌뉴스,capital,322,6474
리투아니아의 수도 도시를 이름짓으십시오. 대답은:,빌뉴스,capital,322,6474
리투아니아는 어디에 수도가 있습니까?,빌뉴스,capital,322,6474
미시시피주의 수도는 어디에 위치합니까?,잭슨,capital,323,6475
미시시피주의 수도는 어디에 있습니까?,잭슨,capital,323,6475
미시시피주의 수도로 무슨 도시가 있습니까?,잭슨,capital,323,6475
미시시피주의 수도 도시를 이름짓으십시오. 대답은:,잭슨,capital,323,6475
미시시피주는 어디에 수도가 있습니까?,잭슨,capital,323,6475
오스트리아-헝가리 제국의 수도는 어디에 위치합니까?,부다페스트,capital,324,6476
오스트리아-헝가리 제국의 수도는 어디에 있습니까?,부다페스트,capital,324,6476
오스트리아-헝가리 제국의 수도로 무슨 도시가 있습니까?,부다페스트,capital,324,6476
오스트리아-헝가리 제국의 수도 도시를 이름짓으십시오. 대답은:,부다페스트,capital,324,6476
오스트리아-헝가리 제국는 어디에 수도가 있습니까?,부다페스트,capital,324,6476
민스크주의 수도는 어디에 위치합니까?,민스크,capital,325,6477
민스크주의 수도는 어디에 있습니까?,민스크,capital,325,6477
민스크주의 수도로 무슨 도시가 있습니까?,민스크,capital,325,6477
민스크주의 수도 도시를 이름짓으십시오. 대답은:,민스크,capital,325,6477
민스크주는 어디에 수도가 있습니까?,민스크,capital,325,6477
광둥성의 수도는 어디에 위치합니까?,광저우시,capital,326,6478
광둥성의 수도는 어디에 있습니까?,광저우시,capital,326,6478
광둥성의 수도로 무슨 도시가 있습니까?,광저우시,capital,326,6478
광둥성의 수도 도시를 이름짓으십시오. 대답은:,광저우시,capital,326,6478
광둥성는 어디에 수도가 있습니까?,광저우시,capital,326,6478
로마 공화정의 수도는 어디에 위치합니까?,로마,capital,327,6479
로마 공화정의 수도는 어디에 있습니까?,로마,capital,327,6479
로마 공화정의 수도로 무슨 도시가 있습니까?,로마,capital,327,6479
로마 공화정의 수도 도시를 이름짓으십시오. 대답은:,로마,capital,327,6479
로마 공화정는 어디에 수도가 있습니까?,로마,capital,327,6479
프로이센 왕국의 수도는 어디에 위치합니까?,베를린,capital,328,6480
프로이센 왕국의 수도는 어디에 있습니까?,베를린,capital,328,6480
프로이센 왕국의 수도로 무슨 도시가 있습니까?,베를린,capital,328,6480
프로이센 왕국의 수도 도시를 이름짓으십시오. 대답은:,베를린,capital,328,6480
프로이센 왕국는 어디에 수도가 있습니까?,베를린,capital,328,6480
아프가니스탄의 수도는 어디에 위치합니까?,카불,capital,329,6481
아프가니스탄의 수도는 어디에 있습니까?,카불,capital,329,6481
아프가니스탄의 수도로 무슨 도시가 있습니까?,카불,capital,329,6481
아프가니스탄의 수도 도시를 이름짓으십시오. 대답은:,카불,capital,329,6481
아프가니스탄는 어디에 수도가 있습니까?,카불,capital,329,6481
칠레의 수도는 어디에 위치합니까?,산티아고,capital,330,6482
칠레의 수도는 어디에 있습니까?,산티아고,capital,330,6482
칠레의 수도로 무슨 도시가 있습니까?,산티아고,capital,330,6482
칠레의 수도 도시를 이름짓으십시오. 대답은:,산티아고,capital,330,6482
칠레는 어디에 수도가 있습니까?,산티아고,capital,330,6482
유고슬라비아의 수도는 어디에 위치합니까?,베오그라드,capital,331,6483
유고슬라비아의 수도는 어디에 있습니까?,베오그라드,capital,331,6483
유고슬라비아의 수도로 무슨 도시가 있습니까?,베오그라드,capital,331,6483
유고슬라비아의 수도 도시를 이름짓으십시오. 대답은:,베오그라드,capital,331,6483
유고슬라비아는 어디에 수도가 있습니까?,베오그라드,capital,331,6483
마요르카섬의 수도는 어디에 위치합니까?,팔마데마요르카,capital,332,6484
마요르카섬의 수도는 어디에 있습니까?,팔마데마요르카,capital,332,6484
마요르카섬의 수도로 무슨 도시가 있습니까?,팔마데마요르카,capital,332,6484
마요르카섬의 수도 도시를 이름짓으십시오. 대답은:,팔마데마요르카,capital,332,6484
마요르카섬는 어디에 수도가 있습니까?,팔마데마요르카,capital,332,6484
노퍽주의 수도는 어디에 위치합니까?,노리치,capital,333,6485
노퍽주의 수도는 어디에 있습니까?,노리치,capital,333,6485
노퍽주의 수도로 무슨 도시가 있습니까?,노리치,capital,333,6485
노퍽주의 수도 도시를 이름짓으십시오. 대답은:,노리치,capital,333,6485
노퍽주는 어디에 수도가 있습니까?,노리치,capital,333,6485
마조프셰주의 수도는 어디에 위치합니까?,바르샤바,capital,334,6486
마조프셰주의 수도는 어디에 있습니까?,바르샤바,capital,334,6486
마조프셰주의 수도로 무슨 도시가 있습니까?,바르샤바,capital,334,6486
마조프셰주의 수도 도시를 이름짓으십시오. 대답은:,바르샤바,capital,334,6486
마조프셰주는 어디에 수도가 있습니까?,바르샤바,capital,334,6486
플랑드르의 수도는 어디에 위치합니까?,브뤼셀 시,capital,335,6487
플랑드르의 수도는 어디에 있습니까?,브뤼셀 시,capital,335,6487
플랑드르의 수도로 무슨 도시가 있습니까?,브뤼셀 시,capital,335,6487
플랑드르의 수도 도시를 이름짓으십시오. 대답은:,브뤼셀 시,capital,335,6487
플랑드르는 어디에 수도가 있습니까?,브뤼셀 시,capital,335,6487
핼리 베리의 직업은 무엇인가요?,모델,occupation,0,1959
핼리 베리는 무엇을 직업으로 하나요?,모델,occupation,0,1959
핼리 베리는 어떤 직업과 관련되어 있나요?,모델,occupation,0,1959
핼리 베리의 직업은 무엇인가요?,모델,occupation,0,1959
핼리 베리의 직위는 무엇인가요?,모델,occupation,0,1959
무하마드 이크발의 직업은 무엇인가요?,시인,occupation,1,1960
무하마드 이크발는 무엇을 직업으로 하나요?,시인,occupation,1,1960
무하마드 이크발는 어떤 직업과 관련되어 있나요?,시인,occupation,1,1960
무하마드 이크발의 직업은 무엇인가요?,시인,occupation,1,1960
무하마드 이크발의 직위는 무엇인가요?,시인,occupation,1,1960
애니 레녹스의 직업은 무엇인가요?,작곡가 겸 작사가,occupation,2,1961
애니 레녹스는 무엇을 직업으로 하나요?,작곡가 겸 작사가,occupation,2,1961
애니 레녹스는 어떤 직업과 관련되어 있나요?,작곡가 겸 작사가,occupation,2,1961
애니 레녹스의 직업은 무엇인가요?,작곡가 겸 작사가,occupation,2,1961
애니 레녹스의 직위는 무엇인가요?,작곡가 겸 작사가,occupation,2,1961
보이티우스의 직업은 무엇인가요?,철학자,occupation,3,1962
보이티우스는 무엇을 직업으로 하나요?,철학자,occupation,3,1962
보이티우스는 어떤 직업과 관련되어 있나요?,철학자,occupation,3,1962
보이티우스의 직업은 무엇인가요?,철학자,occupation,3,1962
보이티우스의 직위는 무엇인가요?,철학자,occupation,3,1962
미켈란젤로 부오나로티의 직업은 무엇인가요?,시인,occupation,4,1963
미켈란젤로 부오나로티는 무엇을 직업으로 하나요?,시인,occupation,4,1963
미켈란젤로 부오나로티는 어떤 직업과 관련되어 있나요?,시인,occupation,4,1963
미켈란젤로 부오나로티의 직업은 무엇인가요?,시인,occupation,4,1963
미켈란젤로 부오나로티의 직위는 무엇인가요?,시인,occupation,4,1963
폴리나 가가리나의 직업은 무엇인가요?,배우,occupation,5,1964
폴리나 가가리나는 무엇을 직업으로 하나요?,배우,occupation,5,1964
폴리나 가가리나는 어떤 직업과 관련되어 있나요?,배우,occupation,5,1964
폴리나 가가리나의 직업은 무엇인가요?,배우,occupation,5,1964
폴리나 가가리나의 직위는 무엇인가요?,배우,occupation,5,1964
엘프리데 옐리네크의 직업은 무엇인가요?,시인,occupation,6,1965
엘프리데 옐리네크는 무엇을 직업으로 하나요?,시인,occupation,6,1965
엘프리데 옐리네크는 어떤 직업과 관련되어 있나요?,시인,occupation,6,1965
엘프리데 옐리네크의 직업은 무엇인가요?,시인,occupation,6,1965
엘프리데 옐리네크의 직위는 무엇인가요?,시인,occupation,6,1965
에바 롱고리아의 직업은 무엇인가요?,배우,occupation,7,1966
에바 롱고리아는 무엇을 직업으로 하나요?,배우,occupation,7,1966
에바 롱고리아는 어떤 직업과 관련되어 있나요?,배우,occupation,7,1966
에바 롱고리아의 직업은 무엇인가요?,배우,occupation,7,1966
에바 롱고리아의 직위는 무엇인가요?,배우,occupation,7,1966
오귀스탱 장 프레넬의 직업은 무엇인가요?,물리학자,occupation,8,1967
오귀스탱 장 프레넬는 무엇을 직업으로 하나요?,물리학자,occupation,8,1967
오귀스탱 장 프레넬는 어떤 직업과 관련되어 있나요?,물리학자,occupation,8,1967
오귀스탱 장 프레넬의 직업은 무엇인가요?,물리학자,occupation,8,1967
오귀스탱 장 프레넬의 직위는 무엇인가요?,물리학자,occupation,8,1967
이언 카마의 직업은 무엇인가요?,정치인,occupation,9,1968
이언 카마는 무엇을 직업으로 하나요?,정치인,occupation,9,1968
이언 카마는 어떤 직업과 관련되어 있나요?,정치인,occupation,9,1968
이언 카마의 직업은 무엇인가요?,정치인,occupation,9,1968
이언 카마의 직위는 무엇인가요?,정치인,occupation,9,1968
프레드 아스테어의 직업은 무엇인가요?,각본가,occupation,10,1969
프레드 아스테어는 무엇을 직업으로 하나요?,각본가,occupation,10,1969
프레드 아스테어는 어떤 직업과 관련되어 있나요?,각본가,occupation,10,1969
프레드 아스테어의 직업은 무엇인가요?,각본가,occupation,10,1969
프레드 아스테어의 직위는 무엇인가요?,각본가,occupation,10,1969
존 보인턴 프리스틀리의 직업은 무엇인가요?,소설가,occupation,11,1970
존 보인턴 프리스틀리는 무엇을 직업으로 하나요?,소설가,occupation,11,1970
존 보인턴 프리스틀리는 어떤 직업과 관련되어 있나요?,소설가,occupation,11,1970
존 보인턴 프리스틀리의 직업은 무엇인가요?,소설가,occupation,11,1970
존 보인턴 프리스틀리의 직위는 무엇인가요?,소설가,occupation,11,1970
잭 휴스턴의 직업은 무엇인가요?,배우,occupation,12,1971
잭 휴스턴는 무엇을 직업으로 하나요?,배우,occupation,12,1971
잭 휴스턴는 어떤 직업과 관련되어 있나요?,배우,occupation,12,1971
잭 휴스턴의 직업은 무엇인가요?,배우,occupation,12,1971
잭 휴스턴의 직위는 무엇인가요?,배우,occupation,12,1971
베르너 하이젠베르크의 직업은 무엇인가요?,물리학자,occupation,13,1972
베르너 하이젠베르크는 무엇을 직업으로 하나요?,물리학자,occupation,13,1972
베르너 하이젠베르크는 어떤 직업과 관련되어 있나요?,물리학자,occupation,13,1972
베르너 하이젠베르크의 직업은 무엇인가요?,물리학자,occupation,13,1972
베르너 하이젠베르크의 직위는 무엇인가요?,물리학자,occupation,13,1972
휴 보너빌의 직업은 무엇인가요?,배우,occupation,14,1973
휴 보너빌는 무엇을 직업으로 하나요?,배우,occupation,14,1973
휴 보너빌는 어떤 직업과 관련되어 있나요?,배우,occupation,14,1973
휴 보너빌의 직업은 무엇인가요?,배우,occupation,14,1973
휴 보너빌의 직위는 무엇인가요?,배우,occupation,14,1973
아네르스 포그 라스무센의 직업은 무엇인가요?,정치인,occupation,15,1974
아네르스 포그 라스무센는 무엇을 직업으로 하나요?,정치인,occupation,15,1974
아네르스 포그 라스무센는 어떤 직업과 관련되어 있나요?,정치인,occupation,15,1974
아네르스 포그 라스무센의 직업은 무엇인가요?,정치인,occupation,15,1974
아네르스 포그 라스무센의 직위는 무엇인가요?,정치인,occupation,15,1974
엔리케 그라나도스의 직업은 무엇인가요?,작곡가,occupation,16,1975
엔리케 그라나도스는 무엇을 직업으로 하나요?,작곡가,occupation,16,1975
엔리케 그라나도스는 어떤 직업과 관련되어 있나요?,작곡가,occupation,16,1975
엔리케 그라나도스의 직업은 무엇인가요?,작곡가,occupation,16,1975
엔리케 그라나도스의 직위는 무엇인가요?,작곡가,occupation,16,1975
카렌 길런의 직업은 무엇인가요?,배우,occupation,17,1976
카렌 길런는 무엇을 직업으로 하나요?,배우,occupation,17,1976
카렌 길런는 어떤 직업과 관련되어 있나요?,배우,occupation,17,1976
카렌 길런의 직업은 무엇인가요?,배우,occupation,17,1976
카렌 길런의 직위는 무엇인가요?,배우,occupation,17,1976
호르헤 루이스 보르헤스의 직업은 무엇인가요?,사서,occupation,18,1977
호르헤 루이스 보르헤스는 무엇을 직업으로 하나요?,사서,occupation,18,1977
호르헤 루이스 보르헤스는 어떤 직업과 관련되어 있나요?,사서,occupation,18,1977
호르헤 루이스 보르헤스의 직업은 무엇인가요?,사서,occupation,18,1977
호르헤 루이스 보르헤스의 직위는 무엇인가요?,사서,occupation,18,1977
자크 오디아르의 직업은 무엇인가요?,각본가,occupation,19,1978
자크 오디아르는 무엇을 직업으로 하나요?,각본가,occupation,19,1978
자크 오디아르는 어떤 직업과 관련되어 있나요?,각본가,occupation,19,1978
자크 오디아르의 직업은 무엇인가요?,각본가,occupation,19,1978
자크 오디아르의 직위는 무엇인가요?,각본가,occupation,19,1978
워런 비티의 직업은 무엇인가요?,각본가,occupation,20,1979
워런 비티는 무엇을 직업으로 하나요?,각본가,occupation,20,1979
워런 비티는 어떤 직업과 관련되어 있나요?,각본가,occupation,20,1979
워런 비티의 직업은 무엇인가요?,각본가,occupation,20,1979
워런 비티의 직위는 무엇인가요?,각본가,occupation,20,1979
요한 볼프강 폰 괴테의 직업은 무엇인가요?,정치인,occupation,21,1980
요한 볼프강 폰 괴테는 무엇을 직업으로 하나요?,정치인,occupation,21,1980
요한 볼프강 폰 괴테는 어떤 직업과 관련되어 있나요?,정치인,occupation,21,1980
요한 볼프강 폰 괴테의 직업은 무엇인가요?,정치인,occupation,21,1980
요한 볼프강 폰 괴테의 직위는 무엇인가요?,정치인,occupation,21,1980
라시다 존스의 직업은 무엇인가요?,배우,occupation,22,1981
라시다 존스는 무엇을 직업으로 하나요?,배우,occupation,22,1981
라시다 존스는 어떤 직업과 관련되어 있나요?,배우,occupation,22,1981
라시다 존스의 직업은 무엇인가요?,배우,occupation,22,1981
라시다 존스의 직위는 무엇인가요?,배우,occupation,22,1981
에마뉘엘 샤브리에의 직업은 무엇인가요?,작곡가,occupation,23,1982
에마뉘엘 샤브리에는 무엇을 직업으로 하나요?,작곡가,occupation,23,1982
에마뉘엘 샤브리에는 어떤 직업과 관련되어 있나요?,작곡가,occupation,23,1982
에마뉘엘 샤브리에의 직업은 무엇인가요?,작곡가,occupation,23,1982
에마뉘엘 샤브리에의 직위는 무엇인가요?,작곡가,occupation,23,1982
사드 후작의 직업은 무엇인가요?,극작가,occupation,24,1983
사드 후작는 무엇을 직업으로 하나요?,극작가,occupation,24,1983
사드 후작는 어떤 직업과 관련되어 있나요?,극작가,occupation,24,1983
사드 후작의 직업은 무엇인가요?,극작가,occupation,24,1983
사드 후작의 직위는 무엇인가요?,극작가,occupation,24,1983
마두리 딕시트의 직업은 무엇인가요?,배우,occupation,25,1984
마두리 딕시트는 무엇을 직업으로 하나요?,배우,occupation,25,1984
마두리 딕시트는 어떤 직업과 관련되어 있나요?,배우,occupation,25,1984
마두리 딕시트의 직업은 무엇인가요?,배우,occupation,25,1984
마두리 딕시트의 직위는 무엇인가요?,배우,occupation,25,1984
아노 앨런 펜지어스의 직업은 무엇인가요?,천문학자,occupation,26,1985
아노 앨런 펜지어스는 무엇을 직업으로 하나요?,천문학자,occupation,26,1985
아노 앨런 펜지어스는 어떤 직업과 관련되어 있나요?,천문학자,occupation,26,1985
아노 앨런 펜지어스의 직업은 무엇인가요?,천문학자,occupation,26,1985
아노 앨런 펜지어스의 직위는 무엇인가요?,천문학자,occupation,26,1985
미셸 우엘벡의 직업은 무엇인가요?,시인,occupation,27,1986
미셸 우엘벡는 무엇을 직업으로 하나요?,시인,occupation,27,1986
미셸 우엘벡는 어떤 직업과 관련되어 있나요?,시인,occupation,27,1986
미셸 우엘벡의 직업은 무엇인가요?,시인,occupation,27,1986
미셸 우엘벡의 직위는 무엇인가요?,시인,occupation,27,1986
아리스토텔레스의 직업은 무엇인가요?,수학자,occupation,28,1987
아리스토텔레스는 무엇을 직업으로 하나요?,수학자,occupation,28,1987
아리스토텔레스는 어떤 직업과 관련되어 있나요?,수학자,occupation,28,1987
아리스토텔레스의 직업은 무엇인가요?,수학자,occupation,28,1987
아리스토텔레스의 직위는 무엇인가요?,수학자,occupation,28,1987
가즈오 이시구로의 직업은 무엇인가요?,소설가,occupation,29,1988
가즈오 이시구로는 무엇을 직업으로 하나요?,소설가,occupation,29,1988
가즈오 이시구로는 어떤 직업과 관련되어 있나요?,소설가,occupation,29,1988
가즈오 이시구로의 직업은 무엇인가요?,소설가,occupation,29,1988
가즈오 이시구로의 직위는 무엇인가요?,소설가,occupation,29,1988
루 리드의 직업은 무엇인가요?,사진가,occupation,30,1989
루 리드는 무엇을 직업으로 하나요?,사진가,occupation,30,1989
루 리드는 어떤 직업과 관련되어 있나요?,사진가,occupation,30,1989
루 리드의 직업은 무엇인가요?,사진가,occupation,30,1989
루 리드의 직위는 무엇인가요?,사진가,occupation,30,1989
클레멘스 폰 메테르니히의 직업은 무엇인가요?,외교관,occupation,31,1990
클레멘스 폰 메테르니히는 무엇을 직업으로 하나요?,외교관,occupation,31,1990
클레멘스 폰 메테르니히는 어떤 직업과 관련되어 있나요?,외교관,occupation,31,1990
클레멘스 폰 메테르니히의 직업은 무엇인가요?,외교관,occupation,31,1990
클레멘스 폰 메테르니히의 직위는 무엇인가요?,외교관,occupation,31,1990
유스티누스 1세의 직업은 무엇인가요?,정치인,occupation,32,1991
유스티누스 1세는 무엇을 직업으로 하나요?,정치인,occupation,32,1991
유스티누스 1세는 어떤 직업과 관련되어 있나요?,정치인,occupation,32,1991
유스티누스 1세의 직업은 무엇인가요?,정치인,occupation,32,1991
유스티누스 1세의 직위는 무엇인가요?,정치인,occupation,32,1991
히스 레저의 직업은 무엇인가요?,배우,occupation,33,1992
히스 레저는 무엇을 직업으로 하나요?,배우,occupation,33,1992
히스 레저는 어떤 직업과 관련되어 있나요?,배우,occupation,33,1992
히스 레저의 직업은 무엇인가요?,배우,occupation,33,1992
히스 레저의 직위는 무엇인가요?,배우,occupation,33,1992
아고스티뉴 네투의 직업은 무엇인가요?,시인,occupation,34,1993
아고스티뉴 네투는 무엇을 직업으로 하나요?,시인,occupation,34,1993
아고스티뉴 네투는 어떤 직업과 관련되어 있나요?,시인,occupation,34,1993
아고스티뉴 네투의 직업은 무엇인가요?,시인,occupation,34,1993
아고스티뉴 네투의 직위는 무엇인가요?,시인,occupation,34,1993
에드거 앨런 포의 직업은 무엇인가요?,극작가,occupation,35,1994
에드거 앨런 포는 무엇을 직업으로 하나요?,극작가,occupation,35,1994
에드거 앨런 포는 어떤 직업과 관련되어 있나요?,극작가,occupation,35,1994
에드거 앨런 포의 직업은 무엇인가요?,극작가,occupation,35,1994
에드거 앨런 포의 직위는 무엇인가요?,극작가,occupation,35,1994
알렉산드르 솔제니친의 직업은 무엇인가요?,시인,occupation,36,1995
알렉산드르 솔제니친는 무엇을 직업으로 하나요?,시인,occupation,36,1995
알렉산드르 솔제니친는 어떤 직업과 관련되어 있나요?,시인,occupation,36,1995
알렉산드르 솔제니친의 직업은 무엇인가요?,시인,occupation,36,1995
알렉산드르 솔제니친의 직위는 무엇인가요?,시인,occupation,36,1995
스티븐 콜베어의 직업은 무엇인가요?,저널리스트,occupation,37,1996
스티븐 콜베어는 무엇을 직업으로 하나요?,저널리스트,occupation,37,1996
스티븐 콜베어는 어떤 직업과 관련되어 있나요?,저널리스트,occupation,37,1996
스티븐 콜베어의 직업은 무엇인가요?,저널리스트,occupation,37,1996
스티븐 콜베어의 직위는 무엇인가요?,저널리스트,occupation,37,1996
휘트니 휴스턴의 직업은 무엇인가요?,작곡가,occupation,38,1997
휘트니 휴스턴는 무엇을 직업으로 하나요?,작곡가,occupation,38,1997
휘트니 휴스턴는 어떤 직업과 관련되어 있나요?,작곡가,occupation,38,1997
휘트니 휴스턴의 직업은 무엇인가요?,작곡가,occupation,38,1997
휘트니 휴스턴의 직위는 무엇인가요?,작곡가,occupation,38,1997
로페 데 베가의 직업은 무엇인가요?,극작가,occupation,39,1998
로페 데 베가는 무엇을 직업으로 하나요?,극작가,occupation,39,1998
로페 데 베가는 어떤 직업과 관련되어 있나요?,극작가,occupation,39,1998
로페 데 베가의 직업은 무엇인가요?,극작가,occupation,39,1998
로페 데 베가의 직위는 무엇인가요?,극작가,occupation,39,1998
재닛 잭슨의 직업은 무엇인가요?,모델,occupation,40,1999
재닛 잭슨는 무엇을 직업으로 하나요?,모델,occupation,40,1999
재닛 잭슨는 어떤 직업과 관련되어 있나요?,모델,occupation,40,1999
재닛 잭슨의 직업은 무엇인가요?,모델,occupation,40,1999
재닛 잭슨의 직위는 무엇인가요?,모델,occupation,40,1999
프랑시스 풀랑크의 직업은 무엇인가요?,피아노 연주자,occupation,41,2000
프랑시스 풀랑크는 무엇을 직업으로 하나요?,피아노 연주자,occupation,41,2000
프랑시스 풀랑크는 어떤 직업과 관련되어 있나요?,피아노 연주자,occupation,41,2000
프랑시스 풀랑크의 직업은 무엇인가요?,피아노 연주자,occupation,41,2000
프랑시스 풀랑크의 직위는 무엇인가요?,피아노 연주자,occupation,41,2000
제임스 페니모어 쿠퍼의 직업은 무엇인가요?,소설가,occupation,42,2001
제임스 페니모어 쿠퍼는 무엇을 직업으로 하나요?,소설가,occupation,42,2001
제임스 페니모어 쿠퍼는 어떤 직업과 관련되어 있나요?,소설가,occupation,42,2001
제임스 페니모어 쿠퍼의 직업은 무엇인가요?,소설가,occupation,42,2001
제임스 페니모어 쿠퍼의 직위는 무엇인가요?,소설가,occupation,42,2001
피에르 아벨라르의 직업은 무엇인가요?,철학자,occupation,43,2002
피에르 아벨라르는 무엇을 직업으로 하나요?,철학자,occupation,43,2002
피에르 아벨라르는 어떤 직업과 관련되어 있나요?,철학자,occupation,43,2002
피에르 아벨라르의 직업은 무엇인가요?,철학자,occupation,43,2002
피에르 아벨라르의 직위는 무엇인가요?,철학자,occupation,43,2002
게오르기 르보프의 직업은 무엇인가요?,정치인,occupation,44,2003
게오르기 르보프는 무엇을 직업으로 하나요?,정치인,occupation,44,2003
게오르기 르보프는 어떤 직업과 관련되어 있나요?,정치인,occupation,44,2003
게오르기 르보프의 직업은 무엇인가요?,정치인,occupation,44,2003
게오르기 르보프의 직위는 무엇인가요?,정치인,occupation,44,2003
하워드 필립스 러브크래프트의 직업은 무엇인가요?,저널리스트,occupation,45,2004
하워드 필립스 러브크래프트는 무엇을 직업으로 하나요?,저널리스트,occupation,45,2004
하워드 필립스 러브크래프트는 어떤 직업과 관련되어 있나요?,저널리스트,occupation,45,2004
하워드 필립스 러브크래프트의 직업은 무엇인가요?,저널리스트,occupation,45,2004
하워드 필립스 러브크래프트의 직위는 무엇인가요?,저널리스트,occupation,45,2004
앨런 튜링가 어떤 분야에서 일하나요?,논리학,field_of_work,0,1792
앨런 튜링가 일한 분야는 어디인가요?,논리학,field_of_work,0,1792
앨런 튜링가 관련된 연구 분야는 무엇인가요?,논리학,field_of_work,0,1792
앨런 튜링가 일한 분야는 무엇으로 유명한가요?,논리학,field_of_work,0,1792
앨런 튜링의 주 전문 분야는 무엇인가요?,논리학,field_of_work,0,1792
아낙사고라스가 어떤 분야에서 일하나요?,철학,field_of_work,1,1793
아낙사고라스가 일한 분야는 어디인가요?,철학,field_of_work,1,1793
아낙사고라스가 관련된 연구 분야는 무엇인가요?,철학,field_of_work,1,1793
아낙사고라스가 일한 분야는 무엇으로 유명한가요?,철학,field_of_work,1,1793
아낙사고라스의 주 전문 분야는 무엇인가요?,철학,field_of_work,1,1793
로베르트 분젠가 어떤 분야에서 일하나요?,화학,field_of_work,2,1794
로베르트 분젠가 일한 분야는 어디인가요?,화학,field_of_work,2,1794
로베르트 분젠가 관련된 연구 분야는 무엇인가요?,화학,field_of_work,2,1794
로베르트 분젠가 일한 분야는 무엇으로 유명한가요?,화학,field_of_work,2,1794
로베르트 분젠의 주 전문 분야는 무엇인가요?,화학,field_of_work,2,1794
장 칼뱅가 어떤 분야에서 일하나요?,신학,field_of_work,3,1795
장 칼뱅가 일한 분야는 어디인가요?,신학,field_of_work,3,1795
장 칼뱅가 관련된 연구 분야는 무엇인가요?,신학,field_of_work,3,1795
장 칼뱅가 일한 분야는 무엇으로 유명한가요?,신학,field_of_work,3,1795
장 칼뱅의 주 전문 분야는 무엇인가요?,신학,field_of_work,3,1795
물리계가 어떤 분야에서 일하나요?,물리학,field_of_work,4,1796
물리계가 일한 분야는 어디인가요?,물리학,field_of_work,4,1796
물리계가 관련된 연구 분야는 무엇인가요?,물리학,field_of_work,4,1796
물리계가 일한 분야는 무엇으로 유명한가요?,물리학,field_of_work,4,1796
물리계의 주 전문 분야는 무엇인가요?,물리학,field_of_work,4,1796
칼 로저스가 어떤 분야에서 일하나요?,심리학,field_of_work,5,1797
칼 로저스가 일한 분야는 어디인가요?,심리학,field_of_work,5,1797
칼 로저스가 관련된 연구 분야는 무엇인가요?,심리학,field_of_work,5,1797
칼 로저스가 일한 분야는 무엇으로 유명한가요?,심리학,field_of_work,5,1797
칼 로저스의 주 전문 분야는 무엇인가요?,심리학,field_of_work,5,1797
다비트 힐베르트가 어떤 분야에서 일하나요?,기하학,field_of_work,6,1798
다비트 힐베르트가 일한 분야는 어디인가요?,기하학,field_of_work,6,1798
다비트 힐베르트가 관련된 연구 분야는 무엇인가요?,기하학,field_of_work,6,1798
다비트 힐베르트가 일한 분야는 무엇으로 유명한가요?,기하학,field_of_work,6,1798
다비트 힐베르트의 주 전문 분야는 무엇인가요?,기하학,field_of_work,6,1798
리하르트 바그너가 어떤 분야에서 일하나요?,오페라,field_of_work,7,1799
리하르트 바그너가 일한 분야는 어디인가요?,오페라,field_of_work,7,1799
리하르트 바그너가 관련된 연구 분야는 무엇인가요?,오페라,field_of_work,7,1799
리하르트 바그너가 일한 분야는 무엇으로 유명한가요?,오페라,field_of_work,7,1799
리하르트 바그너의 주 전문 분야는 무엇인가요?,오페라,field_of_work,7,1799
에우클레이데스가 어떤 분야에서 일하나요?,기하학,field_of_work,8,1800
에우클레이데스가 일한 분야는 어디인가요?,기하학,field_of_work,8,1800
에우클레이데스가 관련된 연구 분야는 무엇인가요?,기하학,field_of_work,8,1800
에우클레이데스가 일한 분야는 무엇으로 유명한가요?,기하학,field_of_work,8,1800
에우클레이데스의 주 전문 분야는 무엇인가요?,기하학,field_of_work,8,1800
막스 베버가 어떤 분야에서 일하나요?,사회학,field_of_work,9,1801
막스 베버가 일한 분야는 어디인가요?,사회학,field_of_work,9,1801
막스 베버가 관련된 연구 분야는 무엇인가요?,사회학,field_of_work,9,1801
막스 베버가 일한 분야는 무엇으로 유명한가요?,사회학,field_of_work,9,1801
막스 베버의 주 전문 분야는 무엇인가요?,사회학,field_of_work,9,1801
한스 아이젠크가 어떤 분야에서 일하나요?,심리학,field_of_work,10,1802
한스 아이젠크가 일한 분야는 어디인가요?,심리학,field_of_work,10,1802
한스 아이젠크가 관련된 연구 분야는 무엇인가요?,심리학,field_of_work,10,1802
한스 아이젠크가 일한 분야는 무엇으로 유명한가요?,심리학,field_of_work,10,1802
한스 아이젠크의 주 전문 분야는 무엇인가요?,심리학,field_of_work,10,1802
유진 위그너가 어떤 분야에서 일하나요?,물리학,field_of_work,11,1803
유진 위그너가 일한 분야는 어디인가요?,물리학,field_of_work,11,1803
유진 위그너가 관련된 연구 분야는 무엇인가요?,물리학,field_of_work,11,1803
유진 위그너가 일한 분야는 무엇으로 유명한가요?,물리학,field_of_work,11,1803
유진 위그너의 주 전문 분야는 무엇인가요?,물리학,field_of_work,11,1803
프레드 호일가 어떤 분야에서 일하나요?,천문학,field_of_work,12,1804
프레드 호일가 일한 분야는 어디인가요?,천문학,field_of_work,12,1804
프레드 호일가 관련된 연구 분야는 무엇인가요?,천문학,field_of_work,12,1804
프레드 호일가 일한 분야는 무엇으로 유명한가요?,천문학,field_of_work,12,1804
프레드 호일의 주 전문 분야는 무엇인가요?,천문학,field_of_work,12,1804
갈레노스가 어떤 분야에서 일하나요?,해부학,field_of_work,13,1805
갈레노스가 일한 분야는 어디인가요?,해부학,field_of_work,13,1805
갈레노스가 관련된 연구 분야는 무엇인가요?,해부학,field_of_work,13,1805
갈레노스가 일한 분야는 무엇으로 유명한가요?,해부학,field_of_work,13,1805
갈레노스의 주 전문 분야는 무엇인가요?,해부학,field_of_work,13,1805
윌리엄 하비가 어떤 분야에서 일하나요?,생리학,field_of_work,14,1806
윌리엄 하비가 일한 분야는 어디인가요?,생리학,field_of_work,14,1806
윌리엄 하비가 관련된 연구 분야는 무엇인가요?,생리학,field_of_work,14,1806
윌리엄 하비가 일한 분야는 무엇으로 유명한가요?,생리학,field_of_work,14,1806
윌리엄 하비의 주 전문 분야는 무엇인가요?,생리학,field_of_work,14,1806
하워드 카터가 어떤 분야에서 일하나요?,고고학,field_of_work,15,1807
하워드 카터가 일한 분야는 어디인가요?,고고학,field_of_work,15,1807
하워드 카터가 관련된 연구 분야는 무엇인가요?,고고학,field_of_work,15,1807
하워드 카터가 일한 분야는 무엇으로 유명한가요?,고고학,field_of_work,15,1807
하워드 카터의 주 전문 분야는 무엇인가요?,고고학,field_of_work,15,1807
하인리히 슐리만가 어떤 분야에서 일하나요?,고고학,field_of_work,16,1808
하인리히 슐리만가 일한 분야는 어디인가요?,고고학,field_of_work,16,1808
하인리히 슐리만가 관련된 연구 분야는 무엇인가요?,고고학,field_of_work,16,1808
하인리히 슐리만가 일한 분야는 무엇으로 유명한가요?,고고학,field_of_work,16,1808
하인리히 슐리만의 주 전문 분야는 무엇인가요?,고고학,field_of_work,16,1808
클로드 베르나르가 어떤 분야에서 일하나요?,생리학,field_of_work,17,1809
클로드 베르나르가 일한 분야는 어디인가요?,생리학,field_of_work,17,1809
클로드 베르나르가 관련된 연구 분야는 무엇인가요?,생리학,field_of_work,17,1809
클로드 베르나르가 일한 분야는 무엇으로 유명한가요?,생리학,field_of_work,17,1809
클로드 베르나르의 주 전문 분야는 무엇인가요?,생리학,field_of_work,17,1809
아이작 뉴턴가 어떤 분야에서 일하나요?,수학,field_of_work,18,1810
아이작 뉴턴가 일한 분야는 어디인가요?,수학,field_of_work,18,1810
아이작 뉴턴가 관련된 연구 분야는 무엇인가요?,수학,field_of_work,18,1810
아이작 뉴턴가 일한 분야는 무엇으로 유명한가요?,수학,field_of_work,18,1810
아이작 뉴턴의 주 전문 분야는 무엇인가요?,수학,field_of_work,18,1810
유스투스 폰 리비히가 어떤 분야에서 일하나요?,화학,field_of_work,19,1811
유스투스 폰 리비히가 일한 분야는 어디인가요?,화학,field_of_work,19,1811
유스투스 폰 리비히가 관련된 연구 분야는 무엇인가요?,화학,field_of_work,19,1811
유스투스 폰 리비히가 일한 분야는 무엇으로 유명한가요?,화학,field_of_work,19,1811
유스투스 폰 리비히의 주 전문 분야는 무엇인가요?,화학,field_of_work,19,1811
프레더릭 밴팅가 어떤 분야에서 일하나요?,생리학,field_of_work,20,1812
프레더릭 밴팅가 일한 분야는 어디인가요?,생리학,field_of_work,20,1812
프레더릭 밴팅가 관련된 연구 분야는 무엇인가요?,생리학,field_of_work,20,1812
프레더릭 밴팅가 일한 분야는 무엇으로 유명한가요?,생리학,field_of_work,20,1812
프레더릭 밴팅의 주 전문 분야는 무엇인가요?,생리학,field_of_work,20,1812
카를 마르크스가 어떤 분야에서 일하나요?,사회학,field_of_work,21,1813
카를 마르크스가 일한 분야는 어디인가요?,사회학,field_of_work,21,1813
카를 마르크스가 관련된 연구 분야는 무엇인가요?,사회학,field_of_work,21,1813
카를 마르크스가 일한 분야는 무엇으로 유명한가요?,사회학,field_of_work,21,1813
카를 마르크스의 주 전문 분야는 무엇인가요?,사회학,field_of_work,21,1813
한스 베테가 어떤 분야에서 일하나요?,물리학,field_of_work,22,1814
한스 베테가 일한 분야는 어디인가요?,물리학,field_of_work,22,1814
한스 베테가 관련된 연구 분야는 무엇인가요?,물리학,field_of_work,22,1814
한스 베테가 일한 분야는 무엇으로 유명한가요?,물리학,field_of_work,22,1814
한스 베테의 주 전문 분야는 무엇인가요?,물리학,field_of_work,22,1814
잭 루비가 어떤 분야에서 일하나요?,나이트클럽,field_of_work,23,1815
잭 루비가 일한 분야는 어디인가요?,나이트클럽,field_of_work,23,1815
잭 루비가 관련된 연구 분야는 무엇인가요?,나이트클럽,field_of_work,23,1815
잭 루비가 일한 분야는 무엇으로 유명한가요?,나이트클럽,field_of_work,23,1815
잭 루비의 주 전문 분야는 무엇인가요?,나이트클럽,field_of_work,23,1815
퍼시 윌리엄스 브리지먼가 어떤 분야에서 일하나요?,물리학,field_of_work,24,1816
퍼시 윌리엄스 브리지먼가 일한 분야는 어디인가요?,물리학,field_of_work,24,1816
퍼시 윌리엄스 브리지먼가 관련된 연구 분야는 무엇인가요?,물리학,field_of_work,24,1816
퍼시 윌리엄스 브리지먼가 일한 분야는 무엇으로 유명한가요?,물리학,field_of_work,24,1816
퍼시 윌리엄스 브리지먼의 주 전문 분야는 무엇인가요?,물리학,field_of_work,24,1816
지롤라모 카르다노가 어떤 분야에서 일하나요?,수학,field_of_work,25,1817
지롤라모 카르다노가 일한 분야는 어디인가요?,수학,field_of_work,25,1817
지롤라모 카르다노가 관련된 연구 분야는 무엇인가요?,수학,field_of_work,25,1817
지롤라모 카르다노가 일한 분야는 무엇으로 유명한가요?,수학,field_of_work,25,1817
지롤라모 카르다노의 주 전문 분야는 무엇인가요?,수학,field_of_work,25,1817
막스 베버가 어떤 분야에서 일하나요?,경제학,field_of_work,26,1818
막스 베버가 일한 분야는 어디인가요?,경제학,field_of_work,26,1818
막스 베버가 관련된 연구 분야는 무엇인가요?,경제학,field_of_work,26,1818
막스 베버가 일한 분야는 무엇으로 유명한가요?,경제학,field_of_work,26,1818
막스 베버의 주 전문 분야는 무엇인가요?,경제학,field_of_work,26,1818
마이클 패러데이가 어떤 분야에서 일하나요?,화학,field_of_work,27,1819
마이클 패러데이가 일한 분야는 어디인가요?,화학,field_of_work,27,1819
마이클 패러데이가 관련된 연구 분야는 무엇인가요?,화학,field_of_work,27,1819
마이클 패러데이가 일한 분야는 무엇으로 유명한가요?,화학,field_of_work,27,1819
마이클 패러데이의 주 전문 분야는 무엇인가요?,화학,field_of_work,27,1819
조류학가 어떤 분야에서 일하나요?,새,field_of_work,28,1820
조류학가 일한 분야는 어디인가요?,새,field_of_work,28,1820
조류학가 관련된 연구 분야는 무엇인가요?,새,field_of_work,28,1820
조류학가 일한 분야는 무엇으로 유명한가요?,새,field_of_work,28,1820
조류학의 주 전문 분야는 무엇인가요?,새,field_of_work,28,1820
보나벤투라 카발리에리가 어떤 분야에서 일하나요?,수학,field_of_work,29,1821
보나벤투라 카발리에리가 일한 분야는 어디인가요?,수학,field_of_work,29,1821
보나벤투라 카발리에리가 관련된 연구 분야는 무엇인가요?,수학,field_of_work,29,1821
보나벤투라 카발리에리가 일한 분야는 무엇으로 유명한가요?,수학,field_of_work,29,1821
보나벤투라 카발리에리의 주 전문 분야는 무엇인가요?,수학,field_of_work,29,1821
갈릴레오 갈릴레이가 어떤 분야에서 일하나요?,수학,field_of_work,30,1822
갈릴레오 갈릴레이가 일한 분야는 어디인가요?,수학,field_of_work,30,1822
갈릴레오 갈릴레이가 관련된 연구 분야는 무엇인가요?,수학,field_of_work,30,1822
갈릴레오 갈릴레이가 일한 분야는 무엇으로 유명한가요?,수학,field_of_work,30,1822
갈릴레오 갈릴레이의 주 전문 분야는 무엇인가요?,수학,field_of_work,30,1822
히파티아가 어떤 분야에서 일하나요?,수학,field_of_work,31,1823
히파티아가 일한 분야는 어디인가요?,수학,field_of_work,31,1823
히파티아가 관련된 연구 분야는 무엇인가요?,수학,field_of_work,31,1823
히파티아가 일한 분야는 무엇으로 유명한가요?,수학,field_of_work,31,1823
히파티아의 주 전문 분야는 무엇인가요?,수학,field_of_work,31,1823
미카엘 세르베투스가 어떤 분야에서 일하나요?,신학,field_of_work,32,1824
미카엘 세르베투스가 일한 분야는 어디인가요?,신학,field_of_work,32,1824
미카엘 세르베투스가 관련된 연구 분야는 무엇인가요?,신학,field_of_work,32,1824
미카엘 세르베투스가 일한 분야는 무엇으로 유명한가요?,신학,field_of_work,32,1824
미카엘 세르베투스의 주 전문 분야는 무엇인가요?,신학,field_of_work,32,1824
에드윈 허블가 어떤 분야에서 일하나요?,천문학,field_of_work,33,1825
에드윈 허블가 일한 분야는 어디인가요?,천문학,field_of_work,33,1825
에드윈 허블가 관련된 연구 분야는 무엇인가요?,천문학,field_of_work,33,1825
에드윈 허블가 일한 분야는 무엇으로 유명한가요?,천문학,field_of_work,33,1825
에드윈 허블의 주 전문 분야는 무엇인가요?,천문학,field_of_work,33,1825
아이작 뉴턴가 어떤 분야에서 일하나요?,물리학,field_of_work,34,1826
아이작 뉴턴가 일한 분야는 어디인가요?,물리학,field_of_work,34,1826
아이작 뉴턴가 관련된 연구 분야는 무엇인가요?,물리학,field_of_work,34,1826
아이작 뉴턴가 일한 분야는 무엇으로 유명한가요?,물리학,field_of_work,34,1826
아이작 뉴턴의 주 전문 분야는 무엇인가요?,물리학,field_of_work,34,1826
일리야 프리고진가 어떤 분야에서 일하나요?,물리학,field_of_work,35,1827
일리야 프리고진가 일한 분야는 어디인가요?,물리학,field_of_work,35,1827
일리야 프리고진가 관련된 연구 분야는 무엇인가요?,물리학,field_of_work,35,1827
일리야 프리고진가 일한 분야는 무엇으로 유명한가요?,물리학,field_of_work,35,1827
일리야 프리고진의 주 전문 분야는 무엇인가요?,물리학,field_of_work,35,1827
사피어-워프 가설가 어떤 분야에서 일하나요?,언어학,field_of_work,36,1828
사피어-워프 가설가 일한 분야는 어디인가요?,언어학,field_of_work,36,1828
사피어-워프 가설가 관련된 연구 분야는 무엇인가요?,언어학,field_of_work,36,1828
사피어-워프 가설가 일한 분야는 무엇으로 유명한가요?,언어학,field_of_work,36,1828
사피어-워프 가설의 주 전문 분야는 무엇인가요?,언어학,field_of_work,36,1828
과학적 방법가 어떤 분야에서 일하나요?,과학,field_of_work,37,1829
과학적 방법가 일한 분야는 어디인가요?,과학,field_of_work,37,1829
과학적 방법가 관련된 연구 분야는 무엇인가요?,과학,field_of_work,37,1829
과학적 방법가 일한 분야는 무엇으로 유명한가요?,과학,field_of_work,37,1829
과학적 방법의 주 전문 분야는 무엇인가요?,과학,field_of_work,37,1829
윌리엄 크룩스가 어떤 분야에서 일하나요?,화학,field_of_work,38,1830
윌리엄 크룩스가 일한 분야는 어디인가요?,화학,field_of_work,38,1830
윌리엄 크룩스가 관련된 연구 분야는 무엇인가요?,화학,field_of_work,38,1830
윌리엄 크룩스가 일한 분야는 무엇으로 유명한가요?,화학,field_of_work,38,1830
윌리엄 크룩스의 주 전문 분야는 무엇인가요?,화학,field_of_work,38,1830
스티브 비코가 어떤 분야에서 일하나요?,아파르트헤이트,field_of_work,39,1831
스티브 비코가 일한 분야는 어디인가요?,아파르트헤이트,field_of_work,39,1831
스티브 비코가 관련된 연구 분야는 무엇인가요?,아파르트헤이트,field_of_work,39,1831
스티브 비코가 일한 분야는 무엇으로 유명한가요?,아파르트헤이트,field_of_work,39,1831
스티브 비코의 주 전문 분야는 무엇인가요?,아파르트헤이트,field_of_work,39,1831
찰스 다윈가 어떤 분야에서 일하나요?,생물학,field_of_work,40,1832
찰스 다윈가 일한 분야는 어디인가요?,생물학,field_of_work,40,1832
찰스 다윈가 관련된 연구 분야는 무엇인가요?,생물학,field_of_work,40,1832
찰스 다윈가 일한 분야는 무엇으로 유명한가요?,생물학,field_of_work,40,1832
찰스 다윈의 주 전문 분야는 무엇인가요?,생물학,field_of_work,40,1832
튀코 브라헤가 어떤 분야에서 일하나요?,천문학,field_of_work,41,1833
튀코 브라헤가 일한 분야는 어디인가요?,천문학,field_of_work,41,1833
튀코 브라헤가 관련된 연구 분야는 무엇인가요?,천문학,field_of_work,41,1833
튀코 브라헤가 일한 분야는 무엇으로 유명한가요?,천문학,field_of_work,41,1833
튀코 브라헤의 주 전문 분야는 무엇인가요?,천문학,field_of_work,41,1833
존 스튜어트 밀가 어떤 분야에서 일하나요?,철학,field_of_work,42,1834
존 스튜어트 밀가 일한 분야는 어디인가요?,철학,field_of_work,42,1834
존 스튜어트 밀가 관련된 연구 분야는 무엇인가요?,철학,field_of_work,42,1834
존 스튜어트 밀가 일한 분야는 무엇으로 유명한가요?,철학,field_of_work,42,1834
존 스튜어트 밀의 주 전문 분야는 무엇인가요?,철학,field_of_work,42,1834
앨런 튜링가 어떤 분야에서 일하나요?,수학,field_of_work,43,1835
앨런 튜링가 일한 분야는 어디인가요?,수학,field_of_work,43,1835
앨런 튜링가 관련된 연구 분야는 무엇인가요?,수학,field_of_work,43,1835
앨런 튜링가 일한 분야는 무엇으로 유명한가요?,수학,field_of_work,43,1835
앨런 튜링의 주 전문 분야는 무엇인가요?,수학,field_of_work,43,1835
빌프레도 파레토가 어떤 분야에서 일하나요?,사회학,field_of_work,44,1836
빌프레도 파레토가 일한 분야는 어디인가요?,사회학,field_of_work,44,1836
빌프레도 파레토가 관련된 연구 분야는 무엇인가요?,사회학,field_of_work,44,1836
빌프레도 파레토가 일한 분야는 무엇으로 유명한가요?,사회학,field_of_work,44,1836
빌프레도 파레토의 주 전문 분야는 무엇인가요?,사회학,field_of_work,44,1836
윌리엄 서머싯 몸가 어떤 분야에서 일하나요?,극작가,field_of_work,45,1837
윌리엄 서머싯 몸가 일한 분야는 어디인가요?,극작가,field_of_work,45,1837
윌리엄 서머싯 몸가 관련된 연구 분야는 무엇인가요?,극작가,field_of_work,45,1837
윌리엄 서머싯 몸가 일한 분야는 무엇으로 유명한가요?,극작가,field_of_work,45,1837
윌리엄 서머싯 몸의 주 전문 분야는 무엇인가요?,극작가,field_of_work,45,1837
윌리엄 서머싯 몸가 어떤 분야에서 일하나요?,소설가,field_of_work,46,1838
윌리엄 서머싯 몸가 일한 분야는 어디인가요?,소설가,field_of_work,46,1838
윌리엄 서머싯 몸가 관련된 연구 분야는 무엇인가요?,소설가,field_of_work,46,1838
윌리엄 서머싯 몸가 일한 분야는 무엇으로 유명한가요?,소설가,field_of_work,46,1838
윌리엄 서머싯 몸의 주 전문 분야는 무엇인가요?,소설가,field_of_work,46,1838
엔리코 페르미가 어떤 분야에서 일하나요?,물리학,field_of_work,47,1839
엔리코 페르미가 일한 분야는 어디인가요?,물리학,field_of_work,47,1839
엔리코 페르미가 관련된 연구 분야는 무엇인가요?,물리학,field_of_work,47,1839
엔리코 페르미가 일한 분야는 무엇으로 유명한가요?,물리학,field_of_work,47,1839
엔리코 페르미의 주 전문 분야는 무엇인가요?,물리학,field_of_work,47,1839
조반니 도메니코 카시니가 어떤 분야에서 일하나요?,천문학,field_of_work,48,1840
조반니 도메니코 카시니가 일한 분야는 어디인가요?,천문학,field_of_work,48,1840
조반니 도메니코 카시니가 관련된 연구 분야는 무엇인가요?,천문학,field_of_work,48,1840
조반니 도메니코 카시니가 일한 분야는 무엇으로 유명한가요?,천문학,field_of_work,48,1840
조반니 도메니코 카시니의 주 전문 분야는 무엇인가요?,천문학,field_of_work,48,1840
요한 볼프강 폰 괴테가 어떤 분야에서 일하나요?,해부학,field_of_work,49,1841
요한 볼프강 폰 괴테가 일한 분야는 어디인가요?,해부학,field_of_work,49,1841
요한 볼프강 폰 괴테가 관련된 연구 분야는 무엇인가요?,해부학,field_of_work,49,1841
요한 볼프강 폰 괴테가 일한 분야는 무엇으로 유명한가요?,해부학,field_of_work,49,1841
요한 볼프강 폰 괴테의 주 전문 분야는 무엇인가요?,해부학,field_of_work,49,1841
파라셀수스가 어떤 분야에서 일하나요?,의학,field_of_work,50,1842
파라셀수스가 일한 분야는 어디인가요?,의학,field_of_work,50,1842
파라셀수스가 관련된 연구 분야는 무엇인가요?,의학,field_of_work,50,1842
파라셀수스가 일한 분야는 무엇으로 유명한가요?,의학,field_of_work,50,1842
파라셀수스의 주 전문 분야는 무엇인가요?,의학,field_of_work,50,1842
존 콜트레인가 어떤 분야에서 일하나요?,재즈,field_of_work,51,1843
존 콜트레인가 일한 분야는 어디인가요?,재즈,field_of_work,51,1843
존 콜트레인가 관련된 연구 분야는 무엇인가요?,재즈,field_of_work,51,1843
존 콜트레인가 일한 분야는 무엇으로 유명한가요?,재즈,field_of_work,51,1843
존 콜트레인의 주 전문 분야는 무엇인가요?,재즈,field_of_work,51,1843
헤르만 폰 헬름홀츠가 어떤 분야에서 일하나요?,물리학,field_of_work,52,1844
헤르만 폰 헬름홀츠가 일한 분야는 어디인가요?,물리학,field_of_work,52,1844
헤르만 폰 헬름홀츠가 관련된 연구 분야는 무엇인가요?,물리학,field_of_work,52,1844
헤르만 폰 헬름홀츠가 일한 분야는 무엇으로 유명한가요?,물리학,field_of_work,52,1844
헤르만 폰 헬름홀츠의 주 전문 분야는 무엇인가요?,물리학,field_of_work,52,1844
갈레노스가 어떤 분야에서 일하나요?,의학,field_of_work,53,1845
갈레노스가 일한 분야는 어디인가요?,의학,field_of_work,53,1845
갈레노스가 관련된 연구 분야는 무엇인가요?,의학,field_of_work,53,1845
갈레노스가 일한 분야는 무엇으로 유명한가요?,의학,field_of_work,53,1845
갈레노스의 주 전문 분야는 무엇인가요?,의학,field_of_work,53,1845
에이브러햄 매슬로가 어떤 분야에서 일하나요?,심리학,field_of_work,54,1846
에이브러햄 매슬로가 일한 분야는 어디인가요?,심리학,field_of_work,54,1846
에이브러햄 매슬로가 관련된 연구 분야는 무엇인가요?,심리학,field_of_work,54,1846
에이브러햄 매슬로가 일한 분야는 무엇으로 유명한가요?,심리학,field_of_work,54,1846
에이브러햄 매슬로의 주 전문 분야는 무엇인가요?,심리학,field_of_work,54,1846
루이 파스퇴르가 어떤 분야에서 일하나요?,화학,field_of_work,55,1847
루이 파스퇴르가 일한 분야는 어디인가요?,화학,field_of_work,55,1847
루이 파스퇴르가 관련된 연구 분야는 무엇인가요?,화학,field_of_work,55,1847
루이 파스퇴르가 일한 분야는 무엇으로 유명한가요?,화학,field_of_work,55,1847
루이 파스퇴르의 주 전문 분야는 무엇인가요?,화학,field_of_work,55,1847
헨리 캐번디시가 어떤 분야에서 일하나요?,물리학,field_of_work,56,1848
헨리 캐번디시가 일한 분야는 어디인가요?,물리학,field_of_work,56,1848
헨리 캐번디시가 관련된 연구 분야는 무엇인가요?,물리학,field_of_work,56,1848
헨리 캐번디시가 일한 분야는 무엇으로 유명한가요?,물리학,field_of_work,56,1848
헨리 캐번디시의 주 전문 분야는 무엇인가요?,물리학,field_of_work,56,1848
카를 마르크스가 어떤 분야에서 일하나요?,경제학,field_of_work,57,1849
카를 마르크스가 일한 분야는 어디인가요?,경제학,field_of_work,57,1849
카를 마르크스가 관련된 연구 분야는 무엇인가요?,경제학,field_of_work,57,1849
카를 마르크스가 일한 분야는 무엇으로 유명한가요?,경제학,field_of_work,57,1849
카를 마르크스의 주 전문 분야는 무엇인가요?,경제학,field_of_work,57,1849
울프 폰 오일러가 어떤 분야에서 일하나요?,생리학,field_of_work,58,1850
울프 폰 오일러가 일한 분야는 어디인가요?,생리학,field_of_work,58,1850
울프 폰 오일러가 관련된 연구 분야는 무엇인가요?,생리학,field_of_work,58,1850
울프 폰 오일러가 일한 분야는 무엇으로 유명한가요?,생리학,field_of_work,58,1850
울프 폰 오일러의 주 전문 분야는 무엇인가요?,생리학,field_of_work,58,1850
갈릴레오 갈릴레이가 어떤 분야에서 일하나요?,천문학,field_of_work,59,1851
갈릴레오 갈릴레이가 일한 분야는 어디인가요?,천문학,field_of_work,59,1851
갈릴레오 갈릴레이가 관련된 연구 분야는 무엇인가요?,천문학,field_of_work,59,1851
갈릴레오 갈릴레이가 일한 분야는 무엇으로 유명한가요?,천문학,field_of_work,59,1851
갈릴레오 갈릴레이의 주 전문 분야는 무엇인가요?,천문학,field_of_work,59,1851
니콜라이 로바쳅스키가 어떤 분야에서 일하나요?,기하학,field_of_work,60,1852
니콜라이 로바쳅스키가 일한 분야는 어디인가요?,기하학,field_of_work,60,1852
니콜라이 로바쳅스키가 관련된 연구 분야는 무엇인가요?,기하학,field_of_work,60,1852
니콜라이 로바쳅스키가 일한 분야는 무엇으로 유명한가요?,기하학,field_of_work,60,1852
니콜라이 로바쳅스키의 주 전문 분야는 무엇인가요?,기하학,field_of_work,60,1852
크리스티안 하위헌스가 어떤 분야에서 일하나요?,수학,field_of_work,61,1853
크리스티안 하위헌스가 일한 분야는 어디인가요?,수학,field_of_work,61,1853
크리스티안 하위헌스가 관련된 연구 분야는 무엇인가요?,수학,field_of_work,61,1853
크리스티안 하위헌스가 일한 분야는 무엇으로 유명한가요?,수학,field_of_work,61,1853
크리스티안 하위헌스의 주 전문 분야는 무엇인가요?,수학,field_of_work,61,1853
웹 애플리케이션가 어떤 분야에서 일하나요?,웹사이트,field_of_work,62,1854
웹 애플리케이션가 일한 분야는 어디인가요?,웹사이트,field_of_work,62,1854
웹 애플리케이션가 관련된 연구 분야는 무엇인가요?,웹사이트,field_of_work,62,1854
웹 애플리케이션가 일한 분야는 무엇으로 유명한가요?,웹사이트,field_of_work,62,1854
웹 애플리케이션의 주 전문 분야는 무엇인가요?,웹사이트,field_of_work,62,1854
용수가 어떤 분야에서 일하나요?,불교,field_of_work,63,1855
용수가 일한 분야는 어디인가요?,불교,field_of_work,63,1855
용수가 관련된 연구 분야는 무엇인가요?,불교,field_of_work,63,1855
용수가 일한 분야는 무엇으로 유명한가요?,불교,field_of_work,63,1855
용수의 주 전문 분야는 무엇인가요?,불교,field_of_work,63,1855
윌리엄 로원 해밀턴가 어떤 분야에서 일하나요?,수학,field_of_work,64,1856
윌리엄 로원 해밀턴가 일한 분야는 어디인가요?,수학,field_of_work,64,1856
윌리엄 로원 해밀턴가 관련된 연구 분야는 무엇인가요?,수학,field_of_work,64,1856
윌리엄 로원 해밀턴가 일한 분야는 무엇으로 유명한가요?,수학,field_of_work,64,1856
윌리엄 로원 해밀턴의 주 전문 분야는 무엇인가요?,수학,field_of_work,64,1856
어니스트 러더퍼드가 어떤 분야에서 일하나요?,물리학,field_of_work,65,1857
어니스트 러더퍼드가 일한 분야는 어디인가요?,물리학,field_of_work,65,1857
어니스트 러더퍼드가 관련된 연구 분야는 무엇인가요?,물리학,field_of_work,65,1857
어니스트 러더퍼드가 일한 분야는 무엇으로 유명한가요?,물리학,field_of_work,65,1857
어니스트 러더퍼드의 주 전문 분야는 무엇인가요?,물리학,field_of_work,65,1857
윌리엄 허셜가 어떤 분야에서 일하나요?,천문학,field_of_work,66,1858
윌리엄 허셜가 일한 분야는 어디인가요?,천문학,field_of_work,66,1858
윌리엄 허셜가 관련된 연구 분야는 무엇인가요?,천문학,field_of_work,66,1858
윌리엄 허셜가 일한 분야는 무엇으로 유명한가요?,천문학,field_of_work,66,1858
윌리엄 허셜의 주 전문 분야는 무엇인가요?,천문학,field_of_work,66,1858
이반 파블로프가 어떤 분야에서 일하나요?,생리학,field_of_work,67,1859
이반 파블로프가 일한 분야는 어디인가요?,생리학,field_of_work,67,1859
이반 파블로프가 관련된 연구 분야는 무엇인가요?,생리학,field_of_work,67,1859
이반 파블로프가 일한 분야는 무엇으로 유명한가요?,생리학,field_of_work,67,1859
이반 파블로프의 주 전문 분야는 무엇인가요?,생리학,field_of_work,67,1859
헤르만 민코프스키가 어떤 분야에서 일하나요?,기하학,field_of_work,68,1860
헤르만 민코프스키가 일한 분야는 어디인가요?,기하학,field_of_work,68,1860
헤르만 민코프스키가 관련된 연구 분야는 무엇인가요?,기하학,field_of_work,68,1860
헤르만 민코프스키가 일한 분야는 무엇으로 유명한가요?,기하학,field_of_work,68,1860
헤르만 민코프스키의 주 전문 분야는 무엇인가요?,기하학,field_of_work,68,1860
갈릴레오 갈릴레이가 어떤 분야에서 일하나요?,물리학,field_of_work,69,1861
갈릴레오 갈릴레이가 일한 분야는 어디인가요?,물리학,field_of_work,69,1861
갈릴레오 갈릴레이가 관련된 연구 분야는 무엇인가요?,물리학,field_of_work,69,1861
갈릴레오 갈릴레이가 일한 분야는 무엇으로 유명한가요?,물리학,field_of_work,69,1861
갈릴레오 갈릴레이의 주 전문 분야는 무엇인가요?,물리학,field_of_work,69,1861
줄리언 슈윙거가 어떤 분야에서 일하나요?,물리학,field_of_work,70,1862
줄리언 슈윙거가 일한 분야는 어디인가요?,물리학,field_of_work,70,1862
줄리언 슈윙거가 관련된 연구 분야는 무엇인가요?,물리학,field_of_work,70,1862
줄리언 슈윙거가 일한 분야는 무엇으로 유명한가요?,물리학,field_of_work,70,1862
줄리언 슈윙거의 주 전문 분야는 무엇인가요?,물리학,field_of_work,70,1862
자살 공격가 어떤 분야에서 일하나요?,공포주의,field_of_work,71,1863
자살 공격가 일한 분야는 어디인가요?,공포주의,field_of_work,71,1863
자살 공격가 관련된 연구 분야는 무엇인가요?,공포주의,field_of_work,71,1863
자살 공격가 일한 분야는 무엇으로 유명한가요?,공포주의,field_of_work,71,1863
자살 공격의 주 전문 분야는 무엇인가요?,공포주의,field_of_work,71,1863
레프 비고츠키가 어떤 분야에서 일하나요?,심리학,field_of_work,72,1864
레프 비고츠키가 일한 분야는 어디인가요?,심리학,field_of_work,72,1864
레프 비고츠키가 관련된 연구 분야는 무엇인가요?,심리학,field_of_work,72,1864
레프 비고츠키가 일한 분야는 무엇으로 유명한가요?,심리학,field_of_work,72,1864
레프 비고츠키의 주 전문 분야는 무엇인가요?,심리학,field_of_work,72,1864
카를 마르크스가 어떤 분야에서 일하나요?,철학,field_of_work,73,1865
카를 마르크스가 일한 분야는 어디인가요?,철학,field_of_work,73,1865
카를 마르크스가 관련된 연구 분야는 무엇인가요?,철학,field_of_work,73,1865
카를 마르크스가 일한 분야는 무엇으로 유명한가요?,철학,field_of_work,73,1865
카를 마르크스의 주 전문 분야는 무엇인가요?,철학,field_of_work,73,1865
프리드리히 베셀가 어떤 분야에서 일하나요?,수학,field_of_work,74,1866
프리드리히 베셀가 일한 분야는 어디인가요?,수학,field_of_work,74,1866
프리드리히 베셀가 관련된 연구 분야는 무엇인가요?,수학,field_of_work,74,1866
프리드리히 베셀가 일한 분야는 무엇으로 유명한가요?,수학,field_of_work,74,1866
프리드리히 베셀의 주 전문 분야는 무엇인가요?,수학,field_of_work,74,1866
조지프 슘페터가 어떤 분야에서 일하나요?,경제학,field_of_work,75,1867
조지프 슘페터가 일한 분야는 어디인가요?,경제학,field_of_work,75,1867
조지프 슘페터가 관련된 연구 분야는 무엇인가요?,경제학,field_of_work,75,1867
조지프 슘페터가 일한 분야는 무엇으로 유명한가요?,경제학,field_of_work,75,1867
조지프 슘페터의 주 전문 분야는 무엇인가요?,경제학,field_of_work,75,1867
막스 베버가 어떤 분야에서 일하나요?,역사,field_of_work,76,1868
막스 베버가 일한 분야는 어디인가요?,역사,field_of_work,76,1868
막스 베버가 관련된 연구 분야는 무엇인가요?,역사,field_of_work,76,1868
막스 베버가 일한 분야는 무엇으로 유명한가요?,역사,field_of_work,76,1868
막스 베버의 주 전문 분야는 무엇인가요?,역사,field_of_work,76,1868
에드워드 기번가 어떤 분야에서 일하나요?,역사,field_of_work,77,1869
에드워드 기번가 일한 분야는 어디인가요?,역사,field_of_work,77,1869
에드워드 기번가 관련된 연구 분야는 무엇인가요?,역사,field_of_work,77,1869
에드워드 기번가 일한 분야는 무엇으로 유명한가요?,역사,field_of_work,77,1869
에드워드 기번의 주 전문 분야는 무엇인가요?,역사,field_of_work,77,1869
존 휠러가 어떤 분야에서 일하나요?,물리학,field_of_work,78,1870
존 휠러가 일한 분야는 어디인가요?,물리학,field_of_work,78,1870
존 휠러가 관련된 연구 분야는 무엇인가요?,물리학,field_of_work,78,1870
존 휠러가 일한 분야는 무엇으로 유명한가요?,물리학,field_of_work,78,1870
존 휠러의 주 전문 분야는 무엇인가요?,물리학,field_of_work,78,1870
레온하르트 오일러가 어떤 분야에서 일하나요?,물리학,field_of_work,79,1871
레온하르트 오일러가 일한 분야는 어디인가요?,물리학,field_of_work,79,1871
레온하르트 오일러가 관련된 연구 분야는 무엇인가요?,물리학,field_of_work,79,1871
레온하르트 오일러가 일한 분야는 무엇으로 유명한가요?,물리학,field_of_work,79,1871
레온하르트 오일러의 주 전문 분야는 무엇인가요?,물리학,field_of_work,79,1871
아우구스트 크로그가 어떤 분야에서 일하나요?,생리학,field_of_work,80,1872
아우구스트 크로그가 일한 분야는 어디인가요?,생리학,field_of_work,80,1872
아우구스트 크로그가 관련된 연구 분야는 무엇인가요?,생리학,field_of_work,80,1872
아우구스트 크로그가 일한 분야는 무엇으로 유명한가요?,생리학,field_of_work,80,1872
아우구스트 크로그의 주 전문 분야는 무엇인가요?,생리학,field_of_work,80,1872
펠릭스 블로흐가 어떤 분야에서 일하나요?,물리학,field_of_work,81,1873
펠릭스 블로흐가 일한 분야는 어디인가요?,물리학,field_of_work,81,1873
펠릭스 블로흐가 관련된 연구 분야는 무엇인가요?,물리학,field_of_work,81,1873
펠릭스 블로흐가 일한 분야는 무엇으로 유명한가요?,물리학,field_of_work,81,1873
펠릭스 블로흐의 주 전문 분야는 무엇인가요?,물리학,field_of_work,81,1873
안데르스 셀시우스가 어떤 분야에서 일하나요?,천문학,field_of_work,82,1874
안데르스 셀시우스가 일한 분야는 어디인가요?,천문학,field_of_work,82,1874
안데르스 셀시우스가 관련된 연구 분야는 무엇인가요?,천문학,field_of_work,82,1874
안데르스 셀시우스가 일한 분야는 무엇으로 유명한가요?,천문학,field_of_work,82,1874
안데르스 셀시우스의 주 전문 분야는 무엇인가요?,천문학,field_of_work,82,1874
빌럼 에인트호번가 어떤 분야에서 일하나요?,생리학,field_of_work,83,1875
빌럼 에인트호번가 일한 분야는 어디인가요?,생리학,field_of_work,83,1875
빌럼 에인트호번가 관련된 연구 분야는 무엇인가요?,생리학,field_of_work,83,1875
빌럼 에인트호번가 일한 분야는 무엇으로 유명한가요?,생리학,field_of_work,83,1875
빌럼 에인트호번의 주 전문 분야는 무엇인가요?,생리학,field_of_work,83,1875
요제프 폰 프라운호퍼가 어떤 분야에서 일하나요?,물리학,field_of_work,84,1876
요제프 폰 프라운호퍼가 일한 분야는 어디인가요?,물리학,field_of_work,84,1876
요제프 폰 프라운호퍼가 관련된 연구 분야는 무엇인가요?,물리학,field_of_work,84,1876
요제프 폰 프라운호퍼가 일한 분야는 무엇으로 유명한가요?,물리학,field_of_work,84,1876
요제프 폰 프라운호퍼의 주 전문 분야는 무엇인가요?,물리학,field_of_work,84,1876
도모나가 신이치로가 어떤 분야에서 일하나요?,물리학,field_of_work,85,1877
도모나가 신이치로가 일한 분야는 어디인가요?,물리학,field_of_work,85,1877
도모나가 신이치로가 관련된 연구 분야는 무엇인가요?,물리학,field_of_work,85,1877
도모나가 신이치로가 일한 분야는 무엇으로 유명한가요?,물리학,field_of_work,85,1877
도모나가 신이치로의 주 전문 분야는 무엇인가요?,물리학,field_of_work,85,1877
헤르만 아만두스 슈바르츠가 어떤 분야에서 일하나요?,수학,field_of_work,86,1878
헤르만 아만두스 슈바르츠가 일한 분야는 어디인가요?,수학,field_of_work,86,1878
헤르만 아만두스 슈바르츠가 관련된 연구 분야는 무엇인가요?,수학,field_of_work,86,1878
헤르만 아만두스 슈바르츠가 일한 분야는 무엇으로 유명한가요?,수학,field_of_work,86,1878
헤르만 아만두스 슈바르츠의 주 전문 분야는 무엇인가요?,수학,field_of_work,86,1878
장 르 롱 달랑베르가 어떤 분야에서 일하나요?,수학,field_of_work,87,1879
장 르 롱 달랑베르가 일한 분야는 어디인가요?,수학,field_of_work,87,1879
장 르 롱 달랑베르가 관련된 연구 분야는 무엇인가요?,수학,field_of_work,87,1879
장 르 롱 달랑베르가 일한 분야는 무엇으로 유명한가요?,수학,field_of_work,87,1879
장 르 롱 달랑베르의 주 전문 분야는 무엇인가요?,수학,field_of_work,87,1879
루카 파치올리가 어떤 분야에서 일하나요?,수학,field_of_work,88,1880
루카 파치올리가 일한 분야는 어디인가요?,수학,field_of_work,88,1880
루카 파치올리가 관련된 연구 분야는 무엇인가요?,수학,field_of_work,88,1880
루카 파치올리가 일한 분야는 무엇으로 유명한가요?,수학,field_of_work,88,1880
루카 파치올리의 주 전문 분야는 무엇인가요?,수학,field_of_work,88,1880
비탈리 긴즈부르크가 어떤 분야에서 일하나요?,물리학,field_of_work,89,1881
비탈리 긴즈부르크가 일한 분야는 어디인가요?,물리학,field_of_work,89,1881
비탈리 긴즈부르크가 관련된 연구 분야는 무엇인가요?,물리학,field_of_work,89,1881
비탈리 긴즈부르크가 일한 분야는 무엇으로 유명한가요?,물리학,field_of_work,89,1881
비탈리 긴즈부르크의 주 전문 분야는 무엇인가요?,물리학,field_of_work,89,1881
사마천가 어떤 분야에서 일하나요?,역사,field_of_work,90,1882
사마천가 일한 분야는 어디인가요?,역사,field_of_work,90,1882
사마천가 관련된 연구 분야는 무엇인가요?,역사,field_of_work,90,1882
사마천가 일한 분야는 무엇으로 유명한가요?,역사,field_of_work,90,1882
사마천의 주 전문 분야는 무엇인가요?,역사,field_of_work,90,1882
클라우디오스 프톨레마이오스가 어떤 분야에서 일하나요?,수학자,field_of_work,91,1883
클라우디오스 프톨레마이오스가 일한 분야는 어디인가요?,수학자,field_of_work,91,1883
클라우디오스 프톨레마이오스가 관련된 연구 분야는 무엇인가요?,수학자,field_of_work,91,1883
클라우디오스 프톨레마이오스가 일한 분야는 무엇으로 유명한가요?,수학자,field_of_work,91,1883
클라우디오스 프톨레마이오스의 주 전문 분야는 무엇인가요?,수학자,field_of_work,91,1883
장 피아제가 어떤 분야에서 일하나요?,심리학,field_of_work,92,1884
장 피아제가 일한 분야는 어디인가요?,심리학,field_of_work,92,1884
장 피아제가 관련된 연구 분야는 무엇인가요?,심리학,field_of_work,92,1884
장 피아제가 일한 분야는 무엇으로 유명한가요?,심리학,field_of_work,92,1884
장 피아제의 주 전문 분야는 무엇인가요?,심리학,field_of_work,92,1884
스테판 바나흐가 어떤 분야에서 일하나요?,수학,field_of_work,93,1885
스테판 바나흐가 일한 분야는 어디인가요?,수학,field_of_work,93,1885
스테판 바나흐가 관련된 연구 분야는 무엇인가요?,수학,field_of_work,93,1885
스테판 바나흐가 일한 분야는 무엇으로 유명한가요?,수학,field_of_work,93,1885
스테판 바나흐의 주 전문 분야는 무엇인가요?,수학,field_of_work,93,1885
조지프 프리스틀리가 어떤 분야에서 일하나요?,철학,field_of_work,94,1886
조지프 프리스틀리가 일한 분야는 어디인가요?,철학,field_of_work,94,1886
조지프 프리스틀리가 관련된 연구 분야는 무엇인가요?,철학,field_of_work,94,1886
조지프 프리스틀리가 일한 분야는 무엇으로 유명한가요?,철학,field_of_work,94,1886
조지프 프리스틀리의 주 전문 분야는 무엇인가요?,철학,field_of_work,94,1886
쿠르트 레빈가 어떤 분야에서 일하나요?,심리학,field_of_work,95,1887
쿠르트 레빈가 일한 분야는 어디인가요?,심리학,field_of_work,95,1887
쿠르트 레빈가 관련된 연구 분야는 무엇인가요?,심리학,field_of_work,95,1887
쿠르트 레빈가 일한 분야는 무엇으로 유명한가요?,심리학,field_of_work,95,1887
쿠르트 레빈의 주 전문 분야는 무엇인가요?,심리학,field_of_work,95,1887
제임스 클러크 맥스웰가 어떤 분야에서 일하나요?,물리학,field_of_work,96,1888
제임스 클러크 맥스웰가 일한 분야는 어디인가요?,물리학,field_of_work,96,1888
제임스 클러크 맥스웰가 관련된 연구 분야는 무엇인가요?,물리학,field_of_work,96,1888
제임스 클러크 맥스웰가 일한 분야는 무엇으로 유명한가요?,물리학,field_of_work,96,1888
제임스 클러크 맥스웰의 주 전문 분야는 무엇인가요?,물리학,field_of_work,96,1888
앨프리드 마셜가 어떤 분야에서 일하나요?,경제학,field_of_work,97,1889
앨프리드 마셜가 일한 분야는 어디인가요?,경제학,field_of_work,97,1889
앨프리드 마셜가 관련된 연구 분야는 무엇인가요?,경제학,field_of_work,97,1889
앨프리드 마셜가 일한 분야는 무엇으로 유명한가요?,경제학,field_of_work,97,1889
앨프리드 마셜의 주 전문 분야는 무엇인가요?,경제학,field_of_work,97,1889
니콜라우스 코페르니쿠스가 어떤 분야에서 일하나요?,천문학,field_of_work,98,1890
니콜라우스 코페르니쿠스가 일한 분야는 어디인가요?,천문학,field_of_work,98,1890
니콜라우스 코페르니쿠스가 관련된 연구 분야는 무엇인가요?,천문학,field_of_work,98,1890
니콜라우스 코페르니쿠스가 일한 분야는 무엇으로 유명한가요?,천문학,field_of_work,98,1890
니콜라우스 코페르니쿠스의 주 전문 분야는 무엇인가요?,천문학,field_of_work,98,1890
에릭 매스킨가 어떤 분야에서 일하나요?,경제학자,field_of_work,99,1891
에릭 매스킨가 일한 분야는 어디인가요?,경제학자,field_of_work,99,1891
에릭 매스킨가 관련된 연구 분야는 무엇인가요?,경제학자,field_of_work,99,1891
에릭 매스킨가 일한 분야는 무엇으로 유명한가요?,경제학자,field_of_work,99,1891
에릭 매스킨의 주 전문 분야는 무엇인가요?,경제학자,field_of_work,99,1891
재러드 다이아몬드가 어떤 분야에서 일하나요?,생태학,field_of_work,100,1892
재러드 다이아몬드가 일한 분야는 어디인가요?,생태학,field_of_work,100,1892
재러드 다이아몬드가 관련된 연구 분야는 무엇인가요?,생태학,field_of_work,100,1892
재러드 다이아몬드가 일한 분야는 무엇으로 유명한가요?,생태학,field_of_work,100,1892
재러드 다이아몬드의 주 전문 분야는 무엇인가요?,생태학,field_of_work,100,1892
안드레이 콜모고로프가 어떤 분야에서 일하나요?,기하학,field_of_work,101,1893
안드레이 콜모고로프가 일한 분야는 어디인가요?,기하학,field_of_work,101,1893
안드레이 콜모고로프가 관련된 연구 분야는 무엇인가요?,기하학,field_of_work,101,1893
안드레이 콜모고로프가 일한 분야는 무엇으로 유명한가요?,기하학,field_of_work,101,1893
안드레이 콜모고로프의 주 전문 분야는 무엇인가요?,기하학,field_of_work,101,1893
루이 조제프 게이뤼삭가 어떤 분야에서 일하나요?,화학,field_of_work,102,1894
루이 조제프 게이뤼삭가 일한 분야는 어디인가요?,화학,field_of_work,102,1894
루이 조제프 게이뤼삭가 관련된 연구 분야는 무엇인가요?,화학,field_of_work,102,1894
루이 조제프 게이뤼삭가 일한 분야는 무엇으로 유명한가요?,화학,field_of_work,102,1894
루이 조제프 게이뤼삭의 주 전문 분야는 무엇인가요?,화학,field_of_work,102,1894
옥테인가 어떤 분야에서 일하나요?,화학,field_of_work,103,1895
옥테인가 일한 분야는 어디인가요?,화학,field_of_work,103,1895
옥테인가 관련된 연구 분야는 무엇인가요?,화학,field_of_work,103,1895
옥테인가 일한 분야는 무엇으로 유명한가요?,화학,field_of_work,103,1895
옥테인의 주 전문 분야는 무엇인가요?,화학,field_of_work,103,1895
다니엘 베르누이가 어떤 분야에서 일하나요?,물리학,field_of_work,104,1896
다니엘 베르누이가 일한 분야는 어디인가요?,물리학,field_of_work,104,1896
다니엘 베르누이가 관련된 연구 분야는 무엇인가요?,물리학,field_of_work,104,1896
다니엘 베르누이가 일한 분야는 무엇으로 유명한가요?,물리학,field_of_work,104,1896
다니엘 베르누이의 주 전문 분야는 무엇인가요?,물리학,field_of_work,104,1896
마이클 패러데이가 어떤 분야에서 일하나요?,물리학,field_of_work,105,1897
마이클 패러데이가 일한 분야는 어디인가요?,물리학,field_of_work,105,1897
마이클 패러데이가 관련된 연구 분야는 무엇인가요?,물리학,field_of_work,105,1897
마이클 패러데이가 일한 분야는 무엇으로 유명한가요?,물리학,field_of_work,105,1897
마이클 패러데이의 주 전문 분야는 무엇인가요?,물리학,field_of_work,105,1897
험프리 데이비가 어떤 분야에서 일하나요?,화학,field_of_work,106,1898
험프리 데이비가 일한 분야는 어디인가요?,화학,field_of_work,106,1898
험프리 데이비가 관련된 연구 분야는 무엇인가요?,화학,field_of_work,106,1898
험프리 데이비가 일한 분야는 무엇으로 유명한가요?,화학,field_of_work,106,1898
험프리 데이비의 주 전문 분야는 무엇인가요?,화학,field_of_work,106,1898
앙리 무아상가 어떤 분야에서 일하나요?,화학,field_of_work,107,1899
앙리 무아상가 일한 분야는 어디인가요?,화학,field_of_work,107,1899
앙리 무아상가 관련된 연구 분야는 무엇인가요?,화학,field_of_work,107,1899
앙리 무아상가 일한 분야는 무엇으로 유명한가요?,화학,field_of_work,107,1899
앙리 무아상의 주 전문 분야는 무엇인가요?,화학,field_of_work,107,1899
피에르 퀴리가 어떤 분야에서 일하나요?,물리학,field_of_work,108,1900
피에르 퀴리가 일한 분야는 어디인가요?,물리학,field_of_work,108,1900
피에르 퀴리가 관련된 연구 분야는 무엇인가요?,물리학,field_of_work,108,1900
피에르 퀴리가 일한 분야는 무엇으로 유명한가요?,물리학,field_of_work,108,1900
피에르 퀴리의 주 전문 분야는 무엇인가요?,물리학,field_of_work,108,1900
구스타프 키르히호프가 어떤 분야에서 일하나요?,물리학,field_of_work,109,1901
구스타프 키르히호프가 일한 분야는 어디인가요?,물리학,field_of_work,109,1901
구스타프 키르히호프가 관련된 연구 분야는 무엇인가요?,물리학,field_of_work,109,1901
구스타프 키르히호프가 일한 분야는 무엇으로 유명한가요?,물리학,field_of_work,109,1901
구스타프 키르히호프의 주 전문 분야는 무엇인가요?,물리학,field_of_work,109,1901
노버트 위너가 어떤 분야에서 일하나요?,수학,field_of_work,110,1902
노버트 위너가 일한 분야는 어디인가요?,수학,field_of_work,110,1902
노버트 위너가 관련된 연구 분야는 무엇인가요?,수학,field_of_work,110,1902
노버트 위너가 일한 분야는 무엇으로 유명한가요?,수학,field_of_work,110,1902
노버트 위너의 주 전문 분야는 무엇인가요?,수학,field_of_work,110,1902
위르뱅 르베리에가 어떤 분야에서 일하나요?,천문학,field_of_work,111,1903
위르뱅 르베리에가 일한 분야는 어디인가요?,천문학,field_of_work,111,1903
위르뱅 르베리에가 관련된 연구 분야는 무엇인가요?,천문학,field_of_work,111,1903
위르뱅 르베리에가 일한 분야는 무엇으로 유명한가요?,천문학,field_of_work,111,1903
위르뱅 르베리에의 주 전문 분야는 무엇인가요?,천문학,field_of_work,111,1903
요한 하위징아가 어떤 분야에서 일하나요?,역사,field_of_work,112,1904
요한 하위징아가 일한 분야는 어디인가요?,역사,field_of_work,112,1904
요한 하위징아가 관련된 연구 분야는 무엇인가요?,역사,field_of_work,112,1904
요한 하위징아가 일한 분야는 무엇으로 유명한가요?,역사,field_of_work,112,1904
요한 하위징아의 주 전문 분야는 무엇인가요?,역사,field_of_work,112,1904
사이언스가 어떤 분야에서 일하나요?,과학,field_of_work,113,1905
사이언스가 일한 분야는 어디인가요?,과학,field_of_work,113,1905
사이언스가 관련된 연구 분야는 무엇인가요?,과학,field_of_work,113,1905
사이언스가 일한 분야는 무엇으로 유명한가요?,과학,field_of_work,113,1905
사이언스의 주 전문 분야는 무엇인가요?,과학,field_of_work,113,1905
에드워드 텔러가 어떤 분야에서 일하나요?,물리학,field_of_work,114,1906
에드워드 텔러가 일한 분야는 어디인가요?,물리학,field_of_work,114,1906
에드워드 텔러가 관련된 연구 분야는 무엇인가요?,물리학,field_of_work,114,1906
에드워드 텔러가 일한 분야는 무엇으로 유명한가요?,물리학,field_of_work,114,1906
에드워드 텔러의 주 전문 분야는 무엇인가요?,물리학,field_of_work,114,1906
레드 제플린가 어떤 분야에서 일하나요?,음악가,field_of_work,115,1907
레드 제플린가 일한 분야는 어디인가요?,음악가,field_of_work,115,1907
레드 제플린가 관련된 연구 분야는 무엇인가요?,음악가,field_of_work,115,1907
레드 제플린가 일한 분야는 무엇으로 유명한가요?,음악가,field_of_work,115,1907
레드 제플린의 주 전문 분야는 무엇인가요?,음악가,field_of_work,115,1907
어니스트 로런스가 어떤 분야에서 일하나요?,물리학,field_of_work,116,1908
어니스트 로런스가 일한 분야는 어디인가요?,물리학,field_of_work,116,1908
어니스트 로런스가 관련된 연구 분야는 무엇인가요?,물리학,field_of_work,116,1908
어니스트 로런스가 일한 분야는 무엇으로 유명한가요?,물리학,field_of_work,116,1908
어니스트 로런스의 주 전문 분야는 무엇인가요?,물리학,field_of_work,116,1908
마리 퀴리가 어떤 분야에서 일하나요?,화학,field_of_work,117,1909
마리 퀴리가 일한 분야는 어디인가요?,화학,field_of_work,117,1909
마리 퀴리가 관련된 연구 분야는 무엇인가요?,화학,field_of_work,117,1909
마리 퀴리가 일한 분야는 무엇으로 유명한가요?,화학,field_of_work,117,1909
마리 퀴리의 주 전문 분야는 무엇인가요?,화학,field_of_work,117,1909
존 네이피어가 어떤 분야에서 일하나요?,수학,field_of_work,118,1910
존 네이피어가 일한 분야는 어디인가요?,수학,field_of_work,118,1910
존 네이피어가 관련된 연구 분야는 무엇인가요?,수학,field_of_work,118,1910
존 네이피어가 일한 분야는 무엇으로 유명한가요?,수학,field_of_work,118,1910
존 네이피어의 주 전문 분야는 무엇인가요?,수학,field_of_work,118,1910
아이작 뉴턴가 어떤 분야에서 일하나요?,천문학,field_of_work,119,1911
아이작 뉴턴가 일한 분야는 어디인가요?,천문학,field_of_work,119,1911
아이작 뉴턴가 관련된 연구 분야는 무엇인가요?,천문학,field_of_work,119,1911
아이작 뉴턴가 일한 분야는 무엇으로 유명한가요?,천문학,field_of_work,119,1911
아이작 뉴턴의 주 전문 분야는 무엇인가요?,천문학,field_of_work,119,1911
래리 생어가 어떤 분야에서 일하나요?,철학,field_of_work,120,1912
래리 생어가 일한 분야는 어디인가요?,철학,field_of_work,120,1912
래리 생어가 관련된 연구 분야는 무엇인가요?,철학,field_of_work,120,1912
래리 생어가 일한 분야는 무엇으로 유명한가요?,철학,field_of_work,120,1912
래리 생어의 주 전문 분야는 무엇인가요?,철학,field_of_work,120,1912
필리프 레나르트가 어떤 분야에서 일하나요?,물리학,field_of_work,121,1913
필리프 레나르트가 일한 분야는 어디인가요?,물리학,field_of_work,121,1913
필리프 레나르트가 관련된 연구 분야는 무엇인가요?,물리학,field_of_work,121,1913
필리프 레나르트가 일한 분야는 무엇으로 유명한가요?,물리학,field_of_work,121,1913
필리프 레나르트의 주 전문 분야는 무엇인가요?,물리학,field_of_work,121,1913
헤르만 폰 헬름홀츠가 어떤 분야에서 일하나요?,생리학,field_of_work,122,1914
헤르만 폰 헬름홀츠가 일한 분야는 어디인가요?,생리학,field_of_work,122,1914
헤르만 폰 헬름홀츠가 관련된 연구 분야는 무엇인가요?,생리학,field_of_work,122,1914
헤르만 폰 헬름홀츠가 일한 분야는 무엇으로 유명한가요?,생리학,field_of_work,122,1914
헤르만 폰 헬름홀츠의 주 전문 분야는 무엇인가요?,생리학,field_of_work,122,1914
프리드리히 베셀가 어떤 분야에서 일하나요?,천문학,field_of_work,123,1915
프리드리히 베셀가 일한 분야는 어디인가요?,천문학,field_of_work,123,1915
프리드리히 베셀가 관련된 연구 분야는 무엇인가요?,천문학,field_of_work,123,1915
프리드리히 베셀가 일한 분야는 무엇으로 유명한가요?,천문학,field_of_work,123,1915
프리드리히 베셀의 주 전문 분야는 무엇인가요?,천문학,field_of_work,123,1915
앨프리드 킨제이가 어떤 분야에서 일하나요?,생물학,field_of_work,124,1916
앨프리드 킨제이가 일한 분야는 어디인가요?,생물학,field_of_work,124,1916
앨프리드 킨제이가 관련된 연구 분야는 무엇인가요?,생물학,field_of_work,124,1916
앨프리드 킨제이가 일한 분야는 무엇으로 유명한가요?,생물학,field_of_work,124,1916
앨프리드 킨제이의 주 전문 분야는 무엇인가요?,생물학,field_of_work,124,1916
메스로프 마슈토츠가 어떤 분야에서 일하나요?,언어학,field_of_work,125,1917
메스로프 마슈토츠가 일한 분야는 어디인가요?,언어학,field_of_work,125,1917
메스로프 마슈토츠가 관련된 연구 분야는 무엇인가요?,언어학,field_of_work,125,1917
메스로프 마슈토츠가 일한 분야는 무엇으로 유명한가요?,언어학,field_of_work,125,1917
메스로프 마슈토츠의 주 전문 분야는 무엇인가요?,언어학,field_of_work,125,1917
제임스 프랑크가 어떤 분야에서 일하나요?,물리학,field_of_work,126,1918
제임스 프랑크가 일한 분야는 어디인가요?,물리학,field_of_work,126,1918
제임스 프랑크가 관련된 연구 분야는 무엇인가요?,물리학,field_of_work,126,1918
제임스 프랑크가 일한 분야는 무엇으로 유명한가요?,물리학,field_of_work,126,1918
제임스 프랑크의 주 전문 분야는 무엇인가요?,물리학,field_of_work,126,1918
엘리너 오스트롬가 어떤 분야에서 일하나요?,경제학,field_of_work,127,1919
엘리너 오스트롬가 일한 분야는 어디인가요?,경제학,field_of_work,127,1919
엘리너 오스트롬가 관련된 연구 분야는 무엇인가요?,경제학,field_of_work,127,1919
엘리너 오스트롬가 일한 분야는 무엇으로 유명한가요?,경제학,field_of_work,127,1919
엘리너 오스트롬의 주 전문 분야는 무엇인가요?,경제학,field_of_work,127,1919
에드워드 빅터 애플턴가 어떤 분야에서 일하나요?,물리학,field_of_work,128,1920
에드워드 빅터 애플턴가 일한 분야는 어디인가요?,물리학,field_of_work,128,1920
에드워드 빅터 애플턴가 관련된 연구 분야는 무엇인가요?,물리학,field_of_work,128,1920
에드워드 빅터 애플턴가 일한 분야는 무엇으로 유명한가요?,물리학,field_of_work,128,1920
에드워드 빅터 애플턴의 주 전문 분야는 무엇인가요?,물리학,field_of_work,128,1920
존 돌턴가 어떤 분야에서 일하나요?,화학,field_of_work,129,1921
존 돌턴가 일한 분야는 어디인가요?,화학,field_of_work,129,1921
존 돌턴가 관련된 연구 분야는 무엇인가요?,화학,field_of_work,129,1921
존 돌턴가 일한 분야는 무엇으로 유명한가요?,화학,field_of_work,129,1921
존 돌턴의 주 전문 분야는 무엇인가요?,화학,field_of_work,129,1921
존 돌턴가 어떤 분야에서 일하나요?,물리학,field_of_work,130,1922
존 돌턴가 일한 분야는 어디인가요?,물리학,field_of_work,130,1922
존 돌턴가 관련된 연구 분야는 무엇인가요?,물리학,field_of_work,130,1922
존 돌턴가 일한 분야는 무엇으로 유명한가요?,물리학,field_of_work,130,1922
존 돌턴의 주 전문 분야는 무엇인가요?,물리학,field_of_work,130,1922
드미트리 멘델레예프가 어떤 분야에서 일하나요?,화학,field_of_work,131,1923
드미트리 멘델레예프가 일한 분야는 어디인가요?,화학,field_of_work,131,1923
드미트리 멘델레예프가 관련된 연구 분야는 무엇인가요?,화학,field_of_work,131,1923
드미트리 멘델레예프가 일한 분야는 무엇으로 유명한가요?,화학,field_of_work,131,1923
드미트리 멘델레예프의 주 전문 분야는 무엇인가요?,화학,field_of_work,131,1923
드미트리 멘델레예프가 어떤 분야에서 일하나요?,물리학,field_of_work,132,1924
드미트리 멘델레예프가 일한 분야는 어디인가요?,물리학,field_of_work,132,1924
드미트리 멘델레예프가 관련된 연구 분야는 무엇인가요?,물리학,field_of_work,132,1924
드미트리 멘델레예프가 일한 분야는 무엇으로 유명한가요?,물리학,field_of_work,132,1924
드미트리 멘델레예프의 주 전문 분야는 무엇인가요?,물리학,field_of_work,132,1924
폴 매카트니가 어떤 분야에서 일하나요?,음악가,field_of_work,133,1925
폴 매카트니가 일한 분야는 어디인가요?,음악가,field_of_work,133,1925
폴 매카트니가 관련된 연구 분야는 무엇인가요?,음악가,field_of_work,133,1925
폴 매카트니가 일한 분야는 무엇으로 유명한가요?,음악가,field_of_work,133,1925
폴 매카트니의 주 전문 분야는 무엇인가요?,음악가,field_of_work,133,1925
찰스 배비지가 어떤 분야에서 일하나요?,수학,field_of_work,134,1926
찰스 배비지가 일한 분야는 어디인가요?,수학,field_of_work,134,1926
찰스 배비지가 관련된 연구 분야는 무엇인가요?,수학,field_of_work,134,1926
찰스 배비지가 일한 분야는 무엇으로 유명한가요?,수학,field_of_work,134,1926
찰스 배비지의 주 전문 분야는 무엇인가요?,수학,field_of_work,134,1926
니콜라우스 코페르니쿠스가 어떤 분야에서 일하나요?,수학,field_of_work,135,1927
니콜라우스 코페르니쿠스가 일한 분야는 어디인가요?,수학,field_of_work,135,1927
니콜라우스 코페르니쿠스가 관련된 연구 분야는 무엇인가요?,수학,field_of_work,135,1927
니콜라우스 코페르니쿠스가 일한 분야는 무엇으로 유명한가요?,수학,field_of_work,135,1927
니콜라우스 코페르니쿠스의 주 전문 분야는 무엇인가요?,수학,field_of_work,135,1927
아리아바타가 어떤 분야에서 일하나요?,천문학,field_of_work,136,1928
아리아바타가 일한 분야는 어디인가요?,천문학,field_of_work,136,1928
아리아바타가 관련된 연구 분야는 무엇인가요?,천문학,field_of_work,136,1928
아리아바타가 일한 분야는 무엇으로 유명한가요?,천문학,field_of_work,136,1928
아리아바타의 주 전문 분야는 무엇인가요?,천문학,field_of_work,136,1928
클라이드 톰보가 어떤 분야에서 일하나요?,천문학자,field_of_work,137,1929
클라이드 톰보가 일한 분야는 어디인가요?,천문학자,field_of_work,137,1929
클라이드 톰보가 관련된 연구 분야는 무엇인가요?,천문학자,field_of_work,137,1929
클라이드 톰보가 일한 분야는 무엇으로 유명한가요?,천문학자,field_of_work,137,1929
클라이드 톰보의 주 전문 분야는 무엇인가요?,천문학자,field_of_work,137,1929
윌리스 유진 램가 어떤 분야에서 일하나요?,물리학,field_of_work,138,1930
윌리스 유진 램가 일한 분야는 어디인가요?,물리학,field_of_work,138,1930
윌리스 유진 램가 관련된 연구 분야는 무엇인가요?,물리학,field_of_work,138,1930
윌리스 유진 램가 일한 분야는 무엇으로 유명한가요?,물리학,field_of_work,138,1930
윌리스 유진 램의 주 전문 분야는 무엇인가요?,물리학,field_of_work,138,1930
아르키메데스가 어떤 분야에서 일하나요?,기하학,field_of_work,139,1931
아르키메데스가 일한 분야는 어디인가요?,기하학,field_of_work,139,1931
아르키메데스가 관련된 연구 분야는 무엇인가요?,기하학,field_of_work,139,1931
아르키메데스가 일한 분야는 무엇으로 유명한가요?,기하학,field_of_work,139,1931
아르키메데스의 주 전문 분야는 무엇인가요?,기하학,field_of_work,139,1931
아낙사고라스가 어떤 분야에서 일하나요?,천문학,field_of_work,140,1932
아낙사고라스가 일한 분야는 어디인가요?,천문학,field_of_work,140,1932
아낙사고라스가 관련된 연구 분야는 무엇인가요?,천문학,field_of_work,140,1932
아낙사고라스가 일한 분야는 무엇으로 유명한가요?,천문학,field_of_work,140,1932
아낙사고라스의 주 전문 분야는 무엇인가요?,천문학,field_of_work,140,1932
크리스티안 하위헌스가 어떤 분야에서 일하나요?,물리학,field_of_work,141,1933
크리스티안 하위헌스가 일한 분야는 어디인가요?,물리학,field_of_work,141,1933
크리스티안 하위헌스가 관련된 연구 분야는 무엇인가요?,물리학,field_of_work,141,1933
크리스티안 하위헌스가 일한 분야는 무엇으로 유명한가요?,물리학,field_of_work,141,1933
크리스티안 하위헌스의 주 전문 분야는 무엇인가요?,물리학,field_of_work,141,1933
마이클 잭슨가 어떤 분야에서 일하나요?,음악가,field_of_work,142,1934
마이클 잭슨가 일한 분야는 어디인가요?,음악가,field_of_work,142,1934
마이클 잭슨가 관련된 연구 분야는 무엇인가요?,음악가,field_of_work,142,1934
마이클 잭슨가 일한 분야는 무엇으로 유명한가요?,음악가,field_of_work,142,1934
마이클 잭슨의 주 전문 분야는 무엇인가요?,음악가,field_of_work,142,1934
애덤 스미스가 어떤 분야에서 일하나요?,경제학,field_of_work,143,1935
애덤 스미스가 일한 분야는 어디인가요?,경제학,field_of_work,143,1935
애덤 스미스가 관련된 연구 분야는 무엇인가요?,경제학,field_of_work,143,1935
애덤 스미스가 일한 분야는 무엇으로 유명한가요?,경제학,field_of_work,143,1935
애덤 스미스의 주 전문 분야는 무엇인가요?,경제학,field_of_work,143,1935
로버트 앤드루스 밀리컨가 어떤 분야에서 일하나요?,물리학,field_of_work,144,1936
로버트 앤드루스 밀리컨가 일한 분야는 어디인가요?,물리학,field_of_work,144,1936
로버트 앤드루스 밀리컨가 관련된 연구 분야는 무엇인가요?,물리학,field_of_work,144,1936
로버트 앤드루스 밀리컨가 일한 분야는 무엇으로 유명한가요?,물리학,field_of_work,144,1936
로버트 앤드루스 밀리컨의 주 전문 분야는 무엇인가요?,물리학,field_of_work,144,1936
게라르두스 메르카토르가 어떤 분야에서 일하나요?,지리학,field_of_work,145,1937
게라르두스 메르카토르가 일한 분야는 어디인가요?,지리학,field_of_work,145,1937
게라르두스 메르카토르가 관련된 연구 분야는 무엇인가요?,지리학,field_of_work,145,1937
게라르두스 메르카토르가 일한 분야는 무엇으로 유명한가요?,지리학,field_of_work,145,1937
게라르두스 메르카토르의 주 전문 분야는 무엇인가요?,지리학,field_of_work,145,1937
칼 폰 린네가 어떤 분야에서 일하나요?,의학,field_of_work,146,1938
칼 폰 린네가 일한 분야는 어디인가요?,의학,field_of_work,146,1938
칼 폰 린네가 관련된 연구 분야는 무엇인가요?,의학,field_of_work,146,1938
칼 폰 린네가 일한 분야는 무엇으로 유명한가요?,의학,field_of_work,146,1938
칼 폰 린네의 주 전문 분야는 무엇인가요?,의학,field_of_work,146,1938
찰스 다윈가 어떤 분야에서 일하나요?,지질학,field_of_work,147,1939
찰스 다윈가 일한 분야는 어디인가요?,지질학,field_of_work,147,1939
찰스 다윈가 관련된 연구 분야는 무엇인가요?,지질학,field_of_work,147,1939
찰스 다윈가 일한 분야는 무엇으로 유명한가요?,지질학,field_of_work,147,1939
찰스 다윈의 주 전문 분야는 무엇인가요?,지질학,field_of_work,147,1939
프랭크 윌첵가 어떤 분야에서 일하나요?,물리학,field_of_work,148,1940
프랭크 윌첵가 일한 분야는 어디인가요?,물리학,field_of_work,148,1940
프랭크 윌첵가 관련된 연구 분야는 무엇인가요?,물리학,field_of_work,148,1940
프랭크 윌첵가 일한 분야는 무엇으로 유명한가요?,물리학,field_of_work,148,1940
프랭크 윌첵의 주 전문 분야는 무엇인가요?,물리학,field_of_work,148,1940
안드레이 콜모고로프가 어떤 분야에서 일하나요?,위상수학,field_of_work,149,1941
안드레이 콜모고로프가 일한 분야는 어디인가요?,위상수학,field_of_work,149,1941
안드레이 콜모고로프가 관련된 연구 분야는 무엇인가요?,위상수학,field_of_work,149,1941
안드레이 콜모고로프가 일한 분야는 무엇으로 유명한가요?,위상수학,field_of_work,149,1941
안드레이 콜모고로프의 주 전문 분야는 무엇인가요?,위상수학,field_of_work,149,1941
요한 하인리히 람베르트가 어떤 분야에서 일하나요?,물리학,field_of_work,150,1942
요한 하인리히 람베르트가 일한 분야는 어디인가요?,물리학,field_of_work,150,1942
요한 하인리히 람베르트가 관련된 연구 분야는 무엇인가요?,물리학,field_of_work,150,1942
요한 하인리히 람베르트가 일한 분야는 무엇으로 유명한가요?,물리학,field_of_work,150,1942
요한 하인리히 람베르트의 주 전문 분야는 무엇인가요?,물리학,field_of_work,150,1942
브라마굽타가 어떤 분야에서 일하나요?,수학,field_of_work,151,1943
브라마굽타가 일한 분야는 어디인가요?,수학,field_of_work,151,1943
브라마굽타가 관련된 연구 분야는 무엇인가요?,수학,field_of_work,151,1943
브라마굽타가 일한 분야는 무엇으로 유명한가요?,수학,field_of_work,151,1943
브라마굽타의 주 전문 분야는 무엇인가요?,수학,field_of_work,151,1943
빌헬름 빈가 어떤 분야에서 일하나요?,물리학,field_of_work,152,1944
빌헬름 빈가 일한 분야는 어디인가요?,물리학,field_of_work,152,1944
빌헬름 빈가 관련된 연구 분야는 무엇인가요?,물리학,field_of_work,152,1944
빌헬름 빈가 일한 분야는 무엇으로 유명한가요?,물리학,field_of_work,152,1944
빌헬름 빈의 주 전문 분야는 무엇인가요?,물리학,field_of_work,152,1944
헤르만 폰 헬름홀츠가 어떤 분야에서 일하나요?,심리학,field_of_work,153,1945
헤르만 폰 헬름홀츠가 일한 분야는 어디인가요?,심리학,field_of_work,153,1945
헤르만 폰 헬름홀츠가 관련된 연구 분야는 무엇인가요?,심리학,field_of_work,153,1945
헤르만 폰 헬름홀츠가 일한 분야는 무엇으로 유명한가요?,심리학,field_of_work,153,1945
헤르만 폰 헬름홀츠의 주 전문 분야는 무엇인가요?,심리학,field_of_work,153,1945
레온하르트 오일러가 어떤 분야에서 일하나요?,천문학,field_of_work,154,1946
레온하르트 오일러가 일한 분야는 어디인가요?,천문학,field_of_work,154,1946
레온하르트 오일러가 관련된 연구 분야는 무엇인가요?,천문학,field_of_work,154,1946
레온하르트 오일러가 일한 분야는 무엇으로 유명한가요?,천문학,field_of_work,154,1946
레온하르트 오일러의 주 전문 분야는 무엇인가요?,천문학,field_of_work,154,1946
갈릴레오 갈릴레이가 어떤 분야에서 일하나요?,철학,field_of_work,155,1947
갈릴레오 갈릴레이가 일한 분야는 어디인가요?,철학,field_of_work,155,1947
갈릴레오 갈릴레이가 관련된 연구 분야는 무엇인가요?,철학,field_of_work,155,1947
갈릴레오 갈릴레이가 일한 분야는 무엇으로 유명한가요?,철학,field_of_work,155,1947
갈릴레오 갈릴레이의 주 전문 분야는 무엇인가요?,철학,field_of_work,155,1947
그레고어 멘델가 어떤 분야에서 일하나요?,유전학,field_of_work,156,1948
그레고어 멘델가 일한 분야는 어디인가요?,유전학,field_of_work,156,1948
그레고어 멘델가 관련된 연구 분야는 무엇인가요?,유전학,field_of_work,156,1948
그레고어 멘델가 일한 분야는 무엇으로 유명한가요?,유전학,field_of_work,156,1948
그레고어 멘델의 주 전문 분야는 무엇인가요?,유전학,field_of_work,156,1948
브루스 스프링스틴가 어떤 분야에서 일하나요?,음악가,field_of_work,157,1949
브루스 스프링스틴가 일한 분야는 어디인가요?,음악가,field_of_work,157,1949
브루스 스프링스틴가 관련된 연구 분야는 무엇인가요?,음악가,field_of_work,157,1949
브루스 스프링스틴가 일한 분야는 무엇으로 유명한가요?,음악가,field_of_work,157,1949
브루스 스프링스틴의 주 전문 분야는 무엇인가요?,음악가,field_of_work,157,1949
소피야 코발렙스카야가 어떤 분야에서 일하나요?,수학,field_of_work,158,1950
소피야 코발렙스카야가 일한 분야는 어디인가요?,수학,field_of_work,158,1950
소피야 코발렙스카야가 관련된 연구 분야는 무엇인가요?,수학,field_of_work,158,1950
소피야 코발렙스카야가 일한 분야는 무엇으로 유명한가요?,수학,field_of_work,158,1950
소피야 코발렙스카야의 주 전문 분야는 무엇인가요?,수학,field_of_work,158,1950
조르다노 브루노가 어떤 분야에서 일하나요?,철학,field_of_work,159,1951
조르다노 브루노가 일한 분야는 어디인가요?,철학,field_of_work,159,1951
조르다노 브루노가 관련된 연구 분야는 무엇인가요?,철학,field_of_work,159,1951
조르다노 브루노가 일한 분야는 무엇으로 유명한가요?,철학,field_of_work,159,1951
조르다노 브루노의 주 전문 분야는 무엇인가요?,철학,field_of_work,159,1951
앙리 베크렐가 어떤 분야에서 일하나요?,물리학,field_of_work,160,1952
앙리 베크렐가 일한 분야는 어디인가요?,물리학,field_of_work,160,1952
앙리 베크렐가 관련된 연구 분야는 무엇인가요?,물리학,field_of_work,160,1952
앙리 베크렐가 일한 분야는 무엇으로 유명한가요?,물리학,field_of_work,160,1952
앙리 베크렐의 주 전문 분야는 무엇인가요?,물리학,field_of_work,160,1952
킵 손가 어떤 분야에서 일하나요?,물리학,field_of_work,161,1953
킵 손가 일한 분야는 어디인가요?,물리학,field_of_work,161,1953
킵 손가 관련된 연구 분야는 무엇인가요?,물리학,field_of_work,161,1953
킵 손가 일한 분야는 무엇으로 유명한가요?,물리학,field_of_work,161,1953
킵 손의 주 전문 분야는 무엇인가요?,물리학,field_of_work,161,1953
아우구스트 바이스만가 어떤 분야에서 일하나요?,생물학,field_of_work,162,1954
아우구스트 바이스만가 일한 분야는 어디인가요?,생물학,field_of_work,162,1954
아우구스트 바이스만가 관련된 연구 분야는 무엇인가요?,생물학,field_of_work,162,1954
아우구스트 바이스만가 일한 분야는 무엇으로 유명한가요?,생물학,field_of_work,162,1954
아우구스트 바이스만의 주 전문 분야는 무엇인가요?,생물학,field_of_work,162,1954
폴 랑주뱅가 어떤 분야에서 일하나요?,물리학,field_of_work,163,1955
폴 랑주뱅가 일한 분야는 어디인가요?,물리학,field_of_work,163,1955
폴 랑주뱅가 관련된 연구 분야는 무엇인가요?,물리학,field_of_work,163,1955
폴 랑주뱅가 일한 분야는 무엇으로 유명한가요?,물리학,field_of_work,163,1955
폴 랑주뱅의 주 전문 분야는 무엇인가요?,물리학,field_of_work,163,1955
존 콕크로프트가 어떤 분야에서 일하나요?,물리학,field_of_work,164,1956
존 콕크로프트가 일한 분야는 어디인가요?,물리학,field_of_work,164,1956
존 콕크로프트가 관련된 연구 분야는 무엇인가요?,물리학,field_of_work,164,1956
존 콕크로프트가 일한 분야는 무엇으로 유명한가요?,물리학,field_of_work,164,1956
존 콕크로프트의 주 전문 분야는 무엇인가요?,물리학,field_of_work,164,1956
스반테 아레니우스가 어떤 분야에서 일하나요?,화학,field_of_work,165,1957
스반테 아레니우스가 일한 분야는 어디인가요?,화학,field_of_work,165,1957
스반테 아레니우스가 관련된 연구 분야는 무엇인가요?,화학,field_of_work,165,1957
스반테 아레니우스가 일한 분야는 무엇으로 유명한가요?,화학,field_of_work,165,1957
스반테 아레니우스의 주 전문 분야는 무엇인가요?,화학,field_of_work,165,1957
로코코가 어떤 분야에서 일하나요?,건축,field_of_work,166,1958
로코코가 일한 분야는 어디인가요?,건축,field_of_work,166,1958
로코코가 관련된 연구 분야는 무엇인가요?,건축,field_of_work,166,1958
로코코가 일한 분야는 무엇으로 유명한가요?,건축,field_of_work,166,1958
로코코의 주 전문 분야는 무엇인가요?,건축,field_of_work,166,1958
카를로스 2세이 태어난 도시는 어디입니까?,마드리드,place_of_birth,0,0
카를로스 2세이 태어난 곳은 어디입니까?,마드리드,place_of_birth,0,0
카를로스 2세의 출생지는 어디입니까?,마드리드,place_of_birth,0,0
카를로스 2세의 출생지는 어디입니까?,마드리드,place_of_birth,0,0
카를로스 2세이 태어난 국가는 어디입니까?,마드리드,place_of_birth,0,0
데이비드 쿨사드이 태어난 도시는 어디입니까?,스코틀랜드,place_of_birth,1,1
데이비드 쿨사드이 태어난 곳은 어디입니까?,스코틀랜드,place_of_birth,1,1
데이비드 쿨사드의 출생지는 어디입니까?,스코틀랜드,place_of_birth,1,1
데이비드 쿨사드의 출생지는 어디입니까?,스코틀랜드,place_of_birth,1,1
데이비드 쿨사드이 태어난 국가는 어디입니까?,스코틀랜드,place_of_birth,1,1
크리스티나 로제티이 태어난 도시는 어디입니까?,런던,place_of_birth,2,2
크리스티나 로제티이 태어난 곳은 어디입니까?,런던,place_of_birth,2,2
크리스티나 로제티의 출생지는 어디입니까?,런던,place_of_birth,2,2
크리스티나 로제티의 출생지는 어디입니까?,런던,place_of_birth,2,2
크리스티나 로제티이 태어난 국가는 어디입니까?,런던,place_of_birth,2,2
케니 로저스이 태어난 도시는 어디입니까?,휴스턴,place_of_birth,3,3
케니 로저스이 태어난 곳은 어디입니까?,휴스턴,place_of_birth,3,3
케니 로저스의 출생지는 어디입니까?,휴스턴,place_of_birth,3,3
케니 로저스의 출생지는 어디입니까?,휴스턴,place_of_birth,3,3
케니 로저스이 태어난 국가는 어디입니까?,휴스턴,place_of_birth,3,3
후사인 이븐 알리이 태어난 도시는 어디입니까?,메디나,place_of_birth,4,4
후사인 이븐 알리이 태어난 곳은 어디입니까?,메디나,place_of_birth,4,4
후사인 이븐 알리의 출생지는 어디입니까?,메디나,place_of_birth,4,4
후사인 이븐 알리의 출생지는 어디입니까?,메디나,place_of_birth,4,4
후사인 이븐 알리이 태어난 국가는 어디입니까?,메디나,place_of_birth,4,4
켈빈 남작 1세 윌리엄 톰슨이 태어난 도시는 어디입니까?,벨파스트,place_of_birth,5,5
켈빈 남작 1세 윌리엄 톰슨이 태어난 곳은 어디입니까?,벨파스트,place_of_birth,5,5
켈빈 남작 1세 윌리엄 톰슨의 출생지는 어디입니까?,벨파스트,place_of_birth,5,5
켈빈 남작 1세 윌리엄 톰슨의 출생지는 어디입니까?,벨파스트,place_of_birth,5,5
켈빈 남작 1세 윌리엄 톰슨이 태어난 국가는 어디입니까?,벨파스트,place_of_birth,5,5
알프레드 아들러이 태어난 도시는 어디입니까?,빈,place_of_birth,6,6
알프레드 아들러이 태어난 곳은 어디입니까?,빈,place_of_birth,6,6
알프레드 아들러의 출생지는 어디입니까?,빈,place_of_birth,6,6
알프레드 아들러의 출생지는 어디입니까?,빈,place_of_birth,6,6
알프레드 아들러이 태어난 국가는 어디입니까?,빈,place_of_birth,6,6
추스 람프레아베이 태어난 도시는 어디입니까?,마드리드,place_of_birth,7,7
추스 람프레아베이 태어난 곳은 어디입니까?,마드리드,place_of_birth,7,7
추스 람프레아베의 출생지는 어디입니까?,마드리드,place_of_birth,7,7
추스 람프레아베의 출생지는 어디입니까?,마드리드,place_of_birth,7,7
추스 람프레아베이 태어난 국가는 어디입니까?,마드리드,place_of_birth,7,7
세르게이 라브로프이 태어난 도시는 어디입니까?,모스크바,place_of_birth,8,8
세르게이 라브로프이 태어난 곳은 어디입니까?,모스크바,place_of_birth,8,8
세르게이 라브로프의 출생지는 어디입니까?,모스크바,place_of_birth,8,8
세르게이 라브로프의 출생지는 어디입니까?,모스크바,place_of_birth,8,8
세르게이 라브로프이 태어난 국가는 어디입니까?,모스크바,place_of_birth,8,8
콘라트 로렌츠이 태어난 도시는 어디입니까?,빈,place_of_birth,9,9
콘라트 로렌츠이 태어난 곳은 어디입니까?,빈,place_of_birth,9,9
콘라트 로렌츠의 출생지는 어디입니까?,빈,place_of_birth,9,9
콘라트 로렌츠의 출생지는 어디입니까?,빈,place_of_birth,9,9
콘라트 로렌츠이 태어난 국가는 어디입니까?,빈,place_of_birth,9,9
루 리드이 태어난 도시는 어디입니까?,브루클린,place_of_birth,10,10
루 리드이 태어난 곳은 어디입니까?,브루클린,place_of_birth,10,10
루 리드의 출생지는 어디입니까?,브루클린,place_of_birth,10,10
루 리드의 출생지는 어디입니까?,브루클린,place_of_birth,10,10
루 리드이 태어난 국가는 어디입니까?,브루클린,place_of_birth,10,10
레오 5세이 태어난 도시는 어디입니까?,아르메니아,place_of_birth,11,11
레오 5세이 태어난 곳은 어디입니까?,아르메니아,place_of_birth,11,11
레오 5세의 출생지는 어디입니까?,아르메니아,place_of_birth,11,11
레오 5세의 출생지는 어디입니까?,아르메니아,place_of_birth,11,11
레오 5세이 태어난 국가는 어디입니까?,아르메니아,place_of_birth,11,11
마르코 델베키오이 태어난 도시는 어디입니까?,밀라노,place_of_birth,12,12
마르코 델베키오이 태어난 곳은 어디입니까?,밀라노,place_of_birth,12,12
마르코 델베키오의 출생지는 어디입니까?,밀라노,place_of_birth,12,12
마르코 델베키오의 출생지는 어디입니까?,밀라노,place_of_birth,12,12
마르코 델베키오이 태어난 국가는 어디입니까?,밀라노,place_of_birth,12,12
카를 오르프이 태어난 도시는 어디입니까?,뮌헨,place_of_birth,13,13
카를 오르프이 태어난 곳은 어디입니까?,뮌헨,place_of_birth,13,13
카를 오르프의 출생지는 어디입니까?,뮌헨,place_of_birth,13,13
카를 오르프의 출생지는 어디입니까?,뮌헨,place_of_birth,13,13
카를 오르프이 태어난 국가는 어디입니까?,뮌헨,place_of_birth,13,13
대 플리니우스이 태어난 도시는 어디입니까?,코모,place_of_birth,14,14
대 플리니우스이 태어난 곳은 어디입니까?,코모,place_of_birth,14,14
대 플리니우스의 출생지는 어디입니까?,코모,place_of_birth,14,14
대 플리니우스의 출생지는 어디입니까?,코모,place_of_birth,14,14
대 플리니우스이 태어난 국가는 어디입니까?,코모,place_of_birth,14,14
프리드리히 빌헬름 2세이 태어난 도시는 어디입니까?,베를린,place_of_birth,15,15
프리드리히 빌헬름 2세이 태어난 곳은 어디입니까?,베를린,place_of_birth,15,15
프리드리히 빌헬름 2세의 출생지는 어디입니까?,베를린,place_of_birth,15,15
프리드리히 빌헬름 2세의 출생지는 어디입니까?,베를린,place_of_birth,15,15
프리드리히 빌헬름 2세이 태어난 국가는 어디입니까?,베를린,place_of_birth,15,15
교황 보니파시오 3세이 태어난 도시는 어디입니까?,로마,place_of_birth,16,16
교황 보니파시오 3세이 태어난 곳은 어디입니까?,로마,place_of_birth,16,16
교황 보니파시오 3세의 출생지는 어디입니까?,로마,place_of_birth,16,16
교황 보니파시오 3세의 출생지는 어디입니까?,로마,place_of_birth,16,16
교황 보니파시오 3세이 태어난 국가는 어디입니까?,로마,place_of_birth,16,16
클라우디오 아바도이 태어난 도시는 어디입니까?,밀라노,place_of_birth,17,17
클라우디오 아바도이 태어난 곳은 어디입니까?,밀라노,place_of_birth,17,17
클라우디오 아바도의 출생지는 어디입니까?,밀라노,place_of_birth,17,17
클라우디오 아바도의 출생지는 어디입니까?,밀라노,place_of_birth,17,17
클라우디오 아바도이 태어난 국가는 어디입니까?,밀라노,place_of_birth,17,17
엔리코 카루소이 태어난 도시는 어디입니까?,나폴리,place_of_birth,18,18
엔리코 카루소이 태어난 곳은 어디입니까?,나폴리,place_of_birth,18,18
엔리코 카루소의 출생지는 어디입니까?,나폴리,place_of_birth,18,18
엔리코 카루소의 출생지는 어디입니까?,나폴리,place_of_birth,18,18
엔리코 카루소이 태어난 국가는 어디입니까?,나폴리,place_of_birth,18,18
메흐메트 6세이 태어난 도시는 어디입니까?,이스탄불,place_of_birth,19,19
메흐메트 6세이 태어난 곳은 어디입니까?,이스탄불,place_of_birth,19,19
메흐메트 6세의 출생지는 어디입니까?,이스탄불,place_of_birth,19,19
메흐메트 6세의 출생지는 어디입니까?,이스탄불,place_of_birth,19,19
메흐메트 6세이 태어난 국가는 어디입니까?,이스탄불,place_of_birth,19,19
데니스 패리나이 태어난 도시는 어디입니까?,시카고,place_of_birth,20,20
데니스 패리나이 태어난 곳은 어디입니까?,시카고,place_of_birth,20,20
데니스 패리나의 출생지는 어디입니까?,시카고,place_of_birth,20,20
데니스 패리나의 출생지는 어디입니까?,시카고,place_of_birth,20,20
데니스 패리나이 태어난 국가는 어디입니까?,시카고,place_of_birth,20,20
마크 스트롱이 태어난 도시는 어디입니까?,런던,place_of_birth,21,21
마크 스트롱이 태어난 곳은 어디입니까?,런던,place_of_birth,21,21
마크 스트롱의 출생지는 어디입니까?,런던,place_of_birth,21,21
마크 스트롱의 출생지는 어디입니까?,런던,place_of_birth,21,21
마크 스트롱이 태어난 국가는 어디입니까?,런던,place_of_birth,21,21
에드워드 1세이 태어난 도시는 어디입니까?,웨스트민스터,place_of_birth,22,22
에드워드 1세이 태어난 곳은 어디입니까?,웨스트민스터,place_of_birth,22,22
에드워드 1세의 출생지는 어디입니까?,웨스트민스터,place_of_birth,22,22
에드워드 1세의 출생지는 어디입니까?,웨스트민스터,place_of_birth,22,22
에드워드 1세이 태어난 국가는 어디입니까?,웨스트민스터,place_of_birth,22,22
위켄드이 태어난 도시는 어디입니까?,토론토,place_of_birth,23,23
위켄드이 태어난 곳은 어디입니까?,토론토,place_of_birth,23,23
위켄드의 출생지는 어디입니까?,토론토,place_of_birth,23,23
위켄드의 출생지는 어디입니까?,토론토,place_of_birth,23,23
위켄드이 태어난 국가는 어디입니까?,토론토,place_of_birth,23,23
래리 킹이 태어난 도시는 어디입니까?,브루클린,place_of_birth,24,24
래리 킹이 태어난 곳은 어디입니까?,브루클린,place_of_birth,24,24
래리 킹의 출생지는 어디입니까?,브루클린,place_of_birth,24,24
래리 킹의 출생지는 어디입니까?,브루클린,place_of_birth,24,24
래리 킹이 태어난 국가는 어디입니까?,브루클린,place_of_birth,24,24
아서 하든이 태어난 도시는 어디입니까?,맨체스터,place_of_birth,25,25
아서 하든이 태어난 곳은 어디입니까?,맨체스터,place_of_birth,25,25
아서 하든의 출생지는 어디입니까?,맨체스터,place_of_birth,25,25
아서 하든의 출생지는 어디입니까?,맨체스터,place_of_birth,25,25
아서 하든이 태어난 국가는 어디입니까?,맨체스터,place_of_birth,25,25
사드 후작이 태어난 도시는 어디입니까?,파리,place_of_birth,26,26
사드 후작이 태어난 곳은 어디입니까?,파리,place_of_birth,26,26
사드 후작의 출생지는 어디입니까?,파리,place_of_birth,26,26
사드 후작의 출생지는 어디입니까?,파리,place_of_birth,26,26
사드 후작이 태어난 국가는 어디입니까?,파리,place_of_birth,26,26
장쯔이이 태어난 도시는 어디입니까?,베이징시,place_of_birth,27,27
장쯔이이 태어난 곳은 어디입니까?,베이징시,place_of_birth,27,27
장쯔이의 출생지는 어디입니까?,베이징시,place_of_birth,27,27
장쯔이의 출생지는 어디입니까?,베이징시,place_of_birth,27,27
장쯔이이 태어난 국가는 어디입니까?,베이징시,place_of_birth,27,27
콘라트 아데나워이 태어난 도시는 어디입니까?,쾰른,place_of_birth,28,28
콘라트 아데나워이 태어난 곳은 어디입니까?,쾰른,place_of_birth,28,28
콘라트 아데나워의 출생지는 어디입니까?,쾰른,place_of_birth,28,28
콘라트 아데나워의 출생지는 어디입니까?,쾰른,place_of_birth,28,28
콘라트 아데나워이 태어난 국가는 어디입니까?,쾰른,place_of_birth,28,28
페르디낭 드 소쉬르이 태어난 도시는 어디입니까?,제네바,place_of_birth,29,29
페르디낭 드 소쉬르이 태어난 곳은 어디입니까?,제네바,place_of_birth,29,29
페르디낭 드 소쉬르의 출생지는 어디입니까?,제네바,place_of_birth,29,29
페르디낭 드 소쉬르의 출생지는 어디입니까?,제네바,place_of_birth,29,29
페르디낭 드 소쉬르이 태어난 국가는 어디입니까?,제네바,place_of_birth,29,29
바실리 3세이 태어난 도시는 어디입니까?,모스크바,place_of_birth,30,30
바실리 3세이 태어난 곳은 어디입니까?,모스크바,place_of_birth,30,30
바실리 3세의 출생지는 어디입니까?,모스크바,place_of_birth,30,30
바실리 3세의 출생지는 어디입니까?,모스크바,place_of_birth,30,30
바실리 3세이 태어난 국가는 어디입니까?,모스크바,place_of_birth,30,30
조르주 뒤아멜이 태어난 도시는 어디입니까?,파리,place_of_birth,31,31
조르주 뒤아멜이 태어난 곳은 어디입니까?,파리,place_of_birth,31,31
조르주 뒤아멜의 출생지는 어디입니까?,파리,place_of_birth,31,31
조르주 뒤아멜의 출생지는 어디입니까?,파리,place_of_birth,31,31
조르주 뒤아멜이 태어난 국가는 어디입니까?,파리,place_of_birth,31,31
아이샤이 태어난 도시는 어디입니까?,메카,place_of_birth,32,32
아이샤이 태어난 곳은 어디입니까?,메카,place_of_birth,32,32
아이샤의 출생지는 어디입니까?,메카,place_of_birth,32,32
아이샤의 출생지는 어디입니까?,메카,place_of_birth,32,32
아이샤이 태어난 국가는 어디입니까?,메카,place_of_birth,32,32
페타르 1세이 태어난 도시는 어디입니까?,베오그라드,place_of_birth,33,33
페타르 1세이 태어난 곳은 어디입니까?,베오그라드,place_of_birth,33,33
페타르 1세의 출생지는 어디입니까?,베오그라드,place_of_birth,33,33
페타르 1세의 출생지는 어디입니까?,베오그라드,place_of_birth,33,33
페타르 1세이 태어난 국가는 어디입니까?,베오그라드,place_of_birth,33,33
빙 크로스비이 태어난 도시는 어디입니까?,터코마,place_of_birth,34,34
빙 크로스비이 태어난 곳은 어디입니까?,터코마,place_of_birth,34,34
빙 크로스비의 출생지는 어디입니까?,터코마,place_of_birth,34,34
빙 크로스비의 출생지는 어디입니까?,터코마,place_of_birth,34,34
빙 크로스비이 태어난 국가는 어디입니까?,터코마,place_of_birth,34,34
두카티을/를 소유한 사람은 누구입니까?,아우디,owned_by,0,4803
두카티을/를 소유한 회사 또는 사람은 누구입니까?,아우디,owned_by,0,4803
두카티의 현재 소유주는 누구입니까?,아우디,owned_by,0,4803
두카티가 소유한 사람은 누구입니까?,아우디,owned_by,0,4803
두카티의 소유권을 가진 기관은 누구입니까?,아우디,owned_by,0,4803
람보르기니을/를 소유한 사람은 누구입니까?,아우디,owned_by,1,4804
람보르기니을/를 소유한 회사 또는 사람은 누구입니까?,아우디,owned_by,1,4804
람보르기니의 현재 소유주는 누구입니까?,아우디,owned_by,1,4804
람보르기니가 소유한 사람은 누구입니까?,아우디,owned_by,1,4804
람보르기니의 소유권을 가진 기관은 누구입니까?,아우디,owned_by,1,4804
에펠 탑을/를 소유한 사람은 누구입니까?,파리,owned_by,2,4805
에펠 탑을/를 소유한 회사 또는 사람은 누구입니까?,파리,owned_by,2,4805
에펠 탑의 현재 소유주는 누구입니까?,파리,owned_by,2,4805
에펠 탑가 소유한 사람은 누구입니까?,파리,owned_by,2,4805
에펠 탑의 소유권을 가진 기관은 누구입니까?,파리,owned_by,2,4805
독일철도주식회사을/를 소유한 사람은 누구입니까?,독일,owned_by,3,4806
독일철도주식회사을/를 소유한 회사 또는 사람은 누구입니까?,독일,owned_by,3,4806
독일철도주식회사의 현재 소유주는 누구입니까?,독일,owned_by,3,4806
독일철도주식회사가 소유한 사람은 누구입니까?,독일,owned_by,3,4806
독일철도주식회사의 소유권을 가진 기관은 누구입니까?,독일,owned_by,3,4806
구글 검색을/를 소유한 사람은 누구입니까?,구글,owned_by,4,4807
구글 검색을/를 소유한 회사 또는 사람은 누구입니까?,구글,owned_by,4,4807
구글 검색의 현재 소유주는 누구입니까?,구글,owned_by,4,4807
구글 검색가 소유한 사람은 누구입니까?,구글,owned_by,4,4807
구글 검색의 소유권을 가진 기관은 누구입니까?,구글,owned_by,4,4807
렉서스을/를 소유한 사람은 누구입니까?,토요타 자동차,owned_by,5,4808
렉서스을/를 소유한 회사 또는 사람은 누구입니까?,토요타 자동차,owned_by,5,4808
렉서스의 현재 소유주는 누구입니까?,토요타 자동차,owned_by,5,4808
렉서스가 소유한 사람은 누구입니까?,토요타 자동차,owned_by,5,4808
렉서스의 소유권을 가진 기관은 누구입니까?,토요타 자동차,owned_by,5,4808
유튜브을/를 소유한 사람은 누구입니까?,구글,owned_by,6,4809
유튜브을/를 소유한 회사 또는 사람은 누구입니까?,구글,owned_by,6,4809
유튜브의 현재 소유주는 누구입니까?,구글,owned_by,6,4809
유튜브가 소유한 사람은 누구입니까?,구글,owned_by,6,4809
유튜브의 소유권을 가진 기관은 누구입니까?,구글,owned_by,6,4809
콤팩트 디스크을/를 소유한 사람은 누구입니까?,소니,owned_by,7,4810
콤팩트 디스크을/를 소유한 회사 또는 사람은 누구입니까?,소니,owned_by,7,4810
콤팩트 디스크의 현재 소유주는 누구입니까?,소니,owned_by,7,4810
콤팩트 디스크가 소유한 사람은 누구입니까?,소니,owned_by,7,4810
콤팩트 디스크의 소유권을 가진 기관은 누구입니까?,소니,owned_by,7,4810
오헤어 국제공항을/를 소유한 사람은 누구입니까?,시카고,owned_by,8,4811
오헤어 국제공항을/를 소유한 회사 또는 사람은 누구입니까?,시카고,owned_by,8,4811
오헤어 국제공항의 현재 소유주는 누구입니까?,시카고,owned_by,8,4811
오헤어 국제공항가 소유한 사람은 누구입니까?,시카고,owned_by,8,4811
오헤어 국제공항의 소유권을 가진 기관은 누구입니까?,시카고,owned_by,8,4811
BBC One을/를 소유한 사람은 누구입니까?,BBC,owned_by,9,4812
BBC One을/를 소유한 회사 또는 사람은 누구입니까?,BBC,owned_by,9,4812
BBC One의 현재 소유주는 누구입니까?,BBC,owned_by,9,4812
BBC One가 소유한 사람은 누구입니까?,BBC,owned_by,9,4812
BBC One의 소유권을 가진 기관은 누구입니까?,BBC,owned_by,9,4812
소니 컴퓨터 엔터테인먼트을/를 소유한 사람은 누구입니까?,소니,owned_by,10,4813
소니 컴퓨터 엔터테인먼트을/를 소유한 회사 또는 사람은 누구입니까?,소니,owned_by,10,4813
소니 컴퓨터 엔터테인먼트의 현재 소유주는 누구입니까?,소니,owned_by,10,4813
소니 컴퓨터 엔터테인먼트가 소유한 사람은 누구입니까?,소니,owned_by,10,4813
소니 컴퓨터 엔터테인먼트의 소유권을 가진 기관은 누구입니까?,소니,owned_by,10,4813
소니 픽처스 엔터테인먼트을/를 소유한 사람은 누구입니까?,소니,owned_by,11,4814
소니 픽처스 엔터테인먼트을/를 소유한 회사 또는 사람은 누구입니까?,소니,owned_by,11,4814
소니 픽처스 엔터테인먼트의 현재 소유주는 누구입니까?,소니,owned_by,11,4814
소니 픽처스 엔터테인먼트가 소유한 사람은 누구입니까?,소니,owned_by,11,4814
소니 픽처스 엔터테인먼트의 소유권을 가진 기관은 누구입니까?,소니,owned_by,11,4814
G메일을/를 소유한 사람은 누구입니까?,구글,owned_by,12,4815
G메일을/를 소유한 회사 또는 사람은 누구입니까?,구글,owned_by,12,4815
G메일의 현재 소유주는 누구입니까?,구글,owned_by,12,4815
G메일가 소유한 사람은 누구입니까?,구글,owned_by,12,4815
G메일의 소유권을 가진 기관은 누구입니까?,구글,owned_by,12,4815
구글 지도을/를 소유한 사람은 누구입니까?,구글,owned_by,13,4816
구글 지도을/를 소유한 회사 또는 사람은 누구입니까?,구글,owned_by,13,4816
구글 지도의 현재 소유주는 누구입니까?,구글,owned_by,13,4816
구글 지도가 소유한 사람은 누구입니까?,구글,owned_by,13,4816
구글 지도의 소유권을 가진 기관은 누구입니까?,구글,owned_by,13,4816
DVD을/를 소유한 사람은 누구입니까?,소니,owned_by,14,4817
DVD을/를 소유한 회사 또는 사람은 누구입니까?,소니,owned_by,14,4817
DVD의 현재 소유주는 누구입니까?,소니,owned_by,14,4817
DVD가 소유한 사람은 누구입니까?,소니,owned_by,14,4817
DVD의 소유권을 가진 기관은 누구입니까?,소니,owned_by,14,4817
파르크 데 프랭스을/를 소유한 사람은 누구입니까?,파리,owned_by,15,4818
파르크 데 프랭스을/를 소유한 회사 또는 사람은 누구입니까?,파리,owned_by,15,4818
파르크 데 프랭스의 현재 소유주는 누구입니까?,파리,owned_by,15,4818
파르크 데 프랭스가 소유한 사람은 누구입니까?,파리,owned_by,15,4818
파르크 데 프랭스의 소유권을 가진 기관은 누구입니까?,파리,owned_by,15,4818
구글 스트리트 뷰을/를 소유한 사람은 누구입니까?,구글,owned_by,16,4819
구글 스트리트 뷰을/를 소유한 회사 또는 사람은 누구입니까?,구글,owned_by,16,4819
구글 스트리트 뷰의 현재 소유주는 누구입니까?,구글,owned_by,16,4819
구글 스트리트 뷰가 소유한 사람은 누구입니까?,구글,owned_by,16,4819
구글 스트리트 뷰의 소유권을 가진 기관은 누구입니까?,구글,owned_by,16,4819
윈도 미디어 플레이어을/를 소유한 사람은 누구입니까?,마이크로소프트,owned_by,17,4820
윈도 미디어 플레이어을/를 소유한 회사 또는 사람은 누구입니까?,마이크로소프트,owned_by,17,4820
윈도 미디어 플레이어의 현재 소유주는 누구입니까?,마이크로소프트,owned_by,17,4820
윈도 미디어 플레이어가 소유한 사람은 누구입니까?,마이크로소프트,owned_by,17,4820
윈도 미디어 플레이어의 소유권을 가진 기관은 누구입니까?,마이크로소프트,owned_by,17,4820
스타디오 주세페 메아차을/를 소유한 사람은 누구입니까?,밀라노,owned_by,18,4821
스타디오 주세페 메아차을/를 소유한 회사 또는 사람은 누구입니까?,밀라노,owned_by,18,4821
스타디오 주세페 메아차의 현재 소유주는 누구입니까?,밀라노,owned_by,18,4821
스타디오 주세페 메아차가 소유한 사람은 누구입니까?,밀라노,owned_by,18,4821
스타디오 주세페 메아차의 소유권을 가진 기관은 누구입니까?,밀라노,owned_by,18,4821
인터넷 영화 데이터베이스을/를 소유한 사람은 누구입니까?,아마존닷컴,owned_by,19,4822
인터넷 영화 데이터베이스을/를 소유한 회사 또는 사람은 누구입니까?,아마존닷컴,owned_by,19,4822
인터넷 영화 데이터베이스의 현재 소유주는 누구입니까?,아마존닷컴,owned_by,19,4822
인터넷 영화 데이터베이스가 소유한 사람은 누구입니까?,아마존닷컴,owned_by,19,4822
인터넷 영화 데이터베이스의 소유권을 가진 기관은 누구입니까?,아마존닷컴,owned_by,19,4822
애드센스을/를 소유한 사람은 누구입니까?,구글,owned_by,20,4823
애드센스을/를 소유한 회사 또는 사람은 누구입니까?,구글,owned_by,20,4823
애드센스의 현재 소유주는 누구입니까?,구글,owned_by,20,4823
애드센스가 소유한 사람은 누구입니까?,구글,owned_by,20,4823
애드센스의 소유권을 가진 기관은 누구입니까?,구글,owned_by,20,4823
아마존 킨들을/를 소유한 사람은 누구입니까?,아마존닷컴,owned_by,21,4824
아마존 킨들을/를 소유한 회사 또는 사람은 누구입니까?,아마존닷컴,owned_by,21,4824
아마존 킨들의 현재 소유주는 누구입니까?,아마존닷컴,owned_by,21,4824
아마존 킨들가 소유한 사람은 누구입니까?,아마존닷컴,owned_by,21,4824
아마존 킨들의 소유권을 가진 기관은 누구입니까?,아마존닷컴,owned_by,21,4824
스타디오 렌초 바르베라을/를 소유한 사람은 누구입니까?,팔레르모,owned_by,22,4825
스타디오 렌초 바르베라을/를 소유한 회사 또는 사람은 누구입니까?,팔레르모,owned_by,22,4825
스타디오 렌초 바르베라의 현재 소유주는 누구입니까?,팔레르모,owned_by,22,4825
스타디오 렌초 바르베라가 소유한 사람은 누구입니까?,팔레르모,owned_by,22,4825
스타디오 렌초 바르베라의 소유권을 가진 기관은 누구입니까?,팔레르모,owned_by,22,4825
플리커을/를 소유한 사람은 누구입니까?,야후!,owned_by,23,4826
플리커을/를 소유한 회사 또는 사람은 누구입니까?,야후!,owned_by,23,4826
플리커의 현재 소유주는 누구입니까?,야후!,owned_by,23,4826
플리커가 소유한 사람은 누구입니까?,야후!,owned_by,23,4826
플리커의 소유권을 가진 기관은 누구입니까?,야후!,owned_by,23,4826
구글플렉스을/를 소유한 사람은 누구입니까?,구글,owned_by,24,4827
구글플렉스을/를 소유한 회사 또는 사람은 누구입니까?,구글,owned_by,24,4827
구글플렉스의 현재 소유주는 누구입니까?,구글,owned_by,24,4827
구글플렉스가 소유한 사람은 누구입니까?,구글,owned_by,24,4827
구글플렉스의 소유권을 가진 기관은 누구입니까?,구글,owned_by,24,4827
구글 어스을/를 소유한 사람은 누구입니까?,구글,owned_by,25,4828
구글 어스을/를 소유한 회사 또는 사람은 누구입니까?,구글,owned_by,25,4828
구글 어스의 현재 소유주는 누구입니까?,구글,owned_by,25,4828
구글 어스가 소유한 사람은 누구입니까?,구글,owned_by,25,4828
구글 어스의 소유권을 가진 기관은 누구입니까?,구글,owned_by,25,4828
다이하쓰을/를 소유한 사람은 누구입니까?,토요타 자동차,owned_by,26,4829
다이하쓰을/를 소유한 회사 또는 사람은 누구입니까?,토요타 자동차,owned_by,26,4829
다이하쓰의 현재 소유주는 누구입니까?,토요타 자동차,owned_by,26,4829
다이하쓰가 소유한 사람은 누구입니까?,토요타 자동차,owned_by,26,4829
다이하쓰의 소유권을 가진 기관은 누구입니까?,토요타 자동차,owned_by,26,4829
에투알 개선문을/를 소유한 사람은 누구입니까?,프랑스,owned_by,27,4830
에투알 개선문을/를 소유한 회사 또는 사람은 누구입니까?,프랑스,owned_by,27,4830
에투알 개선문의 현재 소유주는 누구입니까?,프랑스,owned_by,27,4830
에투알 개선문가 소유한 사람은 누구입니까?,프랑스,owned_by,27,4830
에투알 개선문의 소유권을 가진 기관은 누구입니까?,프랑스,owned_by,27,4830
퐁텐블로궁을/를 소유한 사람은 누구입니까?,프랑스,owned_by,28,4831
퐁텐블로궁을/를 소유한 회사 또는 사람은 누구입니까?,프랑스,owned_by,28,4831
퐁텐블로궁의 현재 소유주는 누구입니까?,프랑스,owned_by,28,4831
퐁텐블로궁가 소유한 사람은 누구입니까?,프랑스,owned_by,28,4831
퐁텐블로궁의 소유권을 가진 기관은 누구입니까?,프랑스,owned_by,28,4831
Google Drive을/를 소유한 사람은 누구입니까?,구글,owned_by,29,4832
Google Drive을/를 소유한 회사 또는 사람은 누구입니까?,구글,owned_by,29,4832
Google Drive의 현재 소유주는 누구입니까?,구글,owned_by,29,4832
Google Drive가 소유한 사람은 누구입니까?,구글,owned_by,29,4832
Google Drive의 소유권을 가진 기관은 누구입니까?,구글,owned_by,29,4832
구글 도서을/를 소유한 사람은 누구입니까?,구글,owned_by,30,4833
구글 도서을/를 소유한 회사 또는 사람은 누구입니까?,구글,owned_by,30,4833
구글 도서의 현재 소유주는 누구입니까?,구글,owned_by,30,4833
구글 도서가 소유한 사람은 누구입니까?,구글,owned_by,30,4833
구글 도서의 소유권을 가진 기관은 누구입니까?,구글,owned_by,30,4833
스타디오 올림피코 디 토리노을/를 소유한 사람은 누구입니까?,토리노,owned_by,31,4834
스타디오 올림피코 디 토리노을/를 소유한 회사 또는 사람은 누구입니까?,토리노,owned_by,31,4834
스타디오 올림피코 디 토리노의 현재 소유주는 누구입니까?,토리노,owned_by,31,4834
스타디오 올림피코 디 토리노가 소유한 사람은 누구입니까?,토리노,owned_by,31,4834
스타디오 올림피코 디 토리노의 소유권을 가진 기관은 누구입니까?,토리노,owned_by,31,4834
카타르 항공을/를 소유한 사람은 누구입니까?,카타르,owned_by,32,4835
카타르 항공을/를 소유한 회사 또는 사람은 누구입니까?,카타르,owned_by,32,4835
카타르 항공의 현재 소유주는 누구입니까?,카타르,owned_by,32,4835
카타르 항공가 소유한 사람은 누구입니까?,카타르,owned_by,32,4835
카타르 항공의 소유권을 가진 기관은 누구입니까?,카타르,owned_by,32,4835
야경을/를 소유한 사람은 누구입니까?,암스테르담,owned_by,33,4836
야경을/를 소유한 회사 또는 사람은 누구입니까?,암스테르담,owned_by,33,4836
야경의 현재 소유주는 누구입니까?,암스테르담,owned_by,33,4836
야경가 소유한 사람은 누구입니까?,암스테르담,owned_by,33,4836
야경의 소유권을 가진 기관은 누구입니까?,암스테르담,owned_by,33,4836
블로거을/를 소유한 사람은 누구입니까?,구글,owned_by,34,4837
블로거을/를 소유한 회사 또는 사람은 누구입니까?,구글,owned_by,34,4837
블로거의 현재 소유주는 누구입니까?,구글,owned_by,34,4837
블로거가 소유한 사람은 누구입니까?,구글,owned_by,34,4837
블로거의 소유권을 가진 기관은 누구입니까?,구글,owned_by,34,4837
베를린 올림픽 스타디움을/를 소유한 사람은 누구입니까?,베를린,owned_by,35,4838
베를린 올림픽 스타디움을/를 소유한 회사 또는 사람은 누구입니까?,베를린,owned_by,35,4838
베를린 올림픽 스타디움의 현재 소유주는 누구입니까?,베를린,owned_by,35,4838
베를린 올림픽 스타디움가 소유한 사람은 누구입니까?,베를린,owned_by,35,4838
베를린 올림픽 스타디움의 소유권을 가진 기관은 누구입니까?,베를린,owned_by,35,4838
LOT 폴란드 항공을/를 소유한 사람은 누구입니까?,폴란드,owned_by,36,4839
LOT 폴란드 항공을/를 소유한 회사 또는 사람은 누구입니까?,폴란드,owned_by,36,4839
LOT 폴란드 항공의 현재 소유주는 누구입니까?,폴란드,owned_by,36,4839
LOT 폴란드 항공가 소유한 사람은 누구입니까?,폴란드,owned_by,36,4839
LOT 폴란드 항공의 소유권을 가진 기관은 누구입니까?,폴란드,owned_by,36,4839
스타디오 루이지 페라리스을/를 소유한 사람은 누구입니까?,제노바,owned_by,37,4840
스타디오 루이지 페라리스을/를 소유한 회사 또는 사람은 누구입니까?,제노바,owned_by,37,4840
스타디오 루이지 페라리스의 현재 소유주는 누구입니까?,제노바,owned_by,37,4840
스타디오 루이지 페라리스가 소유한 사람은 누구입니까?,제노바,owned_by,37,4840
스타디오 루이지 페라리스의 소유권을 가진 기관은 누구입니까?,제노바,owned_by,37,4840
구글 번역을/를 소유한 사람은 누구입니까?,구글,owned_by,38,4841
구글 번역을/를 소유한 회사 또는 사람은 누구입니까?,구글,owned_by,38,4841
구글 번역의 현재 소유주는 누구입니까?,구글,owned_by,38,4841
구글 번역가 소유한 사람은 누구입니까?,구글,owned_by,38,4841
구글 번역의 소유권을 가진 기관은 누구입니까?,구글,owned_by,38,4841
더 샤드을/를 소유한 사람은 누구입니까?,카타르,owned_by,39,4842
더 샤드을/를 소유한 회사 또는 사람은 누구입니까?,카타르,owned_by,39,4842
더 샤드의 현재 소유주는 누구입니까?,카타르,owned_by,39,4842
더 샤드가 소유한 사람은 누구입니까?,카타르,owned_by,39,4842
더 샤드의 소유권을 가진 기관은 누구입니까?,카타르,owned_by,39,4842
스타드 드 프랑스을/를 소유한 사람은 누구입니까?,프랑스,owned_by,40,4843
스타드 드 프랑스을/를 소유한 회사 또는 사람은 누구입니까?,프랑스,owned_by,40,4843
스타드 드 프랑스의 현재 소유주는 누구입니까?,프랑스,owned_by,40,4843
스타드 드 프랑스가 소유한 사람은 누구입니까?,프랑스,owned_by,40,4843
스타드 드 프랑스의 소유권을 가진 기관은 누구입니까?,프랑스,owned_by,40,4843
아레나 리비우을/를 소유한 사람은 누구입니까?,리비우,owned_by,41,4844
아레나 리비우을/를 소유한 회사 또는 사람은 누구입니까?,리비우,owned_by,41,4844
아레나 리비우의 현재 소유주는 누구입니까?,리비우,owned_by,41,4844
아레나 리비우가 소유한 사람은 누구입니까?,리비우,owned_by,41,4844
아레나 리비우의 소유권을 가진 기관은 누구입니까?,리비우,owned_by,41,4844
링크드인을/를 소유한 사람은 누구입니까?,마이크로소프트,owned_by,42,4845
링크드인을/를 소유한 회사 또는 사람은 누구입니까?,마이크로소프트,owned_by,42,4845
링크드인의 현재 소유주는 누구입니까?,마이크로소프트,owned_by,42,4845
링크드인가 소유한 사람은 누구입니까?,마이크로소프트,owned_by,42,4845
링크드인의 소유권을 가진 기관은 누구입니까?,마이크로소프트,owned_by,42,4845
Tumblr을/를 소유한 사람은 누구입니까?,야후!,owned_by,43,4846
Tumblr을/를 소유한 회사 또는 사람은 누구입니까?,야후!,owned_by,43,4846
Tumblr의 현재 소유주는 누구입니까?,야후!,owned_by,43,4846
Tumblr가 소유한 사람은 누구입니까?,야후!,owned_by,43,4846
Tumblr의 소유권을 가진 기관은 누구입니까?,야후!,owned_by,43,4846
스타디오 산 파올로을/를 소유한 사람은 누구입니까?,나폴리,owned_by,44,4847
스타디오 산 파올로을/를 소유한 회사 또는 사람은 누구입니까?,나폴리,owned_by,44,4847
스타디오 산 파올로의 현재 소유주는 누구입니까?,나폴리,owned_by,44,4847
스타디오 산 파올로가 소유한 사람은 누구입니까?,나폴리,owned_by,44,4847
스타디오 산 파올로의 소유권을 가진 기관은 누구입니까?,나폴리,owned_by,44,4847
스타디오 델레 알피을/를 소유한 사람은 누구입니까?,토리노,owned_by,45,4848
스타디오 델레 알피을/를 소유한 회사 또는 사람은 누구입니까?,토리노,owned_by,45,4848
스타디오 델레 알피의 현재 소유주는 누구입니까?,토리노,owned_by,45,4848
스타디오 델레 알피가 소유한 사람은 누구입니까?,토리노,owned_by,45,4848
스타디오 델레 알피의 소유권을 가진 기관은 누구입니까?,토리노,owned_by,45,4848
두바이 국제공항을/를 소유한 사람은 누구입니까?,두바이 토후국,owned_by,46,4849
두바이 국제공항을/를 소유한 회사 또는 사람은 누구입니까?,두바이 토후국,owned_by,46,4849
두바이 국제공항의 현재 소유주는 누구입니까?,두바이 토후국,owned_by,46,4849
두바이 국제공항가 소유한 사람은 누구입니까?,두바이 토후국,owned_by,46,4849
두바이 국제공항의 소유권을 가진 기관은 누구입니까?,두바이 토후국,owned_by,46,4849
구글 학술 검색을/를 소유한 사람은 누구입니까?,구글,owned_by,47,4850
구글 학술 검색을/를 소유한 회사 또는 사람은 누구입니까?,구글,owned_by,47,4850
구글 학술 검색의 현재 소유주는 누구입니까?,구글,owned_by,47,4850
구글 학술 검색가 소유한 사람은 누구입니까?,구글,owned_by,47,4850
구글 학술 검색의 소유권을 가진 기관은 누구입니까?,구글,owned_by,47,4850
모나리자을/를 소유한 사람은 누구입니까?,프랑스,owned_by,48,4851
모나리자을/를 소유한 회사 또는 사람은 누구입니까?,프랑스,owned_by,48,4851
모나리자의 현재 소유주는 누구입니까?,프랑스,owned_by,48,4851
모나리자가 소유한 사람은 누구입니까?,프랑스,owned_by,48,4851
모나리자의 소유권을 가진 기관은 누구입니까?,프랑스,owned_by,48,4851
박스 오피스 모조을/를 소유한 사람은 누구입니까?,아마존닷컴,owned_by,49,4852
박스 오피스 모조을/를 소유한 회사 또는 사람은 누구입니까?,아마존닷컴,owned_by,49,4852
박스 오피스 모조의 현재 소유주는 누구입니까?,아마존닷컴,owned_by,49,4852
박스 오피스 모조가 소유한 사람은 누구입니까?,아마존닷컴,owned_by,49,4852
박스 오피스 모조의 소유권을 가진 기관은 누구입니까?,아마존닷컴,owned_by,49,4852
노트르담의 꼽추의 원래 언어는 무엇입니까?,프랑스어,language_of_work_or_name,0,1682
노트르담의 꼽추가 원래 어떤 언어로 쓰여졌습니까?,프랑스어,language_of_work_or_name,0,1682
노트르담의 꼽추의 원래 언어는 무엇입니까?,프랑스어,language_of_work_or_name,0,1682
노트르담의 꼽추의 원래 작품에 사용된 언어는 무엇입니까?,프랑스어,language_of_work_or_name,0,1682
노트르담의 꼽추가 처음 생산된 언어는 무엇입니까?,프랑스어,language_of_work_or_name,0,1682
라이온 킹의 원래 언어는 무엇입니까?,영어,language_of_work_or_name,1,1683
라이온 킹가 원래 어떤 언어로 쓰여졌습니까?,영어,language_of_work_or_name,1,1683
라이온 킹의 원래 언어는 무엇입니까?,영어,language_of_work_or_name,1,1683
라이온 킹의 원래 작품에 사용된 언어는 무엇입니까?,영어,language_of_work_or_name,1,1683
라이온 킹가 처음 생산된 언어는 무엇입니까?,영어,language_of_work_or_name,1,1683
언터처블: 1%의 우정의 원래 언어는 무엇입니까?,프랑스어,language_of_work_or_name,2,1684
언터처블: 1%의 우정가 원래 어떤 언어로 쓰여졌습니까?,프랑스어,language_of_work_or_name,2,1684
언터처블: 1%의 우정의 원래 언어는 무엇입니까?,프랑스어,language_of_work_or_name,2,1684
언터처블: 1%의 우정의 원래 작품에 사용된 언어는 무엇입니까?,프랑스어,language_of_work_or_name,2,1684
언터처블: 1%의 우정가 처음 생산된 언어는 무엇입니까?,프랑스어,language_of_work_or_name,2,1684
어드벤처 타임의 원래 언어는 무엇입니까?,영어,language_of_work_or_name,3,1685
어드벤처 타임가 원래 어떤 언어로 쓰여졌습니까?,영어,language_of_work_or_name,3,1685
어드벤처 타임의 원래 언어는 무엇입니까?,영어,language_of_work_or_name,3,1685
어드벤처 타임의 원래 작품에 사용된 언어는 무엇입니까?,영어,language_of_work_or_name,3,1685
어드벤처 타임가 처음 생산된 언어는 무엇입니까?,영어,language_of_work_or_name,3,1685
위선의 태양의 원래 언어는 무엇입니까?,러시아어,language_of_work_or_name,4,1686
위선의 태양가 원래 어떤 언어로 쓰여졌습니까?,러시아어,language_of_work_or_name,4,1686
위선의 태양의 원래 언어는 무엇입니까?,러시아어,language_of_work_or_name,4,1686
위선의 태양의 원래 작품에 사용된 언어는 무엇입니까?,러시아어,language_of_work_or_name,4,1686
위선의 태양가 처음 생산된 언어는 무엇입니까?,러시아어,language_of_work_or_name,4,1686
피아니스트의 원래 언어는 무엇입니까?,영어,language_of_work_or_name,5,1687
피아니스트가 원래 어떤 언어로 쓰여졌습니까?,영어,language_of_work_or_name,5,1687
피아니스트의 원래 언어는 무엇입니까?,영어,language_of_work_or_name,5,1687
피아니스트의 원래 작품에 사용된 언어는 무엇입니까?,영어,language_of_work_or_name,5,1687
피아니스트가 처음 생산된 언어는 무엇입니까?,영어,language_of_work_or_name,5,1687
몬테크리스토 백작의 원래 언어는 무엇입니까?,프랑스어,language_of_work_or_name,6,1688
몬테크리스토 백작가 원래 어떤 언어로 쓰여졌습니까?,프랑스어,language_of_work_or_name,6,1688
몬테크리스토 백작의 원래 언어는 무엇입니까?,프랑스어,language_of_work_or_name,6,1688
몬테크리스토 백작의 원래 작품에 사용된 언어는 무엇입니까?,프랑스어,language_of_work_or_name,6,1688
몬테크리스토 백작가 처음 생산된 언어는 무엇입니까?,프랑스어,language_of_work_or_name,6,1688
슬럼독 밀리어네어의 원래 언어는 무엇입니까?,영어,language_of_work_or_name,7,1689
슬럼독 밀리어네어가 원래 어떤 언어로 쓰여졌습니까?,영어,language_of_work_or_name,7,1689
슬럼독 밀리어네어의 원래 언어는 무엇입니까?,영어,language_of_work_or_name,7,1689
슬럼독 밀리어네어의 원래 작품에 사용된 언어는 무엇입니까?,영어,language_of_work_or_name,7,1689
슬럼독 밀리어네어가 처음 생산된 언어는 무엇입니까?,영어,language_of_work_or_name,7,1689
네이처의 원래 언어는 무엇입니까?,영어,language_of_work_or_name,8,1690
네이처가 원래 어떤 언어로 쓰여졌습니까?,영어,language_of_work_or_name,8,1690
네이처의 원래 언어는 무엇입니까?,영어,language_of_work_or_name,8,1690
네이처의 원래 작품에 사용된 언어는 무엇입니까?,영어,language_of_work_or_name,8,1690
네이처가 처음 생산된 언어는 무엇입니까?,영어,language_of_work_or_name,8,1690
대부의 원래 언어는 무엇입니까?,영어,language_of_work_or_name,9,1691
대부가 원래 어떤 언어로 쓰여졌습니까?,영어,language_of_work_or_name,9,1691
대부의 원래 언어는 무엇입니까?,영어,language_of_work_or_name,9,1691
대부의 원래 작품에 사용된 언어는 무엇입니까?,영어,language_of_work_or_name,9,1691
대부가 처음 생산된 언어는 무엇입니까?,영어,language_of_work_or_name,9,1691
고스트버스터즈의 원래 언어는 무엇입니까?,영어,language_of_work_or_name,10,1692
고스트버스터즈가 원래 어떤 언어로 쓰여졌습니까?,영어,language_of_work_or_name,10,1692
고스트버스터즈의 원래 언어는 무엇입니까?,영어,language_of_work_or_name,10,1692
고스트버스터즈의 원래 작품에 사용된 언어는 무엇입니까?,영어,language_of_work_or_name,10,1692
고스트버스터즈가 처음 생산된 언어는 무엇입니까?,영어,language_of_work_or_name,10,1692
삼총사의 원래 언어는 무엇입니까?,프랑스어,language_of_work_or_name,11,1693
삼총사가 원래 어떤 언어로 쓰여졌습니까?,프랑스어,language_of_work_or_name,11,1693
삼총사의 원래 언어는 무엇입니까?,프랑스어,language_of_work_or_name,11,1693
삼총사의 원래 작품에 사용된 언어는 무엇입니까?,프랑스어,language_of_work_or_name,11,1693
삼총사가 처음 생산된 언어는 무엇입니까?,프랑스어,language_of_work_or_name,11,1693
네덜란드어 위키백과의 원래 언어는 무엇입니까?,네덜란드어,language_of_work_or_name,12,1694
네덜란드어 위키백과가 원래 어떤 언어로 쓰여졌습니까?,네덜란드어,language_of_work_or_name,12,1694
네덜란드어 위키백과의 원래 언어는 무엇입니까?,네덜란드어,language_of_work_or_name,12,1694
네덜란드어 위키백과의 원래 작품에 사용된 언어는 무엇입니까?,네덜란드어,language_of_work_or_name,12,1694
네덜란드어 위키백과가 처음 생산된 언어는 무엇입니까?,네덜란드어,language_of_work_or_name,12,1694
샤를리 엡도의 원래 언어는 무엇입니까?,프랑스어,language_of_work_or_name,13,1695
샤를리 엡도가 원래 어떤 언어로 쓰여졌습니까?,프랑스어,language_of_work_or_name,13,1695
샤를리 엡도의 원래 언어는 무엇입니까?,프랑스어,language_of_work_or_name,13,1695
샤를리 엡도의 원래 작품에 사용된 언어는 무엇입니까?,프랑스어,language_of_work_or_name,13,1695
샤를리 엡도가 처음 생산된 언어는 무엇입니까?,프랑스어,language_of_work_or_name,13,1695
펄프 픽션의 원래 언어는 무엇입니까?,영어,language_of_work_or_name,14,1696
펄프 픽션가 원래 어떤 언어로 쓰여졌습니까?,영어,language_of_work_or_name,14,1696
펄프 픽션의 원래 언어는 무엇입니까?,영어,language_of_work_or_name,14,1696
펄프 픽션의 원래 작품에 사용된 언어는 무엇입니까?,영어,language_of_work_or_name,14,1696
펄프 픽션가 처음 생산된 언어는 무엇입니까?,영어,language_of_work_or_name,14,1696
석양의 무법자의 원래 언어는 무엇입니까?,이탈리아어,language_of_work_or_name,15,1697
석양의 무법자가 원래 어떤 언어로 쓰여졌습니까?,이탈리아어,language_of_work_or_name,15,1697
석양의 무법자의 원래 언어는 무엇입니까?,이탈리아어,language_of_work_or_name,15,1697
석양의 무법자의 원래 작품에 사용된 언어는 무엇입니까?,이탈리아어,language_of_work_or_name,15,1697
석양의 무법자가 처음 생산된 언어는 무엇입니까?,이탈리아어,language_of_work_or_name,15,1697
분노의 질주의 원래 언어는 무엇입니까?,영어,language_of_work_or_name,16,1698
분노의 질주가 원래 어떤 언어로 쓰여졌습니까?,영어,language_of_work_or_name,16,1698
분노의 질주의 원래 언어는 무엇입니까?,영어,language_of_work_or_name,16,1698
분노의 질주의 원래 작품에 사용된 언어는 무엇입니까?,영어,language_of_work_or_name,16,1698
분노의 질주가 처음 생산된 언어는 무엇입니까?,영어,language_of_work_or_name,16,1698
마술피리의 원래 언어는 무엇입니까?,독일어,language_of_work_or_name,17,1699
마술피리가 원래 어떤 언어로 쓰여졌습니까?,독일어,language_of_work_or_name,17,1699
마술피리의 원래 언어는 무엇입니까?,독일어,language_of_work_or_name,17,1699
마술피리의 원래 작품에 사용된 언어는 무엇입니까?,독일어,language_of_work_or_name,17,1699
마술피리가 처음 생산된 언어는 무엇입니까?,독일어,language_of_work_or_name,17,1699
아이칼리의 원래 언어는 무엇입니까?,영어,language_of_work_or_name,18,1700
아이칼리가 원래 어떤 언어로 쓰여졌습니까?,영어,language_of_work_or_name,18,1700
아이칼리의 원래 언어는 무엇입니까?,영어,language_of_work_or_name,18,1700
아이칼리의 원래 작품에 사용된 언어는 무엇입니까?,영어,language_of_work_or_name,18,1700
아이칼리가 처음 생산된 언어는 무엇입니까?,영어,language_of_work_or_name,18,1700
소비에트 대백과사전의 원래 언어는 무엇입니까?,러시아어,language_of_work_or_name,19,1701
소비에트 대백과사전가 원래 어떤 언어로 쓰여졌습니까?,러시아어,language_of_work_or_name,19,1701
소비에트 대백과사전의 원래 언어는 무엇입니까?,러시아어,language_of_work_or_name,19,1701
소비에트 대백과사전의 원래 작품에 사용된 언어는 무엇입니까?,러시아어,language_of_work_or_name,19,1701
소비에트 대백과사전가 처음 생산된 언어는 무엇입니까?,러시아어,language_of_work_or_name,19,1701
장화 신은 고양이의 원래 언어는 무엇입니까?,이탈리아어,language_of_work_or_name,20,1702
장화 신은 고양이가 원래 어떤 언어로 쓰여졌습니까?,이탈리아어,language_of_work_or_name,20,1702
장화 신은 고양이의 원래 언어는 무엇입니까?,이탈리아어,language_of_work_or_name,20,1702
장화 신은 고양이의 원래 작품에 사용된 언어는 무엇입니까?,이탈리아어,language_of_work_or_name,20,1702
장화 신은 고양이가 처음 생산된 언어는 무엇입니까?,이탈리아어,language_of_work_or_name,20,1702
핀란드어 위키백과의 원래 언어는 무엇입니까?,핀란드어,language_of_work_or_name,21,1703
핀란드어 위키백과가 원래 어떤 언어로 쓰여졌습니까?,핀란드어,language_of_work_or_name,21,1703
핀란드어 위키백과의 원래 언어는 무엇입니까?,핀란드어,language_of_work_or_name,21,1703
핀란드어 위키백과의 원래 작품에 사용된 언어는 무엇입니까?,핀란드어,language_of_work_or_name,21,1703
핀란드어 위키백과가 처음 생산된 언어는 무엇입니까?,핀란드어,language_of_work_or_name,21,1703
톰과 제리의 원래 언어는 무엇입니까?,영어,language_of_work_or_name,22,1704
톰과 제리가 원래 어떤 언어로 쓰여졌습니까?,영어,language_of_work_or_name,22,1704
톰과 제리의 원래 언어는 무엇입니까?,영어,language_of_work_or_name,22,1704
톰과 제리의 원래 작품에 사용된 언어는 무엇입니까?,영어,language_of_work_or_name,22,1704
톰과 제리가 처음 생산된 언어는 무엇입니까?,영어,language_of_work_or_name,22,1704
정글 북의 원래 언어는 무엇입니까?,영어,language_of_work_or_name,23,1705
정글 북가 원래 어떤 언어로 쓰여졌습니까?,영어,language_of_work_or_name,23,1705
정글 북의 원래 언어는 무엇입니까?,영어,language_of_work_or_name,23,1705
정글 북의 원래 작품에 사용된 언어는 무엇입니까?,영어,language_of_work_or_name,23,1705
정글 북가 처음 생산된 언어는 무엇입니까?,영어,language_of_work_or_name,23,1705
그리스어 위키백과의 원래 언어는 무엇입니까?,그리스어,language_of_work_or_name,24,1706
그리스어 위키백과가 원래 어떤 언어로 쓰여졌습니까?,그리스어,language_of_work_or_name,24,1706
그리스어 위키백과의 원래 언어는 무엇입니까?,그리스어,language_of_work_or_name,24,1706
그리스어 위키백과의 원래 작품에 사용된 언어는 무엇입니까?,그리스어,language_of_work_or_name,24,1706
그리스어 위키백과가 처음 생산된 언어는 무엇입니까?,그리스어,language_of_work_or_name,24,1706
Meddle의 원래 언어는 무엇입니까?,영어,language_of_work_or_name,25,3379
Meddle가 원래 어떤 언어로 쓰여졌습니까?,영어,language_of_work_or_name,25,3379
Meddle의 원래 언어는 무엇입니까?,영어,language_of_work_or_name,25,3379
Meddle의 원래 작품에 사용된 언어는 무엇입니까?,영어,language_of_work_or_name,25,3379
Meddle가 처음 생산된 언어는 무엇입니까?,영어,language_of_work_or_name,25,3379
깃의 원래 언어는 무엇입니까?,영어,language_of_work_or_name,26,3380
깃가 원래 어떤 언어로 쓰여졌습니까?,영어,language_of_work_or_name,26,3380
깃의 원래 언어는 무엇입니까?,영어,language_of_work_or_name,26,3380
깃의 원래 작품에 사용된 언어는 무엇입니까?,영어,language_of_work_or_name,26,3380
깃가 처음 생산된 언어는 무엇입니까?,영어,language_of_work_or_name,26,3380
아이네이스의 원래 언어는 무엇입니까?,라틴어,language_of_work_or_name,27,3381
아이네이스가 원래 어떤 언어로 쓰여졌습니까?,라틴어,language_of_work_or_name,27,3381
아이네이스의 원래 언어는 무엇입니까?,라틴어,language_of_work_or_name,27,3381
아이네이스의 원래 작품에 사용된 언어는 무엇입니까?,라틴어,language_of_work_or_name,27,3381
아이네이스가 처음 생산된 언어는 무엇입니까?,라틴어,language_of_work_or_name,27,3381
러시아어 위키백과의 원래 언어는 무엇입니까?,러시아어,language_of_work_or_name,28,3382
러시아어 위키백과가 원래 어떤 언어로 쓰여졌습니까?,러시아어,language_of_work_or_name,28,3382
러시아어 위키백과의 원래 언어는 무엇입니까?,러시아어,language_of_work_or_name,28,3382
러시아어 위키백과의 원래 작품에 사용된 언어는 무엇입니까?,러시아어,language_of_work_or_name,28,3382
러시아어 위키백과가 처음 생산된 언어는 무엇입니까?,러시아어,language_of_work_or_name,28,3382
스타트렉 다크니스의 원래 언어는 무엇입니까?,영어,language_of_work_or_name,29,3383
스타트렉 다크니스가 원래 어떤 언어로 쓰여졌습니까?,영어,language_of_work_or_name,29,3383
스타트렉 다크니스의 원래 언어는 무엇입니까?,영어,language_of_work_or_name,29,3383
스타트렉 다크니스의 원래 작품에 사용된 언어는 무엇입니까?,영어,language_of_work_or_name,29,3383
스타트렉 다크니스가 처음 생산된 언어는 무엇입니까?,영어,language_of_work_or_name,29,3383
샤를리 엡도의 원래 언어는 무엇입니까?,프랑스어,language_of_work_or_name,30,3384
샤를리 엡도가 원래 어떤 언어로 쓰여졌습니까?,프랑스어,language_of_work_or_name,30,3384
샤를리 엡도의 원래 언어는 무엇입니까?,프랑스어,language_of_work_or_name,30,3384
샤를리 엡도의 원래 작품에 사용된 언어는 무엇입니까?,프랑스어,language_of_work_or_name,30,3384
샤를리 엡도가 처음 생산된 언어는 무엇입니까?,프랑스어,language_of_work_or_name,30,3384
워싱턴 포스트의 원래 언어는 무엇입니까?,영어,language_of_work_or_name,31,3385
워싱턴 포스트가 원래 어떤 언어로 쓰여졌습니까?,영어,language_of_work_or_name,31,3385
워싱턴 포스트의 원래 언어는 무엇입니까?,영어,language_of_work_or_name,31,3385
워싱턴 포스트의 원래 작품에 사용된 언어는 무엇입니까?,영어,language_of_work_or_name,31,3385
워싱턴 포스트가 처음 생산된 언어는 무엇입니까?,영어,language_of_work_or_name,31,3385
플레이보이의 원래 언어는 무엇입니까?,영어,language_of_work_or_name,32,3386
플레이보이가 원래 어떤 언어로 쓰여졌습니까?,영어,language_of_work_or_name,32,3386
플레이보이의 원래 언어는 무엇입니까?,영어,language_of_work_or_name,32,3386
플레이보이의 원래 작품에 사용된 언어는 무엇입니까?,영어,language_of_work_or_name,32,3386
플레이보이가 처음 생산된 언어는 무엇입니까?,영어,language_of_work_or_name,32,3386
뉴 허라이즌스의 원래 언어는 무엇입니까?,영어,language_of_work_or_name,33,3387
뉴 허라이즌스가 원래 어떤 언어로 쓰여졌습니까?,영어,language_of_work_or_name,33,3387
뉴 허라이즌스의 원래 언어는 무엇입니까?,영어,language_of_work_or_name,33,3387
뉴 허라이즌스의 원래 작품에 사용된 언어는 무엇입니까?,영어,language_of_work_or_name,33,3387
뉴 허라이즌스가 처음 생산된 언어는 무엇입니까?,영어,language_of_work_or_name,33,3387
아이다의 원래 언어는 무엇입니까?,이탈리아어,language_of_work_or_name,34,3388
아이다가 원래 어떤 언어로 쓰여졌습니까?,이탈리아어,language_of_work_or_name,34,3388
아이다의 원래 언어는 무엇입니까?,이탈리아어,language_of_work_or_name,34,3388
아이다의 원래 작품에 사용된 언어는 무엇입니까?,이탈리아어,language_of_work_or_name,34,3388
아이다가 처음 생산된 언어는 무엇입니까?,이탈리아어,language_of_work_or_name,34,3388
사이언스의 원래 언어는 무엇입니까?,영어,language_of_work_or_name,35,3389
사이언스가 원래 어떤 언어로 쓰여졌습니까?,영어,language_of_work_or_name,35,3389
사이언스의 원래 언어는 무엇입니까?,영어,language_of_work_or_name,35,3389
사이언스의 원래 작품에 사용된 언어는 무엇입니까?,영어,language_of_work_or_name,35,3389
사이언스가 처음 생산된 언어는 무엇입니까?,영어,language_of_work_or_name,35,3389
실버 라이닝스 플레이북의 원래 언어는 무엇입니까?,영어,language_of_work_or_name,36,3390
실버 라이닝스 플레이북가 원래 어떤 언어로 쓰여졌습니까?,영어,language_of_work_or_name,36,3390
실버 라이닝스 플레이북의 원래 언어는 무엇입니까?,영어,language_of_work_or_name,36,3390
실버 라이닝스 플레이북의 원래 작품에 사용된 언어는 무엇입니까?,영어,language_of_work_or_name,36,3390
실버 라이닝스 플레이북가 처음 생산된 언어는 무엇입니까?,영어,language_of_work_or_name,36,3390
뉴스위크의 원래 언어는 무엇입니까?,영어,language_of_work_or_name,37,3391
뉴스위크가 원래 어떤 언어로 쓰여졌습니까?,영어,language_of_work_or_name,37,3391
뉴스위크의 원래 언어는 무엇입니까?,영어,language_of_work_or_name,37,3391
뉴스위크의 원래 작품에 사용된 언어는 무엇입니까?,영어,language_of_work_or_name,37,3391
뉴스위크가 처음 생산된 언어는 무엇입니까?,영어,language_of_work_or_name,37,3391
람보의 원래 언어는 무엇입니까?,영어,language_of_work_or_name,38,3392
람보가 원래 어떤 언어로 쓰여졌습니까?,영어,language_of_work_or_name,38,3392
람보의 원래 언어는 무엇입니까?,영어,language_of_work_or_name,38,3392
람보의 원래 작품에 사용된 언어는 무엇입니까?,영어,language_of_work_or_name,38,3392
람보가 처음 생산된 언어는 무엇입니까?,영어,language_of_work_or_name,38,3392
어린 왕자의 원래 언어는 무엇입니까?,프랑스어,language_of_work_or_name,39,3393
어린 왕자가 원래 어떤 언어로 쓰여졌습니까?,프랑스어,language_of_work_or_name,39,3393
어린 왕자의 원래 언어는 무엇입니까?,프랑스어,language_of_work_or_name,39,3393
어린 왕자의 원래 작품에 사용된 언어는 무엇입니까?,프랑스어,language_of_work_or_name,39,3393
어린 왕자가 처음 생산된 언어는 무엇입니까?,프랑스어,language_of_work_or_name,39,3393
시리의 원래 언어는 무엇입니까?,영어,language_of_work_or_name,40,3394
시리가 원래 어떤 언어로 쓰여졌습니까?,영어,language_of_work_or_name,40,3394
시리의 원래 언어는 무엇입니까?,영어,language_of_work_or_name,40,3394
시리의 원래 작품에 사용된 언어는 무엇입니까?,영어,language_of_work_or_name,40,3394
시리가 처음 생산된 언어는 무엇입니까?,영어,language_of_work_or_name,40,3394
덴마크어 위키백과의 원래 언어는 무엇입니까?,덴마크어,language_of_work_or_name,41,3395
덴마크어 위키백과가 원래 어떤 언어로 쓰여졌습니까?,덴마크어,language_of_work_or_name,41,3395
덴마크어 위키백과의 원래 언어는 무엇입니까?,덴마크어,language_of_work_or_name,41,3395
덴마크어 위키백과의 원래 작품에 사용된 언어는 무엇입니까?,덴마크어,language_of_work_or_name,41,3395
덴마크어 위키백과가 처음 생산된 언어는 무엇입니까?,덴마크어,language_of_work_or_name,41,3395
르 몽드의 원래 언어는 무엇입니까?,프랑스어,language_of_work_or_name,42,3396
르 몽드가 원래 어떤 언어로 쓰여졌습니까?,프랑스어,language_of_work_or_name,42,3396
르 몽드의 원래 언어는 무엇입니까?,프랑스어,language_of_work_or_name,42,3396
르 몽드의 원래 작품에 사용된 언어는 무엇입니까?,프랑스어,language_of_work_or_name,42,3396
르 몽드가 처음 생산된 언어는 무엇입니까?,프랑스어,language_of_work_or_name,42,3396
르 피가로의 원래 언어는 무엇입니까?,프랑스어,language_of_work_or_name,43,3397
르 피가로가 원래 어떤 언어로 쓰여졌습니까?,프랑스어,language_of_work_or_name,43,3397
르 피가로의 원래 언어는 무엇입니까?,프랑스어,language_of_work_or_name,43,3397
르 피가로의 원래 작품에 사용된 언어는 무엇입니까?,프랑스어,language_of_work_or_name,43,3397
르 피가로가 처음 생산된 언어는 무엇입니까?,프랑스어,language_of_work_or_name,43,3397
체코어 위키백과의 원래 언어는 무엇입니까?,체코어,language_of_work_or_name,44,3398
체코어 위키백과가 원래 어떤 언어로 쓰여졌습니까?,체코어,language_of_work_or_name,44,3398
체코어 위키백과의 원래 언어는 무엇입니까?,체코어,language_of_work_or_name,44,3398
체코어 위키백과의 원래 작품에 사용된 언어는 무엇입니까?,체코어,language_of_work_or_name,44,3398
체코어 위키백과가 처음 생산된 언어는 무엇입니까?,체코어,language_of_work_or_name,44,3398
가디언의 원래 언어는 무엇입니까?,영어,language_of_work_or_name,45,3399
가디언가 원래 어떤 언어로 쓰여졌습니까?,영어,language_of_work_or_name,45,3399
가디언의 원래 언어는 무엇입니까?,영어,language_of_work_or_name,45,3399
가디언의 원래 작품에 사용된 언어는 무엇입니까?,영어,language_of_work_or_name,45,3399
가디언가 처음 생산된 언어는 무엇입니까?,영어,language_of_work_or_name,45,3399
크로아티아어 위키백과의 원래 언어는 무엇입니까?,크로아티아어,language_of_work_or_name,46,3400
크로아티아어 위키백과가 원래 어떤 언어로 쓰여졌습니까?,크로아티아어,language_of_work_or_name,46,3400
크로아티아어 위키백과의 원래 언어는 무엇입니까?,크로아티아어,language_of_work_or_name,46,3400
크로아티아어 위키백과의 원래 작품에 사용된 언어는 무엇입니까?,크로아티아어,language_of_work_or_name,46,3400
크로아티아어 위키백과가 처음 생산된 언어는 무엇입니까?,크로아티아어,language_of_work_or_name,46,3400
위트레흐트 조약의 원래 언어는 무엇입니까?,영어,language_of_work_or_name,47,3401
위트레흐트 조약가 원래 어떤 언어로 쓰여졌습니까?,영어,language_of_work_or_name,47,3401
위트레흐트 조약의 원래 언어는 무엇입니까?,영어,language_of_work_or_name,47,3401
위트레흐트 조약의 원래 작품에 사용된 언어는 무엇입니까?,영어,language_of_work_or_name,47,3401
위트레흐트 조약가 처음 생산된 언어는 무엇입니까?,영어,language_of_work_or_name,47,3401
펄프 픽션의 원래 언어는 무엇입니까?,영어,language_of_work_or_name,48,3402
펄프 픽션가 원래 어떤 언어로 쓰여졌습니까?,영어,language_of_work_or_name,48,3402
펄프 픽션의 원래 언어는 무엇입니까?,영어,language_of_work_or_name,48,3402
펄프 픽션의 원래 작품에 사용된 언어는 무엇입니까?,영어,language_of_work_or_name,48,3402
펄프 픽션가 처음 생산된 언어는 무엇입니까?,영어,language_of_work_or_name,48,3402
네덜란드의 국가의 원래 언어는 무엇입니까?,네덜란드어,language_of_work_or_name,49,3403
네덜란드의 국가가 원래 어떤 언어로 쓰여졌습니까?,네덜란드어,language_of_work_or_name,49,3403
네덜란드의 국가의 원래 언어는 무엇입니까?,네덜란드어,language_of_work_or_name,49,3403
네덜란드의 국가의 원래 작품에 사용된 언어는 무엇입니까?,네덜란드어,language_of_work_or_name,49,3403
네덜란드의 국가가 처음 생산된 언어는 무엇입니까?,네덜란드어,language_of_work_or_name,49,3403
스웨덴어 위키백과의 원래 언어는 무엇입니까?,스웨덴어,language_of_work_or_name,50,3404
스웨덴어 위키백과가 원래 어떤 언어로 쓰여졌습니까?,스웨덴어,language_of_work_or_name,50,3404
스웨덴어 위키백과의 원래 언어는 무엇입니까?,스웨덴어,language_of_work_or_name,50,3404
스웨덴어 위키백과의 원래 작품에 사용된 언어는 무엇입니까?,스웨덴어,language_of_work_or_name,50,3404
스웨덴어 위키백과가 처음 생산된 언어는 무엇입니까?,스웨덴어,language_of_work_or_name,50,3404
폴란드어 위키백과의 원래 언어는 무엇입니까?,폴란드어,language_of_work_or_name,51,3405
폴란드어 위키백과가 원래 어떤 언어로 쓰여졌습니까?,폴란드어,language_of_work_or_name,51,3405
폴란드어 위키백과의 원래 언어는 무엇입니까?,폴란드어,language_of_work_or_name,51,3405
폴란드어 위키백과의 원래 작품에 사용된 언어는 무엇입니까?,폴란드어,language_of_work_or_name,51,3405
폴란드어 위키백과가 처음 생산된 언어는 무엇입니까?,폴란드어,language_of_work_or_name,51,3405
에스토니아어 위키백과의 원래 언어는 무엇입니까?,에스토니아어,language_of_work_or_name,52,3406
에스토니아어 위키백과가 원래 어떤 언어로 쓰여졌습니까?,에스토니아어,language_of_work_or_name,52,3406
에스토니아어 위키백과의 원래 언어는 무엇입니까?,에스토니아어,language_of_work_or_name,52,3406
에스토니아어 위키백과의 원래 작품에 사용된 언어는 무엇입니까?,에스토니아어,language_of_work_or_name,52,3406
에스토니아어 위키백과가 처음 생산된 언어는 무엇입니까?,에스토니아어,language_of_work_or_name,52,3406
Abbey Road의 원래 언어는 무엇입니까?,영어,language_of_work_or_name,53,3407
Abbey Road가 원래 어떤 언어로 쓰여졌습니까?,영어,language_of_work_or_name,53,3407
Abbey Road의 원래 언어는 무엇입니까?,영어,language_of_work_or_name,53,3407
Abbey Road의 원래 작품에 사용된 언어는 무엇입니까?,영어,language_of_work_or_name,53,3407
Abbey Road가 처음 생산된 언어는 무엇입니까?,영어,language_of_work_or_name,53,3407
카탈루냐어 위키백과의 원래 언어는 무엇입니까?,카탈루냐어,language_of_work_or_name,54,3408
카탈루냐어 위키백과가 원래 어떤 언어로 쓰여졌습니까?,카탈루냐어,language_of_work_or_name,54,3408
카탈루냐어 위키백과의 원래 언어는 무엇입니까?,카탈루냐어,language_of_work_or_name,54,3408
카탈루냐어 위키백과의 원래 작품에 사용된 언어는 무엇입니까?,카탈루냐어,language_of_work_or_name,54,3408
카탈루냐어 위키백과가 처음 생산된 언어는 무엇입니까?,카탈루냐어,language_of_work_or_name,54,3408
베트남어 위키백과의 원래 언어는 무엇입니까?,베트남어,language_of_work_or_name,55,3409
베트남어 위키백과가 원래 어떤 언어로 쓰여졌습니까?,베트남어,language_of_work_or_name,55,3409
베트남어 위키백과의 원래 언어는 무엇입니까?,베트남어,language_of_work_or_name,55,3409
베트남어 위키백과의 원래 작품에 사용된 언어는 무엇입니까?,베트남어,language_of_work_or_name,55,3409
베트남어 위키백과가 처음 생산된 언어는 무엇입니까?,베트남어,language_of_work_or_name,55,3409
마술피리의 원래 언어는 무엇입니까?,독일어,language_of_work_or_name,56,3410
마술피리가 원래 어떤 언어로 쓰여졌습니까?,독일어,language_of_work_or_name,56,3410
마술피리의 원래 언어는 무엇입니까?,독일어,language_of_work_or_name,56,3410
마술피리의 원래 작품에 사용된 언어는 무엇입니까?,독일어,language_of_work_or_name,56,3410
마술피리가 처음 생산된 언어는 무엇입니까?,독일어,language_of_work_or_name,56,3410
한국어 위키백과의 원래 언어는 무엇입니까?,한국어,language_of_work_or_name,57,3411
한국어 위키백과가 원래 어떤 언어로 쓰여졌습니까?,한국어,language_of_work_or_name,57,3411
한국어 위키백과의 원래 언어는 무엇입니까?,한국어,language_of_work_or_name,57,3411
한국어 위키백과의 원래 작품에 사용된 언어는 무엇입니까?,한국어,language_of_work_or_name,57,3411
한국어 위키백과가 처음 생산된 언어는 무엇입니까?,한국어,language_of_work_or_name,57,3411
핀터레스트의 원래 언어는 무엇입니까?,프랑스어,language_of_work_or_name,58,3412
핀터레스트가 원래 어떤 언어로 쓰여졌습니까?,프랑스어,language_of_work_or_name,58,3412
핀터레스트의 원래 언어는 무엇입니까?,프랑스어,language_of_work_or_name,58,3412
핀터레스트의 원래 작품에 사용된 언어는 무엇입니까?,프랑스어,language_of_work_or_name,58,3412
핀터레스트가 처음 생산된 언어는 무엇입니까?,프랑스어,language_of_work_or_name,58,3412
올리버 트위스트의 원래 언어는 무엇입니까?,영어,language_of_work_or_name,59,3413
올리버 트위스트가 원래 어떤 언어로 쓰여졌습니까?,영어,language_of_work_or_name,59,3413
올리버 트위스트의 원래 언어는 무엇입니까?,영어,language_of_work_or_name,59,3413
올리버 트위스트의 원래 작품에 사용된 언어는 무엇입니까?,영어,language_of_work_or_name,59,3413
올리버 트위스트가 처음 생산된 언어는 무엇입니까?,영어,language_of_work_or_name,59,3413
이상한 나라의 앨리스의 원래 언어는 무엇입니까?,영어,language_of_work_or_name,60,3414
이상한 나라의 앨리스가 원래 어떤 언어로 쓰여졌습니까?,영어,language_of_work_or_name,60,3414
이상한 나라의 앨리스의 원래 언어는 무엇입니까?,영어,language_of_work_or_name,60,3414
이상한 나라의 앨리스의 원래 작품에 사용된 언어는 무엇입니까?,영어,language_of_work_or_name,60,3414
이상한 나라의 앨리스가 처음 생산된 언어는 무엇입니까?,영어,language_of_work_or_name,60,3414
오만과 편견의 원래 언어는 무엇입니까?,영어,language_of_work_or_name,61,3415
오만과 편견가 원래 어떤 언어로 쓰여졌습니까?,영어,language_of_work_or_name,61,3415
오만과 편견의 원래 언어는 무엇입니까?,영어,language_of_work_or_name,61,3415
오만과 편견의 원래 작품에 사용된 언어는 무엇입니까?,영어,language_of_work_or_name,61,3415
오만과 편견가 처음 생산된 언어는 무엇입니까?,영어,language_of_work_or_name,61,3415
타임의 원래 언어는 무엇입니까?,영어,language_of_work_or_name,62,3416
타임가 원래 어떤 언어로 쓰여졌습니까?,영어,language_of_work_or_name,62,3416
타임의 원래 언어는 무엇입니까?,영어,language_of_work_or_name,62,3416
타임의 원래 작품에 사용된 언어는 무엇입니까?,영어,language_of_work_or_name,62,3416
타임가 처음 생산된 언어는 무엇입니까?,영어,language_of_work_or_name,62,3416
위대한 개츠비의 원래 언어는 무엇입니까?,영어,language_of_work_or_name,63,3417
위대한 개츠비가 원래 어떤 언어로 쓰여졌습니까?,영어,language_of_work_or_name,63,3417
위대한 개츠비의 원래 언어는 무엇입니까?,영어,language_of_work_or_name,63,3417
위대한 개츠비의 원래 작품에 사용된 언어는 무엇입니까?,영어,language_of_work_or_name,63,3417
위대한 개츠비가 처음 생산된 언어는 무엇입니까?,영어,language_of_work_or_name,63,3417
리브레오피스의 원래 언어는 무엇입니까?,영어,language_of_work_or_name,64,3418
리브레오피스가 원래 어떤 언어로 쓰여졌습니까?,영어,language_of_work_or_name,64,3418
리브레오피스의 원래 언어는 무엇입니까?,영어,language_of_work_or_name,64,3418
리브레오피스의 원래 작품에 사용된 언어는 무엇입니까?,영어,language_of_work_or_name,64,3418
리브레오피스가 처음 생산된 언어는 무엇입니까?,영어,language_of_work_or_name,64,3418
핀터레스트의 원래 언어는 무엇입니까?,스페인어,language_of_work_or_name,65,3419
핀터레스트가 원래 어떤 언어로 쓰여졌습니까?,스페인어,language_of_work_or_name,65,3419
핀터레스트의 원래 언어는 무엇입니까?,스페인어,language_of_work_or_name,65,3419
핀터레스트의 원래 작품에 사용된 언어는 무엇입니까?,스페인어,language_of_work_or_name,65,3419
핀터레스트가 처음 생산된 언어는 무엇입니까?,스페인어,language_of_work_or_name,65,3419
방글라데시의 국가의 원래 언어는 무엇입니까?,벵골어,language_of_work_or_name,66,3420
방글라데시의 국가가 원래 어떤 언어로 쓰여졌습니까?,벵골어,language_of_work_or_name,66,3420
방글라데시의 국가의 원래 언어는 무엇입니까?,벵골어,language_of_work_or_name,66,3420
방글라데시의 국가의 원래 작품에 사용된 언어는 무엇입니까?,벵골어,language_of_work_or_name,66,3420
방글라데시의 국가가 처음 생산된 언어는 무엇입니까?,벵골어,language_of_work_or_name,66,3420
리브레오피스의 원래 언어는 무엇입니까?,핀란드어,language_of_work_or_name,67,3421
리브레오피스가 원래 어떤 언어로 쓰여졌습니까?,핀란드어,language_of_work_or_name,67,3421
리브레오피스의 원래 언어는 무엇입니까?,핀란드어,language_of_work_or_name,67,3421
리브레오피스의 원래 작품에 사용된 언어는 무엇입니까?,핀란드어,language_of_work_or_name,67,3421
리브레오피스가 처음 생산된 언어는 무엇입니까?,핀란드어,language_of_work_or_name,67,3421
독일어 위키백과의 원래 언어는 무엇입니까?,독일어,language_of_work_or_name,68,3422
독일어 위키백과가 원래 어떤 언어로 쓰여졌습니까?,독일어,language_of_work_or_name,68,3422
독일어 위키백과의 원래 언어는 무엇입니까?,독일어,language_of_work_or_name,68,3422
독일어 위키백과의 원래 작품에 사용된 언어는 무엇입니까?,독일어,language_of_work_or_name,68,3422
독일어 위키백과가 처음 생산된 언어는 무엇입니까?,독일어,language_of_work_or_name,68,3422
베르사유 조약의 원래 언어는 무엇입니까?,프랑스어,language_of_work_or_name,69,3423
베르사유 조약가 원래 어떤 언어로 쓰여졌습니까?,프랑스어,language_of_work_or_name,69,3423
베르사유 조약의 원래 언어는 무엇입니까?,프랑스어,language_of_work_or_name,69,3423
베르사유 조약의 원래 작품에 사용된 언어는 무엇입니까?,프랑스어,language_of_work_or_name,69,3423
베르사유 조약가 처음 생산된 언어는 무엇입니까?,프랑스어,language_of_work_or_name,69,3423
예브게니 오네긴의 원래 언어는 무엇입니까?,러시아어,language_of_work_or_name,70,3424
예브게니 오네긴가 원래 어떤 언어로 쓰여졌습니까?,러시아어,language_of_work_or_name,70,3424
예브게니 오네긴의 원래 언어는 무엇입니까?,러시아어,language_of_work_or_name,70,3424
예브게니 오네긴의 원래 작품에 사용된 언어는 무엇입니까?,러시아어,language_of_work_or_name,70,3424
예브게니 오네긴가 처음 생산된 언어는 무엇입니까?,러시아어,language_of_work_or_name,70,3424
우크라이나어 위키백과의 원래 언어는 무엇입니까?,우크라이나어,language_of_work_or_name,71,3425
우크라이나어 위키백과가 원래 어떤 언어로 쓰여졌습니까?,우크라이나어,language_of_work_or_name,71,3425
우크라이나어 위키백과의 원래 언어는 무엇입니까?,우크라이나어,language_of_work_or_name,71,3425
우크라이나어 위키백과의 원래 작품에 사용된 언어는 무엇입니까?,우크라이나어,language_of_work_or_name,71,3425
우크라이나어 위키백과가 처음 생산된 언어는 무엇입니까?,우크라이나어,language_of_work_or_name,71,3425
1984년의 원래 언어는 무엇입니까?,영어,language_of_work_or_name,72,3426
1984년가 원래 어떤 언어로 쓰여졌습니까?,영어,language_of_work_or_name,72,3426
1984년의 원래 언어는 무엇입니까?,영어,language_of_work_or_name,72,3426
1984년의 원래 작품에 사용된 언어는 무엇입니까?,영어,language_of_work_or_name,72,3426
1984년가 처음 생산된 언어는 무엇입니까?,영어,language_of_work_or_name,72,3426
톰 소여의 모험의 원래 언어는 무엇입니까?,영어,language_of_work_or_name,73,3427
톰 소여의 모험가 원래 어떤 언어로 쓰여졌습니까?,영어,language_of_work_or_name,73,3427
톰 소여의 모험의 원래 언어는 무엇입니까?,영어,language_of_work_or_name,73,3427
톰 소여의 모험의 원래 작품에 사용된 언어는 무엇입니까?,영어,language_of_work_or_name,73,3427
톰 소여의 모험가 처음 생산된 언어는 무엇입니까?,영어,language_of_work_or_name,73,3427
터미네이터: 제네시스의 원래 언어는 무엇입니까?,영어,language_of_work_or_name,74,3428
터미네이터: 제네시스가 원래 어떤 언어로 쓰여졌습니까?,영어,language_of_work_or_name,74,3428
터미네이터: 제네시스의 원래 언어는 무엇입니까?,영어,language_of_work_or_name,74,3428
터미네이터: 제네시스의 원래 작품에 사용된 언어는 무엇입니까?,영어,language_of_work_or_name,74,3428
터미네이터: 제네시스가 처음 생산된 언어는 무엇입니까?,영어,language_of_work_or_name,74,3428
네이처의 원래 언어는 무엇입니까?,영어,language_of_work_or_name,75,3429
네이처가 원래 어떤 언어로 쓰여졌습니까?,영어,language_of_work_or_name,75,3429
네이처의 원래 언어는 무엇입니까?,영어,language_of_work_or_name,75,3429
네이처의 원래 작품에 사용된 언어는 무엇입니까?,영어,language_of_work_or_name,75,3429
네이처가 처음 생산된 언어는 무엇입니까?,영어,language_of_work_or_name,75,3429
데카메론의 원래 언어는 무엇입니까?,이탈리아어,language_of_work_or_name,76,3430
데카메론가 원래 어떤 언어로 쓰여졌습니까?,이탈리아어,language_of_work_or_name,76,3430
데카메론의 원래 언어는 무엇입니까?,이탈리아어,language_of_work_or_name,76,3430
데카메론의 원래 작품에 사용된 언어는 무엇입니까?,이탈리아어,language_of_work_or_name,76,3430
데카메론가 처음 생산된 언어는 무엇입니까?,이탈리아어,language_of_work_or_name,76,3430
핀터레스트의 원래 언어는 무엇입니까?,핀란드어,language_of_work_or_name,77,3431
핀터레스트가 원래 어떤 언어로 쓰여졌습니까?,핀란드어,language_of_work_or_name,77,3431
핀터레스트의 원래 언어는 무엇입니까?,핀란드어,language_of_work_or_name,77,3431
핀터레스트의 원래 작품에 사용된 언어는 무엇입니까?,핀란드어,language_of_work_or_name,77,3431
핀터레스트가 처음 생산된 언어는 무엇입니까?,핀란드어,language_of_work_or_name,77,3431
이코노미스트의 원래 언어는 무엇입니까?,영어,language_of_work_or_name,78,3432
이코노미스트가 원래 어떤 언어로 쓰여졌습니까?,영어,language_of_work_or_name,78,3432
이코노미스트의 원래 언어는 무엇입니까?,영어,language_of_work_or_name,78,3432
이코노미스트의 원래 작품에 사용된 언어는 무엇입니까?,영어,language_of_work_or_name,78,3432
이코노미스트가 처음 생산된 언어는 무엇입니까?,영어,language_of_work_or_name,78,3432
스웨덴의 국가의 원래 언어는 무엇입니까?,스웨덴어,language_of_work_or_name,79,3433
스웨덴의 국가가 원래 어떤 언어로 쓰여졌습니까?,스웨덴어,language_of_work_or_name,79,3433
스웨덴의 국가의 원래 언어는 무엇입니까?,스웨덴어,language_of_work_or_name,79,3433
스웨덴의 국가의 원래 작품에 사용된 언어는 무엇입니까?,스웨덴어,language_of_work_or_name,79,3433
스웨덴의 국가가 처음 생산된 언어는 무엇입니까?,스웨덴어,language_of_work_or_name,79,3433
The Adventures of Pinocchio의 원래 언어는 무엇입니까?,이탈리아어,language_of_work_or_name,80,3434
The Adventures of Pinocchio가 원래 어떤 언어로 쓰여졌습니까?,이탈리아어,language_of_work_or_name,80,3434
The Adventures of Pinocchio의 원래 언어는 무엇입니까?,이탈리아어,language_of_work_or_name,80,3434
The Adventures of Pinocchio의 원래 작품에 사용된 언어는 무엇입니까?,이탈리아어,language_of_work_or_name,80,3434
The Adventures of Pinocchio가 처음 생산된 언어는 무엇입니까?,이탈리아어,language_of_work_or_name,80,3434
모비딕의 원래 언어는 무엇입니까?,영어,language_of_work_or_name,81,3435
모비딕가 원래 어떤 언어로 쓰여졌습니까?,영어,language_of_work_or_name,81,3435
모비딕의 원래 언어는 무엇입니까?,영어,language_of_work_or_name,81,3435
모비딕의 원래 작품에 사용된 언어는 무엇입니까?,영어,language_of_work_or_name,81,3435
모비딕가 처음 생산된 언어는 무엇입니까?,영어,language_of_work_or_name,81,3435
핀터레스트의 원래 언어는 무엇입니까?,이탈리아어,language_of_work_or_name,82,3436
핀터레스트가 원래 어떤 언어로 쓰여졌습니까?,이탈리아어,language_of_work_or_name,82,3436
핀터레스트의 원래 언어는 무엇입니까?,이탈리아어,language_of_work_or_name,82,3436
핀터레스트의 원래 작품에 사용된 언어는 무엇입니까?,이탈리아어,language_of_work_or_name,82,3436
핀터레스트가 처음 생산된 언어는 무엇입니까?,이탈리아어,language_of_work_or_name,82,3436
피가로의 결혼의 원래 언어는 무엇입니까?,이탈리아어,language_of_work_or_name,83,3437
피가로의 결혼가 원래 어떤 언어로 쓰여졌습니까?,이탈리아어,language_of_work_or_name,83,3437
피가로의 결혼의 원래 언어는 무엇입니까?,이탈리아어,language_of_work_or_name,83,3437
피가로의 결혼의 원래 작품에 사용된 언어는 무엇입니까?,이탈리아어,language_of_work_or_name,83,3437
피가로의 결혼가 처음 생산된 언어는 무엇입니까?,이탈리아어,language_of_work_or_name,83,3437
마스트리흐트 조약의 원래 언어는 무엇입니까?,프랑스어,language_of_work_or_name,84,3438
마스트리흐트 조약가 원래 어떤 언어로 쓰여졌습니까?,프랑스어,language_of_work_or_name,84,3438
마스트리흐트 조약의 원래 언어는 무엇입니까?,프랑스어,language_of_work_or_name,84,3438
마스트리흐트 조약의 원래 작품에 사용된 언어는 무엇입니까?,프랑스어,language_of_work_or_name,84,3438
마스트리흐트 조약가 처음 생산된 언어는 무엇입니까?,프랑스어,language_of_work_or_name,84,3438
Please Please Me의 원래 언어는 무엇입니까?,영어,language_of_work_or_name,85,3439
Please Please Me가 원래 어떤 언어로 쓰여졌습니까?,영어,language_of_work_or_name,85,3439
Please Please Me의 원래 언어는 무엇입니까?,영어,language_of_work_or_name,85,3439
Please Please Me의 원래 작품에 사용된 언어는 무엇입니까?,영어,language_of_work_or_name,85,3439
Please Please Me가 처음 생산된 언어는 무엇입니까?,영어,language_of_work_or_name,85,3439
불가리아어 위키백과의 원래 언어는 무엇입니까?,불가리아어,language_of_work_or_name,86,3440
불가리아어 위키백과가 원래 어떤 언어로 쓰여졌습니까?,불가리아어,language_of_work_or_name,86,3440
불가리아어 위키백과의 원래 언어는 무엇입니까?,불가리아어,language_of_work_or_name,86,3440
불가리아어 위키백과의 원래 작품에 사용된 언어는 무엇입니까?,불가리아어,language_of_work_or_name,86,3440
불가리아어 위키백과가 처음 생산된 언어는 무엇입니까?,불가리아어,language_of_work_or_name,86,3440
파이러트베이의 원래 언어는 무엇입니까?,스페인어,language_of_work_or_name,87,3441
파이러트베이가 원래 어떤 언어로 쓰여졌습니까?,스페인어,language_of_work_or_name,87,3441
파이러트베이의 원래 언어는 무엇입니까?,스페인어,language_of_work_or_name,87,3441
파이러트베이의 원래 작품에 사용된 언어는 무엇입니까?,스페인어,language_of_work_or_name,87,3441
파이러트베이가 처음 생산된 언어는 무엇입니까?,스페인어,language_of_work_or_name,87,3441
터키어 위키백과의 원래 언어는 무엇입니까?,터키어,language_of_work_or_name,88,3442
터키어 위키백과가 원래 어떤 언어로 쓰여졌습니까?,터키어,language_of_work_or_name,88,3442
터키어 위키백과의 원래 언어는 무엇입니까?,터키어,language_of_work_or_name,88,3442
터키어 위키백과의 원래 작품에 사용된 언어는 무엇입니까?,터키어,language_of_work_or_name,88,3442
터키어 위키백과가 처음 생산된 언어는 무엇입니까?,터키어,language_of_work_or_name,88,3442
헝가리어 위키백과의 원래 언어는 무엇입니까?,헝가리어,language_of_work_or_name,89,3443
헝가리어 위키백과가 원래 어떤 언어로 쓰여졌습니까?,헝가리어,language_of_work_or_name,89,3443
헝가리어 위키백과의 원래 언어는 무엇입니까?,헝가리어,language_of_work_or_name,89,3443
헝가리어 위키백과의 원래 작품에 사용된 언어는 무엇입니까?,헝가리어,language_of_work_or_name,89,3443
헝가리어 위키백과가 처음 생산된 언어는 무엇입니까?,헝가리어,language_of_work_or_name,89,3443
안나 카레니나의 원래 언어는 무엇입니까?,러시아어,language_of_work_or_name,90,3444
안나 카레니나가 원래 어떤 언어로 쓰여졌습니까?,러시아어,language_of_work_or_name,90,3444
안나 카레니나의 원래 언어는 무엇입니까?,러시아어,language_of_work_or_name,90,3444
안나 카레니나의 원래 작품에 사용된 언어는 무엇입니까?,러시아어,language_of_work_or_name,90,3444
안나 카레니나가 처음 생산된 언어는 무엇입니까?,러시아어,language_of_work_or_name,90,3444
세르비아어 위키백과의 원래 언어는 무엇입니까?,세르비아어,language_of_work_or_name,91,3445
세르비아어 위키백과가 원래 어떤 언어로 쓰여졌습니까?,세르비아어,language_of_work_or_name,91,3445
세르비아어 위키백과의 원래 언어는 무엇입니까?,세르비아어,language_of_work_or_name,91,3445
세르비아어 위키백과의 원래 작품에 사용된 언어는 무엇입니까?,세르비아어,language_of_work_or_name,91,3445
세르비아어 위키백과가 처음 생산된 언어는 무엇입니까?,세르비아어,language_of_work_or_name,91,3445
이탈리아어 위키백과의 원래 언어는 무엇입니까?,이탈리아어,language_of_work_or_name,92,3446
이탈리아어 위키백과가 원래 어떤 언어로 쓰여졌습니까?,이탈리아어,language_of_work_or_name,92,3446
이탈리아어 위키백과의 원래 언어는 무엇입니까?,이탈리아어,language_of_work_or_name,92,3446
이탈리아어 위키백과의 원래 작품에 사용된 언어는 무엇입니까?,이탈리아어,language_of_work_or_name,92,3446
이탈리아어 위키백과가 처음 생산된 언어는 무엇입니까?,이탈리아어,language_of_work_or_name,92,3446
스페인어 위키백과의 원래 언어는 무엇입니까?,스페인어,language_of_work_or_name,93,3447
스페인어 위키백과가 원래 어떤 언어로 쓰여졌습니까?,스페인어,language_of_work_or_name,93,3447
스페인어 위키백과의 원래 언어는 무엇입니까?,스페인어,language_of_work_or_name,93,3447
스페인어 위키백과의 원래 작품에 사용된 언어는 무엇입니까?,스페인어,language_of_work_or_name,93,3447
스페인어 위키백과가 처음 생산된 언어는 무엇입니까?,스페인어,language_of_work_or_name,93,3447
핀란드어 위키백과의 원래 언어는 무엇입니까?,핀란드어,language_of_work_or_name,94,3448
핀란드어 위키백과가 원래 어떤 언어로 쓰여졌습니까?,핀란드어,language_of_work_or_name,94,3448
핀란드어 위키백과의 원래 언어는 무엇입니까?,핀란드어,language_of_work_or_name,94,3448
핀란드어 위키백과의 원래 작품에 사용된 언어는 무엇입니까?,핀란드어,language_of_work_or_name,94,3448
핀란드어 위키백과가 처음 생산된 언어는 무엇입니까?,핀란드어,language_of_work_or_name,94,3448
쉬운 영어 위키백과의 원래 언어는 무엇입니까?,영어,language_of_work_or_name,95,3449
쉬운 영어 위키백과가 원래 어떤 언어로 쓰여졌습니까?,영어,language_of_work_or_name,95,3449
쉬운 영어 위키백과의 원래 언어는 무엇입니까?,영어,language_of_work_or_name,95,3449
쉬운 영어 위키백과의 원래 작품에 사용된 언어는 무엇입니까?,영어,language_of_work_or_name,95,3449
쉬운 영어 위키백과가 처음 생산된 언어는 무엇입니까?,영어,language_of_work_or_name,95,3449
바스터즈: 거친 녀석들의 원래 언어는 무엇입니까?,영어,language_of_work_or_name,96,3450
바스터즈: 거친 녀석들가 원래 어떤 언어로 쓰여졌습니까?,영어,language_of_work_or_name,96,3450
바스터즈: 거친 녀석들의 원래 언어는 무엇입니까?,영어,language_of_work_or_name,96,3450
바스터즈: 거친 녀석들의 원래 작품에 사용된 언어는 무엇입니까?,영어,language_of_work_or_name,96,3450
바스터즈: 거친 녀석들가 처음 생산된 언어는 무엇입니까?,영어,language_of_work_or_name,96,3450
핀터레스트의 원래 언어는 무엇입니까?,영어,language_of_work_or_name,97,3451
핀터레스트가 원래 어떤 언어로 쓰여졌습니까?,영어,language_of_work_or_name,97,3451
핀터레스트의 원래 언어는 무엇입니까?,영어,language_of_work_or_name,97,3451
핀터레스트의 원래 작품에 사용된 언어는 무엇입니까?,영어,language_of_work_or_name,97,3451
핀터레스트가 처음 생산된 언어는 무엇입니까?,영어,language_of_work_or_name,97,3451
알렉산드로스의 원래 언어는 무엇입니까?,영어,language_of_work_or_name,98,3452
알렉산드로스가 원래 어떤 언어로 쓰여졌습니까?,영어,language_of_work_or_name,98,3452
알렉산드로스의 원래 언어는 무엇입니까?,영어,language_of_work_or_name,98,3452
알렉산드로스의 원래 작품에 사용된 언어는 무엇입니까?,영어,language_of_work_or_name,98,3452
알렉산드로스가 처음 생산된 언어는 무엇입니까?,영어,language_of_work_or_name,98,3452
이미테이션 게임의 원래 언어는 무엇입니까?,영어,language_of_work_or_name,99,3453
이미테이션 게임가 원래 어떤 언어로 쓰여졌습니까?,영어,language_of_work_or_name,99,3453
이미테이션 게임의 원래 언어는 무엇입니까?,영어,language_of_work_or_name,99,3453
이미테이션 게임의 원래 작품에 사용된 언어는 무엇입니까?,영어,language_of_work_or_name,99,3453
이미테이션 게임가 처음 생산된 언어는 무엇입니까?,영어,language_of_work_or_name,99,3453
돈 조반니의 원래 언어는 무엇입니까?,이탈리아어,language_of_work_or_name,100,3454
돈 조반니가 원래 어떤 언어로 쓰여졌습니까?,이탈리아어,language_of_work_or_name,100,3454
돈 조반니의 원래 언어는 무엇입니까?,이탈리아어,language_of_work_or_name,100,3454
돈 조반니의 원래 작품에 사용된 언어는 무엇입니까?,이탈리아어,language_of_work_or_name,100,3454
돈 조반니가 처음 생산된 언어는 무엇입니까?,이탈리아어,language_of_work_or_name,100,3454
Off the Wall의 원래 언어는 무엇입니까?,영어,language_of_work_or_name,101,3455
Off the Wall가 원래 어떤 언어로 쓰여졌습니까?,영어,language_of_work_or_name,101,3455
Off the Wall의 원래 언어는 무엇입니까?,영어,language_of_work_or_name,101,3455
Off the Wall의 원래 작품에 사용된 언어는 무엇입니까?,영어,language_of_work_or_name,101,3455
Off the Wall가 처음 생산된 언어는 무엇입니까?,영어,language_of_work_or_name,101,3455
인터넷 아카이브의 원래 언어는 무엇입니까?,영어,language_of_work_or_name,102,3456
인터넷 아카이브가 원래 어떤 언어로 쓰여졌습니까?,영어,language_of_work_or_name,102,3456
인터넷 아카이브의 원래 언어는 무엇입니까?,영어,language_of_work_or_name,102,3456
인터넷 아카이브의 원래 작품에 사용된 언어는 무엇입니까?,영어,language_of_work_or_name,102,3456
인터넷 아카이브가 처음 생산된 언어는 무엇입니까?,영어,language_of_work_or_name,102,3456
보헤미안 랩소디의 원래 언어는 무엇입니까?,영어,language_of_work_or_name,103,3457
보헤미안 랩소디가 원래 어떤 언어로 쓰여졌습니까?,영어,language_of_work_or_name,103,3457
보헤미안 랩소디의 원래 언어는 무엇입니까?,영어,language_of_work_or_name,103,3457
보헤미안 랩소디의 원래 작품에 사용된 언어는 무엇입니까?,영어,language_of_work_or_name,103,3457
보헤미안 랩소디가 처음 생산된 언어는 무엇입니까?,영어,language_of_work_or_name,103,3457
프랑스어 위키백과의 원래 언어는 무엇입니까?,프랑스어,language_of_work_or_name,104,3458
프랑스어 위키백과가 원래 어떤 언어로 쓰여졌습니까?,프랑스어,language_of_work_or_name,104,3458
프랑스어 위키백과의 원래 언어는 무엇입니까?,프랑스어,language_of_work_or_name,104,3458
프랑스어 위키백과의 원래 작품에 사용된 언어는 무엇입니까?,프랑스어,language_of_work_or_name,104,3458
프랑스어 위키백과가 처음 생산된 언어는 무엇입니까?,프랑스어,language_of_work_or_name,104,3458
로스앤젤레스 타임스의 원래 언어는 무엇입니까?,영어,language_of_work_or_name,105,3459
로스앤젤레스 타임스가 원래 어떤 언어로 쓰여졌습니까?,영어,language_of_work_or_name,105,3459
로스앤젤레스 타임스의 원래 언어는 무엇입니까?,영어,language_of_work_or_name,105,3459
로스앤젤레스 타임스의 원래 작품에 사용된 언어는 무엇입니까?,영어,language_of_work_or_name,105,3459
로스앤젤레스 타임스가 처음 생산된 언어는 무엇입니까?,영어,language_of_work_or_name,105,3459
아파치 HTTP 서버의 원래 언어는 무엇입니까?,영어,language_of_work_or_name,106,3460
아파치 HTTP 서버가 원래 어떤 언어로 쓰여졌습니까?,영어,language_of_work_or_name,106,3460
아파치 HTTP 서버의 원래 언어는 무엇입니까?,영어,language_of_work_or_name,106,3460
아파치 HTTP 서버의 원래 작품에 사용된 언어는 무엇입니까?,영어,language_of_work_or_name,106,3460
아파치 HTTP 서버가 처음 생산된 언어는 무엇입니까?,영어,language_of_work_or_name,106,3460
리아 노보스티의 원래 언어는 무엇입니까?,러시아어,language_of_work_or_name,107,3461
리아 노보스티가 원래 어떤 언어로 쓰여졌습니까?,러시아어,language_of_work_or_name,107,3461
리아 노보스티의 원래 언어는 무엇입니까?,러시아어,language_of_work_or_name,107,3461
리아 노보스티의 원래 작품에 사용된 언어는 무엇입니까?,러시아어,language_of_work_or_name,107,3461
리아 노보스티가 처음 생산된 언어는 무엇입니까?,러시아어,language_of_work_or_name,107,3461
