q_id,source_lang,target_lang,q_src,q_tgt,a_src,a_tgt,correct_target,language_version_count,qa_topic,question_type,cooc_num_pairs_w10,cooc_total_pairs_w10,cooc_coverage_ratio_w10,cooc_unseen_keywords_count_w10,cooc_unseen_keywords_ratio_w10,cooc_avg_pmi_w10,cooc_max_pmi_w10,cooc_min_pmi_w10,cooc_std_pmi_w10,cooc_num_pairs_w50,cooc_total_pairs_w50,cooc_coverage_ratio_w50,cooc_unseen_keywords_count_w50,cooc_unseen_keywords_ratio_w50,cooc_avg_pmi_w50,cooc_max_pmi_w50,cooc_min_pmi_w50,cooc_std_pmi_w50,cooc_num_pairs,cooc_total_pairs,cooc_coverage_ratio,cooc_unseen_keywords_count,cooc_unseen_keywords_ratio,cooc_avg_pmi,cooc_max_pmi,cooc_min_pmi,cooc_std_pmi,target_mdd,target_max_tree_depth,target_crossing_rate,target_sentence_count,source_mdd,source_max_tree_depth,source_crossing_rate,source_sentence_count,source_family,source_genus,target_family,target_genus,source_script,source_syllables,source_wiki_size,target_script,target_syllables,target_wiki_size
33,en,de,In which country was AFN Bremerhaven located?,In welchem Land befand sich AFN Bremerhaven?,AFN Bremerhaven was located in **Germany**.,AFN Bremerhaven befand sich in Deutschland. Es war eine US-Militärradiostation der American Forces Network (AFN). Bremerhaven liegt in Deutschland.,True,1,geography,location,5,10.0,0.5,0,0.0,0.5131811961319533,1.110375905766343,0.0,0.4458913663437872,5,10.0,0.5,0,0.0,0.3949722819440704,0.7116738544682176,0.0,0.3256977542493795,5,10.0,0.5,0,0.0,0.5131811961319533,1.110375905766343,0.0,0.4458913663437872,1.7142857142857142,3.0,0.0,1,1.8571428571428572,3.0,0.0,1,Indo-European,Germanic,Indo-European,Germanic,LATIN,6949,7087876,LATIN,5100,3067614
30,en,de,What was the position of August Joseph Donatelli's plane during World War II when it was shot down?,"Welche Position hatte August Joseph Donatelli im Flugzeug während des Zweiten Weltkriegs, als es abgeschossen wurde?","August Joseph Donatelli was flying a B-24 Liberator bomber named ""The Deacon"" as part of the 376th Bomb Group, 513th Bomb Squadron. On **August 1, 1943, during Operation Tidal Wave, a raid on the oil refineries at Ploesti, Romania**, his plane was shot down.

Specifically, ""The Deacon"" **was shot down *after* bombing its target, the Astra Romana Refinery in Ploesti.** While exact accounts vary slightly, it's generally accepted that it was hit by heavy flak while heading away from the target. The plane",August Joseph Donatelli war Sergeant im Heckschütztenstand eines B-24-Bombers während des Zweiten Weltkriegs.,False,1,history,event,81,120.0,0.675,0,0.0,0.365868540960555,5.29622890823228,0.0,0.9566116345525484,84,120.0,0.7,0,0.0,0.3383490517008573,4.400813014364673,0.0,0.8452126369407656,81,120.0,0.675,0,0.0,0.365868540960555,5.29622890823228,0.0,0.9566116345525484,3.7777777777777777,3.0,0.0,1,4.0,5.0,0.0,1,Indo-European,Germanic,Indo-European,Germanic,LATIN,6949,7087876,LATIN,5100,3067614
55,en,de,What was the television network that aired The Greatest Canadian Invention?,Welcher Fernsehsender strahlte Die größte kanadische Erfindung aus?,The television network that aired The Greatest Canadian Invention was **CBC (Canadian Broadcasting Corporation)**.,Die größte kanadische Erfindung wurde auf CBC ausgestrahlt.,False,1,culture,organization,14,36.0,0.3888888888888889,0,0.0,0.890593436916059,5.44399430984257,0.0,1.867950137840974,21,36.0,0.5833333333333334,0,0.0,1.0662886407547891,5.683717976270296,0.0,1.6965404296123587,14,36.0,0.3888888888888889,0,0.0,0.890593436916059,5.44399430984257,0.0,1.867950137840974,1.5714285714285714,2.5,0.0,2,2.909090909090909,5.0,0.0,1,Indo-European,Germanic,Indo-European,Germanic,LATIN,6949,7087876,LATIN,5100,3067614
39,en,de,Since which decade did bowl games start counting toward single-season and career statistics?,Ab welchem Jahrzehnt wurden Bowl-Spiele in die Statistiken für einzelne Saisons und Karrieren einbezogen?,Bowl game statistics started counting toward single-season and career statistics in **2002**.,Bowl-Spiele wurden ab der Saison 2002 in die Statistiken für einzelne Saisons und Karrieren einbezogen.,True,1,sports,date_time,35,66.0,0.5303030303030303,0,0.0,0.2884307441283008,1.8393725378086208,0.0,0.4669385260735007,45,66.0,0.6818181818181818,0,0.0,0.2870670070784786,3.0104717989505287,0.0,0.601824634797768,35,66.0,0.5303030303030303,0,0.0,0.2884307441283008,1.8393725378086208,0.0,0.4669385260735007,3.8125,5.0,0.0,1,2.8666666666666667,6.0,0.0,1,Indo-European,Germanic,Indo-European,Germanic,LATIN,6949,7087876,LATIN,5100,3067614
63,en,de,What is the original name of Entebbe General Hospital?,Wie lautete der ursprüngliche Name des Allgemeinen Krankenhauses Entebbe?,The original name of Entebbe General Hospital was **Entebbe Grade B Hospital**.,Das Allgemeine Krankenhaus Entebbe hieß ursprünglich **Koloniales Krankenhaus Entebbe**.,False,2,health,definition,36,55.0,0.6545454545454545,0,0.0,0.5257684378594154,3.421152350337242,0.0,0.9725927110762872,41,55.0,0.7454545454545455,0,0.0,0.3661268215152435,4.331835424905423,0.0,0.8446563789773027,36,55.0,0.6545454545454545,0,0.0,0.5257684378594154,3.421152350337242,0.0,0.9725927110762872,2.4444444444444446,4.0,0.0,1,3.0,4.0,0.0,1,Indo-European,Germanic,Indo-European,Germanic,LATIN,6949,7087876,LATIN,5100,3067614
56,en,de,What was the name of the University of Detroit's halfback in the 1929 football season?,Wie hieß der Halfback der University of Detroit in der Football-Saison 1929?,The University of Detroit's star halfback in the 1929 season was **Lloyd Brazil**.,Der Halfback der University of Detroit in der Football-Saison 1929 war Andy Uram.,False,1,sports,person,25,55.0,0.4545454545454545,0,0.0,0.7181732989164018,3.189026267293279,0.0,1.0201410958605563,30,55.0,0.5454545454545454,0,0.0,0.4971682877795594,3.0431000496432685,0.0,0.7894419430668025,25,55.0,0.4545454545454545,0,0.0,0.7181732989164018,3.189026267293279,0.0,1.0201410958605563,3.2142857142857144,4.0,0.0,1,3.75,6.0,0.0625,1,Indo-European,Germanic,Indo-European,Germanic,LATIN,6949,7087876,LATIN,5100,3067614
42,en,de,What is the original name of the Flood Modeller software?,Wie hieß die Flood Modeller-Software ursprünglich?,The original name of the Flood Modeller software was **ISIS**.,Die Flood Modeller-Software hieß ursprünglich **ISIS**.,True,1,technology,work_creation,9,21.0,0.4285714285714285,0,0.0,1.437975530381196,9.51441868834702,0.0,2.9987006189798784,11,21.0,0.5238095238095238,0,0.0,1.1348884566701611,8.09163655333379,0.0,2.3289658837848357,9,21.0,0.4285714285714285,0,0.0,1.437975530381196,9.51441868834702,0.0,2.9987006189798784,2.75,4.0,0.0,1,3.2,5.0,0.0,1,Indo-European,Germanic,Indo-European,Germanic,LATIN,6949,7087876,LATIN,5100,3067614
46,en,de,What religious practice did the Magars follow?,Welche religiöse Praxis befolgten die Magars?,"The Magar people have a diverse range of religious practices, primarily influenced by Hinduism and Buddhism, alongside their indigenous traditions.

*   **Hinduism:** Many Magars, especially those in the southern regions, follow Hinduism and observe Hindu festivals and rituals.

*   **Buddhism:** Buddhism is also prevalent, particularly in the northern Magar communities, with influences from Tibetan Buddhism.

*   **Indigenous Beliefs:** Importantly, the Magars have their own unique pre-Hindu and pre-Buddhist animistic beliefs and shamanistic practices, often centered around ancestor worship, nature spirits, and the role of shamans (Dhami","Die Magars praktizierten hauptsächlich den Schamanismus, bevor sie später den Buddhismus und den Hinduismus annahmen.",False,1,culture,other,4,21.0,0.1904761904761904,1,0.1428571428571428,0.8752058842526281,2.1241618819913963,0.0,0.8027396603864903,5,21.0,0.238095238095238,1,0.1428571428571428,0.2842162129820952,0.9212718377438124,0.0,0.351288350917231,4,21.0,0.1904761904761904,1,0.1428571428571428,0.8752058842526281,2.1241618819913963,0.0,0.8027396603864903,1.6666666666666667,3.0,0.0,1,1.8571428571428572,3.0,0.0,1,Indo-European,Germanic,Indo-European,Germanic,LATIN,6949,7087876,LATIN,5100,3067614
57,en,de,What does the lowest part of the Espiritu Santo Formation consist of?,Was ist der unterste Teil der Espiritu-Santo-Formation?,The lowest part of the Espiritu Santo Formation consists of **a basal red conglomerate and sandstone**.,Der unterste Teil der Espiritu-Santo-Formation ist der **Andrecito-Mitglied**.,False,1,science,definition,18,45.0,0.4,1,0.1,1.5099390574867897,10.17395526864445,0.0,2.8130945851499365,21,45.0,0.4666666666666667,1,0.1,1.027248608338036,9.11274432176677,0.0,2.3129211051103633,18,45.0,0.4,1,0.1,1.5099390574867897,10.17395526864445,0.0,2.8130945851499365,2.5454545454545454,4.0,0.0,1,4.666666666666667,4.0,0.0833333333333333,1,Indo-European,Germanic,Indo-European,Germanic,LATIN,6949,7087876,LATIN,5100,3067614
66,en,de,In which year was the Toronto edition of Ming Pao Daily News launched?,In welchem Jahr wurde die Toronto-Ausgabe der Ming Pao Daily News ins Leben gerufen?,The Toronto edition of Ming Pao Daily News was launched in **1993**.,Die Toronto-Ausgabe der Ming Pao Daily News wurde 1993 ins Leben gerufen.,True,1,history,date_time,38,66.0,0.5757575757575758,0,0.0,0.659759491897915,4.3055292267028795,0.0,1.0848936470413384,44,66.0,0.6666666666666666,0,0.0,0.4644697521724888,3.3702948949632603,0.0,0.80777642192888,38,66.0,0.5757575757575758,0,0.0,0.659759491897915,4.3055292267028795,0.0,1.0848936470413384,3.588235294117647,4.0,0.0,1,3.6153846153846154,4.0,0.0,1,Indo-European,Germanic,Indo-European,Germanic,LATIN,6949,7087876,LATIN,5100,3067614
31,en,de,In what year was the NIH MERIT Award first created?,In welchem Jahr wurde der NIH MERIT Award erstmals verliehen?,The NIH (National Institutes of Health) MERIT (Method to Extend Research in Time) Award was first created in **1986**.,Der NIH MERIT Award wurde erstmals im Jahr 1986 verliehen.,False,1,health,date_time,16,28.0,0.5714285714285714,0,0.0,1.541616309638798,4.777355884712412,0.4558154505380071,1.0302120299048654,20,28.0,0.7142857142857143,0,0.0,1.3562841851399343,4.351931115785872,0.0,1.0557789316510555,16,28.0,0.5714285714285714,0,0.0,1.541616309638798,4.777355884712412,0.4558154505380071,1.0302120299048654,2.6,3.0,0.0,1,2.6,3.0,0.0,1,Indo-European,Germanic,Indo-European,Germanic,LATIN,6949,7087876,LATIN,5100,3067614
45,en,de,What was the name of the military base established in the Vedder Crossing area in 1941?,Wie hieß der 1941 im Gebiet Vedder Crossing errichtete Militärstützpunkt?,The military base established in the Vedder Crossing area in 1941 was called **Camp Chilliwack**.,Der 1941 im Gebiet Vedder Crossing errichtete Militärstützpunkt hieß Camp Chilliwack.,True,1,history,entity_object,9,45.0,0.2,1,0.1,0.7527070580662941,4.031278998426066,0.0,1.2883369593672902,13,45.0,0.2888888888888888,0,0.0,0.5024551829779883,3.0193412378984847,0.0,0.8863962240342279,9,45.0,0.2,1,0.1,0.7527070580662941,4.031278998426066,0.0,1.2883369593672902,3.909090909090909,6.0,0.0,1,3.4375,6.0,0.0,1,Indo-European,Germanic,Indo-European,Germanic,LATIN,6949,7087876,LATIN,5100,3067614
60,en,de,"In the 1999 New Zealand general election, which party did Helen Clark lead to victory?",Welche Partei führte Helen Clark bei den Parlamentswahlen in Neuseeland 1999 zum Sieg?,Helen Clark led the Labour Party to victory in the 1999 New Zealand general election.,Helen Clark führte die Labour Party bei den Parlamentswahlen in Neuseeland 1999 zum Sieg.,True,2,politics,person,64,91.0,0.7032967032967034,0,0.0,0.6223533752896055,5.672667248688267,0.0,1.231813394364727,77,91.0,0.8461538461538461,0,0.0,0.5533568874808983,5.348259699830615,0.0,1.1033314057598929,64,91.0,0.7032967032967034,0,0.0,0.6223533752896055,5.672667248688267,0.0,1.231813394364727,3.5,4.0,0.0,1,2.8125,4.0,0.0,1,Indo-European,Germanic,Indo-European,Germanic,LATIN,6949,7087876,LATIN,5100,3067614
29,en,de,What kind of systems does International Road Dynamics provide to ensure that vehicles depart terminals within acceptable weight limits?,"Welche Art von Systemen bietet International Road Dynamics an, um sicherzustellen, dass Fahrzeuge die Terminals innerhalb der zulässigen Gewichtsgrenzen verlassen?","International Road Dynamics (IRD) provides a comprehensive suite of systems designed to ensure vehicles depart terminals within acceptable weight limits. These systems typically fall under the umbrella of **Weigh-In-Motion (WIM)** technology and related solutions. Here's a breakdown of the types of systems they offer:

*   **High-Speed Weigh-In-Motion (HS-WIM) Systems:**

    *   **Purpose:** These systems are designed to accurately weigh vehicles while they are traveling at normal highway speeds. They are installed directly into the road surface and can capture weight data without requiring vehicles to stop.
    *   **","International Road Dynamics (IRD) bietet eine Reihe von Systemen an, um sicherzustellen, dass Fahrzeuge die Terminals innerhalb der zulässigen Gewichtsgrenzen verlassen. Diese Systeme basieren hauptsächlich auf **Wiegen im Fahren (WIM)** Technologie und umfassen:

*   **Hochgeschwindigkeits-WIM-Systeme:** Diese Systeme erfassen das Gewicht von Achsen und Gesamtgewichten von Fahrzeugen, während diese mit normaler Autobahngeschwindigkeit fahren. Diese Daten ermöglichen es den Betreibern, übergewichtige Fahrzeuge zu identifizieren, ohne den Verkehrsfluss zu unterbrechen.",True,1,technology,other,134,231.0,0.5800865800865801,0,0.0,0.2926780522513973,3.0160607139586952,0.0,0.6474329269239293,166,231.0,0.7186147186147186,0,0.0,0.2588404675910637,3.543813290952385,0.0,0.5669003819452082,134,231.0,0.5800865800865801,0,0.0,0.2926780522513973,3.0160607139586952,0.0,0.6474329269239293,4.090909090909091,5.0,0.0,1,2.6842105263157894,5.0,0.0,1,Indo-European,Germanic,Indo-European,Germanic,LATIN,6949,7087876,LATIN,5100,3067614
67,en,de,What was artistic swimming previously known as?,Wie wurde Kunstturnen früher genannt?,Artistic swimming was previously known as **synchronized swimming**.,Kunstturnen wurde früher als **Gerätturnen** bezeichnet.,False,1,sports,definition,7,15.0,0.4666666666666667,0,0.0,0.6172561565698279,1.2636343826687153,0.0,0.4679295457239338,10,15.0,0.6666666666666666,0,0.0,1.105105515525136,8.571512215904228,0.0,2.5040271640179244,7,15.0,0.4666666666666667,0,0.0,0.6172561565698279,1.2636343826687153,0.0,0.4679295457239338,2.2,2.0,0.0,1,3.0,3.0,0.1428571428571428,1,Indo-European,Germanic,Indo-European,Germanic,LATIN,6949,7087876,LATIN,5100,3067614
36,en,de,In which year did the Great Canadian flag debate officially begin?,In welchem Jahr begann die Große Kanadische Flaggendiskussion offiziell?,The Great Canadian flag debate officially began in **1964**.,Die Große Kanadische Flaggendiskussion begann offiziell im Jahr 1964.,True,3,history,date_time,11,21.0,0.5238095238095238,1,0.1428571428571428,0.6083846988213408,1.2200037331624909,0.0,0.4805186582844871,13,21.0,0.6190476190476191,1,0.1428571428571428,0.5070756354580054,1.4760739508259837,0.0,0.480288183657947,11,21.0,0.5238095238095238,1,0.1428571428571428,0.6083846988213408,1.2200037331624909,0.0,0.4805186582844871,2.7777777777777777,3.0,0.0,1,2.909090909090909,3.0,0.0,1,Indo-European,Germanic,Indo-European,Germanic,LATIN,6949,7087876,LATIN,5100,3067614
59,en,de,In which year did the Whitehaven School become the Whitehaven Academy?,In welchem Jahr wurde die Whitehaven School zur Whitehaven Academy?,Whitehaven School officially became the Whitehaven Academy in **September 2012**.,Die Whitehaven School wurde im September 2012 zur Whitehaven Academy.,False,1,history,date_time,15,21.0,0.7142857142857143,0,0.0,0.3389600430883345,2.8911924779636817,0.0,0.7426061325900469,15,21.0,0.7142857142857143,0,0.0,0.2810723819967872,2.6920855539549424,0.0,0.6674294679767263,15,21.0,0.7142857142857143,0,0.0,0.3389600430883345,2.8911924779636817,0.0,0.7426061325900469,2.909090909090909,4.0,0.0909090909090909,1,2.363636363636364,3.0,0.0,1,Indo-European,Germanic,Indo-European,Germanic,LATIN,6949,7087876,LATIN,5100,3067614
38,en,de,When was the Uniform Residential Landlord and Tenant Act created?,Wann wurde der Uniform Residential Landlord and Tenant Act ausgearbeitet?,The Uniform Residential Landlord and Tenant Act (URLTA) was approved and recommended for enactment in all states by the National Conference of Commissioners on Uniform State Laws in 1972.,Der Uniform Residential Landlord and Tenant Act (URLTA) wurde 1972 ausgearbeitet.,True,1,law,date_time,14,45.0,0.3111111111111111,0,0.0,0.8633386599328648,3.6344729088374583,0.0,1.232827230377594,20,45.0,0.4444444444444444,0,0.0,0.8368400053054149,4.010997161789123,0.0,1.132304987541372,14,45.0,0.3111111111111111,0,0.0,0.8633386599328648,3.6344729088374583,0.0,1.232827230377594,3.2,5.0,0.0,1,3.6,6.0,0.0,1,Indo-European,Germanic,Indo-European,Germanic,LATIN,6949,7087876,LATIN,5100,3067614
37,en,de,Who was the first female mayor in Turkey?,Wer war die erste Bürgermeisterin in der Türkei?,"The first female mayor in Turkey was Müfide İlhan, elected in Mersin in 1950.",Die erste Bürgermeisterin der Türkei war Müfide İlhan. Sie wurde bei den Kommunalwahlen 1950 zur Bürgermeisterin von Mersin gewählt.,True,1,politics,person,14,28.0,0.5,1,0.125,0.3981869005654598,4.645083218897593,0.0,1.2018168128426556,15,28.0,0.5357142857142857,1,0.125,0.3466581712990944,3.683771994073741,0.0,0.9281737071948156,14,28.0,0.5,1,0.125,0.3981869005654598,4.645083218897593,0.0,1.2018168128426556,2.5,3.0,0.0,1,2.625,3.0,0.0,1,Indo-European,Germanic,Indo-European,Germanic,LATIN,6949,7087876,LATIN,5100,3067614
44,en,de,What was the specific purpose of a bulk material analyzer located just upstream of the raw mill in cement production?,"Was war der spezifische Zweck eines Schüttgutanalysators, der unmittelbar vor der Rohmühle in der Zementproduktion platziert war?","The specific purpose of a bulk material analyzer located just upstream of the raw mill in cement production is to **continuously monitor and analyze the chemical composition of the raw materials being fed into the raw mill to ensure optimal and consistent raw mix design for clinker production.**

Here's a breakdown of why this is important:

*   **Optimal Raw Mix Design:** Cement clinker is produced by burning a precisely controlled mixture of raw materials (typically limestone, clay, sand, and iron ore). The correct proportions of calcium, silica, alumina, and iron (the key oxides) are crucial for achieving the desired clinker quality and efficient burning","Der spezifische Zweck eines Schüttgutanalysators (engl. Bulk Material Analyzer - BMA), der unmittelbar vor der Rohmühle in der Zementproduktion platziert wird, ist die **kontinuierliche und online-Messung der chemischen Zusammensetzung des Rohmaterials, um die Rohmühle optimal zu betreiben und die Qualität des Rohmehls zu steuern.**

Hier sind die wichtigsten detaillierten Gründe:

* **Qualitätskontrolle des Rohmehls:** Der BMA misst die wichtigsten Oxide im Rohmaterial (z.B. CaO, SiO2, Al2O3, Fe",True,1,technology,scientific_technical,82,190.0,0.431578947368421,3,0.15,0.3242306913706462,5.184128136929171,0.0,0.9096577928839504,101,190.0,0.531578947368421,3,0.15,0.3496289221998381,3.878671147273301,0.0,0.695597723246383,82,190.0,0.431578947368421,3,0.15,0.3242306913706462,5.184128136929171,0.0,0.9096577928839504,3.8333333333333335,5.0,0.0,1,3.15,8.0,0.0,1,Indo-European,Germanic,Indo-European,Germanic,LATIN,6949,7087876,LATIN,5100,3067614
65,en,de,In what year was Greg Brown's album One More Goodnight Kiss released?,In welchem Jahr wurde Greg Browns Album Ein letzter Gute-Nacht-Kuss veröffentlicht?,"Greg Brown's album ""One More Goodnight Kiss"" was released in **1988**.",Greg Browns Album Ein letzter Gute-Nacht-Kuss wurde im Jahr 2000 veröffentlicht.,False,1,arts,date_time,37,55.0,0.6727272727272727,0,0.0,0.4120833717192347,2.2997457152540264,0.0,0.6408777681206607,44,55.0,0.8,0,0.0,0.3273789432958446,1.8448633135339596,0.0,0.5085305969969863,37,55.0,0.6727272727272727,0,0.0,0.4120833717192347,2.2997457152540264,0.0,0.6408777681206607,3.8666666666666663,4.0,0.0,1,2.5384615384615383,4.0,0.0,1,Indo-European,Germanic,Indo-European,Germanic,LATIN,6949,7087876,LATIN,5100,3067614
35,en,de,What was the name of Nellie McKay's record label when Pretty Little Head was released?,"Wie hieß Nellie McKays Plattenlabel, als Pretty Little Head veröffentlicht wurde?",Nellie McKay's album *Pretty Little Head* was released on **Hungry Mouse Records**.,"Nellie McKays Plattenlabel, als ""Pretty Little Head"" veröffentlicht wurde, war **Hungry Puppy**.",False,1,history,organization,35,78.0,0.4487179487179487,1,0.0769230769230769,0.5617435778486497,6.1788899897294165,0.0,1.2887083532576618,43,78.0,0.5512820512820513,1,0.0769230769230769,0.4906593168789333,4.45290822066866,0.0,0.9822010370744584,35,78.0,0.4487179487179487,1,0.0769230769230769,0.5617435778486497,6.1788899897294165,0.0,1.2887083532576618,3.5,4.0,0.0,1,4.0625,5.0,0.0,1,Indo-European,Germanic,Indo-European,Germanic,LATIN,6949,7087876,LATIN,5100,3067614
51,en,de,How long does a Rector of Università Cattolica del Sacro Cuore remain in office?,Wie lange bleibt ein Rektor der Università Cattolica del Sacro Cuore im Amt?,The Rector of Università Cattolica del Sacro Cuore remains in office for a term of **four years**. They are eligible for reappointment only once.,Der Rektor der Università Cattolica del Sacro Cuore bleibt vier Jahre im Amt und kann einmal wiedergewählt werden.,False,1,education,other,36,66.0,0.5454545454545454,0,0.0,2.6775607848591014,11.29389032678138,0.0,3.923520412508118,41,66.0,0.6212121212121212,0,0.0,1.9041188857016988,9.678506077445416,0.0,3.1148713154168446,36,66.0,0.5454545454545454,0,0.0,2.6775607848591014,11.29389032678138,0.0,3.923520412508118,3.142857142857143,4.0,0.0,1,3.5,4.0,0.0,1,Indo-European,Germanic,Indo-European,Germanic,LATIN,6949,7087876,LATIN,5100,3067614
41,en,de,What was the name of the conference Campbell University's women's basketball team played in from 1994 to 2011?,In welcher Conference spielte die Frauenbasketballmannschaft der Campbell University von 1994 bis 2011?,"From 1994 to 2011, Campbell University's women's basketball team played in the **Atlantic Sun Conference** (formerly known as the Trans America Athletic Conference or TAAC).",Die Frauenbasketballmannschaft der Campbell University spielte von 1994 bis 2011 in der Big South Conference.,False,1,sports,event,42,91.0,0.4615384615384615,2,0.1428571428571428,0.4325197197836899,2.932949735323273,0.0,0.8034551503547881,49,91.0,0.5384615384615384,2,0.1428571428571428,0.4566600296568671,2.722363167098255,0.0,0.7699295916558919,42,91.0,0.4615384615384615,2,0.1428571428571428,0.4325197197836899,2.932949735323273,0.0,0.8034551503547881,3.0,4.0,0.0,1,4.45,6.0,0.0,1,Indo-European,Germanic,Indo-European,Germanic,LATIN,6949,7087876,LATIN,5100,3067614
61,en,de,"What is the name of the album that the song ""That's What Love Is For"" was released on?","Wie heißt das Album, auf dem der Song „That’s What Love Is For“ veröffentlicht wurde?","The song ""That's What Love Is For"" was released on the album **Leap of Faith**.",Der Song „That’s What Love Is For“ wurde auf dem Album „Love Makes Things Happen“ von Babyface veröffentlicht.,False,1,culture,work_creation,117,120.0,0.975,0,0.0,0.6191077279339752,3.695821579381649,0.0,0.9650727474329436,119,120.0,0.9916666666666668,0,0.0,0.5374589382157029,3.404071208624403,0.0,0.8793307606680183,117,120.0,0.975,0,0.0,0.6191077279339752,3.695821579381649,0.0,0.9650727474329436,5.052631578947368,6.0,0.0,1,4.857142857142857,8.0,0.0476190476190476,1,Indo-European,Germanic,Indo-European,Germanic,LATIN,6949,7087876,LATIN,5100,3067614
47,en,de,When was the men's javelin throw event held at the 2010 Asian Games?,Wann fand der Speerwurf-Wettbewerb der Männer bei den Asienspielen 2010 statt?,"The men's javelin throw event at the 2010 Asian Games was held on **November 26, 2010**.",Der Speerwurf-Wettbewerb der Männer bei den Asienspielen 2010 fand am 26. November statt.,True,1,sports,event,50,66.0,0.7575757575757576,0,0.0,0.4587422737856665,4.792839429236612,0.0,0.9719915494369382,52,66.0,0.7878787878787878,0,0.0,0.2941751128176786,3.610162198539124,0.0,0.6929789833677197,50,66.0,0.7575757575757576,0,0.0,0.4587422737856665,4.792839429236612,0.0,0.9719915494369382,3.8461538461538463,4.0,0.0,1,3.357142857142857,5.0,0.0,1,Indo-European,Germanic,Indo-European,Germanic,LATIN,6949,7087876,LATIN,5100,3067614
32,en,de,"On which date was David Nail's album ""Fighter"" released?",An welchem ​​Datum wurde David Nails Album „Fighter“ veröffentlicht?,"David Nail's album ""Fighter"" was released on **July 15, 2016**.",David Nails Album „Fighter“ wurde am 15. Juli 2016 veröffentlicht.,True,1,arts,date_time,46,55.0,0.8363636363636363,0,0.0,0.3876255055850914,1.7895153611361678,0.0,0.6000283778060088,52,55.0,0.9454545454545454,0,0.0,0.243003884273672,1.7350801951579533,0.0,0.4047477185076533,46,55.0,0.8363636363636363,0,0.0,0.3876255055850914,1.7895153611361678,0.0,0.6000283778060088,3.0,4.0,0.0,1,2.9166666666666665,4.0,0.0,1,Indo-European,Germanic,Indo-European,Germanic,LATIN,6949,7087876,LATIN,5100,3067614
62,en,de,Which data protection regulation in Brazil requires subject access requests to be fulfilled within a specific time frame?,"Welche Datenschutzverordnung in Brasilien verlangt, dass Auskunftsersuchen der betroffenen Person innerhalb eines bestimmten Zeitrahmens erfüllt werden?","The data protection regulation in Brazil that requires subject access requests (also known as data access requests or individual rights requests) to be fulfilled within a specific timeframe is the **Lei Geral de Proteção de Dados (LGPD)**, or the General Data Protection Law.

Article 19 of the LGPD outlines the rights of the data subject, including the right to access their data. While the LGPD doesn't specify a strict, exact timeframe for fulfilling all types of access requests, it does require that controllers **respond to data subjects ""within a reasonable period of time.""**

The *National Data Protection Authority (ANPD)*","Die Datenschutzverordnung in Brasilien, die die Erfüllung von Auskunftsersuchen der betroffenen Person innerhalb eines bestimmten Zeitrahmens vorschreibt, ist das **Lei Geral de Proteção de Dados (LGPD)**, Gesetz Nr. 13.709/2018.

Genauer gesagt, Artikel 18 des LGPD legt die Rechte der betroffenen Person fest, einschließlich des Rechts auf:

*   **Zugang:** Bestätigung der Existenz einer Datenverarbeitung, Einblick in die Daten, die verarbeitet werden, und Information darüber, wie die Daten verarbeitet",True,1,law,definition,69,136.0,0.5073529411764706,1,0.0588235294117647,0.5857873398857967,5.076129235954892,0.0,1.1241113023604408,84,136.0,0.6176470588235294,1,0.0588235294117647,0.6131729859952363,4.213884928476727,0.0,1.032842555345474,69,136.0,0.5073529411764706,1,0.0588235294117647,0.5857873398857967,5.076129235954892,0.0,1.1241113023604408,4.235294117647059,5.0,0.0,1,2.9444444444444446,4.0,0.0,1,Indo-European,Germanic,Indo-European,Germanic,LATIN,6949,7087876,LATIN,5100,3067614
64,en,de,In which decade did Harry F. Sinclair purchase Rancocas Stable?,In welchem Jahrzehnt kaufte Harry F. Sinclair den Rancocas-Stall?,Harry F. Sinclair purchased Rancocas Stable in the **1920s**.,Harry F. Sinclair kaufte den Rancocas-Stall in den 1910er-Jahren.,True,1,history,date_time,18,45.0,0.4,1,0.1,0.5634055368865962,3.135131151563594,0.0,0.8888094098162512,22,45.0,0.4888888888888889,1,0.1,0.2528027052282565,2.5302160548347037,0.0,0.6063195736446305,18,45.0,0.4,1,0.1,0.5634055368865962,3.135131151563594,0.0,0.8888094098162512,2.272727272727273,4.0,0.0,1,2.4,3.0,0.0,1,Indo-European,Germanic,Indo-European,Germanic,LATIN,6949,7087876,LATIN,5100,3067614
40,en,de,Who contributed to the album Keys to the Kingdom by North Mississippi Allstars?,Wer wirkte an dem Album Keys to the Kingdom von North Mississippi Allstars mit?,"The album ""Keys to the Kingdom"" by North Mississippi Allstars featured significant contributions from the following:

*   **Luther Dickinson:** Vocals, guitar, bass, mandolin, drums, percussion, banjo
*   **Cody Dickinson:** Vocals, drums, guitar, percussion, programming
*   **Jim Dickinson:** Piano, keyboards, Mellotron, electric piano

Notably, the album was released shortly after Jim Dickinson's passing, making his contributions particularly poignant and a central element of the album's theme. Additionally, there were further contributions from family and friends of the band.","An dem Album Keys to the Kingdom von North Mississippi Allstars wirkten folgende Personen mit:

*   **Luther Dickinson:** Gitarre, Gesang, Mandoline, Bass
*   **Cody Dickinson:** Schlagzeug, Keyboards, Gesang, Gitarre, Mandoline, Waschbrett, Percussion
*   **Jim Dickinson:** Keyboards, Produzent (posthum)
*   **Otha Turner:** Gesang, Fife (posthum)
*   **Duwayne Burnside:** Gitarre, Gesang
*   **Sharde Thomas:** Gesang, Fife
*   **Chris Chew",False,1,culture,work_creation,139,406.0,0.3423645320197044,3,0.1034482758620689,0.5759391237473586,4.598693654033761,0.0,1.0020625297359314,168,406.0,0.4137931034482758,3,0.1034482758620689,0.4606925657797103,4.37545075780484,0.0,0.8431086796562245,139,406.0,0.3423645320197044,3,0.1034482758620689,0.5759391237473586,4.598693654033761,0.0,1.0020625297359314,3.5,5.0,0.0,1,3.3846153846153846,4.0,0.0769230769230769,1,Indo-European,Germanic,Indo-European,Germanic,LATIN,6949,7087876,LATIN,5100,3067614
43,en,de,What term is used in South Africa to describe someone who obtains government contracts to facilitate outsourced services?,"Welcher Begriff wird in Südafrika verwendet, um jemanden zu bezeichnen, der Regierungsaufträge erhält, um ausgelagerte Dienstleistungen zu ermöglichen?","The term used in South Africa to describe someone who obtains government contracts to facilitate outsourced services, often with the implication of corruption or undue influence, is **""tenderpreneur.""**

This term combines ""tender"" (referring to the bidding process for government contracts) and ""entrepreneur,"" but it carries a strong negative connotation. It suggests that the person's ""entrepreneurial"" success is primarily based on securing government contracts through questionable means, rather than genuine business acumen or competitive pricing. They are often perceived as middlemen who benefit from the outsourcing process without adding significant value and sometimes through corrupt practices like bribery or cronyism.","Der Begriff, der in Südafrika verwendet wird, um jemanden zu bezeichnen, der Regierungsaufträge erhält, um ausgelagerte Dienstleistungen zu ermöglichen, ist oft abwertend und negativ konnotiert. Die gebräuchlichsten Begriffe sind:

*   **Tenderpreneur:** Dies ist eine Kombination aus ""Tender"" (Ausschreibung) und ""Entrepreneur"" (Unternehmer) und bezeichnet jemanden, der durch Regierungsaufträge (Tender) reich wird, oft durch unlautere Mittel.

*   **Black Economic Empowerment (BEE) Beneficiary (oft negativ konnotiert",True,2,technology,definition,43,91.0,0.4725274725274725,2,0.1428571428571428,0.2297458277426201,1.6466172766506506,0.0,0.4166939390167343,55,91.0,0.6043956043956044,2,0.1428571428571428,0.2635796381656969,1.760406692431194,0.0,0.4408479866229245,43,91.0,0.4725274725274725,2,0.1428571428571428,0.2297458277426201,1.6466172766506506,0.0,0.4166939390167343,3.4285714285714284,7.0,0.1428571428571428,1,2.5555555555555554,7.0,0.0,1,Indo-European,Germanic,Indo-European,Germanic,LATIN,6949,7087876,LATIN,5100,3067614
53,en,de,What type of health care group is St John of God Health Care?,Welche Art von Gesundheitsorganisation ist St John of God Health Care?,St John of God Health Care is a **Catholic not-for-profit private health care group**.,"St John of God Health Care ist eine der größten privaten Krankenhausgruppen in Australien. Sie ist eine gemeinnützige Gesundheitsorganisation, die eine Vielzahl von Dienstleistungen anbietet.",False,1,health,organization,45,78.0,0.5769230769230769,0,0.0,0.5328282698707785,5.590278243047958,0.0,1.0941903178284518,55,78.0,0.7051282051282052,0,0.0,0.3721913979351386,4.580627891882336,0.0,0.8867931519671254,45,78.0,0.5769230769230769,0,0.0,0.5328282698707785,5.590278243047958,0.0,1.0941903178284518,2.727272727272727,4.0,0.0,1,2.6923076923076925,5.0,0.0,1,Indo-European,Germanic,Indo-European,Germanic,LATIN,6949,7087876,LATIN,5100,3067614
49,en,de,What did Archer Capital purchase in partnership with the management of Australian Geographic in 1998?,Was hat Archer Capital 1998 in Partnerschaft mit dem Management von Australian Geographic gekauft?,"In 1998, Archer Capital purchased **Australian Geographic** in partnership with its management.","Archer Capital kaufte 1998 in Partnerschaft mit dem Management von Australian Geographic die Geschäftsbereiche Australian Geographic, Explore und Southern Heritage von Australian Consolidated Press.",False,1,geography,work_creation,60,78.0,0.7692307692307693,0,0.0,0.3534397947911339,5.283260751363161,0.0,1.0624749882064997,64,78.0,0.8205128205128205,0,0.0,0.3115908916072828,4.166537657668196,0.0,0.8207537185477796,60,78.0,0.7692307692307693,0,0.0,0.3534397947911339,5.283260751363161,0.0,1.0624749882064997,4.785714285714286,5.0,0.0,1,3.066666666666667,5.0,0.0,1,Indo-European,Germanic,Indo-European,Germanic,LATIN,6949,7087876,LATIN,5100,3067614
34,en,de,"According to some writers, which ancient city is equated with Parrhasia?",Welche antike Stadt wird laut einigen Autoren mit Parrhasia gleichgesetzt?,"According to some writers, **Azania** is equated with Parrhasia.",Laut einigen Autoren wird die antike Stadt **Lykaion** mit Parrhasia gleichgesetzt.,False,1,history,location,29,55.0,0.5272727272727272,2,0.1818181818181818,0.3442786481767386,2.1835956716921348,0.0,0.659353269557584,34,55.0,0.6181818181818182,2,0.1818181818181818,0.2545189644302006,2.3800376797793583,0.0,0.5150092242368396,29,55.0,0.5272727272727272,2,0.1818181818181818,0.3442786481767386,2.1835956716921348,0.0,0.659353269557584,2.5,3.0,0.0,1,2.0,4.0,0.0,1,Indo-European,Germanic,Indo-European,Germanic,LATIN,6949,7087876,LATIN,5100,3067614
52,en,de,What is the Planck mass denoted by in the equation for the Vainshtein radius?,Was bezeichnet in der Gleichung für den Vainshtein-Radius die Planck-Masse?,"The Planck mass, often denoted as $M_{Pl}$ or $m_{Pl}$, appears in the equation for the Vainshtein radius in modified gravity theories, particularly in theories like massive gravity or Galileon theories.  Its presence is related to the fact that these theories often involve modifications to Einstein's general relativity at high energy scales or short distances, where quantum gravity effects might become relevant.

Specifically, the Planck mass in the Vainshtein radius equation often appears in the form of Newton's gravitational constant, $G_N$, since:

$M_{Pl} = \sqrt{\frac{\hbar c}{G","In der Gleichung für den Vainshtein-Radius spielt die Planck-Masse *indirekt* eine Rolle, aber sie taucht nicht explizit auf.  Die Verbindung zur Planck-Masse kommt durch die **reduzierte Planck-Länge**, die in der Regel benutzt wird, um die Stärke der Gravitation in der modifizierten Schwerkrafttheorie, die den Vainshtein-Mechanismus benötigt, anzugeben.

Hier ist der Kontext und wie die Planck-Masse ins Spiel kommt:

* **Vainshtein-Mechanismus:** Der Vainshtein-Mechanismus ist",False,1,science,scientific_technical,30,55.0,0.5454545454545454,1,0.0909090909090909,0.538569817990067,5.979725887336892,0.0,1.3982641616980231,35,55.0,0.6363636363636364,1,0.0909090909090909,0.4392206572115104,4.063014665010253,0.0,1.0520567389365163,30,55.0,0.5454545454545454,1,0.0909090909090909,0.538569817990067,5.979725887336892,0.0,1.3982641616980231,3.5,5.0,0.0,1,3.0,4.0,0.0,1,Indo-European,Germanic,Indo-European,Germanic,LATIN,6949,7087876,LATIN,5100,3067614
54,en,de,What month did the K-1: K’Festa 3 event take place in?,In welchem Monat fand die Veranstaltung K-1: K'Festa 3 statt?,The K-1: K'Festa 3 event took place in **March** of 2020.,Die Veranstaltung K-1: K'Festa 3 fand im März statt.,True,1,history,event,30,36.0,0.8333333333333334,0,0.0,0.4690642058059932,3.2654062179102894,0.0,0.7763484094355685,32,36.0,0.8888888888888888,0,0.0,0.3997368480057199,3.1039729080677123,0.0,0.7046092064580312,30,36.0,0.8333333333333334,0,0.0,0.4690642058059932,3.2654062179102894,0.0,0.7763484094355685,2.1666666666666665,5.0,0.0833333333333333,1,3.533333333333333,4.0,0.0666666666666666,1,Indo-European,Germanic,Indo-European,Germanic,LATIN,6949,7087876,LATIN,5100,3067614
50,en,de,What medal did Nguyễn Thị Mỹ Đức win in women's changquan at the 2002 Asian Games?,Welche Medaille gewann Nguyễn Thị Mỹ Đức im Changquan der Frauen bei den Asienspielen 2002?,Nguyễn Thị Mỹ Đức won a **bronze** medal in women's changquan at the 2002 Asian Games.,Nguyễn Thị Mỹ Đức gewann eine Bronzemedaille im Changquan der Frauen bei den Asienspielen 2002.,True,1,sports,other,27,91.0,0.2967032967032967,3,0.2142857142857142,0.8818141524694899,5.874941707037313,0.0,1.5601663390152156,33,91.0,0.3626373626373626,3,0.2142857142857142,0.7429221461587492,5.278225468970491,0.0,1.50337179377406,27,91.0,0.2967032967032967,3,0.2142857142857142,0.8818141524694899,5.874941707037313,0.0,1.5601663390152156,3.25,4.0,0.0,1,3.588235294117647,4.0,0.0,1,Indo-European,Germanic,Indo-European,Germanic,LATIN,6949,7087876,LATIN,5100,3067614
58,en,de,In what city did the 1984 Summer Olympics men's 100 metre butterfly final take place?,In welcher Stadt fand das Finale des 100-Meter-Schmetterlingsschwimmens der Männer bei den Olympischen Sommerspielen 1984 statt?,The 1984 Summer Olympics men's 100 metre butterfly final took place in **Los Angeles**.,Das Finale des 100-Meter-Schmetterlingsschwimmens der Männer bei den Olympischen Sommerspielen 1984 fand in Los Angeles statt.,True,1,sports,location,99,136.0,0.7279411764705882,1,0.0588235294117647,0.4932443613865758,7.674243236431915,0.0,1.272419810477663,112,136.0,0.8235294117647058,1,0.0588235294117647,0.4300704258982105,6.947745341973024,0.0,1.0931064601277662,99,136.0,0.7279411764705882,1,0.0588235294117647,0.4932443613865758,7.674243236431915,0.0,1.272419810477663,4.15,5.0,0.0,1,2.4375,4.0,0.0,1,Indo-European,Germanic,Indo-European,Germanic,LATIN,6949,7087876,LATIN,5100,3067614
48,en,de,What was the name of the protagonist in the Prizzi novels?,Wie hieß der Protagonist in den Prizzi-Romanen?,The protagonist in the Prizzi novels is **Charley Partanna**.,Der Protagonist in den Prizzi-Romanen von Richard Condon hieß Charley Partanna.,True,1,law,work_creation,9,28.0,0.3214285714285714,2,0.25,0.0872286993191755,0.6712134287834217,0.0,0.2093610397414213,11,28.0,0.3928571428571428,2,0.25,0.7406191989702694,4.151877193565765,0.0,1.3974394249568125,9,28.0,0.3214285714285714,2,0.25,0.0872286993191755,0.6712134287834217,0.0,0.2093610397414213,2.5555555555555554,3.0,0.0,1,2.909090909090909,5.0,0.0,1,Indo-European,Germanic,Indo-European,Germanic,LATIN,6949,7087876,LATIN,5100,3067614
33,en,en,In which country was AFN Bremerhaven located?,In which country was AFN Bremerhaven located?,AFN Bremerhaven was located in **Germany**.,AFN Bremerhaven was located in **Germany**.,True,1,geography,location,4,10.0,0.4,0,0.0,2.1427527659902372,6.663715421560637,0.3695317422841803,2.6282365561795187,4,10.0,0.4,0,0.0,1.7064645069764712,5.505561535817131,0.0,2.215248213346633,4,10.0,0.4,0,0.0,2.1427527659902372,6.663715421560637,0.3695317422841803,2.6282365561795187,1.8571428571428572,3.0,0.0,1,1.8571428571428572,3.0,0.0,1,Indo-European,Germanic,Indo-European,Germanic,LATIN,6949,7087876,LATIN,6949,7087876
30,en,en,What was the position of August Joseph Donatelli's plane during World War II when it was shot down?,What was the position of August Joseph Donatelli's plane during World War II when it was shot down?,"August Joseph Donatelli was flying a B-24 Liberator bomber named ""The Deacon"" as part of the 376th Bomb Group, 513th Bomb Squadron. On **August 1, 1943, during Operation Tidal Wave, a raid on the oil refineries at Ploesti, Romania**, his plane was shot down.

Specifically, ""The Deacon"" **was shot down *after* bombing its target, the Astra Romana Refinery in Ploesti.** While exact accounts vary slightly, it's generally accepted that it was hit by heavy flak while heading away from the target. The plane","August Joseph Donatelli was flying a B-24 Liberator bomber named ""The Deacon"" as part of the 376th Bomb Group, 513th Bomb Squadron. On **August 1, 1943, during Operation Tidal Wave, a raid on the oil refineries at Ploesti, Romania**, his plane was shot down.

Specifically, ""The Deacon"" **was shot down *after* bombing its target, the Astra Romana Refinery in Ploesti.** While exact accounts vary slightly, it's generally accepted that it was hit by heavy flak while heading away from the target. The plane",False,1,history,event,90,120.0,0.75,2,0.125,0.2193514832806789,3.812391995940239,0.0,0.618004981188539,91,120.0,0.7583333333333333,2,0.125,0.1374335973101054,2.6560575682826055,0.0,0.3962957917536194,90,120.0,0.75,2,0.125,0.2193514832806789,3.812391995940239,0.0,0.618004981188539,4.0,5.0,0.0,1,4.0,5.0,0.0,1,Indo-European,Germanic,Indo-European,Germanic,LATIN,6949,7087876,LATIN,6949,7087876
55,en,en,What was the television network that aired The Greatest Canadian Invention?,What was the television network that aired The Greatest Canadian Invention?,The television network that aired The Greatest Canadian Invention was **CBC (Canadian Broadcasting Corporation)**.,The television network that aired The Greatest Canadian Invention was **CBC (Canadian Broadcasting Corporation)**.,True,1,culture,organization,28,36.0,0.7777777777777778,0,0.0,0.6798790451920569,3.874272368153196,0.0,1.1704235817028386,31,36.0,0.8611111111111112,0,0.0,0.6648832243061812,3.9056189294142696,0.0,1.1818340970641923,28,36.0,0.7777777777777778,0,0.0,0.6798790451920569,3.874272368153196,0.0,1.1704235817028386,2.909090909090909,5.0,0.0,1,2.909090909090909,5.0,0.0,1,Indo-European,Germanic,Indo-European,Germanic,LATIN,6949,7087876,LATIN,6949,7087876
39,en,en,Since which decade did bowl games start counting toward single-season and career statistics?,Since which decade did bowl games start counting toward single-season and career statistics?,Bowl game statistics started counting toward single-season and career statistics in **2002**.,Bowl game statistics started counting toward single-season and career statistics in **2002**.,True,1,sports,date_time,70,78.0,0.8974358974358975,0,0.0,0.3125519214907146,3.958007442051817,0.0,0.6430931266977635,77,78.0,0.9871794871794872,0,0.0,0.3312740851401773,2.8788505535070397,0.0,0.5961762157628445,70,78.0,0.8974358974358975,0,0.0,0.3125519214907146,3.958007442051817,0.0,0.6430931266977635,2.8666666666666667,6.0,0.0,1,2.8666666666666667,6.0,0.0,1,Indo-European,Germanic,Indo-European,Germanic,LATIN,6949,7087876,LATIN,6949,7087876
63,en,en,What is the original name of Entebbe General Hospital?,What is the original name of Entebbe General Hospital?,The original name of Entebbe General Hospital was **Entebbe Grade B Hospital**.,The original name of Entebbe General Hospital was **Entebbe Grade B Hospital**.,True,2,health,definition,21,28.0,0.75,0,0.0,0.1385784057767515,1.915346185083954,0.0,0.4264134672894022,21,28.0,0.75,0,0.0,0.1005142759247911,1.1175973031398083,0.0,0.3021746645226048,21,28.0,0.75,0,0.0,0.1385784057767515,1.915346185083954,0.0,0.4264134672894022,3.0,4.0,0.0,1,3.0,4.0,0.0,1,Indo-European,Germanic,Indo-European,Germanic,LATIN,6949,7087876,LATIN,6949,7087876
56,en,en,What was the name of the University of Detroit's halfback in the 1929 football season?,What was the name of the University of Detroit's halfback in the 1929 football season?,The University of Detroit's star halfback in the 1929 season was **Lloyd Brazil**.,The University of Detroit's star halfback in the 1929 season was **Lloyd Brazil**.,True,1,sports,person,40,55.0,0.7272727272727273,0,0.0,0.3714329213997699,1.8404476877537157,0.0,0.5729891198256604,43,55.0,0.7818181818181819,0,0.0,0.3644187012810268,2.693519814569245,0.0,0.6877986365181423,40,55.0,0.7272727272727273,0,0.0,0.3714329213997699,1.8404476877537157,0.0,0.5729891198256604,3.75,6.0,0.0625,1,3.75,6.0,0.0625,1,Indo-European,Germanic,Indo-European,Germanic,LATIN,6949,7087876,LATIN,6949,7087876
42,en,en,What is the original name of the Flood Modeller software?,What is the original name of the Flood Modeller software?,The original name of the Flood Modeller software was **ISIS**.,The original name of the Flood Modeller software was **ISIS**.,True,1,technology,work_creation,10,21.0,0.4761904761904761,0,0.0,0.0803133445153452,0.5732305860031595,0.0,0.1780298560080863,16,21.0,0.7619047619047619,0,0.0,0.2185794703124976,2.7074875748163567,0.0,0.6702387701588957,10,21.0,0.4761904761904761,0,0.0,0.0803133445153452,0.5732305860031595,0.0,0.1780298560080863,3.2,5.0,0.0,1,3.2,5.0,0.0,1,Indo-European,Germanic,Indo-European,Germanic,LATIN,6949,7087876,LATIN,6949,7087876
46,en,en,What religious practice did the Magars follow?,What religious practice did the Magars follow?,"The Magar people have a diverse range of religious practices, primarily influenced by Hinduism and Buddhism, alongside their indigenous traditions.

*   **Hinduism:** Many Magars, especially those in the southern regions, follow Hinduism and observe Hindu festivals and rituals.

*   **Buddhism:** Buddhism is also prevalent, particularly in the northern Magar communities, with influences from Tibetan Buddhism.

*   **Indigenous Beliefs:** Importantly, the Magars have their own unique pre-Hindu and pre-Buddhist animistic beliefs and shamanistic practices, often centered around ancestor worship, nature spirits, and the role of shamans (Dhami","The Magar people have a diverse range of religious practices, primarily influenced by Hinduism and Buddhism, alongside their indigenous traditions.

*   **Hinduism:** Many Magars, especially those in the southern regions, follow Hinduism and observe Hindu festivals and rituals.

*   **Buddhism:** Buddhism is also prevalent, particularly in the northern Magar communities, with influences from Tibetan Buddhism.

*   **Indigenous Beliefs:** Importantly, the Magars have their own unique pre-Hindu and pre-Buddhist animistic beliefs and shamanistic practices, often centered around ancestor worship, nature spirits, and the role of shamans (Dhami",False,1,culture,other,11,28.0,0.3928571428571428,1,0.125,0.4201051932998192,2.532976087687635,0.0,0.7815032102708682,14,28.0,0.5,1,0.125,0.7588451901933365,4.028181968247803,0.0,1.3213073895414058,11,28.0,0.3928571428571428,1,0.125,0.4201051932998192,2.532976087687635,0.0,0.7815032102708682,1.8571428571428572,3.0,0.0,1,1.8571428571428572,3.0,0.0,1,Indo-European,Germanic,Indo-European,Germanic,LATIN,6949,7087876,LATIN,6949,7087876
57,en,en,What does the lowest part of the Espiritu Santo Formation consist of?,What does the lowest part of the Espiritu Santo Formation consist of?,The lowest part of the Espiritu Santo Formation consists of **a basal red conglomerate and sandstone**.,The lowest part of the Espiritu Santo Formation consists of **a basal red conglomerate and sandstone**.,False,1,science,definition,24,55.0,0.4363636363636363,0,0.0,1.9651489948479144,9.935529962323926,0.0,3.211375466435375,28,55.0,0.509090909090909,0,0.0,1.3005387763833605,8.205724171679268,0.0,2.5431886783422244,24,55.0,0.4363636363636363,0,0.0,1.9651489948479144,9.935529962323926,0.0,3.211375466435375,4.666666666666667,4.0,0.0833333333333333,1,4.666666666666667,4.0,0.0833333333333333,1,Indo-European,Germanic,Indo-European,Germanic,LATIN,6949,7087876,LATIN,6949,7087876
66,en,en,In which year was the Toronto edition of Ming Pao Daily News launched?,In which year was the Toronto edition of Ming Pao Daily News launched?,The Toronto edition of Ming Pao Daily News was launched in **1993**.,The Toronto edition of Ming Pao Daily News was launched in **1993**.,True,1,history,date_time,27,36.0,0.75,0,0.0,0.652041372408129,6.673824978310907,0.0,1.3906205068868354,28,36.0,0.7777777777777778,0,0.0,0.5066981436445778,5.763541792835481,0.0,1.243953988649123,27,36.0,0.75,0,0.0,0.652041372408129,6.673824978310907,0.0,1.3906205068868354,3.6153846153846154,4.0,0.0,1,3.6153846153846154,4.0,0.0,1,Indo-European,Germanic,Indo-European,Germanic,LATIN,6949,7087876,LATIN,6949,7087876
31,en,en,In what year was the NIH MERIT Award first created?,In what year was the NIH MERIT Award first created?,The NIH (National Institutes of Health) MERIT (Method to Extend Research in Time) Award was first created in **1986**.,The NIH (National Institutes of Health) MERIT (Method to Extend Research in Time) Award was first created in **1986**.,True,1,health,date_time,24,28.0,0.8571428571428571,0,0.0,0.4115074357982535,3.548126845995392,0.0,0.8537991150431019,27,28.0,0.9642857142857144,0,0.0,0.2986199285804078,2.6731411980337825,0.0,0.5988476884112856,24,28.0,0.8571428571428571,0,0.0,0.4115074357982535,3.548126845995392,0.0,0.8537991150431019,2.6,3.0,0.0,1,2.6,3.0,0.0,1,Indo-European,Germanic,Indo-European,Germanic,LATIN,6949,7087876,LATIN,6949,7087876
45,en,en,What was the name of the military base established in the Vedder Crossing area in 1941?,What was the name of the military base established in the Vedder Crossing area in 1941?,The military base established in the Vedder Crossing area in 1941 was called **Camp Chilliwack**.,The military base established in the Vedder Crossing area in 1941 was called **Camp Chilliwack**.,True,1,history,entity_object,26,55.0,0.4727272727272727,0,0.0,0.3300914429569345,2.421893236153935,0.0,0.622255444369534,31,55.0,0.5636363636363636,0,0.0,0.1675799488670762,1.5465577812694298,0.0,0.3510594614269922,26,55.0,0.4727272727272727,0,0.0,0.3300914429569345,2.421893236153935,0.0,0.622255444369534,3.4375,6.0,0.0,1,3.4375,6.0,0.0,1,Indo-European,Germanic,Indo-European,Germanic,LATIN,6949,7087876,LATIN,6949,7087876
60,en,en,"In the 1999 New Zealand general election, which party did Helen Clark lead to victory?","In the 1999 New Zealand general election, which party did Helen Clark lead to victory?",Helen Clark led the Labour Party to victory in the 1999 New Zealand general election.,Helen Clark led the Labour Party to victory in the 1999 New Zealand general election.,True,2,politics,person,59,66.0,0.8939393939393939,0,0.0,0.4460552385160092,3.2864187521939714,0.0,0.9040939290664396,66,66.0,1.0,0,0.0,0.3899730275739467,2.401294342950349,0.0,0.6748777904827837,59,66.0,0.8939393939393939,0,0.0,0.4460552385160092,3.2864187521939714,0.0,0.9040939290664396,2.8125,4.0,0.0,1,2.8125,4.0,0.0,1,Indo-European,Germanic,Indo-European,Germanic,LATIN,6949,7087876,LATIN,6949,7087876
29,en,en,What kind of systems does International Road Dynamics provide to ensure that vehicles depart terminals within acceptable weight limits?,What kind of systems does International Road Dynamics provide to ensure that vehicles depart terminals within acceptable weight limits?,"International Road Dynamics (IRD) provides a comprehensive suite of systems designed to ensure vehicles depart terminals within acceptable weight limits. These systems typically fall under the umbrella of **Weigh-In-Motion (WIM)** technology and related solutions. Here's a breakdown of the types of systems they offer:

*   **High-Speed Weigh-In-Motion (HS-WIM) Systems:**

    *   **Purpose:** These systems are designed to accurately weigh vehicles while they are traveling at normal highway speeds. They are installed directly into the road surface and can capture weight data without requiring vehicles to stop.
    *   **","International Road Dynamics (IRD) provides a comprehensive suite of systems designed to ensure vehicles depart terminals within acceptable weight limits. These systems typically fall under the umbrella of **Weigh-In-Motion (WIM)** technology and related solutions. Here's a breakdown of the types of systems they offer:

*   **High-Speed Weigh-In-Motion (HS-WIM) Systems:**

    *   **Purpose:** These systems are designed to accurately weigh vehicles while they are traveling at normal highway speeds. They are installed directly into the road surface and can capture weight data without requiring vehicles to stop.
    *   **",True,1,technology,other,150,190.0,0.7894736842105263,0,0.0,0.3016867876340667,5.078420406759403,0.0,0.69229653113786,171,190.0,0.9,0,0.0,0.2519161363692899,4.1121173086887906,0.0,0.526051253715308,150,190.0,0.7894736842105263,0,0.0,0.3016867876340667,5.078420406759403,0.0,0.69229653113786,2.6842105263157894,5.0,0.0,1,2.6842105263157894,5.0,0.0,1,Indo-European,Germanic,Indo-European,Germanic,LATIN,6949,7087876,LATIN,6949,7087876
67,en,en,What was artistic swimming previously known as?,What was artistic swimming previously known as?,Artistic swimming was previously known as **synchronized swimming**.,Artistic swimming was previously known as **synchronized swimming**.,True,1,sports,definition,15,21.0,0.7142857142857143,0,0.0,0.5112574637043348,4.3959406181257865,0.0,1.138869466076393,20,21.0,0.9523809523809524,0,0.0,0.2418696976639694,3.1354158706642825,0.0,0.7039530763994695,15,21.0,0.7142857142857143,0,0.0,0.5112574637043348,4.3959406181257865,0.0,1.138869466076393,3.0,3.0,0.1428571428571428,1,3.0,3.0,0.1428571428571428,1,Indo-European,Germanic,Indo-European,Germanic,LATIN,6949,7087876,LATIN,6949,7087876
36,en,en,In which year did the Great Canadian flag debate officially begin?,In which year did the Great Canadian flag debate officially begin?,The Great Canadian flag debate officially began in **1964**.,The Great Canadian flag debate officially began in **1964**.,True,3,history,date_time,29,36.0,0.8055555555555556,0,0.0,0.2046998175016424,1.5171120189955185,0.0,0.4505106764165422,34,36.0,0.9444444444444444,0,0.0,0.161733895311783,1.1594537833220977,0.0,0.2913565847370464,29,36.0,0.8055555555555556,0,0.0,0.2046998175016424,1.5171120189955185,0.0,0.4505106764165422,2.909090909090909,3.0,0.0,1,2.909090909090909,3.0,0.0,1,Indo-European,Germanic,Indo-European,Germanic,LATIN,6949,7087876,LATIN,6949,7087876
59,en,en,In which year did the Whitehaven School become the Whitehaven Academy?,In which year did the Whitehaven School become the Whitehaven Academy?,Whitehaven School officially became the Whitehaven Academy in **September 2012**.,Whitehaven School officially became the Whitehaven Academy in **September 2012**.,False,1,history,date_time,15,21.0,0.7142857142857143,0,0.0,0.2024281652602262,1.6896833440279602,0.0,0.4583238765536738,15,21.0,0.7142857142857143,0,0.0,0.1654654034405588,1.470739419638582,0.0,0.3741712673821653,15,21.0,0.7142857142857143,0,0.0,0.2024281652602262,1.6896833440279602,0.0,0.4583238765536738,2.363636363636364,3.0,0.0,1,2.363636363636364,3.0,0.0,1,Indo-European,Germanic,Indo-European,Germanic,LATIN,6949,7087876,LATIN,6949,7087876
38,en,en,When was the Uniform Residential Landlord and Tenant Act created?,When was the Uniform Residential Landlord and Tenant Act created?,The Uniform Residential Landlord and Tenant Act (URLTA) was approved and recommended for enactment in all states by the National Conference of Commissioners on Uniform State Laws in 1972.,The Uniform Residential Landlord and Tenant Act (URLTA) was approved and recommended for enactment in all states by the National Conference of Commissioners on Uniform State Laws in 1972.,True,1,law,date_time,22,28.0,0.7857142857142857,0,0.0,0.9297979012434184,6.6498710828657766,0.0,1.5722869683581189,24,28.0,0.8571428571428571,0,0.0,0.6676489601869573,6.005873126642925,0.0,1.3209223253278726,22,28.0,0.7857142857142857,0,0.0,0.9297979012434184,6.6498710828657766,0.0,1.5722869683581189,3.6,6.0,0.0,1,3.6,6.0,0.0,1,Indo-European,Germanic,Indo-European,Germanic,LATIN,6949,7087876,LATIN,6949,7087876
37,en,en,Who was the first female mayor in Turkey?,Who was the first female mayor in Turkey?,"The first female mayor in Turkey was Müfide İlhan, elected in Mersin in 1950.","The first female mayor in Turkey was Müfide İlhan, elected in Mersin in 1950.",True,1,politics,person,14,28.0,0.5,2,0.25,0.158847198068278,0.6777258835625843,0.0,0.2443383982242719,15,28.0,0.5357142857142857,2,0.25,0.0949512646601175,0.5036851738538572,0.0,0.1712811947350723,14,28.0,0.5,2,0.25,0.158847198068278,0.6777258835625843,0.0,0.2443383982242719,2.625,3.0,0.0,1,2.625,3.0,0.0,1,Indo-European,Germanic,Indo-European,Germanic,LATIN,6949,7087876,LATIN,6949,7087876
44,en,en,What was the specific purpose of a bulk material analyzer located just upstream of the raw mill in cement production?,What was the specific purpose of a bulk material analyzer located just upstream of the raw mill in cement production?,"The specific purpose of a bulk material analyzer located just upstream of the raw mill in cement production is to **continuously monitor and analyze the chemical composition of the raw materials being fed into the raw mill to ensure optimal and consistent raw mix design for clinker production.**

Here's a breakdown of why this is important:

*   **Optimal Raw Mix Design:** Cement clinker is produced by burning a precisely controlled mixture of raw materials (typically limestone, clay, sand, and iron ore). The correct proportions of calcium, silica, alumina, and iron (the key oxides) are crucial for achieving the desired clinker quality and efficient burning","The specific purpose of a bulk material analyzer located just upstream of the raw mill in cement production is to **continuously monitor and analyze the chemical composition of the raw materials being fed into the raw mill to ensure optimal and consistent raw mix design for clinker production.**

Here's a breakdown of why this is important:

*   **Optimal Raw Mix Design:** Cement clinker is produced by burning a precisely controlled mixture of raw materials (typically limestone, clay, sand, and iron ore). The correct proportions of calcium, silica, alumina, and iron (the key oxides) are crucial for achieving the desired clinker quality and efficient burning",True,1,technology,scientific_technical,148,190.0,0.7789473684210526,0,0.0,0.6082168317778333,4.86934514140861,0.0,1.0308456084308308,171,190.0,0.9,0,0.0,0.3960751083442456,3.837430607001018,0.0,0.7047062983413721,148,190.0,0.7789473684210526,0,0.0,0.6082168317778333,4.86934514140861,0.0,1.0308456084308308,3.15,8.0,0.0,1,3.15,8.0,0.0,1,Indo-European,Germanic,Indo-European,Germanic,LATIN,6949,7087876,LATIN,6949,7087876
65,en,en,In what year was Greg Brown's album One More Goodnight Kiss released?,In what year was Greg Brown's album One More Goodnight Kiss released?,"Greg Brown's album ""One More Goodnight Kiss"" was released in **1988**.","Greg Brown's album ""One More Goodnight Kiss"" was released in **1988**.",True,1,arts,date_time,58,66.0,0.8787878787878788,0,0.0,0.3697250428282909,7.407025854139719,0.0,1.1276079612359082,63,66.0,0.9545454545454546,0,0.0,0.376506037004063,6.270996251333707,0.0,0.9771745226703996,58,66.0,0.8787878787878788,0,0.0,0.3697250428282909,7.407025854139719,0.0,1.1276079612359082,2.5384615384615383,4.0,0.0,1,2.5384615384615383,4.0,0.0,1,Indo-European,Germanic,Indo-European,Germanic,LATIN,6949,7087876,LATIN,6949,7087876
35,en,en,What was the name of Nellie McKay's record label when Pretty Little Head was released?,What was the name of Nellie McKay's record label when Pretty Little Head was released?,Nellie McKay's album *Pretty Little Head* was released on **Hungry Mouse Records**.,Nellie McKay's album *Pretty Little Head* was released on **Hungry Mouse Records**.,True,1,history,organization,71,91.0,0.7802197802197802,0,0.0,0.2713157812994544,6.443674465328061,0.0,0.8837886233962143,80,91.0,0.8791208791208791,0,0.0,0.1970291616031042,3.7893608623244863,0.0,0.5219211053221491,71,91.0,0.7802197802197802,0,0.0,0.2713157812994544,6.443674465328061,0.0,0.8837886233962143,4.0625,5.0,0.0,1,4.0625,5.0,0.0,1,Indo-European,Germanic,Indo-European,Germanic,LATIN,6949,7087876,LATIN,6949,7087876
51,en,en,How long does a Rector of Università Cattolica del Sacro Cuore remain in office?,How long does a Rector of Università Cattolica del Sacro Cuore remain in office?,The Rector of Università Cattolica del Sacro Cuore remains in office for a term of **four years**. They are eligible for reappointment only once.,The Rector of Università Cattolica del Sacro Cuore remains in office for a term of **four years**. They are eligible for reappointment only once.,True,1,education,other,36,78.0,0.4615384615384615,0,0.0,1.854734685472976,12.927988910532948,0.0,3.75604850092401,40,78.0,0.5128205128205128,0,0.0,1.4074065692379016,11.6872404191245,0.0,3.1427655567629253,36,78.0,0.4615384615384615,0,0.0,1.854734685472976,12.927988910532948,0.0,3.75604850092401,3.5,4.0,0.0,1,3.5,4.0,0.0,1,Indo-European,Germanic,Indo-European,Germanic,LATIN,6949,7087876,LATIN,6949,7087876
41,en,en,What was the name of the conference Campbell University's women's basketball team played in from 1994 to 2011?,What was the name of the conference Campbell University's women's basketball team played in from 1994 to 2011?,"From 1994 to 2011, Campbell University's women's basketball team played in the **Atlantic Sun Conference** (formerly known as the Trans America Athletic Conference or TAAC).","From 1994 to 2011, Campbell University's women's basketball team played in the **Atlantic Sun Conference** (formerly known as the Trans America Athletic Conference or TAAC).",False,1,sports,event,112,136.0,0.8235294117647058,1,0.0588235294117647,0.3324782110631379,3.0453320121070333,0.0,0.632969402184023,119,136.0,0.875,0,0.0,0.2767292817057757,3.0225293606375288,0.0,0.5481182586168843,112,136.0,0.8235294117647058,1,0.0588235294117647,0.3324782110631379,3.0453320121070333,0.0,0.632969402184023,4.45,6.0,0.0,1,4.45,6.0,0.0,1,Indo-European,Germanic,Indo-European,Germanic,LATIN,6949,7087876,LATIN,6949,7087876
61,en,en,"What is the name of the album that the song ""That's What Love Is For"" was released on?","What is the name of the album that the song ""That's What Love Is For"" was released on?","The song ""That's What Love Is For"" was released on the album **Leap of Faith**.","The song ""That's What Love Is For"" was released on the album **Leap of Faith**.",False,1,culture,work_creation,66,66.0,1.0,0,0.0,0.2193793986744059,3.2296578769606694,0.0,0.6240412279809523,66,66.0,1.0,0,0.0,0.1821097965221955,2.98759938193456,0.0,0.5706431256402614,66,66.0,1.0,0,0.0,0.2193793986744059,3.2296578769606694,0.0,0.6240412279809523,4.857142857142857,8.0,0.0476190476190476,1,4.857142857142857,8.0,0.0476190476190476,1,Indo-European,Germanic,Indo-European,Germanic,LATIN,6949,7087876,LATIN,6949,7087876
47,en,en,When was the men's javelin throw event held at the 2010 Asian Games?,When was the men's javelin throw event held at the 2010 Asian Games?,"The men's javelin throw event at the 2010 Asian Games was held on **November 26, 2010**.","The men's javelin throw event at the 2010 Asian Games was held on **November 26, 2010**.",True,1,sports,event,68,78.0,0.8717948717948718,0,0.0,0.2565983800668134,2.195102440138709,0.0,0.5613930821331286,72,78.0,0.9230769230769232,0,0.0,0.1171859439229067,1.4155671051349303,0.0,0.3129803122789723,68,78.0,0.8717948717948718,0,0.0,0.2565983800668134,2.195102440138709,0.0,0.5613930821331286,3.357142857142857,5.0,0.0,1,3.357142857142857,5.0,0.0,1,Indo-European,Germanic,Indo-European,Germanic,LATIN,6949,7087876,LATIN,6949,7087876
32,en,en,"On which date was David Nail's album ""Fighter"" released?","On which date was David Nail's album ""Fighter"" released?","David Nail's album ""Fighter"" was released on **July 15, 2016**.","David Nail's album ""Fighter"" was released on **July 15, 2016**.",True,1,arts,date_time,49,55.0,0.8909090909090909,0,0.0,0.2645745384101627,3.2296578769606694,0.0,0.5879306538370165,54,55.0,0.9818181818181818,0,0.0,0.1479727221424001,2.8266312978730315,0.0,0.4288865335888241,49,55.0,0.8909090909090909,0,0.0,0.2645745384101627,3.2296578769606694,0.0,0.5879306538370165,2.9166666666666665,4.0,0.0,1,2.9166666666666665,4.0,0.0,1,Indo-European,Germanic,Indo-European,Germanic,LATIN,6949,7087876,LATIN,6949,7087876
62,en,en,Which data protection regulation in Brazil requires subject access requests to be fulfilled within a specific time frame?,Which data protection regulation in Brazil requires subject access requests to be fulfilled within a specific time frame?,"The data protection regulation in Brazil that requires subject access requests (also known as data access requests or individual rights requests) to be fulfilled within a specific timeframe is the **Lei Geral de Proteção de Dados (LGPD)**, or the General Data Protection Law.

Article 19 of the LGPD outlines the rights of the data subject, including the right to access their data. While the LGPD doesn't specify a strict, exact timeframe for fulfilling all types of access requests, it does require that controllers **respond to data subjects ""within a reasonable period of time.""**

The *National Data Protection Authority (ANPD)*","The data protection regulation in Brazil that requires subject access requests (also known as data access requests or individual rights requests) to be fulfilled within a specific timeframe is the **Lei Geral de Proteção de Dados (LGPD)**, or the General Data Protection Law.

Article 19 of the LGPD outlines the rights of the data subject, including the right to access their data. While the LGPD doesn't specify a strict, exact timeframe for fulfilling all types of access requests, it does require that controllers **respond to data subjects ""within a reasonable period of time.""**

The *National Data Protection Authority (ANPD)*",True,1,law,definition,108,136.0,0.7941176470588235,1,0.0588235294117647,0.3262963103626223,2.5895672127936264,0.0,0.5687766762515442,115,136.0,0.8455882352941176,1,0.0588235294117647,0.239008625876104,1.9136027171611685,0.0,0.3887294391252965,108,136.0,0.7941176470588235,1,0.0588235294117647,0.3262963103626223,2.5895672127936264,0.0,0.5687766762515442,2.9444444444444446,4.0,0.0,1,2.9444444444444446,4.0,0.0,1,Indo-European,Germanic,Indo-European,Germanic,LATIN,6949,7087876,LATIN,6949,7087876
64,en,en,In which decade did Harry F. Sinclair purchase Rancocas Stable?,In which decade did Harry F. Sinclair purchase Rancocas Stable?,Harry F. Sinclair purchased Rancocas Stable in the **1920s**.,Harry F. Sinclair purchased Rancocas Stable in the **1920s**.,False,1,history,date_time,15,36.0,0.4166666666666667,0,0.0,0.0816563924766103,0.7927047301966968,0.0,0.2054264407060865,17,36.0,0.4722222222222222,0,0.0,0.0445185717486649,0.4135640442453615,0.0,0.1225140031599131,15,36.0,0.4166666666666667,0,0.0,0.0816563924766103,0.7927047301966968,0.0,0.2054264407060865,2.4,3.0,0.0,1,2.4,3.0,0.0,1,Indo-European,Germanic,Indo-European,Germanic,LATIN,6949,7087876,LATIN,6949,7087876
40,en,en,Who contributed to the album Keys to the Kingdom by North Mississippi Allstars?,Who contributed to the album Keys to the Kingdom by North Mississippi Allstars?,"The album ""Keys to the Kingdom"" by North Mississippi Allstars featured significant contributions from the following:

*   **Luther Dickinson:** Vocals, guitar, bass, mandolin, drums, percussion, banjo
*   **Cody Dickinson:** Vocals, drums, guitar, percussion, programming
*   **Jim Dickinson:** Piano, keyboards, Mellotron, electric piano

Notably, the album was released shortly after Jim Dickinson's passing, making his contributions particularly poignant and a central element of the album's theme. Additionally, there were further contributions from family and friends of the band.","The album ""Keys to the Kingdom"" by North Mississippi Allstars featured significant contributions from the following:

*   **Luther Dickinson:** Vocals, guitar, bass, mandolin, drums, percussion, banjo
*   **Cody Dickinson:** Vocals, drums, guitar, percussion, programming
*   **Jim Dickinson:** Piano, keyboards, Mellotron, electric piano

Notably, the album was released shortly after Jim Dickinson's passing, making his contributions particularly poignant and a central element of the album's theme. Additionally, there were further contributions from family and friends of the band.",False,1,culture,work_creation,76,276.0,0.2753623188405797,0,0.0,0.8083137587740801,10.968374976883972,0.0,1.5342039932760871,110,276.0,0.3985507246376811,0,0.0,0.6259818269827315,9.931085092194357,0.0,1.2623964784338353,76,276.0,0.2753623188405797,0,0.0,0.8083137587740801,10.968374976883972,0.0,1.5342039932760871,3.3846153846153846,4.0,0.0769230769230769,1,3.3846153846153846,4.0,0.0769230769230769,1,Indo-European,Germanic,Indo-European,Germanic,LATIN,6949,7087876,LATIN,6949,7087876
43,en,en,What term is used in South Africa to describe someone who obtains government contracts to facilitate outsourced services?,What term is used in South Africa to describe someone who obtains government contracts to facilitate outsourced services?,"The term used in South Africa to describe someone who obtains government contracts to facilitate outsourced services, often with the implication of corruption or undue influence, is **""tenderpreneur.""**

This term combines ""tender"" (referring to the bidding process for government contracts) and ""entrepreneur,"" but it carries a strong negative connotation. It suggests that the person's ""entrepreneurial"" success is primarily based on securing government contracts through questionable means, rather than genuine business acumen or competitive pricing. They are often perceived as middlemen who benefit from the outsourcing process without adding significant value and sometimes through corrupt practices like bribery or cronyism.","The term used in South Africa to describe someone who obtains government contracts to facilitate outsourced services, often with the implication of corruption or undue influence, is **""tenderpreneur.""**

This term combines ""tender"" (referring to the bidding process for government contracts) and ""entrepreneur,"" but it carries a strong negative connotation. It suggests that the person's ""entrepreneurial"" success is primarily based on securing government contracts through questionable means, rather than genuine business acumen or competitive pricing. They are often perceived as middlemen who benefit from the outsourcing process without adding significant value and sometimes through corrupt practices like bribery or cronyism.",True,2,technology,definition,74,105.0,0.7047619047619048,1,0.0666666666666666,0.4407817064406808,4.721754037268437,0.0,0.8363410550875771,83,105.0,0.7904761904761904,1,0.0666666666666666,0.2912476847296243,3.5758869403706885,0.0,0.5729143611690265,74,105.0,0.7047619047619048,1,0.0666666666666666,0.4407817064406808,4.721754037268437,0.0,0.8363410550875771,2.5555555555555554,7.0,0.0,1,2.5555555555555554,7.0,0.0,1,Indo-European,Germanic,Indo-European,Germanic,LATIN,6949,7087876,LATIN,6949,7087876
53,en,en,What type of health care group is St John of God Health Care?,What type of health care group is St John of God Health Care?,St John of God Health Care is a **Catholic not-for-profit private health care group**.,St John of God Health Care is a **Catholic not-for-profit private health care group**.,False,1,health,organization,66,66.0,1.0,0,0.0,0.1954537275820925,3.135530046992616,0.0,0.6138142282878832,66,66.0,1.0,0,0.0,0.159860466471748,2.3312489122953264,0.0,0.462150708700104,66,66.0,1.0,0,0.0,0.1954537275820925,3.135530046992616,0.0,0.6138142282878832,2.6923076923076925,5.0,0.0,1,2.6923076923076925,5.0,0.0,1,Indo-European,Germanic,Indo-European,Germanic,LATIN,6949,7087876,LATIN,6949,7087876
49,en,en,What did Archer Capital purchase in partnership with the management of Australian Geographic in 1998?,What did Archer Capital purchase in partnership with the management of Australian Geographic in 1998?,"In 1998, Archer Capital purchased **Australian Geographic** in partnership with its management.","In 1998, Archer Capital purchased **Australian Geographic** in partnership with its management.",True,1,geography,work_creation,48,55.0,0.8727272727272727,0,0.0,0.2134212117919715,2.780258805211099,0.0,0.5402507722758647,53,55.0,0.9636363636363636,0,0.0,0.2082338532642175,1.8326249489300184,0.0,0.411066469703754,48,55.0,0.8727272727272727,0,0.0,0.2134212117919715,2.780258805211099,0.0,0.5402507722758647,3.066666666666667,5.0,0.0,1,3.066666666666667,5.0,0.0,1,Indo-European,Germanic,Indo-European,Germanic,LATIN,6949,7087876,LATIN,6949,7087876
34,en,en,"According to some writers, which ancient city is equated with Parrhasia?","According to some writers, which ancient city is equated with Parrhasia?","According to some writers, **Azania** is equated with Parrhasia.","According to some writers, **Azania** is equated with Parrhasia.",False,1,history,location,17,36.0,0.4722222222222222,2,0.2222222222222222,0.3807247991188013,1.8884174654179573,0.0,0.6343540793625871,18,36.0,0.5,2,0.2222222222222222,0.1735357104673714,0.9522380171735244,0.0,0.3156456434542866,17,36.0,0.4722222222222222,2,0.2222222222222222,0.3807247991188013,1.8884174654179573,0.0,0.6343540793625871,2.0,4.0,0.0,1,2.0,4.0,0.0,1,Indo-European,Germanic,Indo-European,Germanic,LATIN,6949,7087876,LATIN,6949,7087876
52,en,en,What is the Planck mass denoted by in the equation for the Vainshtein radius?,What is the Planck mass denoted by in the equation for the Vainshtein radius?,"The Planck mass, often denoted as $M_{Pl}$ or $m_{Pl}$, appears in the equation for the Vainshtein radius in modified gravity theories, particularly in theories like massive gravity or Galileon theories.  Its presence is related to the fact that these theories often involve modifications to Einstein's general relativity at high energy scales or short distances, where quantum gravity effects might become relevant.

Specifically, the Planck mass in the Vainshtein radius equation often appears in the form of Newton's gravitational constant, $G_N$, since:

$M_{Pl} = \sqrt{\frac{\hbar c}{G","The Planck mass, often denoted as $M_{Pl}$ or $m_{Pl}$, appears in the equation for the Vainshtein radius in modified gravity theories, particularly in theories like massive gravity or Galileon theories.  Its presence is related to the fact that these theories often involve modifications to Einstein's general relativity at high energy scales or short distances, where quantum gravity effects might become relevant.

Specifically, the Planck mass in the Vainshtein radius equation often appears in the form of Newton's gravitational constant, $G_N$, since:

$M_{Pl} = \sqrt{\frac{\hbar c}{G",False,1,science,scientific_technical,29,55.0,0.5272727272727272,1,0.0909090909090909,0.408842263855369,3.980837093638831,0.0,0.8567419370913824,36,55.0,0.6545454545454545,1,0.0909090909090909,0.5230503624183075,3.904582060237108,0.0,1.0500777591672383,29,55.0,0.5272727272727272,1,0.0909090909090909,0.408842263855369,3.980837093638831,0.0,0.8567419370913824,3.0,4.0,0.0,1,3.0,4.0,0.0,1,Indo-European,Germanic,Indo-European,Germanic,LATIN,6949,7087876,LATIN,6949,7087876
54,en,en,What month did the K-1: K’Festa 3 event take place in?,What month did the K-1: K’Festa 3 event take place in?,The K-1: K'Festa 3 event took place in **March** of 2020.,The K-1: K'Festa 3 event took place in **March** of 2020.,True,1,history,event,46,55.0,0.8363636363636363,0,0.0,0.1358179271603601,1.5207238704804438,0.0,0.3217155025034347,48,55.0,0.8727272727272727,0,0.0,0.1042288258030777,1.1725818000357255,0.0,0.2542017042034934,46,55.0,0.8363636363636363,0,0.0,0.1358179271603601,1.5207238704804438,0.0,0.3217155025034347,3.533333333333333,4.0,0.0666666666666666,1,3.533333333333333,4.0,0.0666666666666666,1,Indo-European,Germanic,Indo-European,Germanic,LATIN,6949,7087876,LATIN,6949,7087876
50,en,en,What medal did Nguyễn Thị Mỹ Đức win in women's changquan at the 2002 Asian Games?,What medal did Nguyễn Thị Mỹ Đức win in women's changquan at the 2002 Asian Games?,Nguyễn Thị Mỹ Đức won a **bronze** medal in women's changquan at the 2002 Asian Games.,Nguyễn Thị Mỹ Đức won a **bronze** medal in women's changquan at the 2002 Asian Games.,True,1,sports,other,59,120.0,0.4916666666666666,1,0.0625,0.7893724368646821,11.513815045894166,0.0,2.1020101980423123,64,120.0,0.5333333333333333,1,0.0625,0.6305632350178947,9.91914755066763,0.0,1.7409356039009585,59,120.0,0.4916666666666666,1,0.0625,0.7893724368646821,11.513815045894166,0.0,2.1020101980423123,3.588235294117647,4.0,0.0,1,3.588235294117647,4.0,0.0,1,Indo-European,Germanic,Indo-European,Germanic,LATIN,6949,7087876,LATIN,6949,7087876
58,en,en,In what city did the 1984 Summer Olympics men's 100 metre butterfly final take place?,In what city did the 1984 Summer Olympics men's 100 metre butterfly final take place?,The 1984 Summer Olympics men's 100 metre butterfly final took place in **Los Angeles**.,The 1984 Summer Olympics men's 100 metre butterfly final took place in **Los Angeles**.,True,1,sports,location,107,120.0,0.8916666666666667,0,0.0,0.2474596747091874,6.436011115412437,0.0,0.7885256302570653,113,120.0,0.9416666666666668,0,0.0,0.1932333682283727,5.508479955573269,0.0,0.6196026887271732,107,120.0,0.8916666666666667,0,0.0,0.2474596747091874,6.436011115412437,0.0,0.7885256302570653,2.4375,4.0,0.0,1,2.4375,4.0,0.0,1,Indo-European,Germanic,Indo-European,Germanic,LATIN,6949,7087876,LATIN,6949,7087876
48,en,en,What was the name of the protagonist in the Prizzi novels?,What was the name of the protagonist in the Prizzi novels?,The protagonist in the Prizzi novels is **Charley Partanna**.,The protagonist in the Prizzi novels is **Charley Partanna**.,True,1,law,work_creation,8,21.0,0.3809523809523809,1,0.1428571428571428,0.1835988841356697,1.468791073085358,0.0,0.4857569884119441,9,21.0,0.4285714285714285,1,0.1428571428571428,0.5553753907793418,3.830090809390105,0.0,1.2019591248027446,8,21.0,0.3809523809523809,1,0.1428571428571428,0.1835988841356697,1.468791073085358,0.0,0.4857569884119441,2.909090909090909,5.0,0.0,1,2.909090909090909,5.0,0.0,1,Indo-European,Germanic,Indo-European,Germanic,LATIN,6949,7087876,LATIN,6949,7087876
33,en,es,In which country was AFN Bremerhaven located?,¿En qué país estaba ubicado AFN Bremerhaven?,AFN Bremerhaven was located in **Germany**.,AFN Bremerhaven estaba ubicado en Alemania. Bremerhaven es una ciudad portuaria en el estado alemán de Bremen.,True,1,geography,location,6,15.0,0.4,1,0.1666666666666666,0.1187616024686346,0.712569614811808,0.0,0.2655590162366739,8,15.0,0.5333333333333333,0,0.0,0.8038116954276722,5.655495091607644,0.0,1.851227343847228,6,15.0,0.4,1,0.1666666666666666,0.1187616024686346,0.712569614811808,0.0,0.2655590162366739,2.0,3.0,0.0,1,1.8571428571428572,3.0,0.0,1,Indo-European,Germanic,Indo-European,Romance,LATIN,6949,7087876,LATIN,2778,2073043
30,en,es,What was the position of August Joseph Donatelli's plane during World War II when it was shot down?,¿Cuál era la posición del avión de August Joseph Donatelli durante la Segunda Guerra Mundial cuando fue derribado?,"August Joseph Donatelli was flying a B-24 Liberator bomber named ""The Deacon"" as part of the 376th Bomb Group, 513th Bomb Squadron. On **August 1, 1943, during Operation Tidal Wave, a raid on the oil refineries at Ploesti, Romania**, his plane was shot down.

Specifically, ""The Deacon"" **was shot down *after* bombing its target, the Astra Romana Refinery in Ploesti.** While exact accounts vary slightly, it's generally accepted that it was hit by heavy flak while heading away from the target. The plane","August Joseph Donatelli era un aviador de la Armada de los Estados Unidos durante la Segunda Guerra Mundial. Estaba volando un avión de combate F6F Hellcat en una misión de escolta de bombarderos sobre la isla de Rota, en las Islas Marianas, cuando fue derribado el 14 de enero de 1945.",False,1,history,event,78,120.0,0.65,1,0.0625,0.5098234474966521,5.1963797683601705,0.0,0.9546424345461734,92,120.0,0.7666666666666667,1,0.0625,0.4721834975206914,4.676833629370928,0.0,0.730975660357583,78,120.0,0.65,1,0.0625,0.5098234474966521,5.1963797683601705,0.0,0.9546424345461734,3.7,4.0,0.0,1,4.0,5.0,0.0,1,Indo-European,Germanic,Indo-European,Romance,LATIN,6949,7087876,LATIN,2778,2073043
55,en,es,What was the television network that aired The Greatest Canadian Invention?,"¿Cuál fue la cadena de televisión que emitió ""The Greatest Canadian Invention""?",The television network that aired The Greatest Canadian Invention was **CBC (Canadian Broadcasting Corporation)**.,"La cadena de televisión que emitió ""The Greatest Canadian Invention"" fue CBC Television.",False,1,culture,organization,25,55.0,0.4545454545454545,0,0.0,1.1291419528454223,6.072234329835428,0.0,1.5601419514627568,31,55.0,0.5636363636363636,0,0.0,0.7848329124998834,4.825648325054226,0.0,1.166963499997956,25,55.0,0.4545454545454545,0,0.0,1.1291419528454223,6.072234329835428,0.0,1.5601419514627568,2.8,4.0,0.0,1,2.909090909090909,5.0,0.0,1,Indo-European,Germanic,Indo-European,Romance,LATIN,6949,7087876,LATIN,2778,2073043
39,en,es,Since which decade did bowl games start counting toward single-season and career statistics?,¿Desde qué década comenzaron a contar los juegos de tazón para las estadísticas de una sola temporada y de carrera?,Bowl game statistics started counting toward single-season and career statistics in **2002**.,Los juegos de tazón comenzaron a contar para las estadísticas de una sola temporada y de carrera de la NCAA FBS (Football Bowl Subdivision) a partir de la **temporada 2002**.,True,1,sports,date_time,67,78.0,0.8589743589743589,0,0.0,0.1437563695061188,1.9436048136482131,0.0,0.3654628848828065,73,78.0,0.935897435897436,0,0.0,0.1477948328641675,1.8870369119645127,0.0,0.3582968286849517,67,78.0,0.8589743589743589,0,0.0,0.1437563695061188,1.9436048136482131,0.0,0.3654628848828065,2.761904761904762,7.0,0.0,1,2.8666666666666667,6.0,0.0,1,Indo-European,Germanic,Indo-European,Romance,LATIN,6949,7087876,LATIN,2778,2073043
63,en,es,What is the original name of Entebbe General Hospital?,¿Cuál es el nombre original del Hospital General de Entebbe?,The original name of Entebbe General Hospital was **Entebbe Grade B Hospital**.,El nombre original del Hospital General de Entebbe era **Hospital de la Reina Victoria**.,False,2,health,definition,29,36.0,0.8055555555555556,0,0.0,0.1761002138461617,1.9729961989964344,0.0,0.4683341840000359,29,36.0,0.8055555555555556,0,0.0,0.0948155650589074,0.9548314455859518,0.0,0.2148588118400641,29,36.0,0.8055555555555556,0,0.0,0.1761002138461617,1.9729961989964344,0.0,0.4683341840000359,2.5833333333333335,4.0,0.0,1,3.0,4.0,0.0,1,Indo-European,Germanic,Indo-European,Romance,LATIN,6949,7087876,LATIN,2778,2073043
56,en,es,What was the name of the University of Detroit's halfback in the 1929 football season?,¿Cuál era el nombre del corredor rápido de la Universidad de Detroit en la temporada de fútbol americano de 1929?,The University of Detroit's star halfback in the 1929 season was **Lloyd Brazil**.,"El corredor rápido estrella de la Universidad de Detroit en la temporada de fútbol americano de 1929 era **Gus Dorais, Jr.**.",False,1,sports,person,48,78.0,0.6153846153846154,0,0.0,0.5061467826185355,3.88183123057254,0.0,0.9302179722773054,65,78.0,0.8333333333333334,0,0.0,0.4470833804424149,3.624879930217924,0.0,0.8013308589251147,48,78.0,0.6153846153846154,0,0.0,0.5061467826185355,3.88183123057254,0.0,0.9302179722773054,3.1818181818181817,5.0,0.0,1,3.75,6.0,0.0625,1,Indo-European,Germanic,Indo-European,Romance,LATIN,6949,7087876,LATIN,2778,2073043
42,en,es,What is the original name of the Flood Modeller software?,¿Cuál es el nombre original del software Flood Modeller?,The original name of the Flood Modeller software was **ISIS**.,El nombre original del software Flood Modeller era **ISIS**.,True,1,technology,work_creation,13,28.0,0.4642857142857143,1,0.125,0.1644517409859037,1.573069128860873,0.0,0.41303307395878,17,28.0,0.6071428571428571,1,0.125,0.1591264636977556,0.9014733257317632,0.0,0.2863297351560947,13,28.0,0.4642857142857143,1,0.125,0.1644517409859037,1.573069128860873,0.0,0.41303307395878,2.4545454545454546,4.0,0.0,1,3.2,5.0,0.0,1,Indo-European,Germanic,Indo-European,Romance,LATIN,6949,7087876,LATIN,2778,2073043
46,en,es,What religious practice did the Magars follow?,¿Qué prácticas religiosas seguían los magares?,"The Magar people have a diverse range of religious practices, primarily influenced by Hinduism and Buddhism, alongside their indigenous traditions.

*   **Hinduism:** Many Magars, especially those in the southern regions, follow Hinduism and observe Hindu festivals and rituals.

*   **Buddhism:** Buddhism is also prevalent, particularly in the northern Magar communities, with influences from Tibetan Buddhism.

*   **Indigenous Beliefs:** Importantly, the Magars have their own unique pre-Hindu and pre-Buddhist animistic beliefs and shamanistic practices, often centered around ancestor worship, nature spirits, and the role of shamans (Dhami","La religión de los magares es una mezcla compleja de animismo indígena, chamanismo y elementos del hinduismo y el budismo.  Es difícil determinar con precisión las prácticas ""puramente"" magares antes de la influencia de religiones más grandes, pero aquí hay un desglose de elementos clave:

*   **Animismo y veneración a la naturaleza:** Los magares creen en la existencia de espíritus que residen en la naturaleza (árboles, ríos, montañas, bosques) y en los antepasados. Realizan rituales para apaciguar a estos espíritus y garantizar su bienestar.",False,1,culture,other,3,15.0,0.2,1,0.1666666666666666,2.6625967860553508,4.309929164677874,0.0,1.9003409718407864,3,15.0,0.2,1,0.1666666666666666,1.989173897580919,3.2744752678961104,0.1314520486415457,1.3454609228698258,3,15.0,0.2,1,0.1666666666666666,2.6625967860553508,4.309929164677874,0.0,1.9003409718407864,2.0,3.0,0.0,1,1.8571428571428572,3.0,0.0,1,Indo-European,Germanic,Indo-European,Romance,LATIN,6949,7087876,LATIN,2778,2073043
57,en,es,What does the lowest part of the Espiritu Santo Formation consist of?,¿De qué está compuesta la parte más inferior de la Formación Espíritu Santo?,The lowest part of the Espiritu Santo Formation consists of **a basal red conglomerate and sandstone**.,"La parte más inferior de la Formación Espíritu Santo, en la Cuenca del Magdalena Media en Colombia, está compuesta principalmente por **areniscas cuarzosas, conglomerados y arcillolitas**.

Más específicamente, esta sección basal se caracteriza por:

*   **Areniscas:** Predominan las areniscas cuarzosas, que suelen ser de grano grueso a medio, bien cementadas y de color claro.
*   **Conglomerados:** Contienen clastos de cuarzo y chert, representando ambientes de alta energía.
*   **Arcillolitas:**  Presentes",False,1,science,definition,29,55.0,0.5272727272727272,1,0.0909090909090909,0.3935774479499312,4.9682715276572225,0.0,1.0831052558210548,34,55.0,0.6181818181818182,1,0.0909090909090909,0.3468288302790281,3.785537640828993,0.0,0.7800649948815462,29,55.0,0.5272727272727272,1,0.0909090909090909,0.3935774479499312,4.9682715276572225,0.0,1.0831052558210548,2.5,4.0,0.0,1,4.666666666666667,4.0,0.0833333333333333,1,Indo-European,Germanic,Indo-European,Romance,LATIN,6949,7087876,LATIN,2778,2073043
66,en,es,In which year was the Toronto edition of Ming Pao Daily News launched?,¿En qué año se lanzó la edición de Toronto de Ming Pao Daily News?,The Toronto edition of Ming Pao Daily News was launched in **1993**.,La edición de Toronto de Ming Pao Daily News se lanzó en 1993.,True,1,history,date_time,31,45.0,0.6888888888888889,0,0.0,0.8782397985097257,6.471022005436972,0.0,1.5017440455558335,35,45.0,0.7777777777777778,0,0.0,0.7888980873705094,5.42732020735932,0.0,1.2438299482079271,31,45.0,0.6888888888888889,0,0.0,0.8782397985097257,6.471022005436972,0.0,1.5017440455558335,2.8,5.0,0.0,1,3.6153846153846154,4.0,0.0,1,Indo-European,Germanic,Indo-European,Romance,LATIN,6949,7087876,LATIN,2778,2073043
31,en,es,In what year was the NIH MERIT Award first created?,¿En qué año se creó por primera vez el Premio MERIT de los NIH?,The NIH (National Institutes of Health) MERIT (Method to Extend Research in Time) Award was first created in **1986**.,El premio MERIT (Method to Extend Research In Time) de los NIH se creó por primera vez en 1987.,False,1,health,date_time,31,45.0,0.6888888888888889,0,0.0,0.333238069873807,2.5726326200746414,0.0,0.669389595983473,37,45.0,0.8222222222222222,0,0.0,0.3399654225083862,3.2424634975705593,0.0,0.6681538531934461,31,45.0,0.6888888888888889,0,0.0,0.333238069873807,2.5726326200746414,0.0,0.669389595983473,2.7333333333333334,4.0,0.0,1,2.6,3.0,0.0,1,Indo-European,Germanic,Indo-European,Romance,LATIN,6949,7087876,LATIN,2778,2073043
45,en,es,What was the name of the military base established in the Vedder Crossing area in 1941?,¿Cuál era el nombre de la base militar establecida en el área de Vedder Crossing en 1941?,The military base established in the Vedder Crossing area in 1941 was called **Camp Chilliwack**.,La base militar establecida en el área de Vedder Crossing en 1941 se llamaba **Camp Chilliwack**.,True,1,history,entity_object,23,66.0,0.3484848484848485,1,0.0833333333333333,0.3593664609881897,3.5139116208137775,0.0,0.7790446965575049,30,66.0,0.4545454545454545,1,0.0833333333333333,0.3068849482302483,2.842454226860903,0.0,0.5862061779982504,23,66.0,0.3484848484848485,1,0.0833333333333333,0.3593664609881897,3.5139116208137775,0.0,0.7790446965575049,2.888888888888889,6.0,0.0,1,3.4375,6.0,0.0,1,Indo-European,Germanic,Indo-European,Romance,LATIN,6949,7087876,LATIN,2778,2073043
60,en,es,"In the 1999 New Zealand general election, which party did Helen Clark lead to victory?","En las elecciones generales de Nueva Zelanda de 1999, ¿a qué partido llevó Helen Clark a la victoria?",Helen Clark led the Labour Party to victory in the 1999 New Zealand general election.,Helen Clark llevó al Partido Laborista a la victoria en las elecciones generales de Nueva Zelanda de 1999.,True,2,politics,person,41,66.0,0.6212121212121212,0,0.0,0.6103179752238332,4.546510520122894,0.0,1.2117829643959053,52,66.0,0.7878787878787878,0,0.0,0.7264479663064045,3.6297624613384514,0.0,1.0598233808981066,41,66.0,0.6212121212121212,0,0.0,0.6103179752238332,4.546510520122894,0.0,1.2117829643959053,2.95,4.0,0.0,1,2.8125,4.0,0.0,1,Indo-European,Germanic,Indo-European,Romance,LATIN,6949,7087876,LATIN,2778,2073043
29,en,es,What kind of systems does International Road Dynamics provide to ensure that vehicles depart terminals within acceptable weight limits?,¿Qué tipo de sistemas proporciona International Road Dynamics para asegurarse de que los vehículos salgan de las terminales dentro de los límites de peso aceptables?,"International Road Dynamics (IRD) provides a comprehensive suite of systems designed to ensure vehicles depart terminals within acceptable weight limits. These systems typically fall under the umbrella of **Weigh-In-Motion (WIM)** technology and related solutions. Here's a breakdown of the types of systems they offer:

*   **High-Speed Weigh-In-Motion (HS-WIM) Systems:**

    *   **Purpose:** These systems are designed to accurately weigh vehicles while they are traveling at normal highway speeds. They are installed directly into the road surface and can capture weight data without requiring vehicles to stop.
    *   **","International Road Dynamics (IRD) proporciona una variedad de sistemas para garantizar que los vehículos salgan de las terminales dentro de los límites de peso aceptables. Estos sistemas se basan en la tecnología **Weight-in-Motion (WIM)** y generalmente incluyen:

*   **Sistemas de pesaje de alta velocidad (HS-WIM):** Estos sistemas utilizan sensores incrustados en el pavimento para pesar los vehículos mientras se mueven a velocidades de autopista. Esto permite un cribado rápido y eficiente de los vehículos en busca de posibles infracciones por sobrepeso sin necesidad de detenerlos.

*   **Sistemas",True,1,technology,other,85,153.0,0.5555555555555556,0,0.0,0.3311724337192325,3.726488052854802,0.0,0.6688693176430769,110,153.0,0.7189542483660131,0,0.0,0.3629899061253316,2.8774531025197656,0.0,0.6374226824021267,85,153.0,0.5555555555555556,0,0.0,0.3311724337192325,3.726488052854802,0.0,0.6688693176430769,3.1481481481481484,6.0,0.0,1,2.6842105263157894,5.0,0.0,1,Indo-European,Germanic,Indo-European,Romance,LATIN,6949,7087876,LATIN,2778,2073043
67,en,es,What was artistic swimming previously known as?,¿Cómo se llamaba anteriormente la natación artística?,Artistic swimming was previously known as **synchronized swimming**.,"La natación artística se llamaba anteriormente **natación sincronizada**. Este fue su nombre hasta el año 2017, cuando la Federación Internacional de Natación (FINA) lo cambió a ""natación artística"".",True,1,sports,definition,17,28.0,0.6071428571428571,0,0.0,1.3859586101187475,7.790893984402024,0.0,2.1864016423359782,23,28.0,0.8214285714285714,0,0.0,1.0954072077263557,6.87997776743879,0.0,1.7721345045943795,17,28.0,0.6071428571428571,0,0.0,1.3859586101187475,7.790893984402024,0.0,2.1864016423359782,2.125,3.0,0.0,1,3.0,3.0,0.1428571428571428,1,Indo-European,Germanic,Indo-European,Romance,LATIN,6949,7087876,LATIN,2778,2073043
36,en,es,In which year did the Great Canadian flag debate officially begin?,¿En qué año comenzó oficialmente el Gran Debate sobre la Bandera Canadiense?,The Great Canadian flag debate officially began in **1964**.,El Gran Debate sobre la Bandera Canadiense comenzó oficialmente en 1964.,True,3,history,date_time,28,36.0,0.7777777777777778,0,0.0,0.2600937806678052,1.9261546687965396,0.0,0.5062303580997776,33,36.0,0.9166666666666666,0,0.0,0.3295801132705729,1.8192919685077873,0.0,0.5067994913740901,28,36.0,0.7777777777777778,0,0.0,0.2600937806678052,1.9261546687965396,0.0,0.5062303580997776,2.3846153846153846,4.0,0.0,1,2.909090909090909,3.0,0.0,1,Indo-European,Germanic,Indo-European,Romance,LATIN,6949,7087876,LATIN,2778,2073043
59,en,es,In which year did the Whitehaven School become the Whitehaven Academy?,¿En qué año se convirtió la Escuela Whitehaven en la Academia Whitehaven?,Whitehaven School officially became the Whitehaven Academy in **September 2012**.,La Escuela Whitehaven se convirtió en la Academia Whitehaven en 2000.,False,1,history,date_time,16,21.0,0.7619047619047619,0,0.0,0.2563335148913302,1.6264076422146316,0.0,0.5169755661143698,16,21.0,0.7619047619047619,0,0.0,0.2847659676899889,1.4478573102776675,0.0,0.4280260576689992,16,21.0,0.7619047619047619,0,0.0,0.2563335148913302,1.6264076422146316,0.0,0.5169755661143698,2.5384615384615383,3.0,0.0,1,2.363636363636364,3.0,0.0,1,Indo-European,Germanic,Indo-European,Romance,LATIN,6949,7087876,LATIN,2778,2073043
38,en,es,When was the Uniform Residential Landlord and Tenant Act created?,¿Cuándo se creó la Ley Uniforme Residencial de Arrendadores e Inquilinos?,The Uniform Residential Landlord and Tenant Act (URLTA) was approved and recommended for enactment in all states by the National Conference of Commissioners on Uniform State Laws in 1972.,La Ley Uniforme Residencial de Arrendadores e Inquilinos (URLTA) fue aprobada por la Conferencia Nacional de Comisionados sobre Leyes Estatales Uniformes en **1972**.,True,1,law,date_time,26,45.0,0.5777777777777777,0,0.0,0.5867962801369468,4.7739598938504315,0.0,1.034179266730382,33,45.0,0.7333333333333333,0,0.0,0.4246180217041742,4.39105969300416,0.0,0.8708714446272771,26,45.0,0.5777777777777777,0,0.0,0.5867962801369468,4.7739598938504315,0.0,1.034179266730382,2.4166666666666665,5.0,0.0,1,3.6,6.0,0.0,1,Indo-European,Germanic,Indo-European,Romance,LATIN,6949,7087876,LATIN,2778,2073043
37,en,es,Who was the first female mayor in Turkey?,¿Quién fue la primera alcaldesa de Turquía?,"The first female mayor in Turkey was Müfide İlhan, elected in Mersin in 1950.",La primera alcaldesa de Turquía fue Müfide İlhan. Fue elegida alcaldesa de Mersin en las elecciones locales de 1950.,True,1,politics,person,14,28.0,0.5,2,0.25,0.1268038958946381,0.7242070615318641,0.0,0.2313152068177635,14,28.0,0.5,2,0.25,0.14181502647643,0.6433628392905375,0.0,0.2291174292398719,14,28.0,0.5,2,0.25,0.1268038958946381,0.7242070615318641,0.0,0.2313152068177635,2.625,3.0,0.0,1,2.625,3.0,0.0,1,Indo-European,Germanic,Indo-European,Romance,LATIN,6949,7087876,LATIN,2778,2073043
44,en,es,What was the specific purpose of a bulk material analyzer located just upstream of the raw mill in cement production?,¿Cuál era el propósito específico de un analizador de material a granel ubicado justo antes del molino de crudo en la producción de cemento?,"The specific purpose of a bulk material analyzer located just upstream of the raw mill in cement production is to **continuously monitor and analyze the chemical composition of the raw materials being fed into the raw mill to ensure optimal and consistent raw mix design for clinker production.**

Here's a breakdown of why this is important:

*   **Optimal Raw Mix Design:** Cement clinker is produced by burning a precisely controlled mixture of raw materials (typically limestone, clay, sand, and iron ore). The correct proportions of calcium, silica, alumina, and iron (the key oxides) are crucial for achieving the desired clinker quality and efficient burning","El propósito específico de un analizador de material a granel (BAM, Bulk Material Analyzer) ubicado justo antes del molino de crudo en la producción de cemento es **optimizar la composición química de la harina cruda (materia prima alimentada al horno) para garantizar una producción de clinker de alta calidad y eficiente en términos de energía**.

Aquí se desglosa el propósito en más detalle:

* **Medición en tiempo real de la composición química:** El BAM analiza continuamente el material a granel (normalmente una mezcla de piedra caliza, arcilla, mineral de hierro y arena) que se",True,1,technology,scientific_technical,153,253.0,0.6047430830039525,0,0.0,0.5549223471184465,4.083040870667878,0.0,0.8967286282148837,210,253.0,0.8300395256916996,0,0.0,0.4586739113772006,3.281115098676422,0.0,0.7099326075589123,153,253.0,0.6047430830039525,0,0.0,0.5549223471184465,4.083040870667878,0.0,0.8967286282148837,3.0384615384615383,7.0,0.0,1,3.15,8.0,0.0,1,Indo-European,Germanic,Indo-European,Romance,LATIN,6949,7087876,LATIN,2778,2073043
65,en,es,In what year was Greg Brown's album One More Goodnight Kiss released?,"¿En qué año se lanzó el álbum ""One More Goodnight Kiss"" de Greg Brown?","Greg Brown's album ""One More Goodnight Kiss"" was released in **1988**.","El álbum ""One More Goodnight Kiss"" de Greg Brown se lanzó en el año 1988.",True,1,arts,date_time,35,55.0,0.6363636363636364,0,0.0,0.7269464635039823,8.277283306269723,0.0,1.5448072267643251,42,55.0,0.7636363636363637,0,0.0,0.6492326688169495,7.143524928382263,0.0,1.2344398787460376,35,55.0,0.6363636363636364,0,0.0,0.7269464635039823,8.277283306269723,0.0,1.5448072267643251,2.8823529411764706,4.0,0.0,1,2.5384615384615383,4.0,0.0,1,Indo-European,Germanic,Indo-European,Romance,LATIN,6949,7087876,LATIN,2778,2073043
35,en,es,What was the name of Nellie McKay's record label when Pretty Little Head was released?,"¿Cuál era el nombre del sello discográfico de Nellie McKay cuando se lanzó ""Pretty Little Head""?",Nellie McKay's album *Pretty Little Head* was released on **Hungry Mouse Records**.,"""Pretty Little Head"" de Nellie McKay fue lanzado en el sello discográfico **Columbia Records**.",False,1,history,organization,54,105.0,0.5142857142857142,0,0.0,0.4957302907943276,6.39248348844566,0.0,1.221351154083255,66,105.0,0.6285714285714286,0,0.0,0.4778465034321063,5.496542660187811,0.0,1.043554837872016,54,105.0,0.5142857142857142,0,0.0,0.4957302907943276,6.39248348844566,0.0,1.221351154083255,3.0,4.0,0.0,1,4.0625,5.0,0.0,1,Indo-European,Germanic,Indo-European,Romance,LATIN,6949,7087876,LATIN,2778,2073043
51,en,es,How long does a Rector of Università Cattolica del Sacro Cuore remain in office?,¿Cuánto tiempo permanece en el cargo un rector de la Università Cattolica del Sacro Cuore?,The Rector of Università Cattolica del Sacro Cuore remains in office for a term of **four years**. They are eligible for reappointment only once.,"El Rector de la Università Cattolica del Sacro Cuore permanece en el cargo **cuatro años**, y su mandato puede ser renovado por una sola vez.",False,1,education,other,21,55.0,0.3818181818181818,0,0.0,0.442024129828369,2.7032478235889537,0.0,0.8067468841047228,27,55.0,0.4909090909090909,0,0.0,0.3433223840114174,1.9548516695647384,0.0,0.5704723187874131,21,55.0,0.3818181818181818,0,0.0,0.442024129828369,2.7032478235889537,0.0,0.8067468841047228,2.9411764705882355,5.0,0.0,1,3.5,4.0,0.0,1,Indo-European,Germanic,Indo-European,Romance,LATIN,6949,7087876,LATIN,2778,2073043
41,en,es,What was the name of the conference Campbell University's women's basketball team played in from 1994 to 2011?,¿En qué conferencia jugó el equipo de baloncesto femenino de la Universidad Campbell desde 1994 hasta el 2011?,"From 1994 to 2011, Campbell University's women's basketball team played in the **Atlantic Sun Conference** (formerly known as the Trans America Athletic Conference or TAAC).",El equipo de baloncesto femenino de la Universidad Campbell jugó en la Big South Conference desde 1994 hasta el 2011.,False,1,sports,event,82,120.0,0.6833333333333333,0,0.0,0.5174600893407062,3.441802195306171,0.0,0.8532148249826279,94,120.0,0.7833333333333333,0,0.0,0.4114094024701325,2.6289641944410738,0.0,0.6895938848040346,82,120.0,0.6833333333333333,0,0.0,0.5174600893407062,3.441802195306171,0.0,0.8532148249826279,3.631578947368421,4.0,0.0,1,4.45,6.0,0.0,1,Indo-European,Germanic,Indo-European,Romance,LATIN,6949,7087876,LATIN,2778,2073043
61,en,es,"What is the name of the album that the song ""That's What Love Is For"" was released on?","¿Cuál es el nombre del álbum en el que se lanzó la canción ""That's What Love Is For""?","The song ""That's What Love Is For"" was released on the album **Leap of Faith**.","La canción ""That's What Love Is For"" fue lanzada en el álbum **""The Heart of a Woman""** de Tracy Chapman.",False,1,culture,work_creation,107,120.0,0.8916666666666667,0,0.0,0.8739550030411415,3.784850653687002,0.0,1.1667413605221089,118,120.0,0.9833333333333332,0,0.0,0.8149712114238051,3.745019508775404,0.0,1.1278736954553483,107,120.0,0.8916666666666667,0,0.0,0.8739550030411415,3.784850653687002,0.0,1.1667413605221089,3.0,6.0,0.0,1,4.857142857142857,8.0,0.0476190476190476,1,Indo-European,Germanic,Indo-European,Romance,LATIN,6949,7087876,LATIN,2778,2073043
47,en,es,When was the men's javelin throw event held at the 2010 Asian Games?,¿Cuándo se llevó a cabo el evento de lanzamiento de jabalina masculino en los Juegos Asiáticos del 2010?,"The men's javelin throw event at the 2010 Asian Games was held on **November 26, 2010**.",El evento de lanzamiento de jabalina masculino en los Juegos Asiáticos del 2010 se llevó a cabo el **26 de noviembre de 2010**.,True,1,sports,event,74,91.0,0.8131868131868132,0,0.0,0.3734193501321337,5.403094441663513,0.0,0.8976805167184216,82,91.0,0.9010989010989012,0,0.0,0.2994296236590716,4.842795842616458,0.0,0.7518943522373617,74,91.0,0.8131868131868132,0,0.0,0.3734193501321337,5.403094441663513,0.0,0.8976805167184216,3.05,5.0,0.0,1,3.357142857142857,5.0,0.0,1,Indo-European,Germanic,Indo-European,Romance,LATIN,6949,7087876,LATIN,2778,2073043
32,en,es,"On which date was David Nail's album ""Fighter"" released?","¿En qué fecha se lanzó el álbum ""Fighter"" de David Nail?","David Nail's album ""Fighter"" was released on **July 15, 2016**.","El álbum ""Fighter"" de David Nail fue lanzado el **15 de julio de 2016**.",True,1,arts,date_time,36,45.0,0.8,0,0.0,0.3753578613782622,3.033321225719505,0.0,0.7070792833345552,40,45.0,0.8888888888888888,0,0.0,0.2841282248081646,2.877723526335072,0.0,0.5332800293583382,36,45.0,0.8,0,0.0,0.3753578613782622,3.033321225719505,0.0,0.7070792833345552,2.4285714285714284,4.0,0.0,1,2.9166666666666665,4.0,0.0,1,Indo-European,Germanic,Indo-European,Romance,LATIN,6949,7087876,LATIN,2778,2073043
62,en,es,Which data protection regulation in Brazil requires subject access requests to be fulfilled within a specific time frame?,¿Qué normativa de protección de datos de Brasil exige que las solicitudes de acceso de los interesados se cumplan en un plazo de tiempo específico?,"The data protection regulation in Brazil that requires subject access requests (also known as data access requests or individual rights requests) to be fulfilled within a specific timeframe is the **Lei Geral de Proteção de Dados (LGPD)**, or the General Data Protection Law.

Article 19 of the LGPD outlines the rights of the data subject, including the right to access their data. While the LGPD doesn't specify a strict, exact timeframe for fulfilling all types of access requests, it does require that controllers **respond to data subjects ""within a reasonable period of time.""**

The *National Data Protection Authority (ANPD)*","La **Ley General de Protección de Datos (LGPD) de Brasil (Lei Geral de Proteção de Dados - Lei nº 13.709/2018)**, en su **Artículo 18**, establece los derechos de los interesados, incluyendo el derecho a acceder a sus datos.  Aunque la LGPD no especifica un plazo *único* en *días* para cumplir con todas las solicitudes de acceso, sí establece directrices importantes y plazos implícitos:

* **Art. 18, § 1º:** ""El responsable deberá informar, de forma inmediata, la",True,1,law,definition,103,120.0,0.8583333333333333,0,0.0,0.5922970890974932,5.278229910872815,0.0,1.137632378822449,108,120.0,0.9,0,0.0,0.6426496417049271,4.246686680766124,0.0,0.8964163794299506,103,120.0,0.8583333333333333,0,0.0,0.5922970890974932,5.278229910872815,0.0,1.137632378822449,3.6153846153846154,5.0,0.0,1,2.9444444444444446,4.0,0.0,1,Indo-European,Germanic,Indo-European,Romance,LATIN,6949,7087876,LATIN,2778,2073043
64,en,es,In which decade did Harry F. Sinclair purchase Rancocas Stable?,¿En qué década compró Harry F. Sinclair el establo Rancocas?,Harry F. Sinclair purchased Rancocas Stable in the **1920s**.,Harry F. Sinclair compró el establo Rancocas en la década de 1920.,False,1,history,date_time,2,28.0,0.0714285714285714,1,0.125,0.0,0.0,0.0,0.0,4,28.0,0.1428571428571428,1,0.125,0.0961416741101719,0.3845666964406878,0.0,0.1665222642835472,2,28.0,0.0714285714285714,1,0.125,0.0,0.0,0.0,0.0,2.363636363636364,3.0,0.0,1,2.4,3.0,0.0,1,Indo-European,Germanic,Indo-European,Romance,LATIN,6949,7087876,LATIN,2778,2073043
40,en,es,Who contributed to the album Keys to the Kingdom by North Mississippi Allstars?,"¿Quiénes colaboraron en el álbum ""Keys to the Kingdom"" de North Mississippi Allstars?","The album ""Keys to the Kingdom"" by North Mississippi Allstars featured significant contributions from the following:

*   **Luther Dickinson:** Vocals, guitar, bass, mandolin, drums, percussion, banjo
*   **Cody Dickinson:** Vocals, drums, guitar, percussion, programming
*   **Jim Dickinson:** Piano, keyboards, Mellotron, electric piano

Notably, the album was released shortly after Jim Dickinson's passing, making his contributions particularly poignant and a central element of the album's theme. Additionally, there were further contributions from family and friends of the band.","El álbum ""Keys to the Kingdom"" de North Mississippi Allstars contó con la colaboración de varios artistas notables, incluyendo:

*   **Ry Cooder:** Guitarra y slide guitar
*   **Jim Dickinson:** Piano y órgano (este fue uno de sus últimos trabajos antes de su fallecimiento)
*   **Alvin Youngblood Hart:** Guitarra y voz
*   **Shannon McNally:** Voz
*   **Lucinda Williams:** Voz
*   **Spooner Oldham:** Piano y órgano
*   **Jimbo Mathus:** Voz
*   **Charlie Musselwhite:** Armónica",False,1,culture,work_creation,51,300.0,0.17,2,0.08,2.6009870977602865,11.4989445013797,0.0,2.6708391262008915,70,300.0,0.2333333333333333,2,0.08,1.9312783192994385,10.60335224731423,0.0,2.2044220456411625,51,300.0,0.17,2,0.08,2.6009870977602865,11.4989445013797,0.0,2.6708391262008915,3.0,4.0,0.0,1,3.3846153846153846,4.0,0.0769230769230769,1,Indo-European,Germanic,Indo-European,Romance,LATIN,6949,7087876,LATIN,2778,2073043
43,en,es,What term is used in South Africa to describe someone who obtains government contracts to facilitate outsourced services?,¿Qué término se utiliza en Sudáfrica para describir a alguien que obtiene contratos del Gobierno para facilitar servicios subcontratados?,"The term used in South Africa to describe someone who obtains government contracts to facilitate outsourced services, often with the implication of corruption or undue influence, is **""tenderpreneur.""**

This term combines ""tender"" (referring to the bidding process for government contracts) and ""entrepreneur,"" but it carries a strong negative connotation. It suggests that the person's ""entrepreneurial"" success is primarily based on securing government contracts through questionable means, rather than genuine business acumen or competitive pricing. They are often perceived as middlemen who benefit from the outsourcing process without adding significant value and sometimes through corrupt practices like bribery or cronyism.","El término que se utiliza comúnmente en Sudáfrica para describir a alguien que obtiene contratos del Gobierno para facilitar servicios subcontratados es **""tenderpreneur""**.

Este término, una combinación de ""tender"" (licitación) y ""entrepreneur"" (emprendedor), tiene connotaciones negativas, sugiriendo que la persona se beneficia de conexiones políticas y corrupción para asegurar contratos gubernamentales, en lugar de a través de méritos o competencia justa.  A menudo, estos ""tenderpreneurs"" subcontratan el trabajo real, tomando una gran tajada de las ganancias sin agregar mucho valor real al proceso.",True,2,technology,definition,72,105.0,0.6857142857142857,1,0.0666666666666666,0.2954662345074753,3.2340230902872595,0.0,0.6714419790512749,77,105.0,0.7333333333333333,1,0.0666666666666666,0.236021213093429,2.9018286092763605,0.0,0.5884262048179398,72,105.0,0.6857142857142857,1,0.0666666666666666,0.2954662345074753,3.2340230902872595,0.0,0.6714419790512749,2.619047619047619,7.0,0.0,1,2.5555555555555554,7.0,0.0,1,Indo-European,Germanic,Indo-European,Romance,LATIN,6949,7087876,LATIN,2778,2073043
53,en,es,What type of health care group is St John of God Health Care?,¿Qué tipo de grupo de atención médica es St John of God Health Care?,St John of God Health Care is a **Catholic not-for-profit private health care group**.,St John of God Health Care es un gran grupo de atención médica **privado** australiano sin fines de lucro.,False,1,health,organization,82,105.0,0.780952380952381,0,0.0,0.5622413869764141,5.9131374020693865,0.0,1.224501036943098,96,105.0,0.9142857142857144,0,0.0,0.4644356251891666,5.268198646654184,0.0,0.9978788155117916,82,105.0,0.780952380952381,0,0.0,0.5622413869764141,5.9131374020693865,0.0,1.224501036943098,3.4,4.0,0.0,1,2.6923076923076925,5.0,0.0,1,Indo-European,Germanic,Indo-European,Romance,LATIN,6949,7087876,LATIN,2778,2073043
49,en,es,What did Archer Capital purchase in partnership with the management of Australian Geographic in 1998?,¿Qué compró Archer Capital en asociación con la dirección de Australian Geographic en 1998?,"In 1998, Archer Capital purchased **Australian Geographic** in partnership with its management.","En 1998, Archer Capital, en asociación con la dirección, compró **Australian Geographic Society**.",False,1,geography,work_creation,21,36.0,0.5833333333333334,0,0.0,0.6086746342526614,5.907331866228322,0.0,1.3189153330819805,24,36.0,0.6666666666666666,0,0.0,0.5315766511093633,4.93534144021781,0.0,1.037995547969853,21,36.0,0.5833333333333334,0,0.0,0.6086746342526614,5.907331866228322,0.0,1.3189153330819805,3.066666666666667,5.0,0.0,1,3.066666666666667,5.0,0.0,1,Indo-European,Germanic,Indo-European,Romance,LATIN,6949,7087876,LATIN,2778,2073043
34,en,es,"According to some writers, which ancient city is equated with Parrhasia?","Según algunos escritores, ¿qué ciudad antigua se identifica con Parrasia?","According to some writers, **Azania** is equated with Parrhasia.","Según algunos escritores, la antigua ciudad de **Licea** se identifica con Parrasia.",False,1,history,location,25,45.0,0.5555555555555556,2,0.2,0.1900602152180074,1.6358476067299623,0.0,0.4632057414910927,27,45.0,0.6,2,0.2,0.1124760555493539,1.182147621996862,0.0,0.2907315687989533,25,45.0,0.5555555555555556,2,0.2,0.1900602152180074,1.6358476067299623,0.0,0.4632057414910927,2.3333333333333335,3.0,0.0,1,2.0,4.0,0.0,1,Indo-European,Germanic,Indo-European,Romance,LATIN,6949,7087876,LATIN,2778,2073043
52,en,es,What is the Planck mass denoted by in the equation for the Vainshtein radius?,¿Con qué se denota la masa de Planck en la ecuación del radio de Vainshtein?,"The Planck mass, often denoted as $M_{Pl}$ or $m_{Pl}$, appears in the equation for the Vainshtein radius in modified gravity theories, particularly in theories like massive gravity or Galileon theories.  Its presence is related to the fact that these theories often involve modifications to Einstein's general relativity at high energy scales or short distances, where quantum gravity effects might become relevant.

Specifically, the Planck mass in the Vainshtein radius equation often appears in the form of Newton's gravitational constant, $G_N$, since:

$M_{Pl} = \sqrt{\frac{\hbar c}{G","En la ecuación del radio de Vainshtein, la masa de Planck se denota usualmente como **M<sub>Pl</sub>**.",False,1,science,scientific_technical,20,45.0,0.4444444444444444,1,0.1,0.0812014825282229,0.7120034023055138,0.0,0.1765373784378063,26,45.0,0.5777777777777777,1,0.1,0.3226956018457735,3.167665592388082,0.0,0.8267585499488951,20,45.0,0.4444444444444444,1,0.1,0.0812014825282229,0.7120034023055138,0.0,0.1765373784378063,2.7058823529411766,5.0,0.0,1,3.0,4.0,0.0,1,Indo-European,Germanic,Indo-European,Romance,LATIN,6949,7087876,LATIN,2778,2073043
54,en,es,What month did the K-1: K’Festa 3 event take place in?,¿En qué mes tuvo lugar el evento K-1: K'Festa 3?,The K-1: K'Festa 3 event took place in **March** of 2020.,El evento K-1: K'Festa 3 tuvo lugar en marzo.,True,1,history,event,32,36.0,0.8888888888888888,0,0.0,0.312564856115113,2.5547420747341176,0.0,0.5935329305281438,34,36.0,0.9444444444444444,0,0.0,0.2319913871267233,1.5547219618914807,0.0,0.4037138258623136,32,36.0,0.8888888888888888,0,0.0,0.312564856115113,2.5547420747341176,0.0,0.5935329305281438,2.25,4.0,0.0,1,3.533333333333333,4.0,0.0666666666666666,1,Indo-European,Germanic,Indo-European,Romance,LATIN,6949,7087876,LATIN,2778,2073043
50,en,es,What medal did Nguyễn Thị Mỹ Đức win in women's changquan at the 2002 Asian Games?,¿Qué medalla ganó Nguyễn Thị Mỹ Đức en changquan femenino en los Juegos Asiáticos del 2002?,Nguyễn Thị Mỹ Đức won a **bronze** medal in women's changquan at the 2002 Asian Games.,Nguyễn Thị Mỹ Đức ganó la medalla de bronce en changquan femenino en los Juegos Asiáticos del 2002.,True,1,sports,other,17,66.0,0.2575757575757575,4,0.3333333333333333,1.1332994577844393,5.726866903963661,0.0,1.3309373548997463,17,66.0,0.2575757575757575,4,0.3333333333333333,1.1753021208964642,4.91160141521638,0.0,1.1193122251583378,17,66.0,0.2575757575757575,4,0.3333333333333333,1.1332994577844393,5.726866903963661,0.0,1.3309373548997463,3.0555555555555554,4.0,0.0,1,3.588235294117647,4.0,0.0,1,Indo-European,Germanic,Indo-European,Romance,LATIN,6949,7087876,LATIN,2778,2073043
58,en,es,In what city did the 1984 Summer Olympics men's 100 metre butterfly final take place?,¿En qué ciudad tuvo lugar la final de 100 metros mariposa masculina de los Juegos Olímpicos de Verano de 1984?,The 1984 Summer Olympics men's 100 metre butterfly final took place in **Los Angeles**.,La final de 100 metros mariposa masculina de los Juegos Olímpicos de Verano de 1984 tuvo lugar en Los Ángeles.,True,1,sports,location,71,78.0,0.9102564102564102,0,0.0,0.4651581634165373,4.625272130330749,0.0,0.9473635556646316,75,78.0,0.9615384615384616,0,0.0,0.4329999582297844,3.610851167224917,0.0,0.6984033635303893,71,78.0,0.9102564102564102,0,0.0,0.4651581634165373,4.625272130330749,0.0,0.9473635556646316,2.9047619047619047,5.0,0.0,1,2.4375,4.0,0.0,1,Indo-European,Germanic,Indo-European,Romance,LATIN,6949,7087876,LATIN,2778,2073043
48,en,es,What was the name of the protagonist in the Prizzi novels?,¿Cuál era el nombre del protagonista de las novelas de los Prizzi?,The protagonist in the Prizzi novels is **Charley Partanna**.,El protagonista de las novelas de los Prizzi es **Charley Partanna**.,True,1,law,work_creation,12,28.0,0.4285714285714285,1,0.125,0.3655615543850477,2.317222954723808,0.0,0.678944324208515,14,28.0,0.5,1,0.125,0.3653419364973179,2.040464233091009,0.0,0.5120231785036298,12,28.0,0.4285714285714285,1,0.125,0.3655615543850477,2.317222954723808,0.0,0.678944324208515,2.7142857142857144,5.0,0.0,1,2.909090909090909,5.0,0.0,1,Indo-European,Germanic,Indo-European,Romance,LATIN,6949,7087876,LATIN,2778,2073043
33,en,fr,In which country was AFN Bremerhaven located?,Dans quel pays se trouvait l'AFN Bremerhaven ?,AFN Bremerhaven was located in **Germany**.,"L'AFN Bremerhaven était située en Allemagne. AFN signifie American Forces Network, et elle exploitait une station de radio pour les militaires américains et leurs familles stationnés à Bremerhaven.",True,1,geography,location,3,10.0,0.3,0,0.0,2.628372652535785,5.764455691773228,0.0,2.3805552199963427,5,10.0,0.5,0,0.0,1.5338651994865384,5.314791211085357,0.0,1.9972140182028064,3,10.0,0.3,0,0.0,2.628372652535785,5.764455691773228,0.0,2.3805552199963427,1.75,3.0,0.0,1,1.8571428571428572,3.0,0.0,1,Indo-European,Germanic,Indo-European,Romance,LATIN,6949,7087876,LATIN,2949,2719280
30,en,fr,What was the position of August Joseph Donatelli's plane during World War II when it was shot down?,Quelle était la position de l'avion d'August Joseph Donatelli pendant la Seconde Guerre mondiale lorsqu'il a été abattu ?,"August Joseph Donatelli was flying a B-24 Liberator bomber named ""The Deacon"" as part of the 376th Bomb Group, 513th Bomb Squadron. On **August 1, 1943, during Operation Tidal Wave, a raid on the oil refineries at Ploesti, Romania**, his plane was shot down.

Specifically, ""The Deacon"" **was shot down *after* bombing its target, the Astra Romana Refinery in Ploesti.** While exact accounts vary slightly, it's generally accepted that it was hit by heavy flak while heading away from the target. The plane","Selon les informations disponibles, August Joseph Donatelli était pilote de P-47 Thunderbolt. Il a été abattu le 22 décembre 1944 près de **Cochem, en Allemagne**.",False,1,history,event,129,171.0,0.7543859649122807,1,0.0526315789473684,0.3840624481954283,4.734941680428694,0.0,0.9295200696261472,141,171.0,0.8245614035087719,1,0.0526315789473684,0.3603980949431911,3.731944827112424,0.0,0.7569066172996396,129,171.0,0.7543859649122807,1,0.0526315789473684,0.3840624481954283,4.734941680428694,0.0,0.9295200696261472,4.238095238095238,5.0,0.0,1,4.0,5.0,0.0,1,Indo-European,Germanic,Indo-European,Romance,LATIN,6949,7087876,LATIN,2949,2719280
55,en,fr,What was the television network that aired The Greatest Canadian Invention?,"Quelle chaîne de télévision a diffusé l'émission ""The Greatest Canadian Invention"" ?",The television network that aired The Greatest Canadian Invention was **CBC (Canadian Broadcasting Corporation)**.,"La chaîne de télévision qui a diffusé l'émission ""The Greatest Canadian Invention"" est CBC.",True,1,culture,organization,45,66.0,0.6818181818181818,0,0.0,1.3740009317081945,5.616286064865987,0.0,1.6489035665483218,51,66.0,0.7727272727272727,0,0.0,1.1701970650285147,5.221113926314612,0.0,1.4450661761917287,45,66.0,0.6818181818181818,0,0.0,1.3740009317081945,5.616286064865987,0.0,1.6489035665483218,2.142857142857143,4.0,0.0,1,2.909090909090909,5.0,0.0,1,Indo-European,Germanic,Indo-European,Romance,LATIN,6949,7087876,LATIN,2949,2719280
39,en,fr,Since which decade did bowl games start counting toward single-season and career statistics?,"Au cours de quelle décennie les ""Bowl Games"" ont-ils commencé à être pris en compte dans les statistiques de saison et de carrière ?",Bowl game statistics started counting toward single-season and career statistics in **2002**.,Les Bowl Games ont commencé à être inclus dans les statistiques de saison et de carrière de la NCAA en 2002.,True,1,sports,date_time,122,136.0,0.8970588235294118,0,0.0,0.2650424589299426,2.721830372265588,0.0,0.5911027669389521,130,136.0,0.9558823529411764,0,0.0,0.2210337695527099,1.9337393080049297,0.0,0.4273845958081975,122,136.0,0.8970588235294118,0,0.0,0.2650424589299426,2.721830372265588,0.0,0.5911027669389521,2.740740740740741,6.0,0.0,1,2.8666666666666667,6.0,0.0,1,Indo-European,Germanic,Indo-European,Romance,LATIN,6949,7087876,LATIN,2949,2719280
63,en,fr,What is the original name of Entebbe General Hospital?,Quel est le nom d'origine de l'hôpital général d'Entebbe ?,The original name of Entebbe General Hospital was **Entebbe Grade B Hospital**.,L'hôpital général d'Entebbe était à l'origine connu sous le nom d'**hôpital colonial d'Entebbe**.,False,2,health,definition,28,36.0,0.7777777777777778,0,0.0,0.1941035523446064,2.272851129685298,0.0,0.5177496935250848,30,36.0,0.8333333333333334,0,0.0,0.0907127147581247,1.20112308522865,0.0,0.2603739440271772,28,36.0,0.7777777777777778,0,0.0,0.1941035523446064,2.272851129685298,0.0,0.5177496935250848,2.75,5.0,0.0,1,3.0,4.0,0.0,1,Indo-European,Germanic,Indo-European,Romance,LATIN,6949,7087876,LATIN,2949,2719280
56,en,fr,What was the name of the University of Detroit's halfback in the 1929 football season?,Quel était le nom du demi-arrière de l'université de Détroit lors de la saison de football de 1929 ?,The University of Detroit's star halfback in the 1929 season was **Lloyd Brazil**.,Le demi-arrière de l'université de Détroit lors de la saison de football de 1929 était Andy Pilney.,False,1,sports,person,41,66.0,0.6212121212121212,0,0.0,0.2585840568242439,2.441385947063923,0.0,0.5073648965842342,48,66.0,0.7272727272727273,0,0.0,0.2446812939597628,1.9887262019801923,0.0,0.4199187512436037,41,66.0,0.6212121212121212,0,0.0,0.2585840568242439,2.441385947063923,0.0,0.5073648965842342,3.3,6.0,0.0,1,3.75,6.0,0.0625,1,Indo-European,Germanic,Indo-European,Romance,LATIN,6949,7087876,LATIN,2949,2719280
42,en,fr,What is the original name of the Flood Modeller software?,Quel était le nom d'origine du logiciel Flood Modeller ?,The original name of the Flood Modeller software was **ISIS**.,Le nom d'origine du logiciel Flood Modeller était **ISIS**.,True,1,technology,work_creation,14,28.0,0.5,0,0.0,0.2394352209854423,0.9691110982930088,0.0,0.3483315709054447,20,28.0,0.7142857142857143,0,0.0,0.0815517916224679,0.5288438701760082,0.0,0.1494334169958787,14,28.0,0.5,0,0.0,0.2394352209854423,0.9691110982930088,0.0,0.3483315709054447,2.636363636363636,5.0,0.0,1,3.2,5.0,0.0,1,Indo-European,Germanic,Indo-European,Romance,LATIN,6949,7087876,LATIN,2949,2719280
46,en,fr,What religious practice did the Magars follow?,Quelle pratique religieuse les Magars suivaient-ils ?,"The Magar people have a diverse range of religious practices, primarily influenced by Hinduism and Buddhism, alongside their indigenous traditions.

*   **Hinduism:** Many Magars, especially those in the southern regions, follow Hinduism and observe Hindu festivals and rituals.

*   **Buddhism:** Buddhism is also prevalent, particularly in the northern Magar communities, with influences from Tibetan Buddhism.

*   **Indigenous Beliefs:** Importantly, the Magars have their own unique pre-Hindu and pre-Buddhist animistic beliefs and shamanistic practices, often centered around ancestor worship, nature spirits, and the role of shamans (Dhami","Les Magars pratiquaient traditionnellement un mélange de chamanisme, d'animisme et d'influences hindoues. Leur propre religion tribale est appelée *Mungrat Dharma*.

Voici quelques aspects clés de leurs pratiques religieuses :

*   **Chamanisme et Animisme:** Ils croient aux esprits de la nature et des ancêtres, et les chamans (appelés *Bujel* ou *Dhami*) jouent un rôle central dans la communication avec ces esprits, la guérison des maladies et la réalisation de cérémonies.
*   **Culte des ancêtres:** Le",False,1,culture,other,9,28.0,0.3214285714285714,1,0.125,1.3106787551005663,3.6494731142832,0.0,1.446221134010142,13,28.0,0.4642857142857143,1,0.125,1.2720458158900136,4.374957706714608,0.0,1.4792548260824507,9,28.0,0.3214285714285714,1,0.125,1.3106787551005663,3.6494731142832,0.0,1.446221134010142,1.5714285714285714,3.0,0.0,1,1.8571428571428572,3.0,0.0,1,Indo-European,Germanic,Indo-European,Romance,LATIN,6949,7087876,LATIN,2949,2719280
57,en,fr,What does the lowest part of the Espiritu Santo Formation consist of?,De quoi est constituée la partie la plus basse de la formation d'Espiritu Santo ?,The lowest part of the Espiritu Santo Formation consists of **a basal red conglomerate and sandstone**.,La partie la plus basse de la formation d'Espiritu Santo est constituée de schiste bitumineux riche en matière organique.,False,1,science,definition,41,78.0,0.5256410256410257,1,0.0769230769230769,0.4071119749034186,9.59217755457349,0.0,1.5075237841541067,48,78.0,0.6153846153846154,1,0.0769230769230769,0.298956970762393,8.403232561400195,0.0,1.2607321165622316,41,78.0,0.5256410256410257,1,0.0769230769230769,0.4071119749034186,9.59217755457349,0.0,1.5075237841541067,2.533333333333333,5.0,0.0,1,4.666666666666667,4.0,0.0833333333333333,1,Indo-European,Germanic,Indo-European,Romance,LATIN,6949,7087876,LATIN,2949,2719280
66,en,fr,In which year was the Toronto edition of Ming Pao Daily News launched?,En quelle année l'édition torontoise du Ming Pao Daily News a-t-elle été lancée ?,The Toronto edition of Ming Pao Daily News was launched in **1993**.,L'édition torontoise du Ming Pao Daily News a été lancée en 1993.,True,1,history,date_time,59,91.0,0.6483516483516484,0,0.0,0.3591897401600772,4.066949345204466,0.0,0.7283919237590373,69,91.0,0.7582417582417582,0,0.0,0.3088721860928013,2.9239640305467263,0.0,0.6305066257127653,59,91.0,0.6483516483516484,0,0.0,0.3591897401600772,4.066949345204466,0.0,0.7283919237590373,3.0625,4.0,0.0,1,3.6153846153846154,4.0,0.0,1,Indo-European,Germanic,Indo-European,Romance,LATIN,6949,7087876,LATIN,2949,2719280
31,en,fr,In what year was the NIH MERIT Award first created?,En quelle année le prix MERIT des NIH a-t-il été créé pour la première fois ?,The NIH (National Institutes of Health) MERIT (Method to Extend Research in Time) Award was first created in **1986**.,Le prix MERIT (Method to Extend Research In Time) des NIH a été créé pour la première fois en 1986.,True,1,health,date_time,74,91.0,0.8131868131868132,0,0.0,0.1992242759725982,2.659681463633172,0.0,0.4767688104330884,79,91.0,0.8681318681318682,0,0.0,0.0981401856964597,1.6868017642501512,0.0,0.2600006897163581,74,91.0,0.8131868131868132,0,0.0,0.1992242759725982,2.659681463633172,0.0,0.4767688104330884,3.0,4.0,0.0,1,2.6,3.0,0.0,1,Indo-European,Germanic,Indo-European,Romance,LATIN,6949,7087876,LATIN,2949,2719280
45,en,fr,What was the name of the military base established in the Vedder Crossing area in 1941?,Quel était le nom de la base militaire établie dans la région de Vedder Crossing en 1941 ?,The military base established in the Vedder Crossing area in 1941 was called **Camp Chilliwack**.,La base militaire établie dans la région de Vedder Crossing en 1941 s'appelait **Camp Chilliwack**.,True,1,history,entity_object,20,55.0,0.3636363636363636,0,0.0,0.5712098288250977,2.311283302370809,0.0,0.7493667118890865,24,55.0,0.4363636363636363,0,0.0,0.4186940908695516,2.0677688844680526,0.0,0.5844878312077023,20,55.0,0.3636363636363636,0,0.0,0.5712098288250977,2.311283302370809,0.0,0.7493667118890865,2.9411764705882355,7.0,0.0,1,3.4375,6.0,0.0,1,Indo-European,Germanic,Indo-European,Romance,LATIN,6949,7087876,LATIN,2949,2719280
60,en,fr,"In the 1999 New Zealand general election, which party did Helen Clark lead to victory?","Aux élections générales néo-zélandaises de 1999, quel parti Helen Clark a-t-elle mené à la victoire ?",Helen Clark led the Labour Party to victory in the 1999 New Zealand general election.,Helen Clark a mené le Parti travailliste à la victoire lors des élections générales néo-zélandaises de 1999.,True,2,politics,person,69,105.0,0.6571428571428571,0,0.0,0.642572643964557,8.553209773640623,0.0,1.4669162708950036,78,105.0,0.7428571428571429,0,0.0,0.6114901319283271,7.524477239846267,0.0,1.2806773087069931,69,105.0,0.6571428571428571,0,0.0,0.642572643964557,8.553209773640623,0.0,1.4669162708950036,2.7222222222222223,4.0,0.0,1,2.8125,4.0,0.0,1,Indo-European,Germanic,Indo-European,Romance,LATIN,6949,7087876,LATIN,2949,2719280
29,en,fr,What kind of systems does International Road Dynamics provide to ensure that vehicles depart terminals within acceptable weight limits?,Quel type de systèmes International Road Dynamics fournit-il pour s'assurer que les véhicules quittent les terminaux dans les limites de poids acceptables ?,"International Road Dynamics (IRD) provides a comprehensive suite of systems designed to ensure vehicles depart terminals within acceptable weight limits. These systems typically fall under the umbrella of **Weigh-In-Motion (WIM)** technology and related solutions. Here's a breakdown of the types of systems they offer:

*   **High-Speed Weigh-In-Motion (HS-WIM) Systems:**

    *   **Purpose:** These systems are designed to accurately weigh vehicles while they are traveling at normal highway speeds. They are installed directly into the road surface and can capture weight data without requiring vehicles to stop.
    *   **","International Road Dynamics (IRD) fournit des systèmes de pesage en mouvement (WIM) pour s'assurer que les véhicules quittent les terminaux dans les limites de poids acceptables.  Ces systèmes WIM peuvent inclure :

*   **Systèmes WIM à grande vitesse:** Mesurent le poids des véhicules lorsqu'ils se déplacent à des vitesses normales d'autoroute.
*   **Systèmes WIM à basse vitesse:** Utilisés dans les terminaux, les postes de contrôle et les ports pour peser les véhicules lorsqu'ils se déplacent à des vitesses plus lentes.
*   **Syst",True,1,technology,other,121,190.0,0.6368421052631579,0,0.0,0.2824097111760055,4.809371667004115,0.0,0.7122429883738624,148,190.0,0.7789473684210526,0,0.0,0.2465729878275537,3.528869485122378,0.0,0.5725820851479301,121,190.0,0.6368421052631579,0,0.0,0.2824097111760055,4.809371667004115,0.0,0.7122429883738624,2.7083333333333335,6.0,0.0,1,2.6842105263157894,5.0,0.0,1,Indo-European,Germanic,Indo-European,Romance,LATIN,6949,7087876,LATIN,2949,2719280
67,en,fr,What was artistic swimming previously known as?,Comment s'appelait auparavant la natation artistique ?,Artistic swimming was previously known as **synchronized swimming**.,La natation artistique s'appelait auparavant la **nage synchronisée**.,False,1,sports,definition,13,21.0,0.6190476190476191,0,0.0,1.180813132386589,6.890115519304475,0.0,1.928263785211439,15,21.0,0.7142857142857143,0,0.0,0.68271477867493,5.6867559410002055,0.0,1.463651132407551,13,21.0,0.6190476190476191,0,0.0,1.180813132386589,6.890115519304475,0.0,1.928263785211439,2.0,3.0,0.0,1,3.0,3.0,0.1428571428571428,1,Indo-European,Germanic,Indo-European,Romance,LATIN,6949,7087876,LATIN,2949,2719280
36,en,fr,In which year did the Great Canadian flag debate officially begin?,En quelle année le grand débat sur le drapeau canadien a-t-il officiellement commencé ?,The Great Canadian flag debate officially began in **1964**.,Le grand débat sur le drapeau canadien a officiellement commencé en 1964.,True,3,history,date_time,70,78.0,0.8974358974358975,0,0.0,0.2260939757953052,2.3568016154988296,0.0,0.4643248576224411,75,78.0,0.9615384615384616,0,0.0,0.1343956532489875,1.697046983746672,0.0,0.2726692638277149,70,78.0,0.8974358974358975,0,0.0,0.2260939757953052,2.3568016154988296,0.0,0.4643248576224411,2.7857142857142856,4.0,0.0,1,2.909090909090909,3.0,0.0,1,Indo-European,Germanic,Indo-European,Romance,LATIN,6949,7087876,LATIN,2949,2719280
59,en,fr,In which year did the Whitehaven School become the Whitehaven Academy?,En quelle année la Whitehaven School est-elle devenue la Whitehaven Academy ?,Whitehaven School officially became the Whitehaven Academy in **September 2012**.,La Whitehaven School est devenue la Whitehaven Academy en septembre 2012.,False,1,history,date_time,27,36.0,0.75,0,0.0,0.3447329207690854,3.368032218667363,0.0,0.7246344267696763,30,36.0,0.8333333333333334,0,0.0,0.2285817099563794,3.1826535550138866,0.0,0.6129842484773378,27,36.0,0.75,0,0.0,0.3447329207690854,3.368032218667363,0.0,0.7246344267696763,2.1666666666666665,3.0,0.0,1,2.363636363636364,3.0,0.0,1,Indo-European,Germanic,Indo-European,Romance,LATIN,6949,7087876,LATIN,2949,2719280
38,en,fr,When was the Uniform Residential Landlord and Tenant Act created?,"Quand la loi ""Uniform Residential Landlord and Tenant Act"" a-t-elle été créée ?",The Uniform Residential Landlord and Tenant Act (URLTA) was approved and recommended for enactment in all states by the National Conference of Commissioners on Uniform State Laws in 1972.,"La loi ""Uniform Residential Landlord and Tenant Act"" (URLTA) a été rédigée et approuvée par la National Conference of Commissioners on Uniform State Laws (NCCUSL) en **1972**.",True,1,law,date_time,60,91.0,0.6593406593406593,0,0.0,0.6244609660238445,6.21315879985118,0.0,1.159274215817582,66,91.0,0.7252747252747253,0,0.0,0.3911244213844727,5.781171414449554,0.0,0.9476923700781004,60,91.0,0.6593406593406593,0,0.0,0.6244609660238445,6.21315879985118,0.0,1.159274215817582,3.8666666666666663,4.0,0.0,1,3.6,6.0,0.0,1,Indo-European,Germanic,Indo-European,Romance,LATIN,6949,7087876,LATIN,2949,2719280
37,en,fr,Who was the first female mayor in Turkey?,Qui était la première femme maire en Turquie ?,"The first female mayor in Turkey was Müfide İlhan, elected in Mersin in 1950.",La première femme maire en Turquie était Müfide İlhan. Elle a été élue maire de Mersin en 1950.,True,1,politics,person,21,36.0,0.5833333333333334,1,0.1111111111111111,0.2727624929979266,5.073632662919125,0.0,1.0784475303946428,24,36.0,0.6666666666666666,1,0.1111111111111111,0.4318457690573032,4.891116875358926,0.0,1.229469142979496,21,36.0,0.5833333333333334,1,0.1111111111111111,0.2727624929979266,5.073632662919125,0.0,1.0784475303946428,2.375,3.0,0.0,1,2.625,3.0,0.0,1,Indo-European,Germanic,Indo-European,Romance,LATIN,6949,7087876,LATIN,2949,2719280
44,en,fr,What was the specific purpose of a bulk material analyzer located just upstream of the raw mill in cement production?,Quel était l'objectif spécifique d'un analyseur de matériaux en vrac situé juste en amont du broyeur à cru dans la production de ciment ?,"The specific purpose of a bulk material analyzer located just upstream of the raw mill in cement production is to **continuously monitor and analyze the chemical composition of the raw materials being fed into the raw mill to ensure optimal and consistent raw mix design for clinker production.**

Here's a breakdown of why this is important:

*   **Optimal Raw Mix Design:** Cement clinker is produced by burning a precisely controlled mixture of raw materials (typically limestone, clay, sand, and iron ore). The correct proportions of calcium, silica, alumina, and iron (the key oxides) are crucial for achieving the desired clinker quality and efficient burning","L'objectif spécifique d'un analyseur de matériaux en vrac (BMA, Bulk Material Analyzer) situé juste en amont du broyeur à cru dans la production de ciment est d'**analyser la composition chimique des matières premières avant qu'elles ne soient broyées et mélangées**.

Plus précisément, cet analyseur vise à :

* **Mesurer en temps réel et de manière continue les proportions des principaux oxydes** (CaO, SiO2, Al2O3, Fe2O3, MgO, etc.) présents dans le calcaire, l'argile, le sable de",False,1,technology,scientific_technical,175,253.0,0.691699604743083,0,0.0,0.5399112691282819,4.609570956715222,0.0,0.9495886221915966,224,253.0,0.8853754940711462,0,0.0,0.4374207009120386,3.710016243009959,0.0,0.7224341347445167,175,253.0,0.691699604743083,0,0.0,0.5399112691282819,4.609570956715222,0.0,0.9495886221915966,3.230769230769231,8.0,0.0,1,3.15,8.0,0.0,1,Indo-European,Germanic,Indo-European,Romance,LATIN,6949,7087876,LATIN,2949,2719280
65,en,fr,In what year was Greg Brown's album One More Goodnight Kiss released?,"En quelle année est sorti l'album ""One More Goodnight Kiss"" de Greg Brown ?","Greg Brown's album ""One More Goodnight Kiss"" was released in **1988**.","L'album ""One More Goodnight Kiss"" de Greg Brown est sorti en 1988.",True,1,arts,date_time,40,66.0,0.6060606060606061,0,0.0,0.6358941041099833,5.83638214341925,0.0,1.1612602626234882,54,66.0,0.8181818181818182,0,0.0,0.45144525583418,4.6243759491931815,0.0,0.8661860700271254,40,66.0,0.6060606060606061,0,0.0,0.6358941041099833,5.83638214341925,0.0,1.1612602626234882,2.5,4.0,0.0625,1,2.5384615384615383,4.0,0.0,1,Indo-European,Germanic,Indo-European,Romance,LATIN,6949,7087876,LATIN,2949,2719280
35,en,fr,What was the name of Nellie McKay's record label when Pretty Little Head was released?,"Quel était le nom du label de Nellie McKay lorsque ""Pretty Little Head"" est sorti ?",Nellie McKay's album *Pretty Little Head* was released on **Hungry Mouse Records**.,"Le label de Nellie McKay lorsque ""Pretty Little Head"" est sorti était Hungry Mouse.",True,1,history,organization,36,78.0,0.4615384615384615,0,0.0,0.6223359174190304,5.549857633048268,0.0,1.2823818946110015,53,78.0,0.6794871794871795,0,0.0,0.5392658445289341,4.248615377402417,0.0,0.9891920346585388,36,78.0,0.4615384615384615,0,0.0,0.6223359174190304,5.549857633048268,0.0,1.2823818946110015,3.888888888888889,5.0,0.0,1,4.0625,5.0,0.0,1,Indo-European,Germanic,Indo-European,Romance,LATIN,6949,7087876,LATIN,2949,2719280
51,en,fr,How long does a Rector of Università Cattolica del Sacro Cuore remain in office?,Pendant combien de temps un Recteur de l'Università Cattolica del Sacro Cuore reste-t-il en fonction ?,The Rector of Università Cattolica del Sacro Cuore remains in office for a term of **four years**. They are eligible for reappointment only once.,Le Recteur de l'Università Cattolica del Sacro Cuore reste en fonction pendant **quatre ans**. Son mandat est renouvelable une seule fois.,True,1,education,other,64,105.0,0.6095238095238096,0,0.0,0.6964756525809047,9.759595041345085,0.0,1.6630835541677436,71,105.0,0.6761904761904762,0,0.0,0.6457869784349335,8.550033983369143,0.0,1.6425887028932893,64,105.0,0.6095238095238096,0,0.0,0.6964756525809047,9.759595041345085,0.0,1.6630835541677436,2.9411764705882355,4.0,0.0,1,3.5,4.0,0.0,1,Indo-European,Germanic,Indo-European,Romance,LATIN,6949,7087876,LATIN,2949,2719280
41,en,fr,What was the name of the conference Campbell University's women's basketball team played in from 1994 to 2011?,Dans quelle conférence l'équipe féminine de basket-ball de l'université Campbell a-t-elle évolué de 1994 à 2011 ?,"From 1994 to 2011, Campbell University's women's basketball team played in the **Atlantic Sun Conference** (formerly known as the Trans America Athletic Conference or TAAC).",L'équipe féminine de basket-ball de l'université Campbell a évolué au sein de la Big South Conference de 1994 à 2011.,False,1,sports,event,121,190.0,0.6368421052631579,0,0.0,0.3868749561703272,5.549145160283337,0.0,0.8434379964340977,152,190.0,0.8,0,0.0,0.3127612613518093,4.116680078966834,0.0,0.7008853960618996,121,190.0,0.6368421052631579,0,0.0,0.3868749561703272,5.549145160283337,0.0,0.8434379964340977,2.8947368421052633,4.0,0.0,1,4.45,6.0,0.0,1,Indo-European,Germanic,Indo-European,Romance,LATIN,6949,7087876,LATIN,2949,2719280
61,en,fr,"What is the name of the album that the song ""That's What Love Is For"" was released on?","Quel est le nom de l'album sur lequel la chanson ""That's What Love Is For"" est sortie ?","The song ""That's What Love Is For"" was released on the album **Leap of Faith**.","La chanson ""That's What Love Is For"" est sortie sur l'album ""Leap of Faith"" de Lionel Richie.",False,1,culture,work_creation,116,120.0,0.9666666666666668,0,0.0,0.7448266858577631,3.654031136905147,0.0,1.094198614429863,119,120.0,0.9916666666666668,0,0.0,0.616791007247727,3.606874224750572,0.0,0.9444255252136085,116,120.0,0.9666666666666668,0,0.0,0.7448266858577631,3.654031136905147,0.0,1.094198614429863,4.25,7.0,0.0,1,4.857142857142857,8.0,0.0476190476190476,1,Indo-European,Germanic,Indo-European,Romance,LATIN,6949,7087876,LATIN,2949,2719280
47,en,fr,When was the men's javelin throw event held at the 2010 Asian Games?,Quand l'épreuve masculine du lancer du javelot a-t-elle eu lieu aux Jeux asiatiques de 2010 ?,"The men's javelin throw event at the 2010 Asian Games was held on **November 26, 2010**.",L'épreuve masculine du lancer du javelot aux Jeux asiatiques de 2010 a eu lieu le 26 novembre.,True,1,sports,event,90,105.0,0.8571428571428571,0,0.0,0.3550460618013599,4.8755495598687855,0.0,0.9117670662132212,98,105.0,0.9333333333333332,0,0.0,0.2509520303389371,4.006134746595746,0.0,0.6781290078922241,90,105.0,0.8571428571428571,0,0.0,0.3550460618013599,4.8755495598687855,0.0,0.9117670662132212,3.05,5.0,0.0,1,3.357142857142857,5.0,0.0,1,Indo-European,Germanic,Indo-European,Romance,LATIN,6949,7087876,LATIN,2949,2719280
32,en,fr,"On which date was David Nail's album ""Fighter"" released?","À quelle date l'album ""Fighter"" de David Nail est-il sorti ?","David Nail's album ""Fighter"" was released on **July 15, 2016**.","L'album ""Fighter"" de David Nail est sorti le 15 juillet 2016.",True,1,arts,date_time,68,78.0,0.8717948717948718,0,0.0,0.3063620336303849,3.5826576856283987,0.0,0.694118179736955,73,78.0,0.935897435897436,0,0.0,0.1684371276238813,2.9440984773788883,0.0,0.4494337205497078,68,78.0,0.8717948717948718,0,0.0,0.3063620336303849,3.5826576856283987,0.0,0.694118179736955,2.7857142857142856,4.0,0.0,1,2.9166666666666665,4.0,0.0,1,Indo-European,Germanic,Indo-European,Romance,LATIN,6949,7087876,LATIN,2949,2719280
62,en,fr,Which data protection regulation in Brazil requires subject access requests to be fulfilled within a specific time frame?,Quelle réglementation brésilienne sur la protection des données exige que les demandes d'accès des personnes concernées soient satisfaites dans un délai précis ?,"The data protection regulation in Brazil that requires subject access requests (also known as data access requests or individual rights requests) to be fulfilled within a specific timeframe is the **Lei Geral de Proteção de Dados (LGPD)**, or the General Data Protection Law.

Article 19 of the LGPD outlines the rights of the data subject, including the right to access their data. While the LGPD doesn't specify a strict, exact timeframe for fulfilling all types of access requests, it does require that controllers **respond to data subjects ""within a reasonable period of time.""**

The *National Data Protection Authority (ANPD)*","La loi brésilienne sur la protection des données, la **Lei Geral de Proteção de Dados (LGPD)**, exige que les demandes d'accès des personnes concernées soient satisfaites **sans délai injustifié**. Bien qu'elle n'impose pas de délai précis et fixe pour toutes les demandes, l'Autorité Nationale de Protection des Données (ANPD) a interprété et clarifié l'obligation de ""sans délai injustifié"" comme suit :

* **Article 18 de la LGPD:** Accorde aux personnes concernées plusieurs droits, y compris le droit d'accès.

* **",False,1,law,definition,143,190.0,0.7526315789473684,1,0.05,0.3743100419765406,4.954888159183747,0.0,0.7990344658055782,156,190.0,0.8210526315789474,1,0.05,0.4026034856658081,4.3136973486688035,0.0,0.6418402917429544,143,190.0,0.7526315789473684,1,0.05,0.3743100419765406,4.954888159183747,0.0,0.7990344658055782,3.48,6.0,0.0,1,2.9444444444444446,4.0,0.0,1,Indo-European,Germanic,Indo-European,Romance,LATIN,6949,7087876,LATIN,2949,2719280
64,en,fr,In which decade did Harry F. Sinclair purchase Rancocas Stable?,Au cours de quelle décennie Harry F. Sinclair a-t-il acheté l'écurie Rancocas ?,Harry F. Sinclair purchased Rancocas Stable in the **1920s**.,Harry F. Sinclair a acheté l'écurie Rancocas dans les années 1920.,False,1,history,date_time,57,91.0,0.6263736263736264,1,0.0714285714285714,0.3403831013849551,2.508759684270991,0.0,0.6048180639995768,66,91.0,0.7252747252747253,1,0.0714285714285714,0.2148221169238996,2.356724982066755,0.0,0.4951738552113203,57,91.0,0.6263736263736264,1,0.0714285714285714,0.3403831013849551,2.508759684270991,0.0,0.6048180639995768,2.466666666666667,4.0,0.0,1,2.4,3.0,0.0,1,Indo-European,Germanic,Indo-European,Romance,LATIN,6949,7087876,LATIN,2949,2719280
40,en,fr,Who contributed to the album Keys to the Kingdom by North Mississippi Allstars?,"Qui a contribué à l'album ""Keys to the Kingdom"" de North Mississippi Allstars ?","The album ""Keys to the Kingdom"" by North Mississippi Allstars featured significant contributions from the following:

*   **Luther Dickinson:** Vocals, guitar, bass, mandolin, drums, percussion, banjo
*   **Cody Dickinson:** Vocals, drums, guitar, percussion, programming
*   **Jim Dickinson:** Piano, keyboards, Mellotron, electric piano

Notably, the album was released shortly after Jim Dickinson's passing, making his contributions particularly poignant and a central element of the album's theme. Additionally, there were further contributions from family and friends of the band.","L'album ""Keys to the Kingdom"" des North Mississippi Allstars (sorti en 2011) a été marqué par le décès du père de Luther et Cody Dickinson, Jim Dickinson. Plusieurs musiciens ont contribué à cet album, notamment :

*   **Luther Dickinson:** Guitares, chant, production
*   **Cody Dickinson:** Batterie, claviers, chant
*   **Jim Dickinson:** Piano, claviers (enregistrements d'archives utilisés)
*   **Mavis Staples:** Chant
*   **Jim Lauderdale:** Chant
*   **Shannon McNally:** Chant
*",False,1,culture,work_creation,105,351.0,0.2991452991452991,1,0.037037037037037,0.8727544213186588,10.559774808260942,0.0,1.7434577821657196,136,351.0,0.3874643874643874,1,0.037037037037037,0.8154261158352931,9.557277212437928,0.0,1.5083085615226508,105,351.0,0.2991452991452991,1,0.037037037037037,0.8727544213186588,10.559774808260942,0.0,1.7434577821657196,2.5625,5.0,0.0,1,3.3846153846153846,4.0,0.0769230769230769,1,Indo-European,Germanic,Indo-European,Romance,LATIN,6949,7087876,LATIN,2949,2719280
43,en,fr,What term is used in South Africa to describe someone who obtains government contracts to facilitate outsourced services?,Quel terme est utilisé en Afrique du Sud pour décrire une personne qui obtient des contrats gouvernementaux pour faciliter les services externalisés ?,"The term used in South Africa to describe someone who obtains government contracts to facilitate outsourced services, often with the implication of corruption or undue influence, is **""tenderpreneur.""**

This term combines ""tender"" (referring to the bidding process for government contracts) and ""entrepreneur,"" but it carries a strong negative connotation. It suggests that the person's ""entrepreneurial"" success is primarily based on securing government contracts through questionable means, rather than genuine business acumen or competitive pricing. They are often perceived as middlemen who benefit from the outsourcing process without adding significant value and sometimes through corrupt practices like bribery or cronyism.","En Afrique du Sud, le terme utilisé pour décrire une personne qui obtient des contrats gouvernementaux pour faciliter les services externalisés est **""tenderpreneur""**.

C'est un terme péjoratif qui combine ""tender"" (appel d'offres) et ""entrepreneur"", et il implique souvent une forme de favoritisme, de corruption ou de connexion politique pour obtenir ces contrats.",True,2,technology,definition,79,120.0,0.6583333333333333,1,0.0625,0.4427168098177568,5.910784180907774,0.0,1.0145344483550212,91,120.0,0.7583333333333333,1,0.0625,0.2785179977939516,4.452188717799899,0.0,0.7057702669468028,79,120.0,0.6583333333333333,1,0.0625,0.4427168098177568,5.910784180907774,0.0,1.0145344483550212,2.652173913043478,7.0,0.0,1,2.5555555555555554,7.0,0.0,1,Indo-European,Germanic,Indo-European,Romance,LATIN,6949,7087876,LATIN,2949,2719280
53,en,fr,What type of health care group is St John of God Health Care?,Quel type de groupe de soins de santé est St John of God Health Care ?,St John of God Health Care is a **Catholic not-for-profit private health care group**.,"St John of God Health Care est un **groupe de soins de santé privé, à but non lucratif**. Ils sont l'un des plus grands opérateurs de soins de santé privés en Australie.",False,1,health,organization,102,120.0,0.85,0,0.0,0.4935123235973856,6.312399634227299,0.0,1.119929608949353,115,120.0,0.9583333333333334,0,0.0,0.3992650022671676,5.08568462078265,0.0,0.8891754239223696,102,120.0,0.85,0,0.0,0.4935123235973856,6.312399634227299,0.0,1.119929608949353,2.6666666666666665,6.0,0.0,1,2.6923076923076925,5.0,0.0,1,Indo-European,Germanic,Indo-European,Romance,LATIN,6949,7087876,LATIN,2949,2719280
49,en,fr,What did Archer Capital purchase in partnership with the management of Australian Geographic in 1998?,Qu'est-ce qu'Archer Capital a acheté en partenariat avec la direction d'Australian Geographic en 1998 ?,"In 1998, Archer Capital purchased **Australian Geographic** in partnership with its management.","En 1998, Archer Capital, en partenariat avec la direction, a acquis **Australian Geographic** des fondateurs Dick et Yvette Smith.",True,1,geography,work_creation,73,91.0,0.8021978021978022,0,0.0,0.1975328339240102,3.2270018620535303,0.0,0.6375119005282534,79,91.0,0.8681318681318682,0,0.0,0.1365305692920548,2.046444364950183,0.0,0.4075798459796761,73,91.0,0.8021978021978022,0,0.0,0.1975328339240102,3.2270018620535303,0.0,0.6375119005282534,3.388888888888889,6.0,0.0,1,3.066666666666667,5.0,0.0,1,Indo-European,Germanic,Indo-European,Romance,LATIN,6949,7087876,LATIN,2949,2719280
34,en,fr,"According to some writers, which ancient city is equated with Parrhasia?","Selon certains auteurs, quelle cité antique est identifiée à Parrhasia ?","According to some writers, **Azania** is equated with Parrhasia.","Selon certains auteurs, **Lycosura** est identifiée à Parrhasia.

Lycosura était une ville d'Arcadie, une région montagneuse du Péloponnèse, en Grèce. Elle était considérée comme l'une des plus anciennes villes d'Arcadie et avait une importance religieuse, notamment avec le sanctuaire de Despoina.",True,1,history,location,31,55.0,0.5636363636363636,2,0.1818181818181818,0.2276103024036831,3.1276858563459657,0.0,0.6203213589118767,34,55.0,0.6181818181818182,2,0.1818181818181818,0.1299542287274663,2.1720890371526376,0.0,0.3965561706864892,31,55.0,0.5636363636363636,2,0.1818181818181818,0.2276103024036831,3.1276858563459657,0.0,0.6203213589118767,2.0,3.0,0.0,1,2.0,4.0,0.0,1,Indo-European,Germanic,Indo-European,Romance,LATIN,6949,7087876,LATIN,2949,2719280
52,en,fr,What is the Planck mass denoted by in the equation for the Vainshtein radius?,Quelle est la masse de Planck indiquée dans l'équation du rayon de Vainshtein ?,"The Planck mass, often denoted as $M_{Pl}$ or $m_{Pl}$, appears in the equation for the Vainshtein radius in modified gravity theories, particularly in theories like massive gravity or Galileon theories.  Its presence is related to the fact that these theories often involve modifications to Einstein's general relativity at high energy scales or short distances, where quantum gravity effects might become relevant.

Specifically, the Planck mass in the Vainshtein radius equation often appears in the form of Newton's gravitational constant, $G_N$, since:

$M_{Pl} = \sqrt{\frac{\hbar c}{G","Dans le contexte du rayon de Vainshtein, la masse de Planck est un paramètre fondamental qui relie l'échelle de la gravité à la mécanique quantique. Bien qu'elle n'apparaisse pas explicitement dans la *formule* du rayon de Vainshtein elle-même, elle est implicitement présente dans la constante de Newton, qui est un élément clé de la formulation.

Voici une explication plus détaillée:

* **Rayon de Vainshtein :** Le rayon de Vainshtein (r<sub>V</sub>) est une échelle de distance caractéristique autour d'un objet massif où les effets non",False,1,science,scientific_technical,17,45.0,0.3777777777777777,1,0.1,0.6494275572209522,6.454522731686466,0.0,1.521778539169127,24,45.0,0.5333333333333333,1,0.1,0.4750513420047648,5.2972408934257755,0.0,1.0826276880097925,17,45.0,0.3777777777777777,1,0.1,0.6494275572209522,6.454522731686466,0.0,1.521778539169127,2.7333333333333334,7.0,0.0,1,3.0,4.0,0.0,1,Indo-European,Germanic,Indo-European,Romance,LATIN,6949,7087876,LATIN,2949,2719280
54,en,fr,What month did the K-1: K’Festa 3 event take place in?,En quel mois a eu lieu l'événement K-1: K'Festa 3 ?,The K-1: K'Festa 3 event took place in **March** of 2020.,"L'événement K-1: K'Festa 3 a eu lieu en mars. Plus précisément, le 22 mars 2020.",True,1,history,event,38,45.0,0.8444444444444444,0,0.0,0.2898929435970049,2.738832451977334,0.0,0.5315322559360022,40,45.0,0.8888888888888888,0,0.0,0.1322291784389043,1.634167567612662,0.0,0.3106573093178622,38,45.0,0.8444444444444444,0,0.0,0.2898929435970049,2.738832451977334,0.0,0.5315322559360022,2.0,4.0,0.0,1,3.533333333333333,4.0,0.0666666666666666,1,Indo-European,Germanic,Indo-European,Romance,LATIN,6949,7087876,LATIN,2949,2719280
50,en,fr,What medal did Nguyễn Thị Mỹ Đức win in women's changquan at the 2002 Asian Games?,Quelle médaille Nguyễn Thị Mỹ Đức a-t-elle remportée en changquan féminin aux Jeux asiatiques de 2002 ?,Nguyễn Thị Mỹ Đức won a **bronze** medal in women's changquan at the 2002 Asian Games.,Nguyễn Thị Mỹ Đức a remporté une médaille de bronze en changquan féminin aux Jeux asiatiques de 2002.,True,1,sports,other,47,120.0,0.3916666666666666,4,0.25,0.6845353230443548,5.825750448328874,0.0,1.2213263396996286,55,120.0,0.4583333333333333,4,0.25,0.5666638902180268,4.786466654011774,0.0,1.0591531964115328,47,120.0,0.3916666666666666,4,0.25,0.6845353230443548,5.825750448328874,0.0,1.2213263396996286,2.5555555555555554,4.0,0.0,1,3.588235294117647,4.0,0.0,1,Indo-European,Germanic,Indo-European,Romance,LATIN,6949,7087876,LATIN,2949,2719280
58,en,fr,In what city did the 1984 Summer Olympics men's 100 metre butterfly final take place?,Dans quelle ville la finale du 100 mètres papillon masculin aux Jeux olympiques d'été de 1984 a-t-elle eu lieu ?,The 1984 Summer Olympics men's 100 metre butterfly final took place in **Los Angeles**.,La finale du 100 mètres papillon masculin aux Jeux olympiques d'été de 1984 a eu lieu à Los Angeles.,True,1,sports,location,158,171.0,0.9239766081871345,0,0.0,0.2731856242419697,7.222614112968955,0.0,0.8528048821523464,166,171.0,0.9707602339181286,0,0.0,0.2102755529727088,6.169868029127899,0.0,0.6763707575223733,158,171.0,0.9239766081871345,0,0.0,0.2731856242419697,7.222614112968955,0.0,0.8528048821523464,3.5652173913043477,5.0,0.0,1,2.4375,4.0,0.0,1,Indo-European,Germanic,Indo-European,Romance,LATIN,6949,7087876,LATIN,2949,2719280
48,en,fr,What was the name of the protagonist in the Prizzi novels?,Quel était le nom du protagoniste dans les romans des Prizzi ?,The protagonist in the Prizzi novels is **Charley Partanna**.,Le protagoniste des romans des Prizzi est **Charley Partanna**.,True,1,law,work_creation,7,21.0,0.3333333333333333,2,0.2857142857142857,0.1230021448811906,0.8610150141683345,0.0,0.3012924922268069,7,21.0,0.3333333333333333,2,0.2857142857142857,0.1594951842747762,0.5542485678445395,0.0,0.1886191237413131,7,21.0,0.3333333333333333,2,0.2857142857142857,0.1230021448811906,0.8610150141683345,0.0,0.3012924922268069,3.230769230769231,4.0,0.0,1,2.909090909090909,5.0,0.0,1,Indo-European,Germanic,Indo-European,Romance,LATIN,6949,7087876,LATIN,2949,2719280
33,en,he,In which country was AFN Bremerhaven located?,באיזו מדינה הייתה ממוקמת AFN ברמרהאפן?,AFN Bremerhaven was located in **Germany**.,"AFN Bremerhaven הייתה ממוקמת בגרמניה. AFN מייצג את רשת הכוחות המזוינים, רשת רדיו וטלוויזיה שמפעיל משרד ההגנה של ארצות הברית כדי לשרת את אנשי הצבא האמריקני ובני משפחותיהם המוצבים בחו""ל. ברמרהאפן היא עיר בגרמניה.",True,1,geography,location,8,21.0,0.3809523809523809,1,0.1428571428571428,0.7159084765730416,2.8279536920340083,0.0,0.8774908549440258,10,21.0,0.4761904761904761,1,0.1428571428571428,0.4849552959819532,1.7591284234492015,0.0,0.574823035214093,8,21.0,0.3809523809523809,1,0.1428571428571428,0.7159084765730416,2.8279536920340083,0.0,0.8774908549440258,1.875,3.0,0.0,1,1.8571428571428572,3.0,0.0,1,Indo-European,Germanic,Afro-Asiatic,Semitic,LATIN,6949,7087876,HEBREW,2000,385688
30,en,he,What was the position of August Joseph Donatelli's plane during World War II when it was shot down?,איזה תפקיד מילא אוגוסט ג'וזף דונאטלי במטוס שלו שהופל במהלך מלחמת העולם השנייה?,"August Joseph Donatelli was flying a B-24 Liberator bomber named ""The Deacon"" as part of the 376th Bomb Group, 513th Bomb Squadron. On **August 1, 1943, during Operation Tidal Wave, a raid on the oil refineries at Ploesti, Romania**, his plane was shot down.

Specifically, ""The Deacon"" **was shot down *after* bombing its target, the Astra Romana Refinery in Ploesti.** While exact accounts vary slightly, it's generally accepted that it was hit by heavy flak while heading away from the target. The plane",אוגוסט ג'וזף דונאטלי מילא את תפקיד המקלען/צלם במטוס שלו שהופל במהלך מלחמת העולם השנייה.,False,1,history,event,55,105.0,0.5238095238095238,1,0.0666666666666666,0.4871994150315962,5.933473903868172,0.0,1.1952874116131156,70,105.0,0.6666666666666666,1,0.0666666666666666,0.4546299724405205,5.1772478489129385,0.0,0.9207609691704683,55,105.0,0.5238095238095238,1,0.0666666666666666,0.4871994150315962,5.933473903868172,0.0,1.1952874116131156,2.6842105263157894,6.0,0.0,1,4.0,5.0,0.0,1,Indo-European,Germanic,Afro-Asiatic,Semitic,LATIN,6949,7087876,HEBREW,2000,385688
55,en,he,What was the television network that aired The Greatest Canadian Invention?,איזו רשת טלוויזיה שידרה את הסדרה The Greatest Canadian Invention?,The television network that aired The Greatest Canadian Invention was **CBC (Canadian Broadcasting Corporation)**.,הסדרה The Greatest Canadian Invention שודרה ברשת הטלוויזיה הקנדית CBC.,False,1,culture,organization,24,55.0,0.4363636363636363,0,0.0,0.7456888754993468,3.892831938786841,0.0,1.3186907855540129,31,55.0,0.5636363636363636,0,0.0,0.6121600175298305,3.359009260363146,0.0,1.0242903817032587,24,55.0,0.4363636363636363,0,0.0,0.7456888754993468,3.892831938786841,0.0,1.3186907855540129,2.5,5.0,0.0,1,2.909090909090909,5.0,0.0,1,Indo-European,Germanic,Afro-Asiatic,Semitic,LATIN,6949,7087876,HEBREW,2000,385688
39,en,he,Since which decade did bowl games start counting toward single-season and career statistics?,באיזה עשור החלו משחקי קערה להיספר בסטטיסטיקה של עונה בודדת וקריירה?,Bowl game statistics started counting toward single-season and career statistics in **2002**.,משחקי הקערה החלו להיספר בסטטיסטיקה של עונה בודדת וקריירה בשנת 2002.,False,1,sports,date_time,37,78.0,0.4743589743589743,0,0.0,0.3527220655677697,2.487449930347203,0.0,0.6318585857388485,45,78.0,0.5769230769230769,0,0.0,0.2366417204447405,1.7216165767959604,0.0,0.4781969941920865,37,78.0,0.4743589743589743,0,0.0,0.3527220655677697,2.487449930347203,0.0,0.6318585857388485,2.2142857142857144,6.0,0.0,1,2.8666666666666667,6.0,0.0,1,Indo-European,Germanic,Afro-Asiatic,Semitic,LATIN,6949,7087876,HEBREW,2000,385688
63,en,he,What is the original name of Entebbe General Hospital?,איך נקרא במקור בית החולים הכללי באנטבה?,The original name of Entebbe General Hospital was **Entebbe Grade B Hospital**.,בית החולים הכללי באנטבה נקרא במקור בית החולים האירופי.,False,2,health,definition,21,36.0,0.5833333333333334,0,0.0,0.6636890778316423,8.78596224137046,0.0,1.8970247187029976,27,36.0,0.75,0,0.0,0.4616520193533141,8.299249621177584,0.0,1.5731873842184445,21,36.0,0.5833333333333334,0,0.0,0.6636890778316423,8.78596224137046,0.0,1.8970247187029976,2.8,4.0,0.0,1,3.0,4.0,0.0,1,Indo-European,Germanic,Afro-Asiatic,Semitic,LATIN,6949,7087876,HEBREW,2000,385688
56,en,he,What was the name of the University of Detroit's halfback in the 1929 football season?,מה היה שמו של הרץ האחורי של אוניברסיטת דטרויט בעונת הפוטבול של 1929?,The University of Detroit's star halfback in the 1929 season was **Lloyd Brazil**.,שמו של הרץ האחורי של אוניברסיטת דטרויט בעונת הפוטבול של 1929 היה גאס דוראיס.,False,1,sports,person,42,78.0,0.5384615384615384,0,0.0,0.3389907578268735,4.308617980441542,0.0,0.9873254826557628,64,78.0,0.8205128205128205,0,0.0,0.5522742516303311,3.711146865361452,0.0,1.0309317021153492,42,78.0,0.5384615384615384,0,0.0,0.3389907578268735,4.308617980441542,0.0,0.9873254826557628,3.111111111111111,4.0,0.0,1,3.75,6.0,0.0625,1,Indo-European,Germanic,Afro-Asiatic,Semitic,LATIN,6949,7087876,HEBREW,2000,385688
42,en,he,What is the original name of the Flood Modeller software?,מה היה השם המקורי של תוכנת Flood Modeller?,The original name of the Flood Modeller software was **ISIS**.,השם המקורי של תוכנת Flood Modeller היה **ISIS**.,True,1,technology,work_creation,18,36.0,0.5,1,0.1111111111111111,0.1485395759698117,1.704986779373607,0.0,0.4069045611702721,21,36.0,0.5833333333333334,1,0.1111111111111111,0.1233969867701505,1.2452034905239735,0.0,0.323736159052408,18,36.0,0.5,1,0.1111111111111111,0.1485395759698117,1.704986779373607,0.0,0.4069045611702721,2.3,4.0,0.0,1,3.2,5.0,0.0,1,Indo-European,Germanic,Afro-Asiatic,Semitic,LATIN,6949,7087876,HEBREW,2000,385688
46,en,he,What religious practice did the Magars follow?,איזה מנהג דתי קיימו המגרים?,"The Magar people have a diverse range of religious practices, primarily influenced by Hinduism and Buddhism, alongside their indigenous traditions.

*   **Hinduism:** Many Magars, especially those in the southern regions, follow Hinduism and observe Hindu festivals and rituals.

*   **Buddhism:** Buddhism is also prevalent, particularly in the northern Magar communities, with influences from Tibetan Buddhism.

*   **Indigenous Beliefs:** Importantly, the Magars have their own unique pre-Hindu and pre-Buddhist animistic beliefs and shamanistic practices, often centered around ancestor worship, nature spirits, and the role of shamans (Dhami","המגרים קיימו מגוון רחב של מנהגים דתיים, בהם:

*   **פולחן שאקטי:** המגרים נהגו לעבוד את האלה שאקטי, המייצגת את האנרגיה הקוסמית הנשית. הם האמינו שהיא המקור לכל היצירה והכוח בעולם.

*   **עבודת טבע:** המגרים האמינו בקיומם של רוחות טבע ושדים שונים. הם סגדו להם כדי לבקש הגנה, פוריות וש",False,1,culture,other,5,21.0,0.238095238095238,0,0.0,0.2140944352827055,0.9337003223277932,0.0,0.3636813704027116,7,21.0,0.3333333333333333,0,0.0,0.5744109354697466,2.3136319015696,0.0,0.7744636894277983,5,21.0,0.238095238095238,0,0.0,0.2140944352827055,0.9337003223277932,0.0,0.3636813704027116,1.6666666666666667,3.0,0.0,1,1.8571428571428572,3.0,0.0,1,Indo-European,Germanic,Afro-Asiatic,Semitic,LATIN,6949,7087876,HEBREW,2000,385688
57,en,he,What does the lowest part of the Espiritu Santo Formation consist of?,ממה מורכב החלק התחתון של תצורת אספיריטו סנטו?,The lowest part of the Espiritu Santo Formation consists of **a basal red conglomerate and sandstone**.,החלק התחתון של תצורת אספיריטו סנטו מורכב בעיקר מחוליות וגיר צעירים יותר.,False,1,science,definition,32,66.0,0.4848484848484848,1,0.0833333333333333,1.070758059981844,10.5923153195777,0.0,2.0304979334539377,37,66.0,0.5606060606060606,1,0.0833333333333333,0.8772775787381998,9.612381249771843,0.0,1.668454585693754,32,66.0,0.4848484848484848,1,0.0833333333333333,1.070758059981844,10.5923153195777,0.0,2.0304979334539377,2.3,5.0,0.0,1,4.666666666666667,4.0,0.0833333333333333,1,Indo-European,Germanic,Afro-Asiatic,Semitic,LATIN,6949,7087876,HEBREW,2000,385688
66,en,he,In which year was the Toronto edition of Ming Pao Daily News launched?,באיזו שנה שודרה לראשונה מהדורת טורונטו של Ming Pao Daily News?,The Toronto edition of Ming Pao Daily News was launched in **1993**.,מהדורת טורונטו של Ming Pao Daily News שודרה לראשונה בשנת 1993.,True,1,history,date_time,38,78.0,0.4871794871794871,1,0.0769230769230769,0.6775348392650931,4.407210817113568,0.0,1.1601989453693338,49,78.0,0.6282051282051282,1,0.0769230769230769,0.5191387671587225,3.565740393943315,0.0,0.8592974336964692,38,78.0,0.4871794871794871,1,0.0769230769230769,0.6775348392650931,4.407210817113568,0.0,1.1601989453693338,2.533333333333333,4.0,0.0,1,3.6153846153846154,4.0,0.0,1,Indo-European,Germanic,Afro-Asiatic,Semitic,LATIN,6949,7087876,HEBREW,2000,385688
31,en,he,In what year was the NIH MERIT Award first created?,באיזו שנה הוכרז לראשונה על פרס NIH MERIT?,The NIH (National Institutes of Health) MERIT (Method to Extend Research in Time) Award was first created in **1986**.,פרס NIH MERIT הוכרז לראשונה בשנת 1986.,False,1,health,date_time,20,36.0,0.5555555555555556,0,0.0,0.5019246156807196,2.3446619129492547,0.0,0.7305389156472973,22,36.0,0.6111111111111112,0,0.0,0.4434446052709356,1.797155253100578,0.0,0.5868170499965931,20,36.0,0.5555555555555556,0,0.0,0.5019246156807196,2.3446619129492547,0.0,0.7305389156472973,1.8888888888888888,4.0,0.0,1,2.6,3.0,0.0,1,Indo-European,Germanic,Afro-Asiatic,Semitic,LATIN,6949,7087876,HEBREW,2000,385688
45,en,he,What was the name of the military base established in the Vedder Crossing area in 1941?,מה היה שמו של הבסיס הצבאי שהוקם באזור מעבר וודר בשנת 1941?,The military base established in the Vedder Crossing area in 1941 was called **Camp Chilliwack**.,הבסיס הצבאי שהוקם באזור מעבר וודר בשנת 1941 נקרא בסיס אל-עלאמיין.,False,1,history,entity_object,57,91.0,0.6263736263736264,0,0.0,0.3860799290194007,4.611837542042171,0.0,0.8895285278581809,60,91.0,0.6593406593406593,0,0.0,0.3441710892100005,2.628006006499629,0.0,0.6441815546899212,57,91.0,0.6263736263736264,0,0.0,0.3860799290194007,4.611837542042171,0.0,0.8895285278581809,2.6666666666666665,6.0,0.0,1,3.4375,6.0,0.0,1,Indo-European,Germanic,Afro-Asiatic,Semitic,LATIN,6949,7087876,HEBREW,2000,385688
60,en,he,"In the 1999 New Zealand general election, which party did Helen Clark lead to victory?","בבחירות הכלליות של 1999 בניו זילנד, איזו מפלגה הובילה הלן קלארק לניצחון?",Helen Clark led the Labour Party to victory in the 1999 New Zealand general election.,הלן קלארק הובילה את מפלגת הלייבור לניצחון בבחירות הכלליות של 1999 בניו זילנד.,True,2,politics,person,54,91.0,0.5934065934065934,0,0.0,1.3543108057623303,5.9403563958128665,0.0,1.666661372779675,73,91.0,0.8021978021978022,0,0.0,1.130902571527427,5.1201951951287406,0.0,1.418031256636372,54,91.0,0.5934065934065934,0,0.0,1.3543108057623303,5.9403563958128665,0.0,1.666661372779675,3.0,4.0,0.0,1,2.8125,4.0,0.0,1,Indo-European,Germanic,Afro-Asiatic,Semitic,LATIN,6949,7087876,HEBREW,2000,385688
29,en,he,What kind of systems does International Road Dynamics provide to ensure that vehicles depart terminals within acceptable weight limits?,אילו מערכות של International Road Dynamics מאפשרות להבטיח שכלי רכב יצאו ליעדם במשקל המותר?,"International Road Dynamics (IRD) provides a comprehensive suite of systems designed to ensure vehicles depart terminals within acceptable weight limits. These systems typically fall under the umbrella of **Weigh-In-Motion (WIM)** technology and related solutions. Here's a breakdown of the types of systems they offer:

*   **High-Speed Weigh-In-Motion (HS-WIM) Systems:**

    *   **Purpose:** These systems are designed to accurately weigh vehicles while they are traveling at normal highway speeds. They are installed directly into the road surface and can capture weight data without requiring vehicles to stop.
    *   **","International Road Dynamics (IRD) מציעה מגוון מערכות שנועדו להבטיח שכלי רכב יגיעו ליעדם במשקל המותר, תוך שמירה על בטיחות בדרכים ומניעת נזק לתשתיות. הנה כמה מהמערכות העיקריות:

*   **מערכות שקילה בתנועה (Weigh-In-Motion - WIM):**
    *   מערכות אלו שוקלות כלי רכב בזמן שהם נוסעים במהירות רגילה על הכביש",True,1,technology,other,59,136.0,0.4338235294117647,1,0.0588235294117647,0.5591192024000071,3.9570277928295,0.0,0.9858949708440142,78,136.0,0.5735294117647058,1,0.0588235294117647,0.4671297679320898,3.958796164550249,0.0,0.7910137887999433,59,136.0,0.4338235294117647,1,0.0588235294117647,0.5591192024000071,3.9570277928295,0.0,0.9858949708440142,2.5789473684210527,6.0,0.0,1,2.6842105263157894,5.0,0.0,1,Indo-European,Germanic,Afro-Asiatic,Semitic,LATIN,6949,7087876,HEBREW,2000,385688
67,en,he,What was artistic swimming previously known as?,באיזה שם נודעה בעבר השחייה הצורנית?,Artistic swimming was previously known as **synchronized swimming**.,"שחייה צורנית נודעה בעבר בשם ""בלט מים"".",False,1,sports,definition,11,28.0,0.3928571428571428,0,0.0,0.6324466473054593,4.487429441846689,0.0,1.3800780414406493,12,28.0,0.4285714285714285,0,0.0,0.6375182596875794,4.616549154016446,0.0,1.2881128422166148,11,28.0,0.3928571428571428,0,0.0,0.6324466473054593,4.487429441846689,0.0,1.3800780414406493,2.0,5.0,0.0,1,3.0,3.0,0.1428571428571428,1,Indo-European,Germanic,Afro-Asiatic,Semitic,LATIN,6949,7087876,HEBREW,2000,385688
36,en,he,In which year did the Great Canadian flag debate officially begin?,באילו שנה החל באופן רשמי הוויכוח הגדול על דגל קנדה?,The Great Canadian flag debate officially began in **1964**.,הוויכוח הגדול על דגל קנדה החל באופן רשמי בשנת 1964.,True,3,history,date_time,43,55.0,0.7818181818181819,0,0.0,0.2312939186880952,2.9764523454752725,0.0,0.6044954475616876,50,55.0,0.9090909090909092,0,0.0,0.2391205762995036,1.921021768628371,0.0,0.4688752420257266,43,55.0,0.7818181818181819,0,0.0,0.2312939186880952,2.9764523454752725,0.0,0.6044954475616876,2.4615384615384617,4.0,0.0,1,2.909090909090909,3.0,0.0,1,Indo-European,Germanic,Afro-Asiatic,Semitic,LATIN,6949,7087876,HEBREW,2000,385688
59,en,he,In which year did the Whitehaven School become the Whitehaven Academy?,באיזו שנה בית הספר ווייטהייבן הפך לאקדמיית ווייטהייבן?,Whitehaven School officially became the Whitehaven Academy in **September 2012**.,בית הספר ווייטהייבן הפך לאקדמיית ווייטהייבן בשנת 2010.,False,1,history,date_time,14,28.0,0.5,1,0.125,0.1922167078095611,2.018270360206141,0.0,0.535107756922813,16,28.0,0.5714285714285714,1,0.125,0.2035542723006956,1.9129203165389508,0.0,0.5047575968550347,14,28.0,0.5,1,0.125,0.1922167078095611,2.018270360206141,0.0,0.535107756922813,2.363636363636364,4.0,0.0,1,2.363636363636364,3.0,0.0,1,Indo-European,Germanic,Afro-Asiatic,Semitic,LATIN,6949,7087876,HEBREW,2000,385688
38,en,he,When was the Uniform Residential Landlord and Tenant Act created?,מתי נוצר החוק האחיד לשכירות ולהשכרה למגורים?,The Uniform Residential Landlord and Tenant Act (URLTA) was approved and recommended for enactment in all states by the National Conference of Commissioners on Uniform State Laws in 1972.,החוק האחיד לשכירות ולהשכרה למגורים נכנס לתוקף ב-31 ביולי 2017.,False,1,law,date_time,12,28.0,0.4285714285714285,0,0.0,0.8567725484061174,3.3561565661668227,0.0,1.1182492270804507,16,28.0,0.5714285714285714,0,0.0,0.7311547846618816,2.568198462667985,0.0,0.878715653323498,12,28.0,0.4285714285714285,0,0.0,0.8567725484061174,3.3561565661668227,0.0,1.1182492270804507,2.5384615384615383,6.0,0.0,1,3.6,6.0,0.0,1,Indo-European,Germanic,Afro-Asiatic,Semitic,LATIN,6949,7087876,HEBREW,2000,385688
37,en,he,Who was the first female mayor in Turkey?,מי הייתה ראשת העיר הראשונה בטורקיה?,"The first female mayor in Turkey was Müfide İlhan, elected in Mersin in 1950.",האישה הראשונה שהפכה לראש עיר בטורקיה הייתה Müfide İlhan בשנת 1950. היא כיהנה כראש עיריית מרסין.,False,1,politics,person,15,28.0,0.5357142857142857,0,0.0,0.5580670924121167,3.3418593918227675,0.0,0.9987280206734924,16,28.0,0.5714285714285714,0,0.0,0.6176016076206776,2.6334945924079025,0.0,0.8861898450571781,15,28.0,0.5357142857142857,0,0.0,0.5580670924121167,3.3418593918227675,0.0,0.9987280206734924,2.3333333333333335,4.0,0.0,1,2.625,3.0,0.0,1,Indo-European,Germanic,Afro-Asiatic,Semitic,LATIN,6949,7087876,HEBREW,2000,385688
44,en,he,What was the specific purpose of a bulk material analyzer located just upstream of the raw mill in cement production?,מה הייתה המטרה הספציפית של מנתח חומרי גלם שהותקן בכיוון הזרימה של מתקן העיבוד בתהליך ייצור המלט?,"The specific purpose of a bulk material analyzer located just upstream of the raw mill in cement production is to **continuously monitor and analyze the chemical composition of the raw materials being fed into the raw mill to ensure optimal and consistent raw mix design for clinker production.**

Here's a breakdown of why this is important:

*   **Optimal Raw Mix Design:** Cement clinker is produced by burning a precisely controlled mixture of raw materials (typically limestone, clay, sand, and iron ore). The correct proportions of calcium, silica, alumina, and iron (the key oxides) are crucial for achieving the desired clinker quality and efficient burning","המטרה הספציפית של מנתח חומרי גלם שהותקן בכיוון הזרימה של מתקן העיבוד בתהליך ייצור המלט היא **ניטור וניתוח רציף בזמן אמת של הרכב חומרי הגלם לפני שהם נכנסים לתהליך הייצור**. 

מטרה זו מתפצלת למספר מטרות משנה חשובות:

*   **אופטימיזציה של תערובת חומרי הגלם:** ניתוח בזמן א",True,1,technology,scientific_technical,146,300.0,0.4866666666666667,0,0.0,0.5478055744149368,5.600536038145487,0.0,0.9583162753801578,204,300.0,0.68,0,0.0,0.5318728071058477,4.252227988381557,0.0,0.8544432926266182,146,300.0,0.4866666666666667,0,0.0,0.5478055744149368,5.600536038145487,0.0,0.9583162753801578,2.8,8.0,0.0,1,3.15,8.0,0.0,1,Indo-European,Germanic,Afro-Asiatic,Semitic,LATIN,6949,7087876,HEBREW,2000,385688
65,en,he,In what year was Greg Brown's album One More Goodnight Kiss released?,"באיזו שנה יצא האלבום ""One More Goodnight Kiss"" של גרג בראון?","Greg Brown's album ""One More Goodnight Kiss"" was released in **1988**.","האלבום ""One More Goodnight Kiss"" של גרג בראון יצא בשנת 1988.",True,1,arts,date_time,33,66.0,0.5,0,0.0,0.3923878583945426,3.2872300386585858,0.0,0.7571757412162546,47,66.0,0.7121212121212122,0,0.0,0.4452353749045184,3.40702198534577,0.0,0.8075852769175609,33,66.0,0.5,0,0.0,0.3923878583945426,3.2872300386585858,0.0,0.7571757412162546,2.6875,5.0,0.0,1,2.5384615384615383,4.0,0.0,1,Indo-European,Germanic,Afro-Asiatic,Semitic,LATIN,6949,7087876,HEBREW,2000,385688
35,en,he,What was the name of Nellie McKay's record label when Pretty Little Head was released?,מה היה שם הלייבל של נלי מקיי כאשר יצא האלבום Pretty Little Head?,Nellie McKay's album *Pretty Little Head* was released on **Hungry Mouse Records**.,הלייבל של נלי מקיי כשיצא האלבום Pretty Little Head היה Sire Records.,False,1,history,organization,50,105.0,0.4761904761904761,0,0.0,0.2619661559466955,4.926776623450964,0.0,0.9030503629889576,71,105.0,0.6761904761904762,0,0.0,0.2822805378376137,4.4590936741322516,0.0,0.8499546011819646,50,105.0,0.4761904761904761,0,0.0,0.2619661559466955,4.926776623450964,0.0,0.9030503629889576,2.6666666666666665,5.0,0.0,1,4.0625,5.0,0.0,1,Indo-European,Germanic,Afro-Asiatic,Semitic,LATIN,6949,7087876,HEBREW,2000,385688
51,en,he,How long does a Rector of Università Cattolica del Sacro Cuore remain in office?,כמה זמן נשאר רקטור Università Cattolica del Sacro Cuore בתפקידו?,The Rector of Università Cattolica del Sacro Cuore remains in office for a term of **four years**. They are eligible for reappointment only once.,"הרקטור הנוכחי של Università Cattolica del Sacro Cuore, פרנקו אנלי, מכהן בתפקיד מאז 2016. הכהונה שלו הוארכה עד 2028.",False,1,education,other,17,66.0,0.2575757575757575,2,0.1666666666666666,1.1110373432392828,8.683787682860663,0.0,2.066979852415412,25,66.0,0.3787878787878788,2,0.1666666666666666,0.6566667646871316,7.0731645574638975,0.0,1.440685862005398,17,66.0,0.2575757575757575,2,0.1666666666666666,1.1110373432392828,8.683787682860663,0.0,2.066979852415412,2.6666666666666665,5.0,0.0833333333333333,1,3.5,4.0,0.0,1,Indo-European,Germanic,Afro-Asiatic,Semitic,LATIN,6949,7087876,HEBREW,2000,385688
41,en,he,What was the name of the conference Campbell University's women's basketball team played in from 1994 to 2011?,באיזה קונפרנס שיחקה קבוצת כדורסל הנשים של אוניברסיטת קמפבל בשנים 1994 עד 2011?,"From 1994 to 2011, Campbell University's women's basketball team played in the **Atlantic Sun Conference** (formerly known as the Trans America Athletic Conference or TAAC).",קבוצת כדורסל הנשים של אוניברסיטת קמפבל שיחקה בקונפרנס ביג סאות' בשנים 1994 עד 2011.,False,1,sports,event,82,153.0,0.5359477124183006,1,0.0555555555555555,0.5256534005223363,4.503035895050384,0.0,0.8935465059977948,102,153.0,0.6666666666666666,1,0.0555555555555555,0.4863426792412782,3.612127673720946,0.0,0.7597765018581211,82,153.0,0.5359477124183006,1,0.0555555555555555,0.5256534005223363,4.503035895050384,0.0,0.8935465059977948,2.823529411764706,6.0,0.0,1,4.45,6.0,0.0,1,Indo-European,Germanic,Afro-Asiatic,Semitic,LATIN,6949,7087876,HEBREW,2000,385688
61,en,he,"What is the name of the album that the song ""That's What Love Is For"" was released on?","מהו שם האלבום שבו נכלל השיר ""That's What Love Is For""?","The song ""That's What Love Is For"" was released on the album **Leap of Faith**.","השיר ""That's What Love Is For"" נכלל באלבום שנקרא ""Stronger Than Pride"" של סייד (Sade).",False,1,culture,work_creation,81,105.0,0.7714285714285715,0,0.0,1.2276084262110707,4.169080725934177,0.0,1.379764270441736,93,105.0,0.8857142857142857,0,0.0,1.1660750509249984,4.255958362895551,0.0,1.421403418544791,81,105.0,0.7714285714285715,0,0.0,1.2276084262110707,4.169080725934177,0.0,1.379764270441736,3.0,6.0,0.0588235294117647,1,4.857142857142857,8.0,0.0476190476190476,1,Indo-European,Germanic,Afro-Asiatic,Semitic,LATIN,6949,7087876,HEBREW,2000,385688
47,en,he,When was the men's javelin throw event held at the 2010 Asian Games?,מתי נערכה תחרות הטלת הכידון לגברים במשחקי אסיה 2010?,"The men's javelin throw event at the 2010 Asian Games was held on **November 26, 2010**.",תחרות הטלת הכידון לגברים במשחקי אסיה 2010 נערכה ב-26 בנובמבר 2010.,True,1,sports,event,36,55.0,0.6545454545454545,0,0.0,0.6177142415187741,2.9779367654725166,0.0,0.9683188889541045,45,55.0,0.8181818181818182,0,0.0,0.4200233920719093,3.5792396648968383,0.0,0.7621582272422869,36,55.0,0.6545454545454545,0,0.0,0.6177142415187741,2.9779367654725166,0.0,0.9683188889541045,2.8333333333333335,5.0,0.0,1,3.357142857142857,5.0,0.0,1,Indo-European,Germanic,Afro-Asiatic,Semitic,LATIN,6949,7087876,HEBREW,2000,385688
32,en,he,"On which date was David Nail's album ""Fighter"" released?","באיזה תאריך יצא האלבום ""Fighter"" של דיוויד נייל?","David Nail's album ""Fighter"" was released on **July 15, 2016**.","האלבום ""Fighter"" של דיוויד נייל יצא ב-15 במאי 2001.",False,1,arts,date_time,42,55.0,0.7636363636363637,0,0.0,0.489348697454815,2.541470038016164,0.0,0.7810406492200621,45,55.0,0.8181818181818182,0,0.0,0.244106386951985,2.2646920922275435,0.0,0.4477343762154057,42,55.0,0.7636363636363637,0,0.0,0.489348697454815,2.541470038016164,0.0,0.7810406492200621,2.25,4.0,0.0,1,2.9166666666666665,4.0,0.0,1,Indo-European,Germanic,Afro-Asiatic,Semitic,LATIN,6949,7087876,HEBREW,2000,385688
62,en,he,Which data protection regulation in Brazil requires subject access requests to be fulfilled within a specific time frame?,איזה חוק הגנת נתונים בברזיל מחייב לעמוד בבקשות גישה של אדם לנתונים שמתייחסים אליו בתוך מסגרת זמן ספציפית?,"The data protection regulation in Brazil that requires subject access requests (also known as data access requests or individual rights requests) to be fulfilled within a specific timeframe is the **Lei Geral de Proteção de Dados (LGPD)**, or the General Data Protection Law.

Article 19 of the LGPD outlines the rights of the data subject, including the right to access their data. While the LGPD doesn't specify a strict, exact timeframe for fulfilling all types of access requests, it does require that controllers **respond to data subjects ""within a reasonable period of time.""**

The *National Data Protection Authority (ANPD)*","החוק הברזילאי להגנת מידע כללית (Lei Geral de Proteção de Dados Pessoais - LGPD), חוק מס' 13,709/2018, מחייב את הגורמים השולטים בנתונים לעמוד בבקשות גישה של אדם לנתונים האישיים שלו תוך מסגרת זמן סבירה. אמנם החוק לא מציין מסגרת זמן ספציפית, אך הוא דורש תגובה ""תוך זמן סביר"".

הגורם המפקח על הג",False,1,law,definition,148,210.0,0.7047619047619048,1,0.0476190476190476,0.3272321136999261,3.854854646295768,0.0,0.8425300582433146,164,210.0,0.780952380952381,1,0.0476190476190476,0.2776523687383555,3.3792132809949775,0.0,0.664120894035276,148,210.0,0.7047619047619048,1,0.0476190476190476,0.3272321136999261,3.854854646295768,0.0,0.8425300582433146,2.5217391304347827,8.0,0.0,1,2.9444444444444446,4.0,0.0,1,Indo-European,Germanic,Afro-Asiatic,Semitic,LATIN,6949,7087876,HEBREW,2000,385688
64,en,he,In which decade did Harry F. Sinclair purchase Rancocas Stable?,באיזה עשור רכש הארי פ' סינקלייר את אורוות רנקוקאס?,Harry F. Sinclair purchased Rancocas Stable in the **1920s**.,"הארי פ' סינקלייר רכש את אורוות רנקוקאס בעשור השני של המאה ה-20, כלומר בשנים 1910–1919.",True,1,history,date_time,21,45.0,0.4666666666666667,1,0.1,0.4646704106021398,2.32821159883816,0.0,0.7137462582828918,22,45.0,0.4888888888888889,1,0.1,0.4158677909967087,1.539107382301615,0.0,0.5750382117808296,21,45.0,0.4666666666666667,1,0.1,0.4646704106021398,2.32821159883816,0.0,0.7137462582828918,2.272727272727273,4.0,0.0,1,2.4,3.0,0.0,1,Indo-European,Germanic,Afro-Asiatic,Semitic,LATIN,6949,7087876,HEBREW,2000,385688
40,en,he,Who contributed to the album Keys to the Kingdom by North Mississippi Allstars?,מי תרם לאלבום ‏Keys to the Kingdom של North Mississippi Allstars?,"The album ""Keys to the Kingdom"" by North Mississippi Allstars featured significant contributions from the following:

*   **Luther Dickinson:** Vocals, guitar, bass, mandolin, drums, percussion, banjo
*   **Cody Dickinson:** Vocals, drums, guitar, percussion, programming
*   **Jim Dickinson:** Piano, keyboards, Mellotron, electric piano

Notably, the album was released shortly after Jim Dickinson's passing, making his contributions particularly poignant and a central element of the album's theme. Additionally, there were further contributions from family and friends of the band.","האלבום Keys to the Kingdom של North Mississippi Allstars יצא ב-2011 ונועד להנציח את זכרו של ג'ים דיקינסון, אביהם של חברי הלהקה, לותר וקודי דיקינסון.

המשתתפים באלבום כוללים את:

*   **לותר דיקינסון** - גיטרות, שירה
*   **קודי דיקינסון** - תופים, קלידים, שירה
*   **Chris Chew** - בס, שירה
*   **",False,1,culture,work_creation,71,325.0,0.2184615384615384,2,0.0769230769230769,0.8825838024269486,6.64192885232987,0.0,1.4594069921034458,98,325.0,0.3015384615384615,2,0.0769230769230769,0.7774622362616823,6.710263645749498,0.0,1.2994604360118354,71,325.0,0.2184615384615384,2,0.0769230769230769,0.8825838024269486,6.64192885232987,0.0,1.4594069921034458,2.6153846153846154,5.0,0.0,1,3.3846153846153846,4.0,0.0769230769230769,1,Indo-European,Germanic,Afro-Asiatic,Semitic,LATIN,6949,7087876,HEBREW,2000,385688
43,en,he,What term is used in South Africa to describe someone who obtains government contracts to facilitate outsourced services?,באיזה מונח משתמשים בדרום אפריקה כדי לתאר מישהו שמשיג חוזים ממשלתיים על מנת לקדם שירותים במיקור חוץ?,"The term used in South Africa to describe someone who obtains government contracts to facilitate outsourced services, often with the implication of corruption or undue influence, is **""tenderpreneur.""**

This term combines ""tender"" (referring to the bidding process for government contracts) and ""entrepreneur,"" but it carries a strong negative connotation. It suggests that the person's ""entrepreneurial"" success is primarily based on securing government contracts through questionable means, rather than genuine business acumen or competitive pricing. They are often perceived as middlemen who benefit from the outsourcing process without adding significant value and sometimes through corrupt practices like bribery or cronyism.","בדרום אפריקה, אדם שמשיג חוזים ממשלתיים כדי לקדם שירותים במיקור חוץ מכונה לעתים קרובות ""מפעיל מכרזים"" או ""מפעיל"". מונחים אחרים המשמשים, לעתים קרובות בהקשר שלילי, כוללים ""קאדר פרסום"" או ""יזם שחור"".",False,2,technology,definition,96,153.0,0.6274509803921569,1,0.0555555555555555,0.3514947638811165,5.630297367816961,0.0,0.8948389103428561,115,153.0,0.7516339869281046,1,0.0555555555555555,0.3248854156583696,4.67633143177877,0.0,0.6980739197282972,96,153.0,0.6274509803921569,1,0.0555555555555555,0.3514947638811165,5.630297367816961,0.0,0.8948389103428561,2.5,8.0,0.0,1,2.5555555555555554,7.0,0.0,1,Indo-European,Germanic,Afro-Asiatic,Semitic,LATIN,6949,7087876,HEBREW,2000,385688
53,en,he,What type of health care group is St John of God Health Care?,איזה סוג של קבוצת בריאות היא St John of God Health Care?,St John of God Health Care is a **Catholic not-for-profit private health care group**.,St John of God Health Care היא קבוצת בריאות פרטית ללא מטרות רווח.,False,1,health,organization,82,120.0,0.6833333333333333,0,0.0,0.6359255448842687,6.441540387734249,0.0,1.3027815158811826,106,120.0,0.8833333333333333,0,0.0,0.5347371136993214,5.572844035169864,0.0,1.0955921052657394,82,120.0,0.6833333333333333,0,0.0,0.6359255448842687,6.441540387734249,0.0,1.3027815158811826,2.6666666666666665,4.0,0.0,1,2.6923076923076925,5.0,0.0,1,Indo-European,Germanic,Afro-Asiatic,Semitic,LATIN,6949,7087876,HEBREW,2000,385688
49,en,he,What did Archer Capital purchase in partnership with the management of Australian Geographic in 1998?,מה רכשה ארצ'ר קפיטל בשותפות עם הנהלת Australian Geographic ב-1998?,"In 1998, Archer Capital purchased **Australian Geographic** in partnership with its management.","ארצ'ר קפיטל, בשותפות עם הנהלת Australian Geographic, רכשה את **Australian Geographic Society** ב-1998.",False,1,geography,work_creation,22,66.0,0.3333333333333333,0,0.0,0.4177639390896602,2.9214692315836666,0.0,0.7707225054642173,30,66.0,0.4545454545454545,0,0.0,0.3693859621202029,2.1792737001745826,0.0,0.701184795379038,22,66.0,0.3333333333333333,0,0.0,0.4177639390896602,2.9214692315836666,0.0,0.7707225054642173,3.0,5.0,0.0,1,3.066666666666667,5.0,0.0,1,Indo-European,Germanic,Afro-Asiatic,Semitic,LATIN,6949,7087876,HEBREW,2000,385688
34,en,he,"According to some writers, which ancient city is equated with Parrhasia?","על פי כמה סופרים, איזו עיר עתיקה מזוהה עם פרהסיה?","According to some writers, **Azania** is equated with Parrhasia.","לפי מספר סופרים, העיר העתיקה **ירושלים** מזוהה עם פרהסיה.",False,1,history,location,36,55.0,0.6545454545454545,1,0.0909090909090909,0.2370123511107193,4.266478750234192,0.0,0.7557042367015218,36,55.0,0.6545454545454545,1,0.0909090909090909,0.2067043513041649,3.2731280428892813,0.0,0.5497235700170707,36,55.0,0.6545454545454545,1,0.0909090909090909,0.2370123511107193,4.266478750234192,0.0,0.7557042367015218,1.9090909090909092,4.0,0.0,1,2.0,4.0,0.0,1,Indo-European,Germanic,Afro-Asiatic,Semitic,LATIN,6949,7087876,HEBREW,2000,385688
52,en,he,What is the Planck mass denoted by in the equation for the Vainshtein radius?,מהי מסת פלאנק שמוזכרת במשוואה לרדיוס ויינשטיין?,"The Planck mass, often denoted as $M_{Pl}$ or $m_{Pl}$, appears in the equation for the Vainshtein radius in modified gravity theories, particularly in theories like massive gravity or Galileon theories.  Its presence is related to the fact that these theories often involve modifications to Einstein's general relativity at high energy scales or short distances, where quantum gravity effects might become relevant.

Specifically, the Planck mass in the Vainshtein radius equation often appears in the form of Newton's gravitational constant, $G_N$, since:

$M_{Pl} = \sqrt{\frac{\hbar c}{G","מסת פלאנק אינה מופיעה במשוואה המקובלת לרדיוס שוורצשילד (ולא רדיוס ויינשטיין). רדיוס שוורצשילד מחושב באמצעות קבוע הכבידה העולמי, המסה של האובייקט ומהירות האור.

עם זאת, מסת פלאנק היא יחידת מסה בסיסית במערכת יחידות פלאנק, המשמשת בתחומים כמו פיזיקה תיאורטית, תורת המיתרים וכבי",False,1,science,scientific_technical,9,36.0,0.25,0,0.0,1.8473830393874,5.223974157661712,0.0,1.8140828714490969,13,36.0,0.3611111111111111,0,0.0,1.289063743101516,4.285352415010889,0.0,1.3698451625575054,9,36.0,0.25,0,0.0,1.8473830393874,5.223974157661712,0.0,1.8140828714490969,2.5,5.0,0.0,1,3.0,4.0,0.0,1,Indo-European,Germanic,Afro-Asiatic,Semitic,LATIN,6949,7087876,HEBREW,2000,385688
54,en,he,What month did the K-1: K’Festa 3 event take place in?,באיזה חודש התקיים אירוע K-1: K’Festa 3?,The K-1: K'Festa 3 event took place in **March** of 2020.,אירוע K-1: K’Festa 3 התקיים במרץ 2020.,True,1,history,event,25,36.0,0.6944444444444444,0,0.0,0.8127345372708524,4.226696625792767,0.0,1.1124199444287033,30,36.0,0.8333333333333334,0,0.0,0.3402021071963338,2.118810489471436,0.0,0.62159920549445,25,36.0,0.6944444444444444,0,0.0,0.8127345372708524,4.226696625792767,0.0,1.1124199444287033,1.6666666666666667,6.0,0.0,1,3.533333333333333,4.0,0.0666666666666666,1,Indo-European,Germanic,Afro-Asiatic,Semitic,LATIN,6949,7087876,HEBREW,2000,385688
50,en,he,What medal did Nguyễn Thị Mỹ Đức win in women's changquan at the 2002 Asian Games?,באיזו מדליה לנשים זכתה נגויין תי-מי-דוק במשחקי אסיה שנערכו בצ'אנגצ'ואן בשנת 2002?,Nguyễn Thị Mỹ Đức won a **bronze** medal in women's changquan at the 2002 Asian Games.,נגויין תי-מי-דוק זכתה במדליית זהב בתחרות ה-Taolu Taijijian לנשים במשחקי אסיה שנערכו בצ'אנגצ'ואן בשנת 2002.,False,1,sports,other,66,153.0,0.4313725490196078,0,0.0,0.9949096207309333,5.712557256811053,0.0,1.3025290680276576,89,153.0,0.5816993464052288,0,0.0,0.8480156700176771,5.721981431258365,0.0,1.1158379225797204,66,153.0,0.4313725490196078,0,0.0,0.9949096207309333,5.712557256811053,0.0,1.3025290680276576,2.6818181818181817,5.0,0.0,1,3.588235294117647,4.0,0.0,1,Indo-European,Germanic,Afro-Asiatic,Semitic,LATIN,6949,7087876,HEBREW,2000,385688
58,en,he,In what city did the 1984 Summer Olympics men's 100 metre butterfly final take place?,באיזו עיר התקיים הגמר של מקצה פרפר 100 מטר לגברים באולימפיאדת הקיץ 1984?,The 1984 Summer Olympics men's 100 metre butterfly final took place in **Los Angeles**.,לוס אנג'לס,True,1,sports,location,85,120.0,0.7083333333333334,0,0.0,0.9427547016281488,6.545771307175662,0.0,1.528440752481515,111,120.0,0.925,0,0.0,0.7458257885428626,6.06579829854571,0.0,1.2520994104598373,85,120.0,0.7083333333333334,0,0.0,0.9427547016281488,6.545771307175662,0.0,1.528440752481515,3.1052631578947367,5.0,0.0,1,2.4375,4.0,0.0,1,Indo-European,Germanic,Afro-Asiatic,Semitic,LATIN,6949,7087876,HEBREW,2000,385688
48,en,he,What was the name of the protagonist in the Prizzi novels?,איך נקרא הפרוטגוניסט ברומנים של פריצי?,The protagonist in the Prizzi novels is **Charley Partanna**.,הפרוטגוניסט ברומנים של פריצי נקרא מריו קונדה.,False,1,law,work_creation,8,28.0,0.2857142857142857,1,0.125,0.044991648437777,0.2050329670532401,0.0,0.078929247146264,10,28.0,0.3571428571428571,1,0.125,0.1249337968952391,1.2493379689523914,0.0,0.3748013906857174,8,28.0,0.2857142857142857,1,0.125,0.044991648437777,0.2050329670532401,0.0,0.078929247146264,2.375,4.0,0.0,1,2.909090909090909,5.0,0.0,1,Indo-European,Germanic,Afro-Asiatic,Semitic,LATIN,6949,7087876,HEBREW,2000,385688
33,en,hi,In which country was AFN Bremerhaven located?,AFN Bremerhaven किस देश में स्थित था?,AFN Bremerhaven was located in **Germany**.,AFN Bremerhaven जर्मनी में स्थित था।,True,1,geography,location,6,15.0,0.4,1,0.1666666666666666,0.8328843795427566,2.258966263572459,0.0,0.794652522973621,6,15.0,0.4,1,0.1666666666666666,0.4437711415838019,1.5958917539637392,0.0,0.5438397907676097,6,15.0,0.4,1,0.1666666666666666,0.8328843795427566,2.258966263572459,0.0,0.794652522973621,1.7142857142857142,3.0,0.0,1,1.8571428571428572,3.0,0.0,1,Indo-European,Germanic,Indo-European,Indo-Aryan,LATIN,6949,7087876,DEVANAGARI,3500,167234
30,en,hi,What was the position of August Joseph Donatelli's plane during World War II when it was shot down?,द्वितीय विश्व युद्ध के दौरान ऑगस्ट जोसेफ़ डोनाटेली का हवाई जहाज़ किस जगह पर मार गिराया गया था?,"August Joseph Donatelli was flying a B-24 Liberator bomber named ""The Deacon"" as part of the 376th Bomb Group, 513th Bomb Squadron. On **August 1, 1943, during Operation Tidal Wave, a raid on the oil refineries at Ploesti, Romania**, his plane was shot down.

Specifically, ""The Deacon"" **was shot down *after* bombing its target, the Astra Romana Refinery in Ploesti.** While exact accounts vary slightly, it's generally accepted that it was hit by heavy flak while heading away from the target. The plane",द्वितीय विश्व युद्ध के दौरान ऑगस्ट जोसेफ़ डोनाटेली का हवाई जहाज़ फ्रांस में मार गिराया गया था।,False,1,history,event,92,153.0,0.6013071895424836,2,0.1111111111111111,0.5137498180387041,6.03314044316466,0.0,1.1485440533625466,101,153.0,0.6601307189542484,2,0.1111111111111111,0.3577936866525175,4.648673010574453,0.0,0.8734193654588532,92,153.0,0.6013071895424836,2,0.1111111111111111,0.5137498180387041,6.03314044316466,0.0,1.1485440533625466,2.4444444444444446,4.0,0.0,1,4.0,5.0,0.0,1,Indo-European,Germanic,Indo-European,Indo-Aryan,LATIN,6949,7087876,DEVANAGARI,3500,167234
55,en,hi,What was the television network that aired The Greatest Canadian Invention?,द ग्रेटेस्ट कनेडियन इन्वेंशन को किस टेलीविजन नेटवर्क ने प्रसारित किया था?,The television network that aired The Greatest Canadian Invention was **CBC (Canadian Broadcasting Corporation)**.,कनाडा के महानतम आविष्कारों को CBC (कनाडियन ब्रॉडकास्टिंग कॉर्पोरेशन) टेलीविजन नेटवर्क द्वारा प्रसारित किया गया था।,False,1,culture,organization,31,55.0,0.5636363636363636,0,0.0,0.483074960794646,4.33590197905699,0.0,1.0023359620564285,33,55.0,0.6,0,0.0,0.27931518967666,3.2930765463590173,0.0,0.7081357995468206,31,55.0,0.5636363636363636,0,0.0,0.483074960794646,4.33590197905699,0.0,1.0023359620564285,2.0833333333333335,3.0,0.0,1,2.909090909090909,5.0,0.0,1,Indo-European,Germanic,Indo-European,Indo-Aryan,LATIN,6949,7087876,DEVANAGARI,3500,167234
39,en,hi,Since which decade did bowl games start counting toward single-season and career statistics?,बाउल गेम को किस दशक से सिंगल-सीज़न और करियर के आंकड़ों में गिना जाने लगा?,Bowl game statistics started counting toward single-season and career statistics in **2002**.,2002 से बाउल गेम को सिंगल-सीज़न और करियर के आंकड़ों में गिना जाने लगा।,True,1,sports,date_time,92,120.0,0.7666666666666667,0,0.0,0.1627324101204797,2.3734199618089655,0.0,0.4286194097379922,110,120.0,0.9166666666666666,0,0.0,0.1078491069983121,1.8757050906987012,0.0,0.3368427075040744,92,120.0,0.7666666666666667,0,0.0,0.1627324101204797,2.3734199618089655,0.0,0.4286194097379922,3.066666666666667,5.0,0.0,1,2.8666666666666667,6.0,0.0,1,Indo-European,Germanic,Indo-European,Indo-Aryan,LATIN,6949,7087876,DEVANAGARI,3500,167234
63,en,hi,What is the original name of Entebbe General Hospital?,एंटेबे जनरल अस्पताल का मूल नाम क्या है?,The original name of Entebbe General Hospital was **Entebbe Grade B Hospital**.,एंटेबे जनरल अस्पताल का मूल नाम गोवेर्मेंट अफ्रीकन हॉस्पिटल था।,False,2,health,definition,35,45.0,0.7777777777777778,0,0.0,0.3348462283621391,3.1424065683311886,0.0,0.686708439626151,36,45.0,0.8,0,0.0,0.1048478583632046,1.9362719329528084,0.0,0.3375120604807858,35,45.0,0.7777777777777778,0,0.0,0.3348462283621391,3.1424065683311886,0.0,0.686708439626151,1.5,4.0,0.0,1,3.0,4.0,0.0,1,Indo-European,Germanic,Indo-European,Indo-Aryan,LATIN,6949,7087876,DEVANAGARI,3500,167234
56,en,hi,What was the name of the University of Detroit's halfback in the 1929 football season?,साल 1929 के फ़ुटबॉल सीज़न में डेट्रॉइट यूनिवर्सिटी के हाफ़बैक का क्या नाम था?,The University of Detroit's star halfback in the 1929 season was **Lloyd Brazil**.,"साल 1929 के फ़ुटबॉल सीज़न में डेट्रॉइट यूनिवर्सिटी के हाफ़बैक की पहचान के बारे में कोई ठोस जानकारी ऑनलाइन उपलब्ध नहीं है। टीम के रोस्टर या उस समय के समाचार लेखों तक पहुंच के बिना, इस प्रश्न का सटीक उत्तर देना मुश्किल है।",False,1,sports,person,34,78.0,0.4358974358974359,1,0.0769230769230769,0.0745400749560982,0.8984487501426646,0.0,0.1997744860283949,47,78.0,0.6025641025641025,1,0.0769230769230769,0.1695641486466841,2.617849997517856,0.0,0.5905438326422424,34,78.0,0.4358974358974359,1,0.0769230769230769,0.0745400749560982,0.8984487501426646,0.0,0.1997744860283949,1.9285714285714288,4.0,0.0,1,3.75,6.0,0.0625,1,Indo-European,Germanic,Indo-European,Indo-Aryan,LATIN,6949,7087876,DEVANAGARI,3500,167234
42,en,hi,What is the original name of the Flood Modeller software?,फ़्लड मॉडलर सॉफ़्टवेयर का मूल नाम क्या है?,The original name of the Flood Modeller software was **ISIS**.,"फ्लड मॉडलर सॉफ़्टवेयर का मूल नाम **हेक-आरएएस (HEC-RAS)** था।

हेक-आरएएस का अर्थ है **Hydrologic Engineering Center's River Analysis System**.",False,1,technology,work_creation,19,36.0,0.5277777777777778,2,0.2222222222222222,0.2814474353790692,0.90218423495505,0.0,0.3295109095486514,20,36.0,0.5555555555555556,2,0.2222222222222222,0.0801353882466047,0.9386100167515916,0.0,0.2104678315152722,19,36.0,0.5277777777777778,2,0.2222222222222222,0.2814474353790692,0.90218423495505,0.0,0.3295109095486514,1.5,4.0,0.0,1,3.2,5.0,0.0,1,Indo-European,Germanic,Indo-European,Indo-Aryan,LATIN,6949,7087876,DEVANAGARI,3500,167234
46,en,hi,What religious practice did the Magars follow?,मेगर लोग किस धार्मिक रीति-रिवाज का पालन करते थे?,"The Magar people have a diverse range of religious practices, primarily influenced by Hinduism and Buddhism, alongside their indigenous traditions.

*   **Hinduism:** Many Magars, especially those in the southern regions, follow Hinduism and observe Hindu festivals and rituals.

*   **Buddhism:** Buddhism is also prevalent, particularly in the northern Magar communities, with influences from Tibetan Buddhism.

*   **Indigenous Beliefs:** Importantly, the Magars have their own unique pre-Hindu and pre-Buddhist animistic beliefs and shamanistic practices, often centered around ancestor worship, nature spirits, and the role of shamans (Dhami","मेगर लोग मुख्य रूप से हिंदू धर्म का पालन करते थे। उनकी धार्मिक प्रथाओं में प्रकृति की पूजा, स्थानीय देवी-देवताओं की पूजा और विभिन्न अनुष्ठान शामिल थे। वे कर्म और पुनर्जन्म में विश्वास करते थे और मंदिरों और तीर्थस्थलों पर जाते थे।",False,1,culture,other,44,78.0,0.5641025641025641,0,0.0,0.7921914689918954,7.842201246287157,0.0,1.7133863821663864,52,78.0,0.6666666666666666,0,0.0,0.4986568098436368,6.451543306601497,0.0,1.3275362401610915,44,78.0,0.5641025641025641,0,0.0,0.7921914689918954,7.842201246287157,0.0,1.7133863821663864,1.8888888888888888,4.0,0.0,1,1.8571428571428572,3.0,0.0,1,Indo-European,Germanic,Indo-European,Indo-Aryan,LATIN,6949,7087876,DEVANAGARI,3500,167234
57,en,hi,What does the lowest part of the Espiritu Santo Formation consist of?,एस्पिरिटु सैंटो फ़ॉर्मेशन का सबसे निचला हिस्सा किससे बना है?,The lowest part of the Espiritu Santo Formation consists of **a basal red conglomerate and sandstone**.,"एस्पिरिटु सैंटो फ़ॉर्मेशन का सबसे निचला हिस्सा, *रेगोलीथ, ब्रेशिया और आंशिक रूप से रूपांतरित मेटासेडीमेंट्स* से बना है।",False,1,science,definition,39,91.0,0.4285714285714285,3,0.2142857142857142,0.6267418531134853,6.5550240763876255,0.0,1.2632852487192467,43,91.0,0.4725274725274725,3,0.2142857142857142,0.3902868792129263,5.105243360534844,0.0,0.9183923488893172,39,91.0,0.4285714285714285,3,0.2142857142857142,0.6267418531134853,6.5550240763876255,0.0,1.2632852487192467,1.6,4.0,0.0,1,4.666666666666667,4.0,0.0833333333333333,1,Indo-European,Germanic,Indo-European,Indo-Aryan,LATIN,6949,7087876,DEVANAGARI,3500,167234
66,en,hi,In which year was the Toronto edition of Ming Pao Daily News launched?,टोरंटो में मिंग पाओ डेली न्यूज़ किस साल लॉन्च किया गया था?,The Toronto edition of Ming Pao Daily News was launched in **1993**.,टोरंटो में मिंग पाओ डेली न्यूज़ 1993 में लॉन्च किया गया था।,True,1,history,date_time,34,55.0,0.6181818181818182,0,0.0,0.4855603570369266,2.7179588383286313,0.0,0.7445757401829015,40,55.0,0.7272727272727273,0,0.0,0.2626852016026882,2.025745471867488,0.0,0.4845383276143712,34,55.0,0.6181818181818182,0,0.0,0.4855603570369266,2.7179588383286313,0.0,0.7445757401829015,2.5,3.0,0.0,1,3.6153846153846154,4.0,0.0,1,Indo-European,Germanic,Indo-European,Indo-Aryan,LATIN,6949,7087876,DEVANAGARI,3500,167234
31,en,hi,In what year was the NIH MERIT Award first created?,एनआईएच मेरिट अवॉर्ड पहली बार किस साल शुरू किया गया था?,The NIH (National Institutes of Health) MERIT (Method to Extend Research in Time) Award was first created in **1986**.,एनआईएच मेरिट अवॉर्ड पहली बार 1982 में शुरू किया गया था।,False,1,health,date_time,36,55.0,0.6545454545454545,0,0.0,0.3839639637821129,3.3179300110520535,0.0,0.6314780258077723,46,55.0,0.8363636363636363,0,0.0,0.1461731467698127,1.9797013914927235,0.0,0.3296941980254583,36,55.0,0.6545454545454545,0,0.0,0.3839639637821129,3.3179300110520535,0.0,0.6314780258077723,2.1818181818181817,3.0,0.0,1,2.6,3.0,0.0,1,Indo-European,Germanic,Indo-European,Indo-Aryan,LATIN,6949,7087876,DEVANAGARI,3500,167234
45,en,hi,What was the name of the military base established in the Vedder Crossing area in 1941?,"साल 1941 में, वेडर क्रॉसिंग एरिया में कौनसा सैनिक अड्डा बनाया गया था?",The military base established in the Vedder Crossing area in 1941 was called **Camp Chilliwack**.,"साल 1941 में, वेडर क्रॉसिंग एरिया में **मिलिट्री कैंप वेडर** नाम का सैनिक अड्डा बनाया गया था।",False,1,history,entity_object,22,66.0,0.3333333333333333,2,0.1666666666666666,0.4502044724773959,2.9717049676422147,0.0,0.8307513182857893,28,66.0,0.4242424242424242,2,0.1666666666666666,0.3182557213946805,2.1366266324706182,0.0,0.5890694781459936,22,66.0,0.3333333333333333,2,0.1666666666666666,0.4502044724773959,2.9717049676422147,0.0,0.8307513182857893,2.357142857142857,3.0,0.0,1,3.4375,6.0,0.0,1,Indo-European,Germanic,Indo-European,Indo-Aryan,LATIN,6949,7087876,DEVANAGARI,3500,167234
60,en,hi,"In the 1999 New Zealand general election, which party did Helen Clark lead to victory?",न्यूज़ीलैंड में 1999 में हुए आम चुनाव में हेलेन क्लार्क की अगुवाई में किस पार्टी को जीत मिली?,Helen Clark led the Labour Party to victory in the 1999 New Zealand general election.,न्यूज़ीलैंड में 1999 में हुए आम चुनाव में हेलेन क्लार्क की अगुवाई में लेबर पार्टी को जीत मिली।,True,2,politics,person,72,105.0,0.6857142857142857,0,0.0,0.4054233620091999,3.7148611388937183,0.0,0.8041341236343152,88,105.0,0.8380952380952381,0,0.0,0.2211166005365611,2.865851807067593,0.0,0.5168931784004676,72,105.0,0.6857142857142857,0,0.0,0.4054233620091999,3.7148611388937183,0.0,0.8041341236343152,2.2777777777777777,5.0,0.0,1,2.8125,4.0,0.0,1,Indo-European,Germanic,Indo-European,Indo-Aryan,LATIN,6949,7087876,DEVANAGARI,3500,167234
29,en,hi,What kind of systems does International Road Dynamics provide to ensure that vehicles depart terminals within acceptable weight limits?,International Road Dynamics यह पक्का करने के लिए कौनसे सिस्टम मुहैया कराता है कि टर्मिनल से तय सीमा में वज़न ढोने वाले वाहन ही गुज़र पाएं?,"International Road Dynamics (IRD) provides a comprehensive suite of systems designed to ensure vehicles depart terminals within acceptable weight limits. These systems typically fall under the umbrella of **Weigh-In-Motion (WIM)** technology and related solutions. Here's a breakdown of the types of systems they offer:

*   **High-Speed Weigh-In-Motion (HS-WIM) Systems:**

    *   **Purpose:** These systems are designed to accurately weigh vehicles while they are traveling at normal highway speeds. They are installed directly into the road surface and can capture weight data without requiring vehicles to stop.
    *   **","इंटरनेशनल रोड डायनेमिक्स (International Road Dynamics) यह पक्का करने के लिए कि टर्मिनल से तय सीमा में वज़न ढोने वाले वाहन ही गुज़र पाएं, कई तरह के सिस्टम मुहैया कराता है, जिनमें शामिल हैं:

*   **वे-इन-मोशन (WIM) सिस्टम:** ये सिस्टम चलते हुए वाहनों का वज़न मापते हैं, जिससे उन वाहनों की पहचान की जा सकती है जो तय सीमा से ज़्यादा वज़न ढो रहे हैं।
*   **ऑटोमेटेड व्हीकल क्लासिफिकेशन (AVC) सिस्टम:** ये सिस्टम वाहनों के प्रकार और आकार को पहचानते हैं, जिससे यह",False,1,technology,other,227,378.0,0.6005291005291006,0,0.0,0.3074283814132308,6.6362444942054175,0.0,0.8654427584802776,259,378.0,0.6851851851851852,0,0.0,0.2102434805461391,5.813291138950811,0.0,0.6592551765281309,227,378.0,0.6005291005291006,0,0.0,0.3074283814132308,6.6362444942054175,0.0,0.8654427584802776,3.8461538461538463,8.0,0.0769230769230769,1,2.6842105263157894,5.0,0.0,1,Indo-European,Germanic,Indo-European,Indo-Aryan,LATIN,6949,7087876,DEVANAGARI,3500,167234
67,en,hi,What was artistic swimming previously known as?,कलात्मक तैराकी को पहले क्या कहा जाता था?,Artistic swimming was previously known as **synchronized swimming**.,कलात्मक तैराकी को पहले **सिंक्रोनाइज़्ड तैराकी** कहा जाता था।,True,1,sports,definition,26,36.0,0.7222222222222222,1,0.1111111111111111,0.2727540750625915,5.982061563968135,0.0,1.160851401440793,26,36.0,0.7222222222222222,1,0.1111111111111111,0.2090487768542727,5.365925617578858,0.0,1.031461434421435,26,36.0,0.7222222222222222,1,0.1111111111111111,0.2727540750625915,5.982061563968135,0.0,1.160851401440793,1.875,3.0,0.0,1,3.0,3.0,0.1428571428571428,1,Indo-European,Germanic,Indo-European,Indo-Aryan,LATIN,6949,7087876,DEVANAGARI,3500,167234
36,en,hi,In which year did the Great Canadian flag debate officially begin?,द ग्रेट कनेडियन फ़्लैग डिबेट आधिकारिक तौर पर किस साल शुरू हुआ था?,The Great Canadian flag debate officially began in **1964**.,द ग्रेट कनेडियन फ़्लैग डिबेट आधिकारिक तौर पर 1964 में शुरू हुआ था।,True,3,history,date_time,31,66.0,0.4696969696969697,0,0.0,0.3140988550180676,3.1947440118570354,0.0,0.6813933464670604,45,66.0,0.6818181818181818,0,0.0,0.1644923821658054,1.9700985259612016,0.0,0.4127615982992456,31,66.0,0.4696969696969697,0,0.0,0.3140988550180676,3.1947440118570354,0.0,0.6813933464670604,2.3846153846153846,3.0,0.0,1,2.909090909090909,3.0,0.0,1,Indo-European,Germanic,Indo-European,Indo-Aryan,LATIN,6949,7087876,DEVANAGARI,3500,167234
59,en,hi,In which year did the Whitehaven School become the Whitehaven Academy?,व्हाइटहेवन स्कूल किस साल व्हाइटहेवन अकैडमी बन गया?,Whitehaven School officially became the Whitehaven Academy in **September 2012**.,व्हाइटहेवन स्कूल 1973 में व्हाइटहेवन अकैडमी बन गया।,False,1,history,date_time,18,28.0,0.6428571428571429,1,0.125,0.2173754560843939,1.8374670327968603,0.0,0.4927448810821176,19,28.0,0.6785714285714286,1,0.125,0.0968494322230363,1.452942452946022,0.0,0.3247275174576509,18,28.0,0.6428571428571429,1,0.125,0.2173754560843939,1.8374670327968603,0.0,0.4927448810821176,1.875,3.0,0.0,1,2.363636363636364,3.0,0.0,1,Indo-European,Germanic,Indo-European,Indo-Aryan,LATIN,6949,7087876,DEVANAGARI,3500,167234
38,en,hi,When was the Uniform Residential Landlord and Tenant Act created?,यूनिफ़ॉर्म रेज़िडेंशियल लैंडलॉर्ड ऐंड टेनेंट ऐक्ट कब लाया गया था?,The Uniform Residential Landlord and Tenant Act (URLTA) was approved and recommended for enactment in all states by the National Conference of Commissioners on Uniform State Laws in 1972.,यूनिफ़ॉर्म रेज़िडेंशियल लैंडलॉर्ड ऐंड टेनेंट ऐक्ट (Uniform Residential Landlord and Tenant Act - URLTA) 1972 में लाया गया था।,True,1,law,date_time,8,45.0,0.1777777777777777,1,0.1,1.0844126550600404,2.657264274516423,0.0,1.0849574279086545,13,45.0,0.2888888888888888,1,0.1,0.7567589061026279,3.142983517873606,0.0,0.8888221190956134,8,45.0,0.1777777777777777,1,0.1,1.0844126550600404,2.657264274516423,0.0,1.0849574279086545,2.4,3.0,0.0,1,3.6,6.0,0.0,1,Indo-European,Germanic,Indo-European,Indo-Aryan,LATIN,6949,7087876,DEVANAGARI,3500,167234
37,en,hi,Who was the first female mayor in Turkey?,तुर्किये की पहली महिला मेयर कौन थीं?,"The first female mayor in Turkey was Müfide İlhan, elected in Mersin in 1950.",तुर्किये की पहली महिला मेयर मुफीदे इल्हान थीं। उन्हें 1933 में मेयर चुना गया था।,True,1,politics,person,15,36.0,0.4166666666666667,3,0.3333333333333333,0.446498794779038,1.9285568143265548,0.0,0.5846786237808876,15,36.0,0.4166666666666667,3,0.3333333333333333,0.1972104233854565,0.8824506973765265,0.0,0.2754627894006203,15,36.0,0.4166666666666667,3,0.3333333333333333,0.446498794779038,1.9285568143265548,0.0,0.5846786237808876,1.7142857142857142,4.0,0.0,1,2.625,3.0,0.0,1,Indo-European,Germanic,Indo-European,Indo-Aryan,LATIN,6949,7087876,DEVANAGARI,3500,167234
44,en,hi,What was the specific purpose of a bulk material analyzer located just upstream of the raw mill in cement production?,सीमेंट बनाने के दौरान कच्चा माल मिलाने वाली मशीन के ठीक ऊपर बल्क मटेरियल एनालाइज़र क्यों रखा जाता है?,"The specific purpose of a bulk material analyzer located just upstream of the raw mill in cement production is to **continuously monitor and analyze the chemical composition of the raw materials being fed into the raw mill to ensure optimal and consistent raw mix design for clinker production.**

Here's a breakdown of why this is important:

*   **Optimal Raw Mix Design:** Cement clinker is produced by burning a precisely controlled mixture of raw materials (typically limestone, clay, sand, and iron ore). The correct proportions of calcium, silica, alumina, and iron (the key oxides) are crucial for achieving the desired clinker quality and efficient burning","सीमेंट बनाने के दौरान कच्चा माल मिलाने वाली मशीन के ठीक ऊपर बल्क मटेरियल एनालाइज़र लगाने के कई महत्वपूर्ण कारण हैं:

*   **रियल-टाइम विश्लेषण:** बल्क मटेरियल एनालाइज़र का मुख्य उद्देश्य कच्चे माल की रासायनिक संरचना का तुरंत विश्लेषण करना है। इसे मिक्सिंग मशीन के ऊपर लगाने से, सामग्री को प्रोसेस में डालने से पहले ही उसकी गुणवत्ता जांची जा सकती है। यह रियल-टाइम डेटा ऑपरेटरों को सामग्री के अनुपात को तुरंत समायोजित करने और वांछित सीमेंट मिश्रण प्राप्त करने की अनुमति देता है।

*   **गुणवत्ता नियंत्रण:** सीमेंट की गुणवत्ता कच्चे माल के सटीक मिश्रण पर निर्भर करती",True,1,technology,scientific_technical,377,465.0,0.810752688172043,0,0.0,0.4230163989873739,5.869125678728478,0.0,0.9326057921598166,419,465.0,0.9010752688172043,0,0.0,0.3282275418663223,4.589019829372971,0.0,0.7429442448529205,377,465.0,0.810752688172043,0,0.0,0.4230163989873739,5.869125678728478,0.0,0.9326057921598166,2.736842105263158,5.0,0.0526315789473684,1,3.15,8.0,0.0,1,Indo-European,Germanic,Indo-European,Indo-Aryan,LATIN,6949,7087876,DEVANAGARI,3500,167234
65,en,hi,In what year was Greg Brown's album One More Goodnight Kiss released?,"ग्रेग ब्राउन का एल्बम ""वन मोर गुडनाइट किस"" किस साल रिलीज़ हुआ था?","Greg Brown's album ""One More Goodnight Kiss"" was released in **1988**.","ग्रेग ब्राउन का एल्बम ""वन मोर गुडनाइट किस"" 1988 में रिलीज़ हुआ था।",True,1,arts,date_time,32,66.0,0.4848484848484848,0,0.0,0.4062469111075535,3.573787572915554,0.0,0.8210901014677616,44,66.0,0.6666666666666666,0,0.0,0.3171104760838353,3.877004671820099,0.0,0.8085539551882829,32,66.0,0.4848484848484848,0,0.0,0.4062469111075535,3.573787572915554,0.0,0.8210901014677616,2.466666666666667,4.0,0.0,1,2.5384615384615383,4.0,0.0,1,Indo-European,Germanic,Indo-European,Indo-Aryan,LATIN,6949,7087876,DEVANAGARI,3500,167234
35,en,hi,What was the name of Nellie McKay's record label when Pretty Little Head was released?,"जब ""प्रिटी लिटिल हेड"" रिलीज़ हुआ था, उस समय नेली मैके के रिकॉर्ड लेबल का क्या नाम था?",Nellie McKay's album *Pretty Little Head* was released on **Hungry Mouse Records**.,"जब ""प्रिटी लिटिल हेड"" रिलीज़ हुआ था, उस समय नेली मैके के रिकॉर्ड लेबल का नाम SIRIUS था।",False,1,history,organization,94,153.0,0.6143790849673203,0,0.0,0.2877912051653592,2.1916933383598787,0.0,0.5598641916470859,106,153.0,0.6928104575163399,0,0.0,0.1913749311766743,1.8756360664055576,0.0,0.4198443889447567,94,153.0,0.6143790849673203,0,0.0,0.2877912051653592,2.1916933383598787,0.0,0.5598641916470859,2.2857142857142856,5.0,0.0,1,4.0625,5.0,0.0,1,Indo-European,Germanic,Indo-European,Indo-Aryan,LATIN,6949,7087876,DEVANAGARI,3500,167234
51,en,hi,How long does a Rector of Università Cattolica del Sacro Cuore remain in office?,यूनिवर्सिटा कैटोलिका डेल सैक्रो क्यूरोर में कोई व्यक्ति रेक्टर के पद पर कितने समय तक रह सकता है?,The Rector of Università Cattolica del Sacro Cuore remains in office for a term of **four years**. They are eligible for reappointment only once.,यूनिवर्सिटा कैटोलिका डेल सैक्रो क्यूरोर में रेक्टर का पद चार साल के कार्यकाल के लिए होता है और इसे केवल एक बार दोहराया जा सकता है।,True,1,education,other,94,171.0,0.5497076023391813,3,0.1578947368421052,0.188540488585588,1.6180128290019211,0.0,0.3604110458617832,96,171.0,0.5614035087719298,3,0.1578947368421052,0.0584918962181995,1.1261550452201563,0.0,0.1729886825456618,94,171.0,0.5497076023391813,3,0.1578947368421052,0.188540488585588,1.6180128290019211,0.0,0.3604110458617832,2.7777777777777777,4.0,0.0,1,3.5,4.0,0.0,1,Indo-European,Germanic,Indo-European,Indo-Aryan,LATIN,6949,7087876,DEVANAGARI,3500,167234
41,en,hi,What was the name of the conference Campbell University's women's basketball team played in from 1994 to 2011?,कैंपबेल यूनिवर्सिटी की महिला बास्केटबॉल टीम 1994 से 2011 तक किस कॉन्फ्रेंस में खेली थी?,"From 1994 to 2011, Campbell University's women's basketball team played in the **Atlantic Sun Conference** (formerly known as the Trans America Athletic Conference or TAAC).",कैंपबेल यूनिवर्सिटी की महिला बास्केटबॉल टीम 1994 से 2011 तक बिग साउथ कॉन्फ्रेंस में खेली थी।,False,1,sports,event,86,153.0,0.5620915032679739,1,0.0555555555555555,0.4184396292576127,4.590694774628577,0.0,0.9663060260956312,105,153.0,0.6862745098039216,1,0.0555555555555555,0.2879169115121292,4.7078891823761415,0.0,0.8376621164745499,86,153.0,0.5620915032679739,1,0.0555555555555555,0.4184396292576127,4.590694774628577,0.0,0.9663060260956312,2.2,4.0,0.0,1,4.45,6.0,0.0,1,Indo-European,Germanic,Indo-European,Indo-Aryan,LATIN,6949,7087876,DEVANAGARI,3500,167234
61,en,hi,"What is the name of the album that the song ""That's What Love Is For"" was released on?","""दैट्स व्हाट लव इज़ फ़ॉर"" गाना किस एल्बम का है?","The song ""That's What Love Is For"" was released on the album **Leap of Faith**.","""दैट्स व्हाट लव इज़ फ़ॉर"" गाना एमी ग्रांट के 1991 एल्बम ""हार्ट इन मोशन"" का है।",True,1,culture,work_creation,41,78.0,0.5256410256410257,0,0.0,0.6507000094938752,8.181890635477247,0.0,1.5270868148908607,55,78.0,0.7051282051282052,0,0.0,0.6276581022141365,6.508152005593275,0.0,1.3487983355825488,41,78.0,0.5256410256410257,0,0.0,0.6507000094938752,8.181890635477247,0.0,1.5270868148908607,3.090909090909091,3.0,0.0,1,4.857142857142857,8.0,0.0476190476190476,1,Indo-European,Germanic,Indo-European,Indo-Aryan,LATIN,6949,7087876,DEVANAGARI,3500,167234
47,en,hi,When was the men's javelin throw event held at the 2010 Asian Games?,साल 2010 के एशियाई खेलों में पुरुषों की भाला फेंक प्रतियोगिता कब आयोजित की गई थी?,"The men's javelin throw event at the 2010 Asian Games was held on **November 26, 2010**.",साल 2010 के एशियाई खेलों में पुरुषों की भाला फेंक प्रतियोगिता 26 नवंबर 2010 को आयोजित की गई थी।,True,1,sports,event,103,120.0,0.8583333333333333,0,0.0,0.6127664224532184,6.788183968922959,0.0,1.2420181022713934,115,120.0,0.9583333333333334,0,0.0,0.3778000966983702,5.212007421534867,0.0,0.8778601654474695,103,120.0,0.8583333333333333,0,0.0,0.6127664224532184,6.788183968922959,0.0,1.2420181022713934,2.25,4.0,0.0,1,3.357142857142857,5.0,0.0,1,Indo-European,Germanic,Indo-European,Indo-Aryan,LATIN,6949,7087876,DEVANAGARI,3500,167234
32,en,hi,"On which date was David Nail's album ""Fighter"" released?","डेविड नेल का एल्बम ""फ़ाइटर"" किस तारीख को रिलीज़ हुआ था?","David Nail's album ""Fighter"" was released on **July 15, 2016**.","डेविड नेल का एल्बम ""फ़ाइटर"" 11 नवंबर 2014 को रिलीज़ हुआ था।",False,1,arts,date_time,49,78.0,0.6282051282051282,0,0.0,0.445760822158747,4.51520616474484,0.0,1.00512736182464,58,78.0,0.7435897435897436,0,0.0,0.256179976928071,3.459336478774421,0.0,0.7237916509655569,49,78.0,0.6282051282051282,0,0.0,0.445760822158747,4.51520616474484,0.0,1.00512736182464,2.230769230769231,4.0,0.0,1,2.9166666666666665,4.0,0.0,1,Indo-European,Germanic,Indo-European,Indo-Aryan,LATIN,6949,7087876,DEVANAGARI,3500,167234
62,en,hi,Which data protection regulation in Brazil requires subject access requests to be fulfilled within a specific time frame?,"ब्राज़ील में डेटा सुरक्षा से जुड़े किस कानून के तहत, डेटा से जुड़ी जानकारी के अनुरोधों को एक तय समय में पूरा करना ज़रूरी है?","The data protection regulation in Brazil that requires subject access requests (also known as data access requests or individual rights requests) to be fulfilled within a specific timeframe is the **Lei Geral de Proteção de Dados (LGPD)**, or the General Data Protection Law.

Article 19 of the LGPD outlines the rights of the data subject, including the right to access their data. While the LGPD doesn't specify a strict, exact timeframe for fulfilling all types of access requests, it does require that controllers **respond to data subjects ""within a reasonable period of time.""**

The *National Data Protection Authority (ANPD)*","ब्राज़ील में डेटा सुरक्षा से जुड़ा कानून, जिसे **लेई गेराल डी प्रोटेसाओ डे डैडोस (Lei Geral de Proteção de Dados - LGPD)** कहा जाता है, डेटा से जुड़ी जानकारी के अनुरोधों को एक तय समय में पूरा करने की अनिवार्यता रखता है।

LGPD के तहत, डेटा धारकों (data subjects) को यह अधिकार है कि वे अपनी व्यक्तिगत जानकारी तक पहुँचने, उसे सुधारने, हटाने या स्थानांतरित करने का अनुरोध कर सकें। डेटा नियंत्रकों (data controllers) को इन अनुरोधों का जवाब उचित समय सीमा के भीतर देना होता है। हालाँकि, LGPD में कोई",True,1,law,definition,222,276.0,0.8043478260869565,1,0.0416666666666666,0.2613322692372898,3.806230448029947,0.0,0.5899939246368423,238,276.0,0.8623188405797102,1,0.0416666666666666,0.1769052089932567,2.6455447285138236,0.0,0.4390136365719363,222,276.0,0.8043478260869565,1,0.0416666666666666,0.2613322692372898,3.806230448029947,0.0,0.5899939246368423,2.4615384615384617,7.0,0.0,1,2.9444444444444446,4.0,0.0,1,Indo-European,Germanic,Indo-European,Indo-Aryan,LATIN,6949,7087876,DEVANAGARI,3500,167234
64,en,hi,In which decade did Harry F. Sinclair purchase Rancocas Stable?,हैरी एफ़ सिनक्लेयर ने रैंकोकस स्टेबल (अस्तबल) किस दशक में खरीदा था?,Harry F. Sinclair purchased Rancocas Stable in the **1920s**.,हैरी एफ़ सिनक्लेयर ने रैंकोकस स्टेबल 1920 के दशक में खरीदा था।,False,1,history,date_time,20,66.0,0.303030303030303,2,0.1666666666666666,0.1227101433382632,0.7128501976761714,0.0,0.2202639046387244,24,66.0,0.3636363636363636,2,0.1666666666666666,0.0698496532523183,1.1435211217933894,0.0,0.2478655724624736,20,66.0,0.303030303030303,2,0.1666666666666666,0.1227101433382632,0.7128501976761714,0.0,0.2202639046387244,2.2142857142857144,5.0,0.0,1,2.4,3.0,0.0,1,Indo-European,Germanic,Indo-European,Indo-Aryan,LATIN,6949,7087876,DEVANAGARI,3500,167234
40,en,hi,Who contributed to the album Keys to the Kingdom by North Mississippi Allstars?,"नॉर्थ मिसिसिपी ऑलस्टार्स के एल्बम ""कीज़ टू द किंगडम"" के लिए किन लोगों ने सहयोग किया?","The album ""Keys to the Kingdom"" by North Mississippi Allstars featured significant contributions from the following:

*   **Luther Dickinson:** Vocals, guitar, bass, mandolin, drums, percussion, banjo
*   **Cody Dickinson:** Vocals, drums, guitar, percussion, programming
*   **Jim Dickinson:** Piano, keyboards, Mellotron, electric piano

Notably, the album was released shortly after Jim Dickinson's passing, making his contributions particularly poignant and a central element of the album's theme. Additionally, there were further contributions from family and friends of the band.","नॉर्थ मिसिसिपी ऑलस्टार्स के एल्बम ""कीज़ टू द किंगडम"" में विभिन्न कलाकारों ने सहयोग किया, जिनमें से सबसे उल्लेखनीय हैं:

*   **लिविंग कलर्स के कोरी ग्लोवर** ने ""सिस्टम"" गाने में योगदान दिया।
*   **डेव सिस्को** ने एल्बम के कई गानों में कीबोर्ड बजाया।
*   **शॉर्डेट** ने ""केप ऑफ लव"" गाने में स्वर प्रदान किए।

इनके अलावा, कई अन्य संगीतकारों ने भी एल्बम में योगदान दिया, जिससे यह एक बहुआयामी और समृद्ध संग",False,1,culture,work_creation,94,406.0,0.2315270935960591,5,0.1724137931034483,0.285158977507036,4.040951299649151,0.0,0.6211552343755525,126,406.0,0.3103448275862069,5,0.1724137931034483,0.2847327164825933,6.420771813043285,0.0,0.7802345617011955,94,406.0,0.2315270935960591,5,0.1724137931034483,0.285158977507036,4.040951299649151,0.0,0.6211552343755525,2.3333333333333335,5.0,0.0,1,3.3846153846153846,4.0,0.0769230769230769,1,Indo-European,Germanic,Indo-European,Indo-Aryan,LATIN,6949,7087876,DEVANAGARI,3500,167234
43,en,hi,What term is used in South Africa to describe someone who obtains government contracts to facilitate outsourced services?,"दक्षिण अफ़्रीका में, आउटसोर्स सेवाएं मुहैया कराने के लिए सरकार से समझौता करने वाले व्यक्ति को क्या कहा जाता है?","The term used in South Africa to describe someone who obtains government contracts to facilitate outsourced services, often with the implication of corruption or undue influence, is **""tenderpreneur.""**

This term combines ""tender"" (referring to the bidding process for government contracts) and ""entrepreneur,"" but it carries a strong negative connotation. It suggests that the person's ""entrepreneurial"" success is primarily based on securing government contracts through questionable means, rather than genuine business acumen or competitive pricing. They are often perceived as middlemen who benefit from the outsourcing process without adding significant value and sometimes through corrupt practices like bribery or cronyism.","दक्षिण अफ़्रीका में, आउटसोर्स सेवाएं मुहैया कराने के लिए सरकार से समझौता करने वाले व्यक्ति को आम तौर पर **सेवा प्रदाता** या **ठेकेदार** कहा जाता है।

हालांकि, संदर्भ के आधार पर, उन्हें अन्य नामों से भी जाना जा सकता है, जैसे:

*   **आउटसोर्सिंग पार्टनर**
*   **सेवा प्रदाता कंपनी**
*   **वेन्डर** (Vendor)

समझौते के प्रकार और प्रदान की जा रही सेवाओं के आधार पर सटीक शब्द अलग-अलग हो सकता है।",False,2,technology,definition,155,190.0,0.8157894736842105,1,0.05,0.2443162657758615,5.5497730582107065,0.0,0.7274555417270124,162,190.0,0.8526315789473684,1,0.05,0.1358625282764825,4.076940730758539,0.0,0.4976241422334769,155,190.0,0.8157894736842105,1,0.05,0.2443162657758615,5.5497730582107065,0.0,0.7274555417270124,2.238095238095238,5.0,0.0,1,2.5555555555555554,7.0,0.0,1,Indo-European,Germanic,Indo-European,Indo-Aryan,LATIN,6949,7087876,DEVANAGARI,3500,167234
53,en,hi,What type of health care group is St John of God Health Care?,"सेंट जॉन ऑफ़ गॉड हेल्थ केयर, स्वास्थ्य से जुड़ा किस तरह का ग्रुप है?",St John of God Health Care is a **Catholic not-for-profit private health care group**.,"सेंट जॉन ऑफ़ गॉड हेल्थ केयर, ऑस्ट्रेलिया का सबसे बड़ा कैथोलिक हेल्थ केयर ग्रुप है। यह एक गैर-लाभकारी संगठन है जो पूरे ऑस्ट्रेलिया में अस्पताल, वृद्ध देखभाल सुविधाएं, सामुदायिक सेवाएं और सामाजिक आउटरीच प्रोग्राम चलाता है।",False,1,health,organization,107,136.0,0.7867647058823529,0,0.0,0.5574704836311667,5.765258818044855,0.0,1.1560922545060317,124,136.0,0.9117647058823528,0,0.0,0.3391422349932921,4.166446752991915,0.0,0.7932071274520647,107,136.0,0.7867647058823529,0,0.0,0.5574704836311667,5.765258818044855,0.0,1.1560922545060317,2.1333333333333333,5.0,0.0,1,2.6923076923076925,5.0,0.0,1,Indo-European,Germanic,Indo-European,Indo-Aryan,LATIN,6949,7087876,DEVANAGARI,3500,167234
49,en,hi,What did Archer Capital purchase in partnership with the management of Australian Geographic in 1998?,ऑस्ट्रेलियन जिओग्राफ़िक के मैनेजमेंट के साथ 1998 में हुई साझेदारी में आर्चर कैपिटल ने क्या खरीदा था?,"In 1998, Archer Capital purchased **Australian Geographic** in partnership with its management.",आर्चर कैपिटल ने ऑस्ट्रेलियन जिओग्राफ़िक के मैनेजमेंट के साथ 1998 में हुई साझेदारी में ऑस्ट्रेलियाई भौगोलिक सोसायटी (Australian Geographic Society) और ऑस्ट्रेलियाई भौगोलिक पत्रिका (Australian Geographic magazine) खरीदी थी।,False,1,geography,work_creation,48,91.0,0.5274725274725275,1,0.0714285714285714,0.3052826738673289,4.567008672484333,0.0,0.8169421239322123,53,91.0,0.5824175824175825,1,0.0714285714285714,0.1576636041164471,3.2789760977931186,0.0,0.5473342643813061,48,91.0,0.5274725274725275,1,0.0714285714285714,0.3052826738673289,4.567008672484333,0.0,0.8169421239322123,1.8823529411764703,6.0,0.0,1,3.066666666666667,5.0,0.0,1,Indo-European,Germanic,Indo-European,Indo-Aryan,LATIN,6949,7087876,DEVANAGARI,3500,167234
34,en,hi,"According to some writers, which ancient city is equated with Parrhasia?","कुछ लेखकों के अनुसार, किस प्राचीन नगर की तुलना पैरेशिया से की जाती है?","According to some writers, **Azania** is equated with Parrhasia.","कुछ लेखकों के अनुसार, प्राचीन नगर **तार्सीस (Tarsus)** की तुलना पैरेशिया से की जाती है।

तार्सीस, जो आधुनिक तुर्की में स्थित था, रोमन काल में एक महत्वपूर्ण शहर था और अपने दार्शनिक और शिक्षा केंद्र के रूप में जाना जाता था। कुछ लेखकों का मानना है कि इसकी समृद्धि, विविधता और सांस्कृतिक महत्व के कारण इसे पैरेशिया के समान माना जा सकता है।",False,1,history,location,64,91.0,0.7032967032967034,2,0.1428571428571428,0.173898219449471,2.1909374298205644,0.0,0.3967746866260965,66,91.0,0.7252747252747253,2,0.1428571428571428,0.0540355765923494,1.3556821549797082,0.0,0.1903849757159414,64,91.0,0.7032967032967034,2,0.1428571428571428,0.173898219449471,2.1909374298205644,0.0,0.3967746866260965,2.4,4.0,0.0,1,2.0,4.0,0.0,1,Indo-European,Germanic,Indo-European,Indo-Aryan,LATIN,6949,7087876,DEVANAGARI,3500,167234
52,en,hi,What is the Planck mass denoted by in the equation for the Vainshtein radius?,वैन्स्टाइन रैडियस के समीकरण में प्लैंक मास के लिए किस निशान का इस्तेमाल किया जाता है?,"The Planck mass, often denoted as $M_{Pl}$ or $m_{Pl}$, appears in the equation for the Vainshtein radius in modified gravity theories, particularly in theories like massive gravity or Galileon theories.  Its presence is related to the fact that these theories often involve modifications to Einstein's general relativity at high energy scales or short distances, where quantum gravity effects might become relevant.

Specifically, the Planck mass in the Vainshtein radius equation often appears in the form of Newton's gravitational constant, $G_N$, since:

$M_{Pl} = \sqrt{\frac{\hbar c}{G","वैन्स्टाइन रैडियस के समीकरण में प्लैंक मास के लिए आमतौर पर कोई विशेष निशान इस्तेमाल नहीं किया जाता है। इसे आमतौर पर बस ""m_P"" या ""mPl"" से दर्शाया जाता है, जहां ""m"" द्रव्यमान के लिए है और ""P"" या ""Pl"" प्लैंक के लिए है।

कुछ मामलों में, इसे इटैलिक अक्षरों में लिखा जा सकता है, जैसे *m<sub>P</sub>*, ताकि इसे समीकरण में अन्य चरों से अलग किया जा सके।

कुल मिलाकर, प्लैंक मास के लिए इस्तेमाल किया जाने वाला सटीक निशान संदर्भ और लेखक पर",False,1,science,scientific_technical,71,120.0,0.5916666666666667,2,0.125,0.3000518818421814,6.539703720904907,0.0,0.8995016326466126,79,120.0,0.6583333333333333,2,0.125,0.1334166982977486,4.966549503821518,0.0,0.6466845997143545,71,120.0,0.5916666666666667,2,0.125,0.3000518818421814,6.539703720904907,0.0,0.8995016326466126,2.3125,4.0,0.0,1,3.0,4.0,0.0,1,Indo-European,Germanic,Indo-European,Indo-Aryan,LATIN,6949,7087876,DEVANAGARI,3500,167234
54,en,hi,What month did the K-1: K’Festa 3 event take place in?,K-1: K’Festa 3 इवेंट किस महीने में हुआ था?,The K-1: K'Festa 3 event took place in **March** of 2020.,K-1: K’Festa 3 इवेंट मार्च के महीने में हुआ था।,True,1,history,event,26,36.0,0.7222222222222222,0,0.0,0.7587465570745727,4.923589994179771,0.0,1.5331707386607645,30,36.0,0.8333333333333334,0,0.0,0.7084661051006268,3.7800604886048217,0.0,1.3239440234185031,26,36.0,0.7222222222222222,0,0.0,0.7587465570745727,4.923589994179771,0.0,1.5331707386607645,2.1,3.0,0.0,1,3.533333333333333,4.0,0.0666666666666666,1,Indo-European,Germanic,Indo-European,Indo-Aryan,LATIN,6949,7087876,DEVANAGARI,3500,167234
50,en,hi,What medal did Nguyễn Thị Mỹ Đức win in women's changquan at the 2002 Asian Games?,नोयेन ती मे युंग ने 2002 के एशियाई खेलों में महिला चांगचेन (मार्शल आर्ट प्रतिस्पर्धा ) में कौनसा पदक जीता था?,Nguyễn Thị Mỹ Đức won a **bronze** medal in women's changquan at the 2002 Asian Games.,नोयेन ती मे युंग ने 2002 के एशियाई खेलों में महिला चांगचेन (मार्शल आर्ट प्रतिस्पर्धा) में रजत पदक जीता था।,False,1,sports,other,78,153.0,0.5098039215686274,2,0.1111111111111111,1.0644328374628411,6.704974839310577,0.0,1.6365439669002897,97,153.0,0.6339869281045751,2,0.1111111111111111,0.7102957828724729,5.35135389234277,0.0,1.2518744266700503,78,153.0,0.5098039215686274,2,0.1111111111111111,1.0644328374628411,6.704974839310577,0.0,1.6365439669002897,4.045454545454546,4.0,0.0,1,3.588235294117647,4.0,0.0,1,Indo-European,Germanic,Indo-European,Indo-Aryan,LATIN,6949,7087876,DEVANAGARI,3500,167234
58,en,hi,In what city did the 1984 Summer Olympics men's 100 metre butterfly final take place?,साल 1984 के समर ओलंपिक में पुरुषों की 100 मीटर बटरफ़्लाई प्रतियोगिता का फ़ाइनल किस शहर में हुआ था?,The 1984 Summer Olympics men's 100 metre butterfly final took place in **Los Angeles**.,साल 1984 के समर ओलंपिक में पुरुषों की 100 मीटर बटरफ़्लाई प्रतियोगिता का फ़ाइनल लॉस एंजिल्स शहर में हुआ था।,True,1,sports,location,102,153.0,0.6666666666666666,1,0.0555555555555555,0.3961685112009936,8.224856602713793,0.0,1.1458202418748886,121,153.0,0.7908496732026143,1,0.0555555555555555,0.3018475846547059,6.8584439814612415,0.0,0.8526580042051569,102,153.0,0.6666666666666666,1,0.0555555555555555,0.3961685112009936,8.224856602713793,0.0,1.1458202418748886,2.210526315789474,6.0,0.0,1,2.4375,4.0,0.0,1,Indo-European,Germanic,Indo-European,Indo-Aryan,LATIN,6949,7087876,DEVANAGARI,3500,167234
48,en,hi,What was the name of the protagonist in the Prizzi novels?,प्रिज़ी उपन्यासों में मुख्य किरदार का क्या नाम था?,The protagonist in the Prizzi novels is **Charley Partanna**.,प्रिज़ी उपन्यासों में मुख्य किरदार का नाम चार्ली पार्टना था।,False,1,law,work_creation,17,36.0,0.4722222222222222,2,0.2222222222222222,0.4428100067730107,2.0380437548320605,0.0,0.6549372778995678,20,36.0,0.5555555555555556,2,0.2222222222222222,0.1795870938277317,1.897314784552578,0.0,0.452293256528294,17,36.0,0.4722222222222222,2,0.2222222222222222,0.4428100067730107,2.0380437548320605,0.0,0.6549372778995678,1.8888888888888888,3.0,0.0,1,2.909090909090909,5.0,0.0,1,Indo-European,Germanic,Indo-European,Indo-Aryan,LATIN,6949,7087876,DEVANAGARI,3500,167234
33,en,id,In which country was AFN Bremerhaven located?,Di negara mana AFN Bremerhaven berlokasi?,AFN Bremerhaven was located in **Germany**.,AFN Bremerhaven berlokasi di Jerman.,True,1,geography,location,3,10.0,0.3,1,0.2,0.7735085505308019,1.1341654605006537,0.5687543061026415,0.2558015822490504,3,10.0,0.3,1,0.2,0.5043266923530757,1.027173096191567,0.0524650400761516,0.4010761148707861,3,10.0,0.3,1,0.2,0.7735085505308019,1.1341654605006537,0.5687543061026415,0.2558015822490504,1.6666666666666667,3.0,0.0,1,1.8571428571428572,3.0,0.0,1,Indo-European,Germanic,Austronesian,Malayo-Polynesian,LATIN,6949,7087876,LATIN,2200,751190
30,en,id,What was the position of August Joseph Donatelli's plane during World War II when it was shot down?,Apa posisi pesawat August Joseph Donatelli pada Perang Dunia II saat ditembak jatuh?,"August Joseph Donatelli was flying a B-24 Liberator bomber named ""The Deacon"" as part of the 376th Bomb Group, 513th Bomb Squadron. On **August 1, 1943, during Operation Tidal Wave, a raid on the oil refineries at Ploesti, Romania**, his plane was shot down.

Specifically, ""The Deacon"" **was shot down *after* bombing its target, the Astra Romana Refinery in Ploesti.** While exact accounts vary slightly, it's generally accepted that it was hit by heavy flak while heading away from the target. The plane","August Joseph Donatelli adalah pilot P-47 Thunderbolt dengan Skuadron Tempur ke-391, Grup Tempur ke-366, yang bermarkas di Airfield A-12 (Nouvion), Prancis. Dia ditembak jatuh di dekat Noyelles-Godault, Prancis pada 17 September 1944, saat terbang di misi dukungan darat untuk melindungi pasukan Sekutu yang maju.",False,1,history,event,78,105.0,0.7428571428571429,0,0.0,0.4125156984883035,5.657100390291048,0.0,0.9527856447394992,89,105.0,0.8476190476190476,0,0.0,0.3320781981058268,5.210478512755103,0.0,0.796560761366291,78,105.0,0.7428571428571429,0,0.0,0.4125156984883035,5.657100390291048,0.0,0.9527856447394992,3.076923076923077,6.0,0.0,1,4.0,5.0,0.0,1,Indo-European,Germanic,Austronesian,Malayo-Polynesian,LATIN,6949,7087876,LATIN,2200,751190
55,en,id,What was the television network that aired The Greatest Canadian Invention?,Jaringan televisi apa yang menayangkan The Greatest Canadian Invention?,The television network that aired The Greatest Canadian Invention was **CBC (Canadian Broadcasting Corporation)**.,The Greatest Canadian Invention ditayangkan di Canadian Broadcasting Corporation (CBC).,False,1,culture,organization,18,45.0,0.4,0,0.0,0.8012578958197155,3.9924652334301665,0.0,1.158724804312567,23,45.0,0.5111111111111111,0,0.0,0.642786853673888,3.6801889427037295,0.0,1.0949642078161306,18,45.0,0.4,0,0.0,0.8012578958197155,3.9924652334301665,0.0,1.158724804312567,1.8888888888888888,6.0,0.0,1,2.909090909090909,5.0,0.0,1,Indo-European,Germanic,Austronesian,Malayo-Polynesian,LATIN,6949,7087876,LATIN,2200,751190
39,en,id,Since which decade did bowl games start counting toward single-season and career statistics?,Sejak dekade manakah pertandingan bowl mulai dihitung dalam statistik musim tunggal dan karir?,Bowl game statistics started counting toward single-season and career statistics in **2002**.,Pertandingan bowl mulai dihitung dalam statistik musim tunggal dan karir pada tahun 2002.,False,1,sports,date_time,78,91.0,0.8571428571428571,0,0.0,0.3060965567706759,2.431814367546917,0.0,0.5512881560216498,87,91.0,0.956043956043956,0,0.0,0.2761144850105124,2.1351873643821855,0.0,0.4970172478814882,78,91.0,0.8571428571428571,0,0.0,0.3060965567706759,2.431814367546917,0.0,0.5512881560216498,2.142857142857143,5.0,0.0,1,2.8666666666666667,6.0,0.0,1,Indo-European,Germanic,Austronesian,Malayo-Polynesian,LATIN,6949,7087876,LATIN,2200,751190
63,en,id,What is the original name of Entebbe General Hospital?,Apa nama asli Rumah Sakit Umum Entebbe?,The original name of Entebbe General Hospital was **Entebbe Grade B Hospital**.,Nama asli Rumah Sakit Umum Entebbe adalah Rumah Sakit Grade B Entebbe.,True,2,health,definition,28,36.0,0.7777777777777778,1,0.1111111111111111,0.1441484344375327,2.7609554708480566,0.0,0.5300405418427238,28,36.0,0.7777777777777778,1,0.1111111111111111,0.0706104417343999,1.541713504917596,0.0,0.290091800524078,28,36.0,0.7777777777777778,1,0.1111111111111111,0.1441484344375327,2.7609554708480566,0.0,0.5300405418427238,2.0,6.0,0.0,1,3.0,4.0,0.0,1,Indo-European,Germanic,Austronesian,Malayo-Polynesian,LATIN,6949,7087876,LATIN,2200,751190
56,en,id,What was the name of the University of Detroit's halfback in the 1929 football season?,Siapa nama halfback University of Detroit di musim sepak bola 1929?,The University of Detroit's star halfback in the 1929 season was **Lloyd Brazil**.,"Halfback University of Detroit di musim sepak bola 1929 adalah Eugene ""Ace"" Gutowsky.",False,1,sports,person,35,66.0,0.5303030303030303,1,0.0833333333333333,0.4850789369191784,3.880562278512969,0.0,0.88748109822474,42,66.0,0.6363636363636364,1,0.0833333333333333,0.4803179475624701,2.973427418575643,0.0,0.7109162734975895,35,66.0,0.5303030303030303,1,0.0833333333333333,0.4850789369191784,3.880562278512969,0.0,0.88748109822474,2.363636363636364,6.0,0.0,1,3.75,6.0,0.0625,1,Indo-European,Germanic,Austronesian,Malayo-Polynesian,LATIN,6949,7087876,LATIN,2200,751190
42,en,id,What is the original name of the Flood Modeller software?,Apa nama asli dari perangkat lunak Flood Modeller?,The original name of the Flood Modeller software was **ISIS**.,Nama asli dari perangkat lunak Flood Modeller adalah **ISIS**.,True,1,technology,work_creation,13,28.0,0.4642857142857143,0,0.0,0.3841199567301594,4.993559437492072,0.0,1.3306305625155894,15,28.0,0.5357142857142857,0,0.0,0.2808569160553688,4.069846049451266,0.0,1.0132748543406414,13,28.0,0.4642857142857143,0,0.0,0.3841199567301594,4.993559437492072,0.0,1.3306305625155894,2.25,5.0,0.0,1,3.2,5.0,0.0,1,Indo-European,Germanic,Austronesian,Malayo-Polynesian,LATIN,6949,7087876,LATIN,2200,751190
46,en,id,What religious practice did the Magars follow?,Praktik keagamaan apa yang dianut oleh orang Magar?,"The Magar people have a diverse range of religious practices, primarily influenced by Hinduism and Buddhism, alongside their indigenous traditions.

*   **Hinduism:** Many Magars, especially those in the southern regions, follow Hinduism and observe Hindu festivals and rituals.

*   **Buddhism:** Buddhism is also prevalent, particularly in the northern Magar communities, with influences from Tibetan Buddhism.

*   **Indigenous Beliefs:** Importantly, the Magars have their own unique pre-Hindu and pre-Buddhist animistic beliefs and shamanistic practices, often centered around ancestor worship, nature spirits, and the role of shamans (Dhami","Orang Magar mempraktikkan campuran agama Hindu, Buddha, dan animisme tradisional. Agama mereka bersifat sinkretis, menggabungkan kepercayaan dan ritual dari berbagai sumber. Sementara banyak orang Magar telah mengadopsi agama Hindu atau Buddha sebagai agama utama mereka, mereka sering kali tetap mempertahankan praktik dan kepercayaan animisme mereka, yang berpusat pada pemujaan leluhur, roh alam, dan dukun.",False,1,culture,other,16,36.0,0.4444444444444444,1,0.1111111111111111,0.9174671865313416,5.912021228365344,0.0,1.5678971834238349,21,36.0,0.5833333333333334,1,0.1111111111111111,0.7551517461604845,5.18773092414919,0.0,1.2525472932795512,16,36.0,0.4444444444444444,1,0.1111111111111111,0.9174671865313416,5.912021228365344,0.0,1.5678971834238349,2.25,5.0,0.0,1,1.8571428571428572,3.0,0.0,1,Indo-European,Germanic,Austronesian,Malayo-Polynesian,LATIN,6949,7087876,LATIN,2200,751190
57,en,id,What does the lowest part of the Espiritu Santo Formation consist of?,Bagian paling bawah dari Formasi Espiritu Santo terdiri dari apa?,The lowest part of the Espiritu Santo Formation consists of **a basal red conglomerate and sandstone**.,Bagian paling bawah dari Formasi Espiritu Santo terdiri dari **lapisan batupasir berwarna kehijauan halus hingga sedang dengan sisipan batulempung**.,False,1,science,definition,18,55.0,0.3272727272727272,1,0.0909090909090909,0.7610191533833989,9.431129535187528,0.0,2.153332101465561,25,55.0,0.4545454545454545,1,0.0909090909090909,0.5283390525659334,8.644408684184462,0.0,1.7101612964678483,18,55.0,0.3272727272727272,1,0.0909090909090909,0.7610191533833989,9.431129535187528,0.0,2.153332101465561,2.3,5.0,0.0,1,4.666666666666667,4.0,0.0833333333333333,1,Indo-European,Germanic,Austronesian,Malayo-Polynesian,LATIN,6949,7087876,LATIN,2200,751190
66,en,id,In which year was the Toronto edition of Ming Pao Daily News launched?,Tahun berapakah Ming Pao Daily News edisi Toronto diluncurkan?,The Toronto edition of Ming Pao Daily News was launched in **1993**.,Ming Pao Daily News edisi Toronto diluncurkan pada tahun 1993.,True,1,history,date_time,20,45.0,0.4444444444444444,0,0.0,1.0834331096177108,6.91953873011793,0.0,1.6590674136887504,26,45.0,0.5777777777777777,0,0.0,0.8630931476318301,5.702613461041398,0.0,1.2540640089160353,20,45.0,0.4444444444444444,0,0.0,1.0834331096177108,6.91953873011793,0.0,1.6590674136887504,3.3,5.0,0.0,1,3.6153846153846154,4.0,0.0,1,Indo-European,Germanic,Austronesian,Malayo-Polynesian,LATIN,6949,7087876,LATIN,2200,751190
31,en,id,In what year was the NIH MERIT Award first created?,Pada tahun berapakah Penghargaan NIH MERIT pertama kali diciptakan?,The NIH (National Institutes of Health) MERIT (Method to Extend Research in Time) Award was first created in **1986**.,Penghargaan NIH MERIT pertama kali diciptakan pada tahun 1986.,True,1,health,date_time,33,45.0,0.7333333333333333,0,0.0,0.4040744219047641,2.362828778979204,0.0,0.6382232694317866,41,45.0,0.9111111111111112,0,0.0,0.2919837691758408,1.5724427724235228,0.0,0.4462280398336341,33,45.0,0.7333333333333333,0,0.0,0.4040744219047641,2.362828778979204,0.0,0.6382232694317866,2.7,4.0,0.0,1,2.6,3.0,0.0,1,Indo-European,Germanic,Austronesian,Malayo-Polynesian,LATIN,6949,7087876,LATIN,2200,751190
45,en,id,What was the name of the military base established in the Vedder Crossing area in 1941?,Apa nama pangkalan militer yang didirikan di daerah Vedder Crossing pada tahun 1941?,The military base established in the Vedder Crossing area in 1941 was called **Camp Chilliwack**.,Pangkalan militer yang didirikan di daerah Vedder Crossing pada tahun 1941 bernama Camp Chilliwack.,False,1,history,entity_object,36,78.0,0.4615384615384615,1,0.0769230769230769,0.4380376585931307,4.6764305427576245,0.0,0.9763520290645769,42,78.0,0.5384615384615384,1,0.0769230769230769,0.3341108010173497,3.6614752866246225,0.0,0.8055440283789683,36,78.0,0.4615384615384615,1,0.0769230769230769,0.4380376585931307,4.6764305427576245,0.0,0.9763520290645769,2.5384615384615383,7.0,0.0,1,3.4375,6.0,0.0,1,Indo-European,Germanic,Austronesian,Malayo-Polynesian,LATIN,6949,7087876,LATIN,2200,751190
60,en,id,"In the 1999 New Zealand general election, which party did Helen Clark lead to victory?","Dalam pemilihan umum Selandia Baru tahun 1999, partai apa yang dipimpin Helen Clark yang meraih kemenangan?",Helen Clark led the Labour Party to victory in the 1999 New Zealand general election.,"Dalam pemilihan umum Selandia Baru tahun 1999, Helen Clark memimpin Partai Buruh. Partai Buruh memenangkan kursi terbanyak dalam pemilihan tersebut, yang memungkinkan Clark untuk menjadi Perdana Menteri.",True,2,politics,person,73,105.0,0.6952380952380952,0,0.0,0.3087525344201557,3.969101405700536,0.0,0.8073144614119546,91,105.0,0.8666666666666667,0,0.0,0.2964259088520095,3.179107550521576,0.0,0.594696065335015,73,105.0,0.6952380952380952,0,0.0,0.3087525344201557,3.969101405700536,0.0,0.8073144614119546,2.588235294117647,5.0,0.0,1,2.8125,4.0,0.0,1,Indo-European,Germanic,Austronesian,Malayo-Polynesian,LATIN,6949,7087876,LATIN,2200,751190
29,en,id,What kind of systems does International Road Dynamics provide to ensure that vehicles depart terminals within acceptable weight limits?,Jenis sistem apa yang disediakan International Road Dynamics untuk memastikan bahwa kendaraan berangkat dari terminal dalam batas berat yang dapat diterima?,"International Road Dynamics (IRD) provides a comprehensive suite of systems designed to ensure vehicles depart terminals within acceptable weight limits. These systems typically fall under the umbrella of **Weigh-In-Motion (WIM)** technology and related solutions. Here's a breakdown of the types of systems they offer:

*   **High-Speed Weigh-In-Motion (HS-WIM) Systems:**

    *   **Purpose:** These systems are designed to accurately weigh vehicles while they are traveling at normal highway speeds. They are installed directly into the road surface and can capture weight data without requiring vehicles to stop.
    *   **","International Road Dynamics (IRD) menyediakan sistem **Weigh-In-Motion (WIM)** dan sistem terkait lainnya untuk memastikan kendaraan berangkat dari terminal dalam batas berat yang dapat diterima.  Berikut adalah beberapa jenis sistem yang mungkin mereka tawarkan dan bagaimana mereka bekerja:

*   **High-Speed Weigh-In-Motion (HS-WIM) Systems:** Sistem ini secara otomatis menimbang truk saat mereka bergerak dengan kecepatan lalu lintas normal. Sensor yang tertanam di jalan mengukur bobot as dan total bobot kendaraan. Data ini dapat digunakan untuk mengidentifikasi kendaraan yang kelebihan muatan yang perlu diperiksa lebih lanjut.

*",True,1,technology,other,166,210.0,0.7904761904761904,0,0.0,0.1575502372531355,3.291421332232406,0.0,0.505693538626322,184,210.0,0.8761904761904762,0,0.0,0.1324395766830848,2.761277932321182,0.0,0.40508881884004,166,210.0,0.7904761904761904,0,0.0,0.1575502372531355,3.291421332232406,0.0,0.505693538626322,2.8095238095238093,7.0,0.0,1,2.6842105263157894,5.0,0.0,1,Indo-European,Germanic,Austronesian,Malayo-Polynesian,LATIN,6949,7087876,LATIN,2200,751190
67,en,id,What was artistic swimming previously known as?,Apa sebutan lain untuk renang indah sebelumnya?,Artistic swimming was previously known as **synchronized swimming**.,"Sebelumnya, renang indah dikenal dengan nama **balet air**.",False,1,sports,definition,24,28.0,0.8571428571428571,0,0.0,0.1127404582169817,1.4832776204475182,0.0,0.3389467996297654,26,28.0,0.9285714285714286,0,0.0,0.0831711838919516,1.1054251629761995,0.0,0.2305066074575764,24,28.0,0.8571428571428571,0,0.0,0.1127404582169817,1.4832776204475182,0.0,0.3389467996297654,2.2857142857142856,4.0,0.0,1,3.0,3.0,0.1428571428571428,1,Indo-European,Germanic,Austronesian,Malayo-Polynesian,LATIN,6949,7087876,LATIN,2200,751190
36,en,id,In which year did the Great Canadian flag debate officially begin?,Pada tahun berapakah Debat Besar Bendera Kanada secara resmi dimulai?,The Great Canadian flag debate officially began in **1964**.,Debat Besar Bendera Kanada secara resmi dimulai pada tahun 1964.,True,3,history,date_time,46,55.0,0.8363636363636363,0,0.0,0.2931593011590476,2.536633421901477,0.0,0.5827283532962585,48,55.0,0.8727272727272727,0,0.0,0.2122303512918542,2.4711688714687963,0.0,0.4737615913662796,46,55.0,0.8363636363636363,0,0.0,0.2931593011590476,2.536633421901477,0.0,0.5827283532962585,2.8181818181818183,5.0,0.0,1,2.909090909090909,3.0,0.0,1,Indo-European,Germanic,Austronesian,Malayo-Polynesian,LATIN,6949,7087876,LATIN,2200,751190
59,en,id,In which year did the Whitehaven School become the Whitehaven Academy?,Tahun berapa Whitehaven School menjadi Whitehaven Academy?,Whitehaven School officially became the Whitehaven Academy in **September 2012**.,Whitehaven School menjadi Whitehaven Academy pada September 2012.,False,1,history,date_time,14,21.0,0.6666666666666666,0,0.0,0.3207508944110015,2.1488666044530103,0.0,0.6393855082313356,15,21.0,0.7142857142857143,0,0.0,0.1886100550548574,2.0734345299082904,0.0,0.5143151291916701,14,21.0,0.6666666666666666,0,0.0,0.3207508944110015,2.1488666044530103,0.0,0.6393855082313356,2.142857142857143,3.0,0.0,1,2.363636363636364,3.0,0.0,1,Indo-European,Germanic,Austronesian,Malayo-Polynesian,LATIN,6949,7087876,LATIN,2200,751190
38,en,id,When was the Uniform Residential Landlord and Tenant Act created?,Kapan Uniform Residential Landlord and Tenant Act dibuat?,The Uniform Residential Landlord and Tenant Act (URLTA) was approved and recommended for enactment in all states by the National Conference of Commissioners on Uniform State Laws in 1972.,Uniform Residential Landlord and Tenant Act (URLTA) pertama kali disetujui dan direkomendasikan untuk diadopsi oleh negara bagian oleh National Conference of Commissioners on Uniform State Laws (NCCUSL) pada tahun **1972**.,True,1,law,date_time,12,36.0,0.3333333333333333,0,0.0,0.6711355684420681,3.366070042542585,0.0,0.9462320694636396,18,36.0,0.5,0,0.0,0.6376833635645704,2.63897501152182,0.0,0.7941042082171479,12,36.0,0.3333333333333333,0,0.0,0.6711355684420681,3.366070042542585,0.0,0.9462320694636396,2.375,7.0,0.0,1,3.6,6.0,0.0,1,Indo-European,Germanic,Austronesian,Malayo-Polynesian,LATIN,6949,7087876,LATIN,2200,751190
37,en,id,Who was the first female mayor in Turkey?,Siapa nama walikota perempuan pertama di Turkiye?,"The first female mayor in Turkey was Müfide İlhan, elected in Mersin in 1950.",Walikota perempuan pertama di Turkiye adalah Müfide İlhan. Ia menjabat sebagai walikota Mersin dari tahun 1950 hingga 1951.,True,1,politics,person,15,36.0,0.4166666666666667,1,0.1111111111111111,0.0662974542130485,0.6083869384301697,0.0,0.1738309886548249,15,36.0,0.4166666666666667,1,0.1111111111111111,0.0186601679673922,0.2591447121538313,0.0,0.0644793715721005,15,36.0,0.4166666666666667,1,0.1111111111111111,0.0662974542130485,0.6083869384301697,0.0,0.1738309886548249,2.2857142857142856,5.0,0.0,1,2.625,3.0,0.0,1,Indo-European,Germanic,Austronesian,Malayo-Polynesian,LATIN,6949,7087876,LATIN,2200,751190
44,en,id,What was the specific purpose of a bulk material analyzer located just upstream of the raw mill in cement production?,Apa tujuan khusus dari penganalisis material curah yang terletak tepat di hulu penggilingan bahan baku dalam produksi semen?,"The specific purpose of a bulk material analyzer located just upstream of the raw mill in cement production is to **continuously monitor and analyze the chemical composition of the raw materials being fed into the raw mill to ensure optimal and consistent raw mix design for clinker production.**

Here's a breakdown of why this is important:

*   **Optimal Raw Mix Design:** Cement clinker is produced by burning a precisely controlled mixture of raw materials (typically limestone, clay, sand, and iron ore). The correct proportions of calcium, silica, alumina, and iron (the key oxides) are crucial for achieving the desired clinker quality and efficient burning","Tujuan khusus dari penganalisis material curah yang terletak tepat di hulu penggilingan bahan baku dalam produksi semen adalah untuk **pengendalian kualitas bahan baku secara *real-time* dan optimasi proses penggilingan.** Berikut rinciannya:

*   **Pengendalian Kualitas Bahan Baku secara Real-Time:**
    *   **Memantau Komposisi Kimia:** Menganalisis komposisi kimia utama dari bahan baku yang masuk, seperti kadar CaO (Kalsium Oksida), SiO2 (Silikon Dioksida), Al2O3 (Aluminium Oksida",False,1,technology,scientific_technical,186,231.0,0.8051948051948052,0,0.0,0.3401350065028963,4.85019838516841,0.0,0.7383081452764773,206,231.0,0.8917748917748918,0,0.0,0.3037279429973539,3.687449675057902,0.0,0.5919499282920498,186,231.0,0.8051948051948052,0,0.0,0.3401350065028963,4.85019838516841,0.0,0.7383081452764773,2.5555555555555554,8.0,0.0,1,3.15,8.0,0.0,1,Indo-European,Germanic,Austronesian,Malayo-Polynesian,LATIN,6949,7087876,LATIN,2200,751190
65,en,id,In what year was Greg Brown's album One More Goodnight Kiss released?,Pada tahun berapa album Greg Brown yang berjudul One More Goodnight Kiss dirilis?,"Greg Brown's album ""One More Goodnight Kiss"" was released in **1988**.",Album Greg Brown yang berjudul One More Goodnight Kiss dirilis pada tahun 1988.,True,1,arts,date_time,50,78.0,0.6410256410256411,0,0.0,0.5449829449907057,2.972893470144522,0.0,0.8077177973726795,64,78.0,0.8205128205128205,0,0.0,0.476645768255062,2.792714350840671,0.0,0.7334673538335899,50,78.0,0.6410256410256411,0,0.0,0.5449829449907057,2.972893470144522,0.0,0.8077177973726795,3.3076923076923075,7.0,0.0,1,2.5384615384615383,4.0,0.0,1,Indo-European,Germanic,Austronesian,Malayo-Polynesian,LATIN,6949,7087876,LATIN,2200,751190
35,en,id,What was the name of Nellie McKay's record label when Pretty Little Head was released?,Apa nama label rekaman Nellie McKay saat Pretty Little Head dirilis?,Nellie McKay's album *Pretty Little Head* was released on **Hungry Mouse Records**.,Pretty Little Head dirilis di Columbia Records.,False,1,history,organization,34,78.0,0.4358974358974359,0,0.0,0.2722198010780743,3.156763213903806,0.0,0.7396653184052917,45,78.0,0.5769230769230769,0,0.0,0.2781564863211695,3.4563689274635983,0.0,0.6866523028535474,34,78.0,0.4358974358974359,0,0.0,0.2722198010780743,3.156763213903806,0.0,0.7396653184052917,3.1818181818181817,6.0,0.0,1,4.0625,5.0,0.0,1,Indo-European,Germanic,Austronesian,Malayo-Polynesian,LATIN,6949,7087876,LATIN,2200,751190
51,en,id,How long does a Rector of Università Cattolica del Sacro Cuore remain in office?,Berapa lama seorang Rektor Università Cattolica del Sacro Cuore menjabat?,The Rector of Università Cattolica del Sacro Cuore remains in office for a term of **four years**. They are eligible for reappointment only once.,Masa jabatan Rektor Università Cattolica del Sacro Cuore adalah 4 tahun. Rektor dapat diangkat kembali untuk masa jabatan kedua.,True,1,education,other,25,66.0,0.3787878787878788,1,0.0833333333333333,0.3552421336297394,3.379177673117757,0.0,0.8416832879239977,26,66.0,0.3939393939393939,1,0.0833333333333333,0.2582638288664445,2.33794409847389,0.0,0.5478205508525428,25,66.0,0.3787878787878788,1,0.0833333333333333,0.3552421336297394,3.379177673117757,0.0,0.8416832879239977,2.3,7.0,0.0,1,3.5,4.0,0.0,1,Indo-European,Germanic,Austronesian,Malayo-Polynesian,LATIN,6949,7087876,LATIN,2200,751190
41,en,id,What was the name of the conference Campbell University's women's basketball team played in from 1994 to 2011?,Apa nama konferensi tempat tim bola basket wanita Campbell University bermain dari tahun 1994 hingga 2011?,"From 1994 to 2011, Campbell University's women's basketball team played in the **Atlantic Sun Conference** (formerly known as the Trans America Athletic Conference or TAAC).",Tim bola basket wanita Universitas Campbell bermain di Konferensi Atlantik Sun dari tahun 1994 hingga 2011.,True,1,sports,event,143,190.0,0.7526315789473684,1,0.05,0.2801622845307204,3.146899777860566,0.0,0.6757207946286446,160,190.0,0.8421052631578947,1,0.05,0.2838757001205581,3.339756839655949,0.0,0.6339712459409009,143,190.0,0.7526315789473684,1,0.05,0.2801622845307204,3.146899777860566,0.0,0.6757207946286446,2.3125,9.0,0.0625,1,4.45,6.0,0.0,1,Indo-European,Germanic,Austronesian,Malayo-Polynesian,LATIN,6949,7087876,LATIN,2200,751190
61,en,id,"What is the name of the album that the song ""That's What Love Is For"" was released on?","Apa nama album yang merilis lagu ""That's What Love Is For""?","The song ""That's What Love Is For"" was released on the album **Leap of Faith**.","Lagu ""That's What Love Is For"" dirilis dalam album berjudul **""Love Remembers""** oleh Tony Bennett.",False,1,culture,work_creation,88,91.0,0.967032967032967,0,0.0,0.8053436186677426,4.021392301216483,0.0,0.9128818105859946,90,91.0,0.989010989010989,0,0.0,0.734817449224108,3.294102577365705,0.0,0.8419214311925192,88,91.0,0.967032967032967,0,0.0,0.8053436186677426,4.021392301216483,0.0,0.9128818105859946,2.5384615384615383,8.0,0.0,1,4.857142857142857,8.0,0.0476190476190476,1,Indo-European,Germanic,Austronesian,Malayo-Polynesian,LATIN,6949,7087876,LATIN,2200,751190
47,en,id,When was the men's javelin throw event held at the 2010 Asian Games?,Kapan nomor lempar lembing putra diselenggarakan pada Asian Games 2010?,"The men's javelin throw event at the 2010 Asian Games was held on **November 26, 2010**.",Nomor lempar lembing putra pada Asian Games 2010 diselenggarakan pada tanggal 26 November 2010.,True,1,sports,event,56,66.0,0.8484848484848485,0,0.0,0.7253710842350808,8.52602827088399,0.0,1.428200980943817,58,66.0,0.8787878787878788,0,0.0,0.5634922038940174,7.143823921370249,0.0,1.1821310582400373,56,66.0,0.8484848484848485,0,0.0,0.7253710842350808,8.52602827088399,0.0,1.428200980943817,2.2,5.0,0.0,1,3.357142857142857,5.0,0.0,1,Indo-European,Germanic,Austronesian,Malayo-Polynesian,LATIN,6949,7087876,LATIN,2200,751190
32,en,id,"On which date was David Nail's album ""Fighter"" released?","Pada tanggal berapa album David Nail ""Fighter"" dirilis?","David Nail's album ""Fighter"" was released on **July 15, 2016**.","Album David Nail ""Fighter"" dirilis pada tanggal 15 Juli 2016.",True,1,arts,date_time,42,55.0,0.7636363636363637,0,0.0,0.4920329583954713,2.972893470144522,0.0,0.7552761714105766,47,55.0,0.8545454545454545,0,0.0,0.2711994112364324,2.792714350840671,0.0,0.5301355881969374,42,55.0,0.7636363636363637,0,0.0,0.4920329583954713,2.972893470144522,0.0,0.7552761714105766,2.4,5.0,0.0,1,2.9166666666666665,4.0,0.0,1,Indo-European,Germanic,Austronesian,Malayo-Polynesian,LATIN,6949,7087876,LATIN,2200,751190
62,en,id,Which data protection regulation in Brazil requires subject access requests to be fulfilled within a specific time frame?,Peraturan perlindungan data mana di Brasil yang mewajibkan permintaan akses subjek dipenuhi dalam jangka waktu tertentu?,"The data protection regulation in Brazil that requires subject access requests (also known as data access requests or individual rights requests) to be fulfilled within a specific timeframe is the **Lei Geral de Proteção de Dados (LGPD)**, or the General Data Protection Law.

Article 19 of the LGPD outlines the rights of the data subject, including the right to access their data. While the LGPD doesn't specify a strict, exact timeframe for fulfilling all types of access requests, it does require that controllers **respond to data subjects ""within a reasonable period of time.""**

The *National Data Protection Authority (ANPD)*","Peraturan perlindungan data di Brasil yang mewajibkan permintaan akses subjek dipenuhi dalam jangka waktu tertentu adalah **Lei Geral de Proteção de Dados (LGPD) - Undang-Undang Perlindungan Data Umum (UU No. 13.709/2018)**.

Secara spesifik, **Pasal 18 LGPD** membahas hak-hak subjek data, termasuk hak untuk mengakses data pribadi mereka. Meskipun LGPD *tidak secara eksplisit* menyebutkan jangka waktu yang ketat untuk pemenuhan permintaan akses, LGPD mewajibkan para pengontrol data untuk menyediakan informasi yang",True,1,law,definition,95,120.0,0.7916666666666666,1,0.0625,0.3140032082021685,2.6050447713620786,0.0,0.6379104967682074,101,120.0,0.8416666666666667,1,0.0625,0.3245194418012694,2.427746980144788,0.0,0.5795910034448458,95,120.0,0.7916666666666666,1,0.0625,0.3140032082021685,2.6050447713620786,0.0,0.6379104967682074,2.5625,6.0,0.0,1,2.9444444444444446,4.0,0.0,1,Indo-European,Germanic,Austronesian,Malayo-Polynesian,LATIN,6949,7087876,LATIN,2200,751190
64,en,id,In which decade did Harry F. Sinclair purchase Rancocas Stable?,Pada dekade berapa Harry F. Sinclair membeli Rancocas Stable?,Harry F. Sinclair purchased Rancocas Stable in the **1920s**.,Harry F. Sinclair membeli Rancocas Stable pada dekade 1920-an.,False,1,history,date_time,36,66.0,0.5454545454545454,1,0.0833333333333333,0.2910643009571245,2.6308561552875176,0.0,0.6640886766945626,40,66.0,0.6060606060606061,1,0.0833333333333333,0.1957077546741152,2.068694391261587,0.0,0.4981804223460218,36,66.0,0.5454545454545454,1,0.0833333333333333,0.2910643009571245,2.6308561552875176,0.0,0.6640886766945626,2.1,4.0,0.0,1,2.4,3.0,0.0,1,Indo-European,Germanic,Austronesian,Malayo-Polynesian,LATIN,6949,7087876,LATIN,2200,751190
40,en,id,Who contributed to the album Keys to the Kingdom by North Mississippi Allstars?,Siapa yang berkontribusi dalam album Keys to the Kingdom oleh North Mississippi Allstars?,"The album ""Keys to the Kingdom"" by North Mississippi Allstars featured significant contributions from the following:

*   **Luther Dickinson:** Vocals, guitar, bass, mandolin, drums, percussion, banjo
*   **Cody Dickinson:** Vocals, drums, guitar, percussion, programming
*   **Jim Dickinson:** Piano, keyboards, Mellotron, electric piano

Notably, the album was released shortly after Jim Dickinson's passing, making his contributions particularly poignant and a central element of the album's theme. Additionally, there were further contributions from family and friends of the band.","Album Keys to the Kingdom oleh North Mississippi Allstars menampilkan banyak musisi bertalenta yang berkontribusi, termasuk:

*   **Luther Dickinson:** Vokal, Gitar, Mandolin, Lap Steel
*   **Cody Dickinson:** Drum, Keyboard, Washboard, Vokal
*   **Jim Dickinson:** Piano, Keyboard (Almarhum ayah dari Luther dan Cody, album ini didedikasikan untuknya)
*   **Duwayne Burnside:** Gitar, Vokal
*   **Sharde Thomas:** Fife
*   **Otha Turner:** Fife (rekaman arsip)
*   **",False,1,culture,work_creation,81,351.0,0.2307692307692307,3,0.1111111111111111,0.4377169023731109,4.273621742114812,0.0,0.8850248167604985,101,351.0,0.2877492877492877,3,0.1111111111111111,0.309666569297441,3.909151650811717,0.0,0.7246180963751501,81,351.0,0.2307692307692307,3,0.1111111111111111,0.4377169023731109,4.273621742114812,0.0,0.8850248167604985,2.4615384615384617,7.0,0.0,1,3.3846153846153846,4.0,0.0769230769230769,1,Indo-European,Germanic,Austronesian,Malayo-Polynesian,LATIN,6949,7087876,LATIN,2200,751190
43,en,id,What term is used in South Africa to describe someone who obtains government contracts to facilitate outsourced services?,Istilah apa yang digunakan di Afrika Selatan untuk mendeskripsikan seseorang yang memperoleh kontrak pemerintah untuk memfasilitasi layanan outsourcing?,"The term used in South Africa to describe someone who obtains government contracts to facilitate outsourced services, often with the implication of corruption or undue influence, is **""tenderpreneur.""**

This term combines ""tender"" (referring to the bidding process for government contracts) and ""entrepreneur,"" but it carries a strong negative connotation. It suggests that the person's ""entrepreneurial"" success is primarily based on securing government contracts through questionable means, rather than genuine business acumen or competitive pricing. They are often perceived as middlemen who benefit from the outsourcing process without adding significant value and sometimes through corrupt practices like bribery or cronyism.","Istilah yang digunakan di Afrika Selatan untuk mendeskripsikan seseorang yang memperoleh kontrak pemerintah untuk memfasilitasi layanan outsourcing, sering kali dengan koneksi politik dan tanpa memberikan nilai substansial, adalah **""tenderpreneur""**.

Istilah ini menggabungkan kata ""tender"" (yang merujuk pada proses penawaran untuk kontrak) dan ""entrepreneur"" (pengusaha).  Ini sering kali memiliki konotasi negatif dan menyiratkan korupsi atau keuntungan yang tidak pantas.",True,2,technology,definition,81,105.0,0.7714285714285715,1,0.0666666666666666,0.2616514882569231,4.566069644882699,0.0,0.7146811843919637,85,105.0,0.8095238095238095,1,0.0666666666666666,0.225009334711201,3.218042549701879,0.0,0.57961720018987,81,105.0,0.7714285714285715,1,0.0666666666666666,0.2616514882569231,4.566069644882699,0.0,0.7146811843919637,2.5555555555555554,8.0,0.0,1,2.5555555555555554,7.0,0.0,1,Indo-European,Germanic,Austronesian,Malayo-Polynesian,LATIN,6949,7087876,LATIN,2200,751190
53,en,id,What type of health care group is St John of God Health Care?,Jenis kelompok layanan kesehatan apakah St John of God Health Care?,St John of God Health Care is a **Catholic not-for-profit private health care group**.,"St John of God Health Care adalah kelompok layanan kesehatan nirlaba Katolik Australia yang menyediakan layanan kesehatan rumah sakit, layanan kesehatan rumah, dan layanan kesejahteraan yang mencakup perawatan orang tua dan kelompok usia dan kebutuhan yang berbeda.",True,1,health,organization,63,78.0,0.8076923076923077,0,0.0,0.4418725453873954,3.5085990547693235,0.0,0.8629332830618192,74,78.0,0.9487179487179488,0,0.0,0.3309643580534686,2.5434721116159835,0.0,0.6313996623028113,63,78.0,0.8076923076923077,0,0.0,0.4418725453873954,3.5085990547693235,0.0,0.8629332830618192,2.4166666666666665,7.0,0.0,1,2.6923076923076925,5.0,0.0,1,Indo-European,Germanic,Austronesian,Malayo-Polynesian,LATIN,6949,7087876,LATIN,2200,751190
49,en,id,What did Archer Capital purchase in partnership with the management of Australian Geographic in 1998?,Apa yang dibeli Archer Capital dalam kemitraan dengan manajemen Australian Geographic pada tahun 1998?,"In 1998, Archer Capital purchased **Australian Geographic** in partnership with its management.",Archer Capital membeli bisnis Australian Geographic Retail dalam kemitraan dengan manajemen pada tahun 1998.,False,1,geography,work_creation,60,78.0,0.7692307692307693,0,0.0,0.2204119452926618,2.4882714628801827,0.0,0.5243487146388167,63,78.0,0.8076923076923077,0,0.0,0.1408739204092234,1.5558470541084042,0.0,0.3517332535126769,60,78.0,0.7692307692307693,0,0.0,0.2204119452926618,2.4882714628801827,0.0,0.5243487146388167,2.9285714285714284,6.0,0.0,1,3.066666666666667,5.0,0.0,1,Indo-European,Germanic,Austronesian,Malayo-Polynesian,LATIN,6949,7087876,LATIN,2200,751190
34,en,id,"According to some writers, which ancient city is equated with Parrhasia?","Menurut beberapa penulis, kota kuno manakah yang disamakan dengan Parrhasia?","According to some writers, **Azania** is equated with Parrhasia.",Beberapa penulis mengidentifikasi kota kuno Azan sebagai lokasi yang kira-kira sesuai dengan Parrhasia.,False,1,history,location,21,45.0,0.4666666666666667,2,0.2,0.2316700623561899,1.538207726984539,0.0,0.4843842675442491,25,45.0,0.5555555555555556,2,0.2,0.1184413130827908,0.7263885894472172,0.0,0.2255613195229014,21,45.0,0.4666666666666667,2,0.2,0.2316700623561899,1.538207726984539,0.0,0.4843842675442491,2.0833333333333335,4.0,0.0,1,2.0,4.0,0.0,1,Indo-European,Germanic,Austronesian,Malayo-Polynesian,LATIN,6949,7087876,LATIN,2200,751190
52,en,id,What is the Planck mass denoted by in the equation for the Vainshtein radius?,Apa yang dilambangkan dengan massa Planck dalam persamaan jari-jari Vainshtein?,"The Planck mass, often denoted as $M_{Pl}$ or $m_{Pl}$, appears in the equation for the Vainshtein radius in modified gravity theories, particularly in theories like massive gravity or Galileon theories.  Its presence is related to the fact that these theories often involve modifications to Einstein's general relativity at high energy scales or short distances, where quantum gravity effects might become relevant.

Specifically, the Planck mass in the Vainshtein radius equation often appears in the form of Newton's gravitational constant, $G_N$, since:

$M_{Pl} = \sqrt{\frac{\hbar c}{G","Dalam persamaan jari-jari Vainshtein, massa Planck (sering dilambangkan dengan *M<sub>pl</sub>* atau *M<sub>P</sub>*) melambangkan skala energi di mana gravitasi menjadi sekuat gaya-gaya fundamental lainnya dalam fisika partikel, dan di mana efek gravitasi kuantum diperkirakan menjadi signifikan.  Singkatnya, ini adalah skala di mana teori relativitas umum Einstein (yang menggambarkan gravitasi klasik) diperkirakan akan runtuh dan membutuhkan teori gravitasi kuantum.

Berikut adalah penjelasan lebih detail:

*   **Skala Gravitasi Kuantum:** Massa Planck secara fundamental",False,1,science,scientific_technical,26,55.0,0.4727272727272727,2,0.1818181818181818,0.3395118450369061,4.229498950716221,0.0,0.8643820848130128,28,55.0,0.509090909090909,2,0.1818181818181818,0.3504246589867216,3.699269622200696,0.0,0.8220454174852221,26,55.0,0.4727272727272727,2,0.1818181818181818,0.3395118450369061,4.229498950716221,0.0,0.8643820848130128,2.5,5.0,0.0,1,3.0,4.0,0.0,1,Indo-European,Germanic,Austronesian,Malayo-Polynesian,LATIN,6949,7087876,LATIN,2200,751190
54,en,id,What month did the K-1: K’Festa 3 event take place in?,Pada bulan apa acara K-1: K’Festa 3 diadakan?,The K-1: K'Festa 3 event took place in **March** of 2020.,Acara K-1: K’Festa 3 diadakan pada bulan Maret.,True,1,history,event,39,45.0,0.8666666666666667,0,0.0,0.2839554165519666,2.671494759364874,0.0,0.6112367407760405,41,45.0,0.9111111111111112,0,0.0,0.1856908555311903,2.395099539192836,0.0,0.511671205006837,39,45.0,0.8666666666666667,0,0.0,0.2839554165519666,2.671494759364874,0.0,0.6112367407760405,2.9,6.0,0.0,1,3.533333333333333,4.0,0.0666666666666666,1,Indo-European,Germanic,Austronesian,Malayo-Polynesian,LATIN,6949,7087876,LATIN,2200,751190
50,en,id,What medal did Nguyễn Thị Mỹ Đức win in women's changquan at the 2002 Asian Games?,Medali apa yang diraih Nguyễn Thị Mỹ Đức dalam nomor changquan putri di Asian Games 2002?,Nguyễn Thị Mỹ Đức won a **bronze** medal in women's changquan at the 2002 Asian Games.,Nguyễn Thị Mỹ Đức meraih medali perunggu dalam nomor changquan putri di Asian Games 2002.,True,1,sports,other,49,105.0,0.4666666666666667,1,0.0666666666666666,1.7164993300149824,11.792766746023515,0.0,2.532374612049205,53,105.0,0.5047619047619047,1,0.0666666666666666,1.6592074783181718,10.413023789985957,0.0,2.326064807716597,49,105.0,0.4666666666666667,1,0.0666666666666666,1.7164993300149824,11.792766746023515,0.0,2.532374612049205,2.588235294117647,7.0,0.0,1,3.588235294117647,4.0,0.0,1,Indo-European,Germanic,Austronesian,Malayo-Polynesian,LATIN,6949,7087876,LATIN,2200,751190
58,en,id,In what city did the 1984 Summer Olympics men's 100 metre butterfly final take place?,Di kota manakah final nomor gaya kupu-kupu 100 meter putra Olimpiade Musim Panas 1984 diselenggarakan?,The 1984 Summer Olympics men's 100 metre butterfly final took place in **Los Angeles**.,Final nomor gaya kupu-kupu 100 meter putra Olimpiade Musim Panas 1984 diselenggarakan di Los Angeles.,True,1,sports,location,89,120.0,0.7416666666666667,0,0.0,0.5262760677853855,7.31470530612071,0.0,1.0449784080888325,110,120.0,0.9166666666666666,0,0.0,0.3919602198260195,6.426302257177171,0.0,0.8446537685420025,89,120.0,0.7416666666666667,0,0.0,0.5262760677853855,7.31470530612071,0.0,1.0449784080888325,2.875,7.0,0.0,1,2.4375,4.0,0.0,1,Indo-European,Germanic,Austronesian,Malayo-Polynesian,LATIN,6949,7087876,LATIN,2200,751190
48,en,id,What was the name of the protagonist in the Prizzi novels?,Siapa nama protagonis dalam novel Prizzi?,The protagonist in the Prizzi novels is **Charley Partanna**.,Protagonis dalam novel Prizzi adalah Charley Partanna.,True,1,law,work_creation,12,28.0,0.4285714285714285,2,0.25,0.4188427349860791,2.2324497329255153,0.0,0.6533122138239543,14,28.0,0.5,2,0.25,0.4850665549609735,2.679215942725354,0.0,0.792118352306546,12,28.0,0.4285714285714285,2,0.25,0.4188427349860791,2.2324497329255153,0.0,0.6533122138239543,2.1666666666666665,4.0,0.0,1,2.909090909090909,5.0,0.0,1,Indo-European,Germanic,Austronesian,Malayo-Polynesian,LATIN,6949,7087876,LATIN,2200,751190
33,en,it,In which country was AFN Bremerhaven located?,In quale paese si trovava AFN Bremerhaven?,AFN Bremerhaven was located in **Germany**.,AFN Bremerhaven si trovava in Germania. AFN è l'acronimo di American Forces Network.,True,1,geography,location,6,15.0,0.4,0,0.0,0.6503775196421469,2.237233113142762,0.0,0.8093109797800169,9,15.0,0.6,0,0.0,0.4828974802853846,1.2339535730224207,0.0,0.5282266804226204,6,15.0,0.4,0,0.0,0.6503775196421469,2.237233113142762,0.0,0.8093109797800169,1.5714285714285714,3.0,0.0,1,1.8571428571428572,3.0,0.0,1,Indo-European,Germanic,Indo-European,Romance,LATIN,6949,7087876,LATIN,2729,1943704
30,en,it,What was the position of August Joseph Donatelli's plane during World War II when it was shot down?,Qual era la posizione dell'aereo di August Joseph Donatelli durante la seconda guerra mondiale quando è stato abbattuto?,"August Joseph Donatelli was flying a B-24 Liberator bomber named ""The Deacon"" as part of the 376th Bomb Group, 513th Bomb Squadron. On **August 1, 1943, during Operation Tidal Wave, a raid on the oil refineries at Ploesti, Romania**, his plane was shot down.

Specifically, ""The Deacon"" **was shot down *after* bombing its target, the Astra Romana Refinery in Ploesti.** While exact accounts vary slightly, it's generally accepted that it was hit by heavy flak while heading away from the target. The plane","August Joseph Donatelli era il pilota di un aereo B-24, numero di serie 42-52549, del 714° squadrone bombardieri, 448° gruppo bombardieri, 8a forza aerea. Il suo aereo è stato abbattuto il 21 novembre 1944 durante un raid su Misburg, in Germania. L'aereo è precipitato vicino a Schulenrode, in Germania.",False,1,history,event,101,153.0,0.6601307189542484,0,0.0,0.3513948268093401,4.930838552007787,0.0,0.8641664695967094,121,153.0,0.7908496732026143,0,0.0,0.3390596983128286,4.236126493158358,0.0,0.7424493231441064,101,153.0,0.6601307189542484,0,0.0,0.3513948268093401,4.930838552007787,0.0,0.8641664695967094,4.0,5.0,0.0,1,4.0,5.0,0.0,1,Indo-European,Germanic,Indo-European,Romance,LATIN,6949,7087876,LATIN,2729,1943704
55,en,it,What was the television network that aired The Greatest Canadian Invention?,Quale rete televisiva ha trasmesso La più grande invenzione canadese?,The television network that aired The Greatest Canadian Invention was **CBC (Canadian Broadcasting Corporation)**.,La più grande invenzione canadese è andata in onda sulla CBC.,False,1,culture,organization,27,45.0,0.6,0,0.0,0.8738813039193807,6.424483012266856,0.0,1.698302682669783,38,45.0,0.8444444444444444,0,0.0,0.7085225861578819,5.374383328293695,0.0,1.2943747128829763,27,45.0,0.6,0,0.0,0.8738813039193807,6.424483012266856,0.0,1.698302682669783,2.2,4.0,0.0,1,2.909090909090909,5.0,0.0,1,Indo-European,Germanic,Indo-European,Romance,LATIN,6949,7087876,LATIN,2729,1943704
39,en,it,Since which decade did bowl games start counting toward single-season and career statistics?,Da quale decennio i bowl game hanno iniziato a contare per le statistiche di una singola stagione e di carriera?,Bowl game statistics started counting toward single-season and career statistics in **2002**.,I bowl game hanno iniziato a contare per le statistiche di una singola stagione e di carriera a partire dalla stagione 2002.,False,1,sports,date_time,88,105.0,0.8380952380952381,0,0.0,0.2751964336409043,2.5210507812517196,0.0,0.5721864408603231,101,105.0,0.961904761904762,0,0.0,0.2304843066895448,2.788026384204728,0.0,0.4657500949567339,88,105.0,0.8380952380952381,0,0.0,0.2751964336409043,2.5210507812517196,0.0,0.5721864408603231,2.6,6.0,0.0,1,2.8666666666666667,6.0,0.0,1,Indo-European,Germanic,Indo-European,Romance,LATIN,6949,7087876,LATIN,2729,1943704
63,en,it,What is the original name of Entebbe General Hospital?,Qual è il nome originale dell'Ospedale Generale di Entebbe?,The original name of Entebbe General Hospital was **Entebbe Grade B Hospital**.,L'Ospedale Generale di Entebbe era originariamente chiamato Ospedale di San Raffaele.,False,2,health,definition,35,45.0,0.7777777777777778,0,0.0,0.189453197034509,1.6041437282067723,0.0,0.4130705673000154,37,45.0,0.8222222222222222,0,0.0,0.0722985805228934,0.58395378213061,0.0,0.1675318694739646,35,45.0,0.7777777777777778,0,0.0,0.189453197034509,1.6041437282067723,0.0,0.4130705673000154,2.636363636363636,5.0,0.0,1,3.0,4.0,0.0,1,Indo-European,Germanic,Indo-European,Romance,LATIN,6949,7087876,LATIN,2729,1943704
56,en,it,What was the name of the University of Detroit's halfback in the 1929 football season?,Chi era il mediano dell'Università di Detroit nella stagione calcistica del 1929?,The University of Detroit's star halfback in the 1929 season was **Lloyd Brazil**.,Il mediano dell'Università di Detroit nella stagione calcistica del 1929 era Gus Sonnenberg.,False,1,sports,person,38,66.0,0.5757575757575758,0,0.0,0.322609412895452,3.520778679527965,0.0,0.6993916123915482,48,66.0,0.7272727272727273,0,0.0,0.2825740159157927,3.689457306796887,0.0,0.6978678962188165,38,66.0,0.5757575757575758,0,0.0,0.322609412895452,3.520778679527965,0.0,0.6993916123915482,3.0625,5.0,0.0,1,3.75,6.0,0.0625,1,Indo-European,Germanic,Indo-European,Romance,LATIN,6949,7087876,LATIN,2729,1943704
42,en,it,What is the original name of the Flood Modeller software?,Qual era il nome originale del software Flood Modeller?,The original name of the Flood Modeller software was **ISIS**.,Il nome originale del software Flood Modeller era ISIS.,True,1,technology,work_creation,15,28.0,0.5357142857142857,1,0.125,0.2122563812394012,0.7484060548826509,0.0,0.2575268200376754,16,28.0,0.5714285714285714,1,0.125,0.2099039896727975,1.0833102124220932,0.0,0.325212166430223,15,28.0,0.5357142857142857,1,0.125,0.2122563812394012,0.7484060548826509,0.0,0.2575268200376754,2.5,5.0,0.0,1,3.2,5.0,0.0,1,Indo-European,Germanic,Indo-European,Romance,LATIN,6949,7087876,LATIN,2729,1943704
46,en,it,What religious practice did the Magars follow?,Quali pratiche religiose seguivano i Magar?,"The Magar people have a diverse range of religious practices, primarily influenced by Hinduism and Buddhism, alongside their indigenous traditions.

*   **Hinduism:** Many Magars, especially those in the southern regions, follow Hinduism and observe Hindu festivals and rituals.

*   **Buddhism:** Buddhism is also prevalent, particularly in the northern Magar communities, with influences from Tibetan Buddhism.

*   **Indigenous Beliefs:** Importantly, the Magars have their own unique pre-Hindu and pre-Buddhist animistic beliefs and shamanistic practices, often centered around ancestor worship, nature spirits, and the role of shamans (Dhami","I Magar sono un gruppo etnico indigeno del Nepal e dell'India. Le loro pratiche religiose sono una miscela complessa e sincretica di credenze indigene, sciamanesimo, animismo e influenze dell'Induismo e del Buddhismo.  Non esiste un'unica religione ""Magar"" monolitica, e le pratiche variano notevolmente da regione a regione e tra i diversi clan.

Ecco alcune delle pratiche religiose seguite dai Magar:

*   **Animismo e culto degli antenati:** I Magar tradizionalmente credono in",False,1,culture,other,3,21.0,0.1428571428571428,0,0.0,1.181819606725821,2.761563013632485,0.2235839354907466,1.12547422579581,5,21.0,0.238095238095238,0,0.0,0.6982457837984934,1.967169380591363,0.0540725498912829,0.680669048278598,3,21.0,0.1428571428571428,0,0.0,1.181819606725821,2.761563013632485,0.2235839354907466,1.12547422579581,1.6666666666666667,3.0,0.0,1,1.8571428571428572,3.0,0.0,1,Indo-European,Germanic,Indo-European,Romance,LATIN,6949,7087876,LATIN,2729,1943704
57,en,it,What does the lowest part of the Espiritu Santo Formation consist of?,Di cosa è costituita la parte più inferiore della Formazione Espiritu Santo?,The lowest part of the Espiritu Santo Formation consists of **a basal red conglomerate and sandstone**.,"La parte più inferiore della Formazione Espiritu Santo è costituita principalmente da **sabbie quarzose basali di colore bianco, grossolane e moderatamente classate.**  Queste sabbie spesso contengono anche ciottoli e possono essere ricche di fossili.

Inoltre, si possono trovare:

*   **Argilloscisti grigi e arenacei con intercalazioni di siltiti:** Questi strati si alternano con le sabbie.
*   **Lenticchie di calcare:** Piccole formazioni calcaree possono essere presenti localmente.

La compos",False,1,science,definition,34,66.0,0.5151515151515151,0,0.0,0.68957536234913,10.473228104111628,0.0,2.025527763164401,37,66.0,0.5606060606060606,0,0.0,0.5663053137505409,9.471648412270747,0.0,1.7257399479136049,34,66.0,0.5151515151515151,0,0.0,0.68957536234913,10.473228104111628,0.0,2.025527763164401,2.3076923076923075,5.0,0.0,1,4.666666666666667,4.0,0.0833333333333333,1,Indo-European,Germanic,Indo-European,Romance,LATIN,6949,7087876,LATIN,2729,1943704
66,en,it,In which year was the Toronto edition of Ming Pao Daily News launched?,In quale anno è stata lanciata l'edizione di Toronto del Ming Pao Daily News?,The Toronto edition of Ming Pao Daily News was launched in **1993**.,L'edizione di Toronto del Ming Pao Daily News è stata lanciata nel 1993.,True,1,history,date_time,49,66.0,0.7424242424242424,0,0.0,0.5487053128407142,7.0349415341429085,0.0,1.173611991210254,52,66.0,0.7878787878787878,0,0.0,0.3377190204162926,5.439174494911323,0.0,0.8646511280963933,49,66.0,0.7424242424242424,0,0.0,0.5487053128407142,7.0349415341429085,0.0,1.173611991210254,2.5,4.0,0.0,1,3.6153846153846154,4.0,0.0,1,Indo-European,Germanic,Indo-European,Romance,LATIN,6949,7087876,LATIN,2729,1943704
31,en,it,In what year was the NIH MERIT Award first created?,In quale anno è stato istituito per la prima volta il premio NIH MERIT?,The NIH (National Institutes of Health) MERIT (Method to Extend Research in Time) Award was first created in **1986**.,Il premio NIH MERIT è stato istituito per la prima volta nel **1986**.,True,1,health,date_time,41,55.0,0.7454545454545455,0,0.0,0.3783188257991868,4.111660673873779,0.0,0.8740120418563527,47,55.0,0.8545454545454545,0,0.0,0.2581006828191873,3.1232383522534297,0.0,0.6040670057022043,41,55.0,0.7454545454545455,0,0.0,0.3783188257991868,4.111660673873779,0.0,0.8740120418563527,2.642857142857143,4.0,0.0,1,2.6,3.0,0.0,1,Indo-European,Germanic,Indo-European,Romance,LATIN,6949,7087876,LATIN,2729,1943704
45,en,it,What was the name of the military base established in the Vedder Crossing area in 1941?,Qual era il nome della base militare istituita nell'area di Vedder Crossing nel 1941?,The military base established in the Vedder Crossing area in 1941 was called **Camp Chilliwack**.,La base militare istituita nell'area di Vedder Crossing nel 1941 si chiamava Campo di addestramento militare di Vedder Crossing.,False,1,history,entity_object,42,91.0,0.4615384615384615,2,0.1428571428571428,0.2814770134481076,2.3508388719785307,0.0,0.5252257020153864,49,91.0,0.5384615384615384,2,0.1428571428571428,0.2292291372460541,2.273624821721754,0.0,0.4561491860786005,42,91.0,0.4615384615384615,2,0.1428571428571428,0.2814770134481076,2.3508388719785307,0.0,0.5252257020153864,3.0,7.0,0.0,1,3.4375,6.0,0.0,1,Indo-European,Germanic,Indo-European,Romance,LATIN,6949,7087876,LATIN,2729,1943704
60,en,it,"In the 1999 New Zealand general election, which party did Helen Clark lead to victory?","Nelle elezioni generali del 1999 in Nuova Zelanda, quale partito ha condotto alla vittoria Helen Clark?",Helen Clark led the Labour Party to victory in the 1999 New Zealand general election.,Helen Clark ha condotto il Partito Laburista alla vittoria nelle elezioni generali del 1999 in Nuova Zelanda.,True,2,politics,person,63,91.0,0.6923076923076923,0,0.0,0.541632473619584,5.419555488590496,0.0,1.1632635768644015,74,91.0,0.8131868131868132,0,0.0,0.4990590237607764,4.331872539322564,0.0,0.9917162766897566,63,91.0,0.6923076923076923,0,0.0,0.541632473619584,5.419555488590496,0.0,1.1632635768644015,2.85,4.0,0.0,1,2.8125,4.0,0.0,1,Indo-European,Germanic,Indo-European,Romance,LATIN,6949,7087876,LATIN,2729,1943704
29,en,it,What kind of systems does International Road Dynamics provide to ensure that vehicles depart terminals within acceptable weight limits?,Quali tipi di sistemi fornisce International Road Dynamics per garantire che i veicoli lascino i terminal entro i limiti di peso accettabili?,"International Road Dynamics (IRD) provides a comprehensive suite of systems designed to ensure vehicles depart terminals within acceptable weight limits. These systems typically fall under the umbrella of **Weigh-In-Motion (WIM)** technology and related solutions. Here's a breakdown of the types of systems they offer:

*   **High-Speed Weigh-In-Motion (HS-WIM) Systems:**

    *   **Purpose:** These systems are designed to accurately weigh vehicles while they are traveling at normal highway speeds. They are installed directly into the road surface and can capture weight data without requiring vehicles to stop.
    *   **","International Road Dynamics (IRD) fornisce diversi tipi di sistemi per garantire che i veicoli lascino i terminal entro i limiti di peso accettabili, principalmente basati su tecnologie Weigh-In-Motion (WIM):

*   **Sistemi Weigh-In-Motion (WIM) ad alta velocità:** Questi sistemi pesano i veicoli mentre viaggiano a velocità autostradali. Tipicamente includono sensori integrati nella pavimentazione stradale, come celle di carico o sensori piezoelettrici, che misurano dinamicamente il peso degli assi e il peso lordo del veicolo",True,1,technology,other,88,171.0,0.5146198830409356,0,0.0,0.3429683115679218,3.3352811597017915,0.0,0.6991350553240034,118,171.0,0.6900584795321637,0,0.0,0.3818415624627142,2.296762939952976,0.0,0.613116595655702,88,171.0,0.5146198830409356,0,0.0,0.3429683115679218,3.3352811597017915,0.0,0.6991350553240034,2.6818181818181817,6.0,0.0,1,2.6842105263157894,5.0,0.0,1,Indo-European,Germanic,Indo-European,Romance,LATIN,6949,7087876,LATIN,2729,1943704
67,en,it,What was artistic swimming previously known as?,Come era precedentemente noto il nuoto artistico?,Artistic swimming was previously known as **synchronized swimming**.,Il nuoto artistico era precedentemente noto come **nuoto sincronizzato**.,True,1,sports,definition,14,21.0,0.6666666666666666,0,0.0,0.9328961526783226,6.973221544831448,0.0,1.7644613535805085,17,21.0,0.8095238095238095,0,0.0,0.5582811110055818,5.906186428916823,0.0,1.3750742710619714,14,21.0,0.6666666666666666,0,0.0,0.9328961526783226,6.973221544831448,0.0,1.7644613535805085,2.0,3.0,0.0,1,3.0,3.0,0.1428571428571428,1,Indo-European,Germanic,Indo-European,Romance,LATIN,6949,7087876,LATIN,2729,1943704
36,en,it,In which year did the Great Canadian flag debate officially begin?,"In quale anno iniziò ufficialmente il Great Flag Debate, il dibattito sulla bandiera canadese?",The Great Canadian flag debate officially began in **1964**.,Il Great Flag Debate iniziò ufficialmente nel 1964.,True,3,history,date_time,25,55.0,0.4545454545454545,0,0.0,0.5529584415462008,3.617073953904572,0.0,0.9682002833981516,34,55.0,0.6181818181818182,0,0.0,0.5470220907479214,3.135430665870906,0.0,0.861678432333423,25,55.0,0.4545454545454545,0,0.0,0.5529584415462008,3.617073953904572,0.0,0.9682002833981516,2.5625,5.0,0.0,1,2.909090909090909,3.0,0.0,1,Indo-European,Germanic,Indo-European,Romance,LATIN,6949,7087876,LATIN,2729,1943704
59,en,it,In which year did the Whitehaven School become the Whitehaven Academy?,In che anno la Scuola di Whitehaven è diventata l'Accademia di Whitehaven?,Whitehaven School officially became the Whitehaven Academy in **September 2012**.,La Scuola di Whitehaven è diventata l'Accademia di Whitehaven nel settembre 2012.,False,1,history,date_time,21,28.0,0.75,0,0.0,0.239921201894898,1.4511146347741366,0.0,0.4097389314601724,22,28.0,0.7857142857142857,0,0.0,0.1723154088474138,1.2850339395381365,0.0,0.3079106030834911,21,28.0,0.75,0,0.0,0.239921201894898,1.4511146347741366,0.0,0.4097389314601724,2.230769230769231,4.0,0.0,1,2.363636363636364,3.0,0.0,1,Indo-European,Germanic,Indo-European,Romance,LATIN,6949,7087876,LATIN,2729,1943704
38,en,it,When was the Uniform Residential Landlord and Tenant Act created?,Quando è stato creato l'Uniform Residential Landlord and Tenant Act?,The Uniform Residential Landlord and Tenant Act (URLTA) was approved and recommended for enactment in all states by the National Conference of Commissioners on Uniform State Laws in 1972.,"L'Uniform Residential Landlord and Tenant Act (URLTA) è stato approvato dall'Uniform Law Commission (precedentemente nota come National Conference of Commissioners on Uniform State Laws) nel 1972.

Pertanto, la risposta è **1972**.",True,1,law,date_time,36,66.0,0.5454545454545454,0,0.0,0.3565104768197207,3.277157689946317,0.0,0.7643482852630529,44,66.0,0.6666666666666666,0,0.0,0.2392618055934003,2.991504002456489,0.0,0.571519603778632,36,66.0,0.5454545454545454,0,0.0,0.3565104768197207,3.277157689946317,0.0,0.7643482852630529,2.363636363636364,4.0,0.0,1,3.6,6.0,0.0,1,Indo-European,Germanic,Indo-European,Romance,LATIN,6949,7087876,LATIN,2729,1943704
37,en,it,Who was the first female mayor in Turkey?,Chi è stata la prima donna sindaco in Turchia?,"The first female mayor in Turkey was Müfide İlhan, elected in Mersin in 1950.",La prima donna sindaco in Turchia è stata Müfide İlhan. È stata eletta sindaco di Mersin nel 1950.,True,1,politics,person,20,36.0,0.5555555555555556,2,0.2222222222222222,0.1017913676324517,1.5623311856015052,0.0,0.3425714078957741,21,36.0,0.5833333333333334,2,0.2222222222222222,0.0598662495312958,0.5027049354949538,0.0,0.1436896986497892,20,36.0,0.5555555555555556,2,0.2222222222222222,0.1017913676324517,1.5623311856015052,0.0,0.3425714078957741,2.6666666666666665,3.0,0.0,1,2.625,3.0,0.0,1,Indo-European,Germanic,Indo-European,Romance,LATIN,6949,7087876,LATIN,2729,1943704
44,en,it,What was the specific purpose of a bulk material analyzer located just upstream of the raw mill in cement production?,Qual era lo scopo specifico di un analizzatore di materiale sfuso posizionato appena a monte del mulino per materie prime nella produzione del cemento?,"The specific purpose of a bulk material analyzer located just upstream of the raw mill in cement production is to **continuously monitor and analyze the chemical composition of the raw materials being fed into the raw mill to ensure optimal and consistent raw mix design for clinker production.**

Here's a breakdown of why this is important:

*   **Optimal Raw Mix Design:** Cement clinker is produced by burning a precisely controlled mixture of raw materials (typically limestone, clay, sand, and iron ore). The correct proportions of calcium, silica, alumina, and iron (the key oxides) are crucial for achieving the desired clinker quality and efficient burning","L'analizzatore di materiale sfuso posizionato a monte del mulino per materie prime nella produzione di cemento ha come scopo specifico quello di **monitorare e controllare la composizione chimica delle materie prime in tempo reale, prima che entrino nel mulino**.

In termini più dettagliati, questo si traduce in:

* **Ottimizzazione della miscelazione delle materie prime:** Conoscendo la composizione delle diverse materie prime (calcare, argilla, ossido di ferro, etc.), l'analizzatore permette di regolare la proporzione di ciascun materiale nella miscela",True,1,technology,scientific_technical,271,406.0,0.6674876847290641,0,0.0,0.3890151924860693,5.609779843521848,0.0,0.8495168650485593,345,406.0,0.8497536945812808,0,0.0,0.3664003883261758,4.424867637367844,0.0,0.7251041633405846,271,406.0,0.6674876847290641,0,0.0,0.3890151924860693,5.609779843521848,0.0,0.8495168650485593,3.2962962962962963,8.0,0.0,1,3.15,8.0,0.0,1,Indo-European,Germanic,Indo-European,Romance,LATIN,6949,7087876,LATIN,2729,1943704
65,en,it,In what year was Greg Brown's album One More Goodnight Kiss released?,In che anno è stato pubblicato l'album di Greg Brown Un Altro Bacio Della Buonanotte?,"Greg Brown's album ""One More Goodnight Kiss"" was released in **1988**.",L'album di Greg Brown Un Altro Bacio Della Buonanotte è stato pubblicato nel 1994.,False,1,arts,date_time,54,66.0,0.8181818181818182,0,0.0,0.3236138054242443,3.661856907676794,0.0,0.6982133845848093,59,66.0,0.8939393939393939,0,0.0,0.2982254317416628,3.369925251564718,0.0,0.7262509802540918,54,66.0,0.8181818181818182,0,0.0,0.3236138054242443,3.661856907676794,0.0,0.6982133845848093,2.4705882352941178,5.0,0.0,1,2.5384615384615383,4.0,0.0,1,Indo-European,Germanic,Indo-European,Romance,LATIN,6949,7087876,LATIN,2729,1943704
35,en,it,What was the name of Nellie McKay's record label when Pretty Little Head was released?,Qual era il nome dell'etichetta discografica di Nellie McKay quando è stato pubblicato Pretty Little Head?,Nellie McKay's album *Pretty Little Head* was released on **Hungry Mouse Records**.,Pretty Little Head è stato pubblicato da Verve Records nel 2006.,False,1,history,organization,80,136.0,0.5882352941176471,0,0.0,0.3962096432650116,6.326290072466221,0.0,1.0140137439117745,101,136.0,0.7426470588235294,0,0.0,0.3450151095307895,5.277550648786208,0.0,0.8601936108336413,80,136.0,0.5882352941176471,0,0.0,0.3962096432650116,6.326290072466221,0.0,1.0140137439117745,3.2777777777777777,5.0,0.0,1,4.0625,5.0,0.0,1,Indo-European,Germanic,Indo-European,Romance,LATIN,6949,7087876,LATIN,2729,1943704
51,en,it,How long does a Rector of Università Cattolica del Sacro Cuore remain in office?,Per quanto tempo un Magnifico Rettore dell'Università Cattolica del Sacro Cuore rimane in carica?,The Rector of Università Cattolica del Sacro Cuore remains in office for a term of **four years**. They are eligible for reappointment only once.,"Il Magnifico Rettore dell'Università Cattolica del Sacro Cuore rimane in carica per un mandato di **quattro anni**, rinnovabile.",True,1,education,other,84,91.0,0.9230769230769232,0,0.0,0.5816786755807111,6.201022980868415,0.0,1.2568312032232285,91,91.0,1.0,0,0.0,0.408600195277948,4.981174656597887,0.0,0.9314056472314176,84,91.0,0.9230769230769232,0,0.0,0.5816786755807111,6.201022980868415,0.0,1.2568312032232285,2.8823529411764706,5.0,0.0,1,3.5,4.0,0.0,1,Indo-European,Germanic,Indo-European,Romance,LATIN,6949,7087876,LATIN,2729,1943704
41,en,it,What was the name of the conference Campbell University's women's basketball team played in from 1994 to 2011?,Qual era il nome della conference in cui giocava la squadra di basket femminile della Campbell University dal 1994 al 2011?,"From 1994 to 2011, Campbell University's women's basketball team played in the **Atlantic Sun Conference** (formerly known as the Trans America Athletic Conference or TAAC).","Dal 1994 al 2011, la squadra di basket femminile della Campbell University ha giocato nella Big South Conference.",False,1,sports,event,112,171.0,0.6549707602339181,0,0.0,0.431953870681682,2.8613659345821274,0.0,0.8011159749223339,139,171.0,0.8128654970760234,0,0.0,0.3179660918362142,3.084505660075195,0.0,0.6923327695695588,112,171.0,0.6549707602339181,0,0.0,0.431953870681682,2.8613659345821274,0.0,0.8011159749223339,3.64,7.0,0.0,1,4.45,6.0,0.0,1,Indo-European,Germanic,Indo-European,Romance,LATIN,6949,7087876,LATIN,2729,1943704
61,en,it,"What is the name of the album that the song ""That's What Love Is For"" was released on?","Qual è il nome dell'album in cui è stata pubblicata la canzone ""That's What Love Is For""?","The song ""That's What Love Is For"" was released on the album **Leap of Faith**.","La canzone ""That's What Love Is For"" è stata pubblicata nell'album ""Greatest Hits"" dei Bad Company.",False,1,culture,work_creation,123,136.0,0.9044117647058824,0,0.0,0.6259870404436659,3.9244591076824302,0.0,1.0519433252534092,136,136.0,1.0,0,0.0,0.513658170343874,3.6998636695736704,0.0,0.91517263545877,123,136.0,0.9044117647058824,0,0.0,0.6259870404436659,3.9244591076824302,0.0,1.0519433252534092,3.0952380952380953,7.0,0.0,1,4.857142857142857,8.0,0.0476190476190476,1,Indo-European,Germanic,Indo-European,Romance,LATIN,6949,7087876,LATIN,2729,1943704
47,en,it,When was the men's javelin throw event held at the 2010 Asian Games?,Quando si è svolta la gara di lancio del giavellotto maschile ai Giochi asiatici del 2010?,"The men's javelin throw event at the 2010 Asian Games was held on **November 26, 2010**.",La gara di lancio del giavellotto maschile ai Giochi asiatici del 2010 si è svolta il 26 novembre.,True,1,sports,event,79,91.0,0.8681318681318682,0,0.0,0.3600793091248307,6.040035683179011,0.0,0.9599367989307824,87,91.0,0.956043956043956,0,0.0,0.2557924580625455,5.0597440880169975,0.0,0.7398154966779394,79,91.0,0.8681318681318682,0,0.0,0.3600793091248307,6.040035683179011,0.0,0.9599367989307824,3.0,5.0,0.0,1,3.357142857142857,5.0,0.0,1,Indo-European,Germanic,Indo-European,Romance,LATIN,6949,7087876,LATIN,2729,1943704
32,en,it,"On which date was David Nail's album ""Fighter"" released?","In che data è stato pubblicato l'album ""Fighter"" di David Nail?","David Nail's album ""Fighter"" was released on **July 15, 2016**.","L'album ""Fighter"" di David Nail è stato pubblicato il 15 luglio 2016.",True,1,arts,date_time,58,66.0,0.8787878787878788,0,0.0,0.3130766483159193,1.939283990627757,0.0,0.5509186052210209,62,66.0,0.9393939393939394,0,0.0,0.1506749137451792,1.592280876684499,0.0,0.3257814111929982,58,66.0,0.8787878787878788,0,0.0,0.3130766483159193,1.939283990627757,0.0,0.5509186052210209,2.2857142857142856,4.0,0.0,1,2.9166666666666665,4.0,0.0,1,Indo-European,Germanic,Indo-European,Romance,LATIN,6949,7087876,LATIN,2729,1943704
62,en,it,Which data protection regulation in Brazil requires subject access requests to be fulfilled within a specific time frame?,Quale normativa brasiliana sulla protezione dei dati impone che le richieste di accesso dell'interessato vengano soddisfatte entro un periodo di tempo specifico?,"The data protection regulation in Brazil that requires subject access requests (also known as data access requests or individual rights requests) to be fulfilled within a specific timeframe is the **Lei Geral de Proteção de Dados (LGPD)**, or the General Data Protection Law.

Article 19 of the LGPD outlines the rights of the data subject, including the right to access their data. While the LGPD doesn't specify a strict, exact timeframe for fulfilling all types of access requests, it does require that controllers **respond to data subjects ""within a reasonable period of time.""**

The *National Data Protection Authority (ANPD)*","La normativa brasiliana sulla protezione dei dati che impone che le richieste di accesso dell'interessato vengano soddisfatte entro un periodo di tempo specifico è la **Lei Geral de Proteção de Dados (LGPD) - Legge Generale sulla Protezione dei Dati, Legge n. 13.709/2018.**

L'articolo specifico che tratta dei termini è il **Artigo 19**.  In particolare, specifica che:

*   **Le richieste devono essere gestite senza costi per l'interessato.**
*   **I titolari dei dati devono fornire",True,1,law,definition,153,190.0,0.8052631578947368,1,0.05,0.4152724161911741,4.689021288210486,0.0,0.7944627551676712,162,190.0,0.8526315789473684,1,0.05,0.3954699007382181,3.266706321778704,0.0,0.5847217158786931,153,190.0,0.8052631578947368,1,0.05,0.4152724161911741,4.689021288210486,0.0,0.7944627551676712,3.3461538461538463,6.0,0.0,1,2.9444444444444446,4.0,0.0,1,Indo-European,Germanic,Indo-European,Romance,LATIN,6949,7087876,LATIN,2729,1943704
64,en,it,In which decade did Harry F. Sinclair purchase Rancocas Stable?,In quale decennio Harry F. Sinclair acquistò la Rancocas Stable?,Harry F. Sinclair purchased Rancocas Stable in the **1920s**.,Harry F. Sinclair acquistò la Rancocas Stable nel 1917. Questo significa che la acquistò nel decennio del 1910.,False,1,history,date_time,9,36.0,0.25,1,0.1111111111111111,0.555316508503657,2.022090688141013,0.0,0.6823320715421096,14,36.0,0.3888888888888889,1,0.1111111111111111,0.8806676163357113,4.398726133828688,0.0,1.121800507119929,9,36.0,0.25,1,0.1111111111111111,0.555316508503657,2.022090688141013,0.0,0.6823320715421096,2.1,3.0,0.0,1,2.4,3.0,0.0,1,Indo-European,Germanic,Indo-European,Romance,LATIN,6949,7087876,LATIN,2729,1943704
40,en,it,Who contributed to the album Keys to the Kingdom by North Mississippi Allstars?,Chi ha contribuito all'album  Keys to the Kingdom dei North Mississippi Allstars?,"The album ""Keys to the Kingdom"" by North Mississippi Allstars featured significant contributions from the following:

*   **Luther Dickinson:** Vocals, guitar, bass, mandolin, drums, percussion, banjo
*   **Cody Dickinson:** Vocals, drums, guitar, percussion, programming
*   **Jim Dickinson:** Piano, keyboards, Mellotron, electric piano

Notably, the album was released shortly after Jim Dickinson's passing, making his contributions particularly poignant and a central element of the album's theme. Additionally, there were further contributions from family and friends of the band.","L'album ""Keys to the Kingdom"" dei North Mississippi Allstars ha visto la partecipazione di diversi musicisti. Ecco i principali contributori:

*   **Luther Dickinson:** Chitarra, voce, mandolino, sitar
*   **Cody Dickinson:** Batteria, tastiere, washboard, percussioni
*   **Chris Chew:** Basso, voce
*   **Jim Dickinson:** Pianoforte (è il padre di Luther e Cody, e l'album è dedicato alla sua memoria)
*   **Alvin Youngblood Hart:** Chitarra, voce
*   **Jim Lauderdale:**",False,1,culture,work_creation,114,378.0,0.3015873015873015,3,0.1071428571428571,1.197247706010136,10.762486466989596,0.0,2.07252160017754,152,378.0,0.4021164021164021,3,0.1071428571428571,1.067392439772257,9.222915236156362,0.0,1.9428235120671484,114,378.0,0.3015873015873015,3,0.1071428571428571,1.197247706010136,10.762486466989596,0.0,2.07252160017754,2.7333333333333334,5.0,0.0,1,3.3846153846153846,4.0,0.0769230769230769,1,Indo-European,Germanic,Indo-European,Romance,LATIN,6949,7087876,LATIN,2729,1943704
43,en,it,What term is used in South Africa to describe someone who obtains government contracts to facilitate outsourced services?,Quale termine viene utilizzato in Sudafrica per descrivere qualcuno che ottiene contratti governativi per facilitare i servizi esternalizzati?,"The term used in South Africa to describe someone who obtains government contracts to facilitate outsourced services, often with the implication of corruption or undue influence, is **""tenderpreneur.""**

This term combines ""tender"" (referring to the bidding process for government contracts) and ""entrepreneur,"" but it carries a strong negative connotation. It suggests that the person's ""entrepreneurial"" success is primarily based on securing government contracts through questionable means, rather than genuine business acumen or competitive pricing. They are often perceived as middlemen who benefit from the outsourcing process without adding significant value and sometimes through corrupt practices like bribery or cronyism.","Il termine utilizzato in Sudafrica per descrivere qualcuno che ottiene contratti governativi per facilitare i servizi esternalizzati, spesso in modo corrotto o improprio, è **""tenderpreneur""**.

Questo termine combina le parole ""tender"" (offerta, in riferimento ai contratti governativi) e ""entrepreneur"" (imprenditore).  Implica che la persona è diventata ricca ottenendo contratti governativi, spesso a scapito della fornitura di servizi di qualità e a volte attraverso mezzi illeciti o non trasparenti.

In sintesi, la risposta è **tenderpreneur",True,2,technology,definition,43,91.0,0.4725274725274725,1,0.0714285714285714,0.4997525720620032,4.486185013157203,0.0,0.9433344560025376,55,91.0,0.6043956043956044,1,0.0714285714285714,0.4370477670224519,3.311383012254773,0.0,0.7701809692265927,43,91.0,0.4725274725274725,1,0.0714285714285714,0.4997525720620032,4.486185013157203,0.0,0.9433344560025376,2.3333333333333335,7.0,0.0,1,2.5555555555555554,7.0,0.0,1,Indo-European,Germanic,Indo-European,Romance,LATIN,6949,7087876,LATIN,2729,1943704
53,en,it,What type of health care group is St John of God Health Care?,Che tipo di gruppo sanitario è St John of God Health Care?,St John of God Health Care is a **Catholic not-for-profit private health care group**.,St John of God Health Care è un gruppo sanitario cattolico australiano senza scopo di lucro.,True,1,health,organization,63,91.0,0.6923076923076923,0,0.0,0.555796288156549,5.403718680009898,0.0,1.2217405068060934,79,91.0,0.8681318681318682,0,0.0,0.4073617694359248,4.461148925573311,0.0,0.9194651638048748,63,91.0,0.6923076923076923,0,0.0,0.555796288156549,5.403718680009898,0.0,1.2217405068060934,2.6666666666666665,4.0,0.0,1,2.6923076923076925,5.0,0.0,1,Indo-European,Germanic,Indo-European,Romance,LATIN,6949,7087876,LATIN,2729,1943704
49,en,it,What did Archer Capital purchase in partnership with the management of Australian Geographic in 1998?,Cosa ha acquistato Archer Capital in collaborazione con il management di Australian Geographic nel 1998?,"In 1998, Archer Capital purchased **Australian Geographic** in partnership with its management.","Archer Capital, in collaborazione con il management di Australian Geographic, ha acquistato **Australian Geographic Pty Ltd** nel 1998.",True,1,geography,work_creation,45,66.0,0.6818181818181818,0,0.0,0.3299586165835963,3.934977590047676,0.0,0.8366615822578795,50,66.0,0.7575757575757576,0,0.0,0.2158493518756198,3.0681838089301636,0.0,0.5968946786393191,45,66.0,0.6818181818181818,0,0.0,0.3299586165835963,3.934977590047676,0.0,0.8366615822578795,3.125,5.0,0.0,1,3.066666666666667,5.0,0.0,1,Indo-European,Germanic,Indo-European,Romance,LATIN,6949,7087876,LATIN,2729,1943704
34,en,it,"According to some writers, which ancient city is equated with Parrhasia?","Secondo alcuni scrittori, quale città antica viene identificata con Parrasia?","According to some writers, **Azania** is equated with Parrhasia.","Secondo alcuni scrittori, l'antica città di **Thoknia** (anche traslitterata come Thoknía) viene identificata con Parrasia.",False,1,history,location,27,45.0,0.6,2,0.2,0.2699762280029794,2.345970320453712,0.0,0.5949042853362102,27,45.0,0.6,2,0.2,0.225997927062482,1.4054127151061422,0.0,0.4026474053622903,27,45.0,0.6,2,0.2,0.2699762280029794,2.345970320453712,0.0,0.5949042853362102,2.0,3.0,0.0,1,2.0,4.0,0.0,1,Indo-European,Germanic,Indo-European,Romance,LATIN,6949,7087876,LATIN,2729,1943704
52,en,it,What is the Planck mass denoted by in the equation for the Vainshtein radius?,Come viene indicata la massa di Planck nell'equazione per il raggio di Vainshtein?,"The Planck mass, often denoted as $M_{Pl}$ or $m_{Pl}$, appears in the equation for the Vainshtein radius in modified gravity theories, particularly in theories like massive gravity or Galileon theories.  Its presence is related to the fact that these theories often involve modifications to Einstein's general relativity at high energy scales or short distances, where quantum gravity effects might become relevant.

Specifically, the Planck mass in the Vainshtein radius equation often appears in the form of Newton's gravitational constant, $G_N$, since:

$M_{Pl} = \sqrt{\frac{\hbar c}{G","La massa di Planck ($M_{Pl}$) appare indirettamente nell'equazione del raggio di Vainshtein, tipicamente attraverso la costante gravitazionale di Newton ($G_N$).  La massa di Planck e la costante gravitazionale sono legate dalla seguente relazione:

$M_{Pl}^2 = \frac{\hbar c}{G_N}$

Dove:

*   $\hbar$ è la costante di Planck ridotta (h/2π)
*   c è la velocità della luce nel vuoto
*   $G_N$ è la costante gravitazionale di Newton

Quindi, quando si scrive",False,1,science,scientific_technical,34,66.0,0.5151515151515151,2,0.1666666666666666,0.2538847576624322,2.280697381997461,0.0,0.5333475800335427,39,66.0,0.5909090909090909,2,0.1666666666666666,0.2244576087697216,2.6949283837672406,0.0,0.5224290565159714,34,66.0,0.5151515151515151,2,0.1666666666666666,0.2538847576624322,2.280697381997461,0.0,0.5333475800335427,2.7333333333333334,5.0,0.0,1,3.0,4.0,0.0,1,Indo-European,Germanic,Indo-European,Romance,LATIN,6949,7087876,LATIN,2729,1943704
54,en,it,What month did the K-1: K’Festa 3 event take place in?,In quale mese si è svolto l'evento K-1: K'Festa 3?,The K-1: K'Festa 3 event took place in **March** of 2020.,L'evento K-1: K'Festa 3 si è svolto nel mese di marzo.,True,1,history,event,55,55.0,1.0,0,0.0,0.1862133836241558,1.4657292662286552,0.0,0.3894491728959171,55,55.0,1.0,0,0.0,0.1082363557473702,1.4693296550507349,0.0,0.294925090164128,55,55.0,1.0,0,0.0,0.1862133836241558,1.4657292662286552,0.0,0.3894491728959171,1.9166666666666667,2.5,0.0,2,3.533333333333333,4.0,0.0666666666666666,1,Indo-European,Germanic,Indo-European,Romance,LATIN,6949,7087876,LATIN,2729,1943704
50,en,it,What medal did Nguyễn Thị Mỹ Đức win in women's changquan at the 2002 Asian Games?,Quale medaglia ha vinto Nguyễn Thị Mỹ Đức nel changquan femminile ai Giochi Asiatici del 2002?,Nguyễn Thị Mỹ Đức won a **bronze** medal in women's changquan at the 2002 Asian Games.,Nguyễn Thị Mỹ Đức ha vinto la medaglia d'argento nel changquan femminile ai Giochi Asiatici del 2002.,False,1,sports,other,39,105.0,0.3714285714285714,3,0.2,0.5606785540412343,5.841892579234866,0.0,1.1229267530113511,41,105.0,0.3904761904761905,3,0.2,0.5222614173779291,4.931287523866119,0.0,0.9674412105192296,39,105.0,0.3714285714285714,3,0.2,0.5606785540412343,5.841892579234866,0.0,1.1229267530113511,2.789473684210526,5.0,0.0,1,3.588235294117647,4.0,0.0,1,Indo-European,Germanic,Indo-European,Romance,LATIN,6949,7087876,LATIN,2729,1943704
58,en,it,In what city did the 1984 Summer Olympics men's 100 metre butterfly final take place?,In quale città si è svolta la finale dei 100 metri farfalla maschili alle Olimpiadi estive del 1984?,The 1984 Summer Olympics men's 100 metre butterfly final took place in **Los Angeles**.,La finale dei 100 metri farfalla maschili alle Olimpiadi estive del 1984 si è svolta a Los Angeles.,True,1,sports,location,99,120.0,0.825,0,0.0,0.4325376725801297,7.115046492690823,0.0,1.0081463916156257,111,120.0,0.925,0,0.0,0.324486114679408,5.912623385895134,0.0,0.7887040061955946,99,120.0,0.825,0,0.0,0.4325376725801297,7.115046492690823,0.0,1.0081463916156257,2.9047619047619047,5.0,0.0,1,2.4375,4.0,0.0,1,Indo-European,Germanic,Indo-European,Romance,LATIN,6949,7087876,LATIN,2729,1943704
48,en,it,What was the name of the protagonist in the Prizzi novels?,Qual era il nome del protagonista dei romanzi dei Prizzi?,The protagonist in the Prizzi novels is **Charley Partanna**.,Il protagonista dei romanzi dei Prizzi è Charley Partanna.,True,1,law,work_creation,21,36.0,0.5833333333333334,0,0.0,0.4318388600224062,2.416175569289538,0.0,0.7208797816439116,23,36.0,0.6388888888888888,0,0.0,0.3131131883879553,1.9073864567739565,0.0,0.528472094038773,21,36.0,0.5833333333333334,0,0.0,0.4318388600224062,2.416175569289538,0.0,0.7208797816439116,2.769230769230769,6.0,0.0,1,2.909090909090909,5.0,0.0,1,Indo-European,Germanic,Indo-European,Romance,LATIN,6949,7087876,LATIN,2729,1943704
33,en,ja,In which country was AFN Bremerhaven located?,AFNブレーマーハーフェンはどの国にありましたか？,AFN Bremerhaven was located in **Germany**.,AFNブレーマーハーフェンは、ドイツにありました。AFN（American Forces Network）は、アメリカ軍向けのラジオ・テレビネットワークで、駐留米軍基地のある国に設置されていました。ブレーマーハーフェンはドイツの都市で、かつてアメリカ軍基地があったため、AFNの放送局が存在していました。,True,1,geography,location,40,55.0,0.7272727272727273,0,0.0,0.3491412240531529,7.159350159974499,0.0,1.1508048328028575,44,55.0,0.8,0,0.0,0.1672137508197147,5.575432148174348,0.0,0.8321096460520099,40,55.0,0.7272727272727273,0,0.0,0.3491412240531529,7.159350159974499,0.0,1.1508048328028575,2.1,3.0,0.0,1,1.8571428571428572,3.0,0.0,1,Indo-European,Germanic,Japonic,Japonic,LATIN,6949,7087876,HAN/JAPANESE,643,1479698
30,en,ja,What was the position of August Joseph Donatelli's plane during World War II when it was shot down?,第二次世界大戦で撃墜されたとき、オーガスト・ジョセフ・ドナテリの搭乗機のポジションは何でしたか？,"August Joseph Donatelli was flying a B-24 Liberator bomber named ""The Deacon"" as part of the 376th Bomb Group, 513th Bomb Squadron. On **August 1, 1943, during Operation Tidal Wave, a raid on the oil refineries at Ploesti, Romania**, his plane was shot down.

Specifically, ""The Deacon"" **was shot down *after* bombing its target, the Astra Romana Refinery in Ploesti.** While exact accounts vary slightly, it's generally accepted that it was hit by heavy flak while heading away from the target. The plane",オーガスト・ジョセフ・ドナテリが第二次世界大戦で撃墜された際、彼の搭乗機はB-24爆撃機（リベレーター）の機長でした。,False,1,history,event,222,300.0,0.74,0,0.0,0.3140211576250865,5.101888655347875,0.0,0.8530944363969853,245,300.0,0.8166666666666667,0,0.0,0.2127126128073589,4.812705573116788,0.0,0.642392814469314,222,300.0,0.74,0,0.0,0.3140211576250865,5.101888655347875,0.0,0.8530944363969853,2.5185185185185186,5.0,0.0,1,4.0,5.0,0.0,1,Indo-European,Germanic,Japonic,Japonic,LATIN,6949,7087876,HAN/JAPANESE,643,1479698
55,en,ja,What was the television network that aired The Greatest Canadian Invention?,グレイテスト・カナディアン・インベンションを放送したテレビ局は何ですか？,The television network that aired The Greatest Canadian Invention was **CBC (Canadian Broadcasting Corporation)**.,グレイテスト・カナディアン・インベンションはカナダ放送協会（CBC）で放送されました。,True,1,culture,organization,85,120.0,0.7083333333333334,0,0.0,0.1678433050538369,4.865709595841052,0.0,0.7091410678717214,98,120.0,0.8166666666666667,0,0.0,0.2092820765528513,7.362739820773248,0.0,0.928003969594709,85,120.0,0.7083333333333334,0,0.0,0.1678433050538369,4.865709595841052,0.0,0.7091410678717214,2.1875,5.0,0.0,1,2.909090909090909,5.0,0.0,1,Indo-European,Germanic,Japonic,Japonic,LATIN,6949,7087876,HAN/JAPANESE,643,1479698
39,en,ja,Since which decade did bowl games start counting toward single-season and career statistics?,ボウルゲームが1シーズンおよびキャリアの統計にカウントされるようになったのはどの年代からですか？,Bowl game statistics started counting toward single-season and career statistics in **2002**.,1937年以降のボウルゲームは、アメリカンフットボールの1シーズンおよびキャリアの統計にカウントされます。 NCAAは2002年に、1937年以降のボウルゲームをシーズンの記録に遡って含めることを承認しました。,False,1,sports,date_time,283,300.0,0.9433333333333334,0,0.0,0.1921024716883354,4.472668240875501,0.0,0.5238251685576373,295,300.0,0.9833333333333332,0,0.0,0.1045431348119884,3.461991717623194,0.0,0.3609239155430859,283,300.0,0.9433333333333334,0,0.0,0.1921024716883354,4.472668240875501,0.0,0.5238251685576373,2.625,7.0,0.0,1,2.8666666666666667,6.0,0.0,1,Indo-European,Germanic,Japonic,Japonic,LATIN,6949,7087876,HAN/JAPANESE,643,1479698
63,en,ja,What is the original name of Entebbe General Hospital?,エンテベ総合病院の元の名称は何ですか？,The original name of Entebbe General Hospital was **Entebbe Grade B Hospital**.,エンテベ総合病院の元の名称は、**エンテベ・グレードB病院 (Entebbe Grade B Hospital)** でした。,True,2,health,definition,57,66.0,0.8636363636363636,0,0.0,0.1399019064056897,4.290396038450585,0.0,0.595990275451888,58,66.0,0.8787878787878788,0,0.0,0.0776002880356818,2.8108500890794352,0.0,0.3767635108182897,57,66.0,0.8636363636363636,0,0.0,0.1399019064056897,4.290396038450585,0.0,0.595990275451888,1.6363636363636365,5.0,0.0,1,3.0,4.0,0.0,1,Indo-European,Germanic,Japonic,Japonic,LATIN,6949,7087876,HAN/JAPANESE,643,1479698
56,en,ja,What was the name of the University of Detroit's halfback in the 1929 football season?,1929年シーズンのデトロイト大学のハーフバックの名前は？,The University of Detroit's star halfback in the 1929 season was **Lloyd Brazil**.,1929年シーズンのデトロイト大学のハーフバックはアーニー・ミコスでした。,False,1,sports,person,43,66.0,0.6515151515151515,0,0.0,0.2445198091155746,1.9301016374796711,0.0,0.4227043415219323,53,66.0,0.803030303030303,0,0.0,0.2142118812714357,3.8633198471854975,0.0,0.6373872163969202,43,66.0,0.6515151515151515,0,0.0,0.2445198091155746,1.9301016374796711,0.0,0.4227043415219323,1.5833333333333333,6.0,0.0,1,3.75,6.0,0.0625,1,Indo-European,Germanic,Japonic,Japonic,LATIN,6949,7087876,HAN/JAPANESE,643,1479698
42,en,ja,What is the original name of the Flood Modeller software?,フラッドモデラーのソフトウェアの元の名前は？,The original name of the Flood Modeller software was **ISIS**.,フラッドモデラーのソフトウェアの元の名前は、**ISIS**でした。,True,1,technology,work_creation,16,28.0,0.5714285714285714,0,0.0,0.2464259844758586,3.3551444779105872,0.0,0.810722229336888,18,28.0,0.6428571428571429,0,0.0,0.2239407498272489,2.694535553162855,0.0,0.6726312776229655,16,28.0,0.5714285714285714,0,0.0,0.2464259844758586,3.3551444779105872,0.0,0.810722229336888,1.75,5.0,0.0,1,3.2,5.0,0.0,1,Indo-European,Germanic,Japonic,Japonic,LATIN,6949,7087876,HAN/JAPANESE,643,1479698
46,en,ja,What religious practice did the Magars follow?,マガル族が従っていた宗教的実践は何でしたか？,"The Magar people have a diverse range of religious practices, primarily influenced by Hinduism and Buddhism, alongside their indigenous traditions.

*   **Hinduism:** Many Magars, especially those in the southern regions, follow Hinduism and observe Hindu festivals and rituals.

*   **Buddhism:** Buddhism is also prevalent, particularly in the northern Magar communities, with influences from Tibetan Buddhism.

*   **Indigenous Beliefs:** Importantly, the Magars have their own unique pre-Hindu and pre-Buddhist animistic beliefs and shamanistic practices, often centered around ancestor worship, nature spirits, and the role of shamans (Dhami","マガル族が従っていた宗教的実践は、彼らの独自の文化と歴史に深く根ざした、土着のシャーマニズム的な宗教でした。彼らの宗教的信念は、自然崇拝、祖先崇拝、そして強力なシャーマンの役割を中心に展開していました。

以下に、マガル族の宗教的実践のいくつかの重要な側面を挙げます。

*   **自然崇拝：** マガル族は、太陽、月、川、森、山などの自然の要素に神聖な力があると信じていました。彼らはこれらの自然の要素を崇拝し、",True,1,culture,other,104,136.0,0.7647058823529411,1,0.0588235294117647,0.1547289726012963,3.9480646485157194,0.0,0.493705899921221,109,136.0,0.8014705882352942,1,0.0588235294117647,0.1339785272250973,4.449280308633677,0.0,0.5476235590406472,104,136.0,0.7647058823529411,1,0.0588235294117647,0.1547289726012963,3.9480646485157194,0.0,0.493705899921221,2.2,5.0,0.0,1,1.8571428571428572,3.0,0.0,1,Indo-European,Germanic,Japonic,Japonic,LATIN,6949,7087876,HAN/JAPANESE,643,1479698
57,en,ja,What does the lowest part of the Espiritu Santo Formation consist of?,エスピリトゥ・サント累層の最下部は何で構成されていますか？,The lowest part of the Espiritu Santo Formation consists of **a basal red conglomerate and sandstone**.,"エスピリトゥ・サント累層の最下部は、一般的に以下のものから構成されています。

*   **片麻岩化した花崗岩類**: これは先カンブリア時代の地盤であり、累層がその上に堆積しています。",False,1,science,definition,140,210.0,0.6666666666666666,1,0.0476190476190476,0.2314713655911938,5.9196173658821944,0.0,0.6956651500175814,157,210.0,0.7476190476190476,1,0.0476190476190476,0.1811960297835825,7.658339860773286,0.0,0.8378267654968831,140,210.0,0.6666666666666666,1,0.0476190476190476,0.2314713655911938,5.9196173658821944,0.0,0.6956651500175814,2.6666666666666665,4.0,0.0,1,4.666666666666667,4.0,0.0833333333333333,1,Indo-European,Germanic,Japonic,Japonic,LATIN,6949,7087876,HAN/JAPANESE,643,1479698
66,en,ja,In which year was the Toronto edition of Ming Pao Daily News launched?,明報のトロント版が創刊されたのは何年ですか？,The Toronto edition of Ming Pao Daily News was launched in **1993**.,明報のトロント版が創刊されたのは、1993年です。,True,1,history,date_time,90,105.0,0.8571428571428571,0,0.0,0.1695954377289404,2.542091832850347,0.0,0.4638759833647924,95,105.0,0.9047619047619048,0,0.0,0.0642538201558365,1.922492741137498,0.0,0.2633580952101328,90,105.0,0.8571428571428571,0,0.0,0.1695954377289404,2.542091832850347,0.0,0.4638759833647924,2.466666666666667,5.0,0.0,1,3.6153846153846154,4.0,0.0,1,Indo-European,Germanic,Japonic,Japonic,LATIN,6949,7087876,HAN/JAPANESE,643,1479698
31,en,ja,In what year was the NIH MERIT Award first created?,NIH MERIT賞が最初に創設されたのは何年ですか？,The NIH (National Institutes of Health) MERIT (Method to Extend Research in Time) Award was first created in **1986**.,NIH MERIT賞は1986年に最初に創設されました。,True,1,health,date_time,98,136.0,0.7205882352941176,0,0.0,0.1490301541889689,3.067406623946866,0.0,0.461208943075913,119,136.0,0.875,0,0.0,0.0777980577665386,3.6808533641628567,0.0,0.3974417727973016,98,136.0,0.7205882352941176,0,0.0,0.1490301541889689,3.067406623946866,0.0,0.461208943075913,2.5,4.0,0.0,1,2.6,3.0,0.0,1,Indo-European,Germanic,Japonic,Japonic,LATIN,6949,7087876,HAN/JAPANESE,643,1479698
45,en,ja,What was the name of the military base established in the Vedder Crossing area in 1941?,1941年にヴェダー・クロッシング地域に設立された軍事基地の名前は何ですか?,The military base established in the Vedder Crossing area in 1941 was called **Camp Chilliwack**.,ヴェダー・クロッシング地域に1941年に設立された軍事基地は、チリワック軍事キャンプ（Chilliwack Military Camp）です。,True,1,history,entity_object,149,210.0,0.7095238095238096,1,0.0476190476190476,0.1937386269142316,5.286656838239128,0.0,0.6348355392527323,168,210.0,0.8,1,0.0476190476190476,0.1269875613958639,4.217226667148107,0.0,0.4896960281433007,149,210.0,0.7095238095238096,1,0.0476190476190476,0.1937386269142316,5.286656838239128,0.0,0.6348355392527323,1.9444444444444444,6.0,0.0,1,3.4375,6.0,0.0,1,Indo-European,Germanic,Japonic,Japonic,LATIN,6949,7087876,HAN/JAPANESE,643,1479698
60,en,ja,"In the 1999 New Zealand general election, which party did Helen Clark lead to victory?",1999年のニュージーランド総選挙で、ヘレン・クラークはどの政党を勝利に導いたのでしょうか？,Helen Clark led the Labour Party to victory in the 1999 New Zealand general election.,ヘレン・クラークは1999年のニュージーランド総選挙で労働党を勝利に導きました。,True,2,politics,person,174,210.0,0.8285714285714286,0,0.0,0.3014961988138888,4.760686246125775,0.0,0.8270964735657443,180,210.0,0.8571428571428571,0,0.0,0.2268070370826641,4.509725307412056,0.0,0.7152108080958284,174,210.0,0.8285714285714286,0,0.0,0.3014961988138888,4.760686246125775,0.0,0.8270964735657443,2.590909090909091,4.0,0.0,1,2.8125,4.0,0.0,1,Indo-European,Germanic,Japonic,Japonic,LATIN,6949,7087876,HAN/JAPANESE,643,1479698
29,en,ja,What kind of systems does International Road Dynamics provide to ensure that vehicles depart terminals within acceptable weight limits?,インターナショナル・ロード・ダイナミクス社は、ターミナルを出発する車両が許容重量を超えていないことを確認するために、どのような種類のシステムを提供していますか？,"International Road Dynamics (IRD) provides a comprehensive suite of systems designed to ensure vehicles depart terminals within acceptable weight limits. These systems typically fall under the umbrella of **Weigh-In-Motion (WIM)** technology and related solutions. Here's a breakdown of the types of systems they offer:

*   **High-Speed Weigh-In-Motion (HS-WIM) Systems:**

    *   **Purpose:** These systems are designed to accurately weigh vehicles while they are traveling at normal highway speeds. They are installed directly into the road surface and can capture weight data without requiring vehicles to stop.
    *   **","インターナショナル・ロード・ダイナミクス社（International Road Dynamics - IRD）は、ターミナルから出発する車両が許容重量を超えていないことを確認するために、以下のようなシステムを提供しています。

* **重量測定システム (Weigh-In-Motion - WIM):** これは、車両が移動中に重量を測定するシステムです。ターミナルの出入り口などに設置され、車両が低速で通過する際に、軸重、総重量などをリアルタイムで測定します。超過重量の疑いがある車両を特定し、詳細な検査のために誘導することが可能です。",True,1,technology,other,469,528.0,0.8882575757575758,0,0.0,0.284635947071048,4.7895396157265075,0.0,0.6160808695215759,498,528.0,0.9431818181818182,0,0.0,0.2084271573515582,3.826131961907284,0.0,0.4988342905130525,469,528.0,0.8882575757575758,0,0.0,0.284635947071048,4.7895396157265075,0.0,0.6160808695215759,3.097560975609756,8.0,0.0,1,2.6842105263157894,5.0,0.0,1,Indo-European,Germanic,Japonic,Japonic,LATIN,6949,7087876,HAN/JAPANESE,643,1479698
67,en,ja,What was artistic swimming previously known as?,アーティスティックスイミングは以前何と呼ばれていましたか？,Artistic swimming was previously known as **synchronized swimming**.,アーティスティックスイミングは、以前は「シンクロナイズドスイミング」と呼ばれていました。,True,1,sports,definition,61,78.0,0.782051282051282,0,0.0,0.4926642899988641,13.783574737627331,0.0,1.8476248811290228,69,78.0,0.8846153846153846,0,0.0,0.2668694658617074,12.379128900422542,0.0,1.5346546782264223,61,78.0,0.782051282051282,0,0.0,0.4926642899988641,13.783574737627331,0.0,1.8476248811290228,3.1666666666666665,3.0,0.0,1,3.0,3.0,0.1428571428571428,1,Indo-European,Germanic,Japonic,Japonic,LATIN,6949,7087876,HAN/JAPANESE,643,1479698
36,en,ja,In which year did the Great Canadian flag debate officially begin?,カナダ国旗論争が正式に始まったのは何年ですか？,The Great Canadian flag debate officially began in **1964**.,カナダ国旗論争が正式に始まったのは1964年です。,True,3,history,date_time,94,105.0,0.8952380952380953,0,0.0,0.1903711167048482,3.872516294463346,0.0,0.580115941574887,98,105.0,0.9333333333333332,0,0.0,0.1224701911588373,2.594990937677332,0.0,0.4312652112659598,94,105.0,0.8952380952380953,0,0.0,0.1903711167048482,3.872516294463346,0.0,0.580115941574887,2.1333333333333333,4.0,0.0,1,2.909090909090909,3.0,0.0,1,Indo-European,Germanic,Japonic,Japonic,LATIN,6949,7087876,HAN/JAPANESE,643,1479698
59,en,ja,In which year did the Whitehaven School become the Whitehaven Academy?,ホワイトヘブン・スクールがホワイトヘブン・アカデミーになったのは何年ですか？,Whitehaven School officially became the Whitehaven Academy in **September 2012**.,ホワイトヘブン・スクールがホワイトヘブン・アカデミーになったのは、2023年4月1日です。,False,1,history,date_time,115,120.0,0.9583333333333334,0,0.0,0.1506497865622754,4.828234916075133,0.0,0.5852046963073537,117,120.0,0.975,0,0.0,0.05741306128046,3.719950856900353,0.0,0.3924171186124163,115,120.0,0.9583333333333334,0,0.0,0.1506497865622754,4.828234916075133,0.0,0.5852046963073537,2.2777777777777777,4.0,0.0,1,2.363636363636364,3.0,0.0,1,Indo-European,Germanic,Japonic,Japonic,LATIN,6949,7087876,HAN/JAPANESE,643,1479698
38,en,ja,When was the Uniform Residential Landlord and Tenant Act created?,統一住宅用賃貸人と借主法はいつ制定されましたか？,The Uniform Residential Landlord and Tenant Act (URLTA) was approved and recommended for enactment in all states by the National Conference of Commissioners on Uniform State Laws in 1972.,統一住宅用賃貸人と借主法（URLTA）は、1972年に制定されました。その後、いくつかの州で修正または修正版が採用されています。,True,1,law,date_time,111,136.0,0.8161764705882353,0,0.0,0.2079066972291634,2.8768733206938593,0.0,0.5441127459583435,126,136.0,0.9264705882352942,0,0.0,0.1023068394925276,2.257922223271797,0.0,0.3838702454706698,111,136.0,0.8161764705882353,0,0.0,0.2079066972291634,2.8768733206938593,0.0,0.5441127459583435,2.5625,4.0,0.0,1,3.6,6.0,0.0,1,Indo-European,Germanic,Japonic,Japonic,LATIN,6949,7087876,HAN/JAPANESE,643,1479698
37,en,ja,Who was the first female mayor in Turkey?,トルコで初の女性市長は誰ですか？,"The first female mayor in Turkey was Müfide İlhan, elected in Mersin in 1950.",トルコ初の女性市長は、1930年に選出された**ギュル・エスマ・アイデン（Sabiha Gürayman)**です。,False,1,politics,person,58,78.0,0.7435897435897436,1,0.0769230769230769,0.1911194445994836,6.54948887698201,0.0,0.8673022922215603,60,78.0,0.7692307692307693,1,0.0769230769230769,0.1126690253493567,5.660494443470463,0.0,0.727432171151582,58,78.0,0.7435897435897436,1,0.0769230769230769,0.1911194445994836,6.54948887698201,0.0,0.8673022922215603,2.2,4.0,0.0,1,2.625,3.0,0.0,1,Indo-European,Germanic,Japonic,Japonic,LATIN,6949,7087876,HAN/JAPANESE,643,1479698
44,en,ja,What was the specific purpose of a bulk material analyzer located just upstream of the raw mill in cement production?,セメント製造において、原料粉砕機の上流に設置されたバルク材料分析装置の具体的な目的は？,"The specific purpose of a bulk material analyzer located just upstream of the raw mill in cement production is to **continuously monitor and analyze the chemical composition of the raw materials being fed into the raw mill to ensure optimal and consistent raw mix design for clinker production.**

Here's a breakdown of why this is important:

*   **Optimal Raw Mix Design:** Cement clinker is produced by burning a precisely controlled mixture of raw materials (typically limestone, clay, sand, and iron ore). The correct proportions of calcium, silica, alumina, and iron (the key oxides) are crucial for achieving the desired clinker quality and efficient burning","セメント製造における原料粉砕機の上流に設置されたバルク材料分析装置の具体的な目的は、以下の通りです。

1. **原料組成の把握と均質化:**
   *  **成分のばらつき検出:** 主原料である石灰石、粘土、珪石、鉄原料などの各成分の含有率をリアルタイムで分析し、組成のばらつきを把握します。
   *  **均質化のためのデータ提供:** 分析結果を基に、原料の配合比率を調整し、化学組成の均質化を図ります。これにより、焼",True,1,technology,scientific_technical,481,528.0,0.9109848484848484,0,0.0,0.4661710626155298,5.562027804319988,0.0,0.8400380540579395,504,528.0,0.9545454545454546,0,0.0,0.3989796359552293,4.451924812496697,0.0,0.7259479366777495,481,528.0,0.9109848484848484,0,0.0,0.4661710626155298,5.562027804319988,0.0,0.8400380540579395,3.0,7.0,0.0,1,3.15,8.0,0.0,1,Indo-European,Germanic,Japonic,Japonic,LATIN,6949,7087876,HAN/JAPANESE,643,1479698
65,en,ja,In what year was Greg Brown's album One More Goodnight Kiss released?,グレッグ・ブラウンのアルバム「もうひとつのグッドナイト・キス」がリリースされたのは何年ですか？,"Greg Brown's album ""One More Goodnight Kiss"" was released in **1988**.",グレッグ・ブラウンのアルバム「もうひとつのグッドナイト・キス」は、1993年にリリースされました。,False,1,arts,date_time,184,210.0,0.8761904761904762,0,0.0,0.2177124095802993,5.231710843483757,0.0,0.6692425344072958,197,210.0,0.938095238095238,0,0.0,0.1271843337279637,4.491732184714321,0.0,0.5406248989945814,184,210.0,0.8761904761904762,0,0.0,0.2177124095802993,5.231710843483757,0.0,0.6692425344072958,2.3461538461538463,7.0,0.0,1,2.5384615384615383,4.0,0.0,1,Indo-European,Germanic,Japonic,Japonic,LATIN,6949,7087876,HAN/JAPANESE,643,1479698
35,en,ja,What was the name of Nellie McKay's record label when Pretty Little Head was released?,プリティ・リトル・ヘッドがリリースされたとき、ネリー・マッケイのレコードレーベルの名前は何でしたか？,Nellie McKay's album *Pretty Little Head* was released on **Hungry Mouse Records**.,プリティ・リトル・ヘッドはネリー・マッケイ自身のレーベルであるHungry Mouseを通じてリリースされました。,True,1,history,organization,187,231.0,0.8095238095238095,0,0.0,0.3357112793803654,7.655093861720012,0.0,1.0322921649747556,206,231.0,0.8917748917748918,0,0.0,0.2374612082688725,5.990741039346648,0.0,0.8212120735349457,187,231.0,0.8095238095238095,0,0.0,0.3357112793803654,7.655093861720012,0.0,1.0322921649747556,2.347826086956522,5.0,0.0,1,4.0625,5.0,0.0,1,Indo-European,Germanic,Japonic,Japonic,LATIN,6949,7087876,HAN/JAPANESE,643,1479698
51,en,ja,How long does a Rector of Università Cattolica del Sacro Cuore remain in office?,カトリック大学の学長の任期は？,The Rector of Università Cattolica del Sacro Cuore remains in office for a term of **four years**. They are eligible for reappointment only once.,"カトリック大学の学長の任期は、大学によって異なります。一般的には、以下のケースが見られます。

*   **任期制を設けている場合:** 3年、4年、6年など、一定の任期が定められていることが多いです。再任が可能な場合もあります。
*   **任期制を設けていない場合:** 特に任期を定めず、学長が辞任または解任されるまで務めるケースもあります。

具体的な大学の学長の任期を知りたい場合は、各大学の公式サイトや規程集などを確認することをおすすめします。",False,1,education,other,16,21.0,0.7619047619047619,0,0.0,0.7335232276378268,6.2016724188392125,0.0,1.5793661241971266,18,21.0,0.8571428571428571,0,0.0,0.4470011340585396,5.104017821189107,0.0,1.209962619866385,16,21.0,0.7619047619047619,0,0.0,0.7335232276378268,6.2016724188392125,0.0,1.5793661241971266,1.4285714285714286,4.0,0.0,1,3.5,4.0,0.0,1,Indo-European,Germanic,Japonic,Japonic,LATIN,6949,7087876,HAN/JAPANESE,643,1479698
41,en,ja,What was the name of the conference Campbell University's women's basketball team played in from 1994 to 2011?,キャンベル大学の女子バスケットボールチームが1994年から2011年までプレーしていたカンファレンスの名称は何ですか？,"From 1994 to 2011, Campbell University's women's basketball team played in the **Atlantic Sun Conference** (formerly known as the Trans America Athletic Conference or TAAC).",キャンベル大学の女子バスケットボールチームが1994年から2011年までプレーしていたカンファレンスはビッグサウスカンファレンスです。,False,1,sports,event,279,351.0,0.7948717948717948,1,0.037037037037037,0.2561964728894342,4.948159660148366,0.0,0.7707199867224142,304,351.0,0.8660968660968661,1,0.037037037037037,0.1888345099547834,4.6469364267353805,0.0,0.63954053635679,279,351.0,0.7948717948717948,1,0.037037037037037,0.2561964728894342,4.948159660148366,0.0,0.7707199867224142,2.16,7.0,0.0,1,4.45,6.0,0.0,1,Indo-European,Germanic,Japonic,Japonic,LATIN,6949,7087876,HAN/JAPANESE,643,1479698
61,en,ja,"What is the name of the album that the song ""That's What Love Is For"" was released on?",「ザッツ・ホワット・ラブ・イズ・フォー」がリリースされたアルバムの名前は？,"The song ""That's What Love Is For"" was released on the album **Leap of Faith**.",「ザッツ・ホワット・ラブ・イズ・フォー」（That's What Love Is For）が収録されているアルバムは、エイミー・グラントの1991年のアルバム「ハート・イン・モーション」（Heart in Motion）です。,True,1,culture,work_creation,129,153.0,0.8431372549019608,0,0.0,0.7428927609192035,8.156943322159545,0.0,1.465143361048235,140,153.0,0.915032679738562,0,0.0,0.6133959709580671,6.9313019405807434,0.0,1.3299141325801105,129,153.0,0.8431372549019608,0,0.0,0.7428927609192035,8.156943322159545,0.0,1.465143361048235,2.7777777777777777,5.0,0.0,1,4.857142857142857,8.0,0.0476190476190476,1,Indo-European,Germanic,Japonic,Japonic,LATIN,6949,7087876,HAN/JAPANESE,643,1479698
47,en,ja,When was the men's javelin throw event held at the 2010 Asian Games?,2010年アジア競技大会の男子やり投競技はいつ開催されましたか？,"The men's javelin throw event at the 2010 Asian Games was held on **November 26, 2010**.",2010年アジア競技大会の男子やり投競技は、2010年11月26日に開催されました。,True,1,sports,event,173,190.0,0.9105263157894736,0,0.0,0.5041316504802181,7.879869574469172,0.0,1.3419366847922187,180,190.0,0.9473684210526316,0,0.0,0.3312489173795156,6.501962831071225,0.0,1.0545332457582344,173,190.0,0.9105263157894736,0,0.0,0.5041316504802181,7.879869574469172,0.0,1.3419366847922187,2.6666666666666665,4.0,0.0,1,3.357142857142857,5.0,0.0,1,Indo-European,Germanic,Japonic,Japonic,LATIN,6949,7087876,HAN/JAPANESE,643,1479698
32,en,ja,"On which date was David Nail's album ""Fighter"" released?",デヴィッド・ネイルのアルバム「ファイター」の発売日は？,"David Nail's album ""Fighter"" was released on **July 15, 2016**.",デヴィッド・ネイルのアルバム「ファイター」の発売日は2016年7月15日です。,True,1,arts,date_time,78,91.0,0.8571428571428571,0,0.0,0.4967353048018602,4.786748727856224,0.0,1.0952318733581676,85,91.0,0.934065934065934,0,0.0,0.2763856916633079,3.900972994672672,0.0,0.7989611612108641,78,91.0,0.8571428571428571,0,0.0,0.4967353048018602,4.786748727856224,0.0,1.0952318733581676,2.0,4.0,0.0,1,2.9166666666666665,4.0,0.0,1,Indo-European,Germanic,Japonic,Japonic,LATIN,6949,7087876,HAN/JAPANESE,643,1479698
62,en,ja,Which data protection regulation in Brazil requires subject access requests to be fulfilled within a specific time frame?,ブラジルのどのデータ保護規制が、主体アクセス要求を特定の期間内に満たすことを義務付けていますか？,"The data protection regulation in Brazil that requires subject access requests (also known as data access requests or individual rights requests) to be fulfilled within a specific timeframe is the **Lei Geral de Proteção de Dados (LGPD)**, or the General Data Protection Law.

Article 19 of the LGPD outlines the rights of the data subject, including the right to access their data. While the LGPD doesn't specify a strict, exact timeframe for fulfilling all types of access requests, it does require that controllers **respond to data subjects ""within a reasonable period of time.""**

The *National Data Protection Authority (ANPD)*","ブラジルのデータ保護規制である **LGPD (Lei Geral de Proteção de Dados)** は、データ主体アクセス要求を満たすための特定の期間を定めています。

具体的には、**第18条** に、データ主体の権利行使に関して以下の規定があります。

*   **即時対応:** データ管理者（事業者）は、データ主体の権利行使の要求に可能な限り即時に対応するよう努める必要があります。
*   **15日以内:** もし、データ管理者が即時対応できない場合、要求を受け取ってから**15日以内**に、その",True,1,law,definition,261,300.0,0.87,1,0.04,0.3571966102889117,4.891570990824654,0.0,0.7214274633674483,273,300.0,0.91,1,0.04,0.2822477768687167,3.5080129049641906,0.0,0.5557231493299482,261,300.0,0.87,1,0.04,0.3571966102889117,4.891570990824654,0.0,0.7214274633674483,2.730769230769231,6.0,0.0,1,2.9444444444444446,4.0,0.0,1,Indo-European,Germanic,Japonic,Japonic,LATIN,6949,7087876,HAN/JAPANESE,643,1479698
64,en,ja,In which decade did Harry F. Sinclair purchase Rancocas Stable?,ハリー・F・シンクレアは、何年代にランコカスステーブルを購入しましたか？,Harry F. Sinclair purchased Rancocas Stable in the **1920s**.,ハリー・F・シンクレアは、1920年代にランコカスステーブルを購入しました。,False,1,history,date_time,98,136.0,0.7205882352941176,1,0.0588235294117647,0.1581986954610763,4.107228560816789,0.0,0.5407275843894135,112,136.0,0.8235294117647058,1,0.0588235294117647,0.0524211846311001,3.7299331665801625,0.0,0.3629501416841071,98,136.0,0.7205882352941176,1,0.0588235294117647,0.1581986954610763,4.107228560816789,0.0,0.5407275843894135,2.6666666666666665,3.0,0.0,1,2.4,3.0,0.0,1,Indo-European,Germanic,Japonic,Japonic,LATIN,6949,7087876,HAN/JAPANESE,643,1479698
40,en,ja,Who contributed to the album Keys to the Kingdom by North Mississippi Allstars?,ノース・ミシシッピ・オールスターズのアルバム「キーズ・トゥ・ザ・キングダム」に誰が参加しましたか？,"The album ""Keys to the Kingdom"" by North Mississippi Allstars featured significant contributions from the following:

*   **Luther Dickinson:** Vocals, guitar, bass, mandolin, drums, percussion, banjo
*   **Cody Dickinson:** Vocals, drums, guitar, percussion, programming
*   **Jim Dickinson:** Piano, keyboards, Mellotron, electric piano

Notably, the album was released shortly after Jim Dickinson's passing, making his contributions particularly poignant and a central element of the album's theme. Additionally, there were further contributions from family and friends of the band.","ノース・ミシシッピ・オールスターズのアルバム「キーズ・トゥ・ザ・キングダム」には、以下のミュージシャンが参加しています。

*   **ルーサー・ディキンソン:** ボーカル、ギター、マンドリン、シター
*   **コーディ・ディキンソン:** ドラム、キーボード、ウォッシュボード、ボーカル
*   **ジム・ディキンソン:** ピアノ、オルガン (2009年に死去)
*   **エイモス・リー:** ボーカル
*   **マヴァナ・ケンプ:** ボーカル
*",False,1,culture,work_creation,284,595.0,0.4773109243697479,1,0.0285714285714285,0.6815378050557889,14.058834290080554,0.0,1.5418536371150775,337,595.0,0.5663865546218487,1,0.0285714285714285,0.4616012805033355,12.915728276555509,0.0,1.2261040699751309,284,595.0,0.4773109243697479,1,0.0285714285714285,0.6815378050557889,14.058834290080554,0.0,1.5418536371150775,3.2,5.0,0.0,1,3.3846153846153846,4.0,0.0769230769230769,1,Indo-European,Germanic,Japonic,Japonic,LATIN,6949,7087876,HAN/JAPANESE,643,1479698
43,en,ja,What term is used in South Africa to describe someone who obtains government contracts to facilitate outsourced services?,南アフリカで、外注サービスを円滑に進めるために政府の契約を取得する人を指す用語は何ですか？,"The term used in South Africa to describe someone who obtains government contracts to facilitate outsourced services, often with the implication of corruption or undue influence, is **""tenderpreneur.""**

This term combines ""tender"" (referring to the bidding process for government contracts) and ""entrepreneur,"" but it carries a strong negative connotation. It suggests that the person's ""entrepreneurial"" success is primarily based on securing government contracts through questionable means, rather than genuine business acumen or competitive pricing. They are often perceived as middlemen who benefit from the outsourcing process without adding significant value and sometimes through corrupt practices like bribery or cronyism.","南アフリカで、外注サービスを円滑に進めるために政府の契約を取得する人を指す一般的な用語は **tenderpreneur (テンダープレナー)** です。

これは「tender（入札）」と「entrepreneur（起業家）」を組み合わせた造語で、主に政府の入札制度を利用して利益を得る個人や企業を指します。必ずしも悪い意味ではありませんが、不正な手段やコネを使って契約を得るケースも含まれるため、しばしば批判的なニュアンスで使用されます。

他にも以下のような関連用語があります。

*   **Black Economic Empowerment (BEE",True,2,technology,definition,195,231.0,0.8441558441558441,1,0.0454545454545454,0.3046879212163654,5.820842259537173,0.0,0.7244972241544596,202,231.0,0.8744588744588745,1,0.0454545454545454,0.2126733821506632,4.653205090311116,0.0,0.562287163058794,195,231.0,0.8441558441558441,1,0.0454545454545454,0.3046879212163654,5.820842259537173,0.0,0.7244972241544596,2.6,8.0,0.0,1,2.5555555555555554,7.0,0.0,1,Indo-European,Germanic,Japonic,Japonic,LATIN,6949,7087876,HAN/JAPANESE,643,1479698
53,en,ja,What type of health care group is St John of God Health Care?,セント・ジョン・オブ・ゴッド・ヘルスケアはどのような種類の医療グループですか？,St John of God Health Care is a **Catholic not-for-profit private health care group**.,セント・ジョン・オブ・ゴッド・ヘルスケアは、非営利の天主教の医療グループです。オーストラリア、アイルランド、ニュージーランドを含む、世界中の多くの場所で、医療サービスを提供しています。,True,1,health,organization,105,136.0,0.7720588235294118,0,0.0,0.5615208105791168,5.724922955998274,0.0,1.1679934450877896,118,136.0,0.8676470588235294,0,0.0,0.3598716096513051,4.396752678513634,0.0,0.9201852792420322,105,136.0,0.7720588235294118,0,0.0,0.5615208105791168,5.724922955998274,0.0,1.1679934450877896,3.263157894736842,4.0,0.0,1,2.6923076923076925,5.0,0.0,1,Indo-European,Germanic,Japonic,Japonic,LATIN,6949,7087876,HAN/JAPANESE,643,1479698
49,en,ja,What did Archer Capital purchase in partnership with the management of Australian Geographic in 1998?,アーチャー・キャピタルは1998年にAustralian Geographicの経営陣と提携して何を購入しましたか？,"In 1998, Archer Capital purchased **Australian Geographic** in partnership with its management.",アーチャー・キャピタルは1998年にAustralian Geographicの経営陣と提携して、同事業をオーストラリア地理学会から買収しました。,False,1,geography,work_creation,176,231.0,0.7619047619047619,0,0.0,0.097591065729279,4.968997573333154,0.0,0.4391713138812346,205,231.0,0.8874458874458875,0,0.0,0.0999343089509748,4.296230084772758,0.0,0.5173991285816787,176,231.0,0.7619047619047619,0,0.0,0.097591065729279,4.968997573333154,0.0,0.4391713138812346,2.8260869565217392,5.0,0.0,1,3.066666666666667,5.0,0.0,1,Indo-European,Germanic,Japonic,Japonic,LATIN,6949,7087876,HAN/JAPANESE,643,1479698
34,en,ja,"According to some writers, which ancient city is equated with Parrhasia?",一部の著者によると、どの古代都市がパラシアと同一視されていますか？,"According to some writers, **Azania** is equated with Parrhasia.",いくつかの情報源によれば、古代都市パラシアは、現在のトルコのアンタルヤ県にある遺跡である、古い都市ペルゲと同一視されています。,False,1,history,location,153,190.0,0.8052631578947368,2,0.1,0.1896510671888591,3.894117498459608,0.0,0.5478948747396758,153,190.0,0.8052631578947368,2,0.1,0.1151334761175253,2.8211289268466753,0.0,0.3651047734829208,153,190.0,0.8052631578947368,2,0.1,0.1896510671888591,3.894117498459608,0.0,0.5478948747396758,2.952380952380953,4.0,0.0,1,2.0,4.0,0.0,1,Indo-European,Germanic,Japonic,Japonic,LATIN,6949,7087876,HAN/JAPANESE,643,1479698
52,en,ja,What is the Planck mass denoted by in the equation for the Vainshtein radius?,ヴァインシュタイン半径の式でプランク質量はどのように表されますか？,"The Planck mass, often denoted as $M_{Pl}$ or $m_{Pl}$, appears in the equation for the Vainshtein radius in modified gravity theories, particularly in theories like massive gravity or Galileon theories.  Its presence is related to the fact that these theories often involve modifications to Einstein's general relativity at high energy scales or short distances, where quantum gravity effects might become relevant.

Specifically, the Planck mass in the Vainshtein radius equation often appears in the form of Newton's gravitational constant, $G_N$, since:

$M_{Pl} = \sqrt{\frac{\hbar c}{G","ヴァインシュタイン半径は、一般相対性理論におけるスカラー・テンソル理論において、スカラー場の相互作用が重要な役割を果たす領域の大きさを特徴づける量です。この半径は、スカラー場の勾配が大きくなり、非線形効果が無視できなくなる場所を示します。

プランク質量 $m_P$ は、自然単位系（$c = \hbar = 1$）で表すと $m_P = \sqrt{\frac{1}{G}}$ となります。ここで、$G$ はニュートン重力定数です。

ヴァイン",False,1,science,scientific_technical,117,153.0,0.7647058823529411,0,0.0,0.3569085605180129,6.362647616430552,0.0,1.1008782832398007,131,153.0,0.8562091503267973,0,0.0,0.2343206983309165,4.76512254893232,0.0,0.7631276906183525,117,153.0,0.7647058823529411,0,0.0,0.3569085605180129,6.362647616430552,0.0,1.1008782832398007,2.2666666666666666,4.0,0.0,1,3.0,4.0,0.0,1,Indo-European,Germanic,Japonic,Japonic,LATIN,6949,7087876,HAN/JAPANESE,643,1479698
54,en,ja,What month did the K-1: K’Festa 3 event take place in?,K’Festa 3のイベントは、何月に行われましたか？,The K-1: K'Festa 3 event took place in **March** of 2020.,K’Festa 3は、2022年3月21日に行われました。,False,1,history,event,76,91.0,0.8351648351648352,0,0.0,0.2595833705420765,4.262158434035032,0.0,0.7354457544259707,85,91.0,0.934065934065934,0,0.0,0.1587491175060432,3.3710944547566912,0.0,0.5674549870572462,76,91.0,0.8351648351648352,0,0.0,0.2595833705420765,4.262158434035032,0.0,0.7354457544259707,2.2857142857142856,4.0,0.0,1,3.533333333333333,4.0,0.0666666666666666,1,Indo-European,Germanic,Japonic,Japonic,LATIN,6949,7087876,HAN/JAPANESE,643,1479698
50,en,ja,What medal did Nguyễn Thị Mỹ Đức win in women's changquan at the 2002 Asian Games?,2002年アジア競技大会の女子長拳でグエン・ティ・ミー・ドゥックが獲得したメダルは何ですか？,Nguyễn Thị Mỹ Đức won a **bronze** medal in women's changquan at the 2002 Asian Games.,2002年アジア競技大会の女子長拳でグエン・ティ・ミー・ドゥックが獲得したメダルは銀メダルです。,False,1,sports,other,207,276.0,0.75,0,0.0,0.4271977851605461,6.634257668787796,0.0,1.0861356500835548,225,276.0,0.8152173913043478,0,0.0,0.3321867471734698,5.796981192864276,0.0,0.9401555571163336,207,276.0,0.75,0,0.0,0.4271977851605461,6.634257668787796,0.0,1.0861356500835548,1.9,7.0,0.0,1,3.588235294117647,4.0,0.0,1,Indo-European,Germanic,Japonic,Japonic,LATIN,6949,7087876,HAN/JAPANESE,643,1479698
58,en,ja,In what city did the 1984 Summer Olympics men's 100 metre butterfly final take place?,1984年夏季オリンピック男子100メートルバタフライ決勝はどこで開催されましたか？,The 1984 Summer Olympics men's 100 metre butterfly final took place in **Los Angeles**.,1984年夏季オリンピック男子100メートルバタフライ決勝は、アメリカ合衆国カリフォルニア州ロサンゼルスのオリンピックプールで開催されました。,True,1,sports,location,148,171.0,0.8654970760233918,0,0.0,0.5113410579235785,5.500609959016625,0.0,1.0869453344174975,164,171.0,0.95906432748538,0,0.0,0.3348937602390505,4.087616596133016,0.0,0.7924630748807845,148,171.0,0.8654970760233918,0,0.0,0.5113410579235785,5.500609959016625,0.0,1.0869453344174975,3.611111111111111,3.0,0.0,1,2.4375,4.0,0.0,1,Indo-European,Germanic,Japonic,Japonic,LATIN,6949,7087876,HAN/JAPANESE,643,1479698
48,en,ja,What was the name of the protagonist in the Prizzi novels?,プリッツィ家小説の主人公の名前は？,The protagonist in the Prizzi novels is **Charley Partanna**.,プリッツィ家シリーズの主人公は、シャーレイ・プリッツィとチャーリー・パターナです。,False,1,law,work_creation,27,45.0,0.6,2,0.2,0.4083357663687331,3.309729894681555,0.0,0.9079137549364432,28,45.0,0.6222222222222222,2,0.2,0.2775996871038553,3.00390812668069,0.0,0.7688331330990655,27,45.0,0.6,2,0.2,0.4083357663687331,3.309729894681555,0.0,0.9079137549364432,1.5555555555555556,5.0,0.0,1,2.909090909090909,5.0,0.0,1,Indo-European,Germanic,Japonic,Japonic,LATIN,6949,7087876,HAN/JAPANESE,643,1479698
33,en,ko,In which country was AFN Bremerhaven located?,AFN 브레머하펜은 어느 나라에 있었나요?,AFN Bremerhaven was located in **Germany**.,"AFN 브레머하펜은 독일 브레머하펜에 있었습니다. AFN은 American Forces Network의 약자로, 미군 방송망입니다. 따라서 AFN 브레머하펜은 독일 내 미군 기지에 주둔하는 군인들을 위한 방송국이었습니다.",True,1,geography,location,4,15.0,0.2666666666666666,1,0.1666666666666666,0.9234094536478346,2.629799440449976,0.0,1.008884636082771,5,15.0,0.3333333333333333,1,0.1666666666666666,0.2043562138701187,0.9421876519184712,0.0,0.3702013972932889,4,15.0,0.2666666666666666,1,0.1666666666666666,0.9234094536478346,2.629799440449976,0.0,1.008884636082771,1.4,3.0,0.0,1,1.8571428571428572,3.0,0.0,1,Indo-European,Germanic,Koreanic,Koreanic,LATIN,6949,7087876,HANGUL,1104,728295
30,en,ko,What was the position of August Joseph Donatelli's plane during World War II when it was shot down?,제2차 세계 대전 당시 오거스트 조셉 도나텔리의 비행기가 격추되었을 때 비행기 위치는 어디였습니까?,"August Joseph Donatelli was flying a B-24 Liberator bomber named ""The Deacon"" as part of the 376th Bomb Group, 513th Bomb Squadron. On **August 1, 1943, during Operation Tidal Wave, a raid on the oil refineries at Ploesti, Romania**, his plane was shot down.

Specifically, ""The Deacon"" **was shot down *after* bombing its target, the Astra Romana Refinery in Ploesti.** While exact accounts vary slightly, it's generally accepted that it was hit by heavy flak while heading away from the target. The plane",오거스트 조셉 도나텔리의 비행기가 격추되었을 때 그의 비행기의 위치는 빌레르라봉 (Viller la Bon) 과 생 피에르몽 (Saint Pierremont) 사이였습니다.,False,1,history,event,31,105.0,0.2952380952380952,3,0.2,0.8873742874129369,4.975906305512709,0.0,1.2550917425386368,36,105.0,0.3428571428571428,3,0.2,0.4062718451006425,4.759441271262907,0.0,0.9390162633503548,31,105.0,0.2952380952380952,3,0.2,0.8873742874129369,4.975906305512709,0.0,1.2550917425386368,1.7692307692307692,6.0,0.0,1,4.0,5.0,0.0,1,Indo-European,Germanic,Koreanic,Koreanic,LATIN,6949,7087876,HANGUL,1104,728295
55,en,ko,What was the television network that aired The Greatest Canadian Invention?,위대한 캐나다 발명품을 방영한 텔레비전 네트워크는 어디입니까?,The television network that aired The Greatest Canadian Invention was **CBC (Canadian Broadcasting Corporation)**.,위대한 캐나다 발명품을 방영한 텔레비전 네트워크는 History Television입니다.,False,1,culture,organization,3,28.0,0.1071428571428571,0,0.0,1.6193208942232096,4.856206248866668,0.0,2.288823696515149,6,28.0,0.2142857142857142,0,0.0,0.8486798584654062,3.5843053113485825,0.0,1.2511150003789815,3,28.0,0.1071428571428571,0,0.0,1.6193208942232096,4.856206248866668,0.0,2.288823696515149,1.2857142857142858,5.0,0.0,1,2.909090909090909,5.0,0.0,1,Indo-European,Germanic,Koreanic,Koreanic,LATIN,6949,7087876,HANGUL,1104,728295
39,en,ko,Since which decade did bowl games start counting toward single-season and career statistics?,볼 게임은 몇 년대부터 단일 시즌 및 커리어 통계에 포함되기 시작했습니까?,Bowl game statistics started counting toward single-season and career statistics in **2002**.,볼 게임은 1963년까지 메이저 리그 베이스볼(MLB) 단일 시즌 및 커리어 통계에 포함되지 않았습니다.,False,1,sports,date_time,31,78.0,0.3974358974358974,1,0.0769230769230769,0.4549184763670262,3.3095758549245047,0.0,0.842253873124754,47,78.0,0.6025641025641025,1,0.0769230769230769,0.19058071003005,2.3513767556442104,0.0,0.4367032933624206,31,78.0,0.3974358974358974,1,0.0769230769230769,0.4549184763670262,3.3095758549245047,0.0,0.842253873124754,2.727272727272727,5.0,0.0,1,2.8666666666666667,6.0,0.0,1,Indo-European,Germanic,Koreanic,Koreanic,LATIN,6949,7087876,HANGUL,1104,728295
63,en,ko,What is the original name of Entebbe General Hospital?,엔테베 종합병원의 원래 이름은 무엇입니까?,The original name of Entebbe General Hospital was **Entebbe Grade B Hospital**.,엔테베 종합병원의 원래 이름은 엔테베 그레이즈 병원입니다.,False,2,health,definition,5,28.0,0.1785714285714285,1,0.125,1.5858739533059307,4.213454106769557,0.0,1.9486530589836997,12,28.0,0.4285714285714285,0,0.0,0.5351624054329491,4.442039705289101,0.0,1.2979140772338111,5,28.0,0.1785714285714285,1,0.125,1.5858739533059307,4.213454106769557,0.0,1.9486530589836997,1.2,4.0,0.0,1,3.0,4.0,0.0,1,Indo-European,Germanic,Koreanic,Koreanic,LATIN,6949,7087876,HANGUL,1104,728295
56,en,ko,What was the name of the University of Detroit's halfback in the 1929 football season?,1929년 풋볼 시즌 디트로이트 대학교의 하프백 이름은 무엇입니까?,The University of Detroit's star halfback in the 1929 season was **Lloyd Brazil**.,1929년 풋볼 시즌 디트로이트 대학교의 하프백 이름은 프랭클린 코윈이었습니다.,False,1,sports,person,6,55.0,0.109090909090909,0,0.0,1.438533582205485,2.897995466699108,0.0,1.018731985705964,14,55.0,0.2545454545454545,0,0.0,1.1073592613535754,2.9588923097945496,0.0,1.0282358080527163,6,55.0,0.109090909090909,0,0.0,1.438533582205485,2.897995466699108,0.0,1.018731985705964,2.0,5.0,0.0,1,3.75,6.0,0.0625,1,Indo-European,Germanic,Koreanic,Koreanic,LATIN,6949,7087876,HANGUL,1104,728295
42,en,ko,What is the original name of the Flood Modeller software?,플러드 모델러 소프트웨어의 원래 이름은 무엇입니까?,The original name of the Flood Modeller software was **ISIS**.,플러드 모델러 소프트웨어의 원래 이름은 **ISIS**였습니다.,True,1,technology,work_creation,2,21.0,0.0952380952380952,1,0.1428571428571428,2.4470904155681596,3.715915659760096,1.178265171376224,1.268825244191936,4,21.0,0.1904761904761904,0,0.0,0.494977289976572,1.979909159906288,0.0,0.8573258148321757,2,21.0,0.0952380952380952,1,0.1428571428571428,2.4470904155681596,3.715915659760096,1.178265171376224,1.268825244191936,1.6666666666666667,3.0,0.0,1,3.2,5.0,0.0,1,Indo-European,Germanic,Koreanic,Koreanic,LATIN,6949,7087876,HANGUL,1104,728295
46,en,ko,What religious practice did the Magars follow?,마가르족이 따르던 종교적 관습은 무엇입니까?,"The Magar people have a diverse range of religious practices, primarily influenced by Hinduism and Buddhism, alongside their indigenous traditions.

*   **Hinduism:** Many Magars, especially those in the southern regions, follow Hinduism and observe Hindu festivals and rituals.

*   **Buddhism:** Buddhism is also prevalent, particularly in the northern Magar communities, with influences from Tibetan Buddhism.

*   **Indigenous Beliefs:** Importantly, the Magars have their own unique pre-Hindu and pre-Buddhist animistic beliefs and shamanistic practices, often centered around ancestor worship, nature spirits, and the role of shamans (Dhami","마가르족은 다양한 종교적 관습을 따르는 사람들입니다. 그들의 종교적 신념과 관행은 크게 불교, 힌두교, 샤머니즘으로 나눌 수 있습니다.

*   **불교:** 많은 마가르족은 불교를 따르며 특히 티베트 불교의 영향을 받았습니다. 그들은 사원을 방문하고, 기도하고, 불교 축제를 기념합니다.
*   **힌두교:** 일부 마가르족은 힌두교를 따르며 힌두교 신들을 숭배하고 힌두",False,1,culture,other,1,21.0,0.0476190476190476,1,0.1428571428571428,2.9641606765700703,2.9641606765700703,2.9641606765700703,0.0,1,21.0,0.0476190476190476,1,0.1428571428571428,2.863568293344719,2.863568293344719,2.863568293344719,0.0,1,21.0,0.0476190476190476,1,0.1428571428571428,2.9641606765700703,2.9641606765700703,2.9641606765700703,0.0,1.2,4.0,0.0,1,1.8571428571428572,3.0,0.0,1,Indo-European,Germanic,Koreanic,Koreanic,LATIN,6949,7087876,HANGUL,1104,728295
57,en,ko,What does the lowest part of the Espiritu Santo Formation consist of?,에스피리투 산토 구조의 가장 아래쪽 부분은 무엇으로 구성되어 있습니까?,The lowest part of the Espiritu Santo Formation consists of **a basal red conglomerate and sandstone**.,에스피리투 산토 구조의 가장 아래쪽 부분은 세아라 그룹의 현무암질 용암으로 구성되어 있습니다.,False,1,science,definition,15,66.0,0.2272727272727272,3,0.25,0.8298422019526923,3.4171121258973627,0.0,1.113351172731324,20,66.0,0.303030303030303,2,0.1666666666666666,0.410450026577298,2.3738785428154325,0.0,0.7104786247454535,15,66.0,0.2272727272727272,3,0.25,0.8298422019526923,3.4171121258973627,0.0,1.113351172731324,1.3333333333333333,5.0,0.0,1,4.666666666666667,4.0,0.0833333333333333,1,Indo-European,Germanic,Koreanic,Koreanic,LATIN,6949,7087876,HANGUL,1104,728295
66,en,ko,In which year was the Toronto edition of Ming Pao Daily News launched?,토론토 판 명보일보가 창간된 년도는 언제입니까?,The Toronto edition of Ming Pao Daily News was launched in **1993**.,토론토 판 명보일보는 1993년에 창간되었습니다.,True,1,history,date_time,1,28.0,0.0357142857142857,1,0.125,3.129047820748891,3.129047820748891,3.129047820748891,0.0,2,28.0,0.0714285714285714,1,0.125,1.5329283981544164,1.900897709755741,1.164959086553092,0.3679693116013243,1,28.0,0.0357142857142857,1,0.125,3.129047820748891,3.129047820748891,3.129047820748891,0.0,1.1666666666666667,5.0,0.0,1,3.6153846153846154,4.0,0.0,1,Indo-European,Germanic,Koreanic,Koreanic,LATIN,6949,7087876,HANGUL,1104,728295
31,en,ko,In what year was the NIH MERIT Award first created?,NIH MERIT 상은 언제 처음 제정되었습니까?,The NIH (National Institutes of Health) MERIT (Method to Extend Research in Time) Award was first created in **1986**.,NIH MERIT상은 1986년에 처음 제정되었습니다.,True,1,health,date_time,5,28.0,0.1785714285714285,1,0.125,1.822853584039235,4.483099187249396,0.8929942317954233,1.3523338025741116,10,28.0,0.3571428571428571,1,0.125,0.8446485160477037,2.9721497453236942,0.0,1.0478942767359751,5,28.0,0.1785714285714285,1,0.125,1.822853584039235,4.483099187249396,0.8929942317954233,1.3523338025741116,1.6666666666666667,4.0,0.0,1,2.6,3.0,0.0,1,Indo-European,Germanic,Koreanic,Koreanic,LATIN,6949,7087876,HANGUL,1104,728295
45,en,ko,What was the name of the military base established in the Vedder Crossing area in 1941?,1941년 베더 크로싱 지역에 설립된 군사 기지의 이름은 무엇입니까?,The military base established in the Vedder Crossing area in 1941 was called **Camp Chilliwack**.,1941년 베더 크로싱 지역에 설립된 군사 기지는 캠프 스윈들이었습니다.,False,1,history,entity_object,20,120.0,0.1666666666666666,2,0.125,0.7808024689810447,5.011554244671417,0.0,1.2106806743553515,29,120.0,0.2416666666666666,2,0.125,0.7998812265568267,3.1406616408348764,0.0,0.98843617414427,20,120.0,0.1666666666666666,2,0.125,0.7808024689810447,5.011554244671417,0.0,1.2106806743553515,1.6666666666666667,5.0,0.0,1,3.4375,6.0,0.0,1,Indo-European,Germanic,Koreanic,Koreanic,LATIN,6949,7087876,HANGUL,1104,728295
60,en,ko,"In the 1999 New Zealand general election, which party did Helen Clark lead to victory?",1999년 뉴질랜드 총선에서 헬렌 클라크가 승리로 이끈 정당은 무엇입니까?,Helen Clark led the Labour Party to victory in the 1999 New Zealand general election.,헬렌 클라크는 1999년 뉴질랜드 총선에서 노동당을 승리로 이끌었습니다.,True,2,politics,person,9,55.0,0.1636363636363636,1,0.0909090909090909,2.9571525143300392,6.008300694951927,0.7421565331810734,1.505567594365869,18,55.0,0.3272727272727272,0,0.0,1.5278397575777096,4.28446229112031,0.0,1.2737249072289536,9,55.0,0.1636363636363636,1,0.0909090909090909,2.9571525143300392,6.008300694951927,0.7421565331810734,1.505567594365869,1.6666666666666667,5.0,0.0,1,2.8125,4.0,0.0,1,Indo-European,Germanic,Koreanic,Koreanic,LATIN,6949,7087876,HANGUL,1104,728295
29,en,ko,What kind of systems does International Road Dynamics provide to ensure that vehicles depart terminals within acceptable weight limits?,국제 로드 다이내믹스는 차량이 허용 중량 한도 내에서 터미널을 떠나는지 확인하기 위해 어떤 종류의 시스템을 제공합니까?,"International Road Dynamics (IRD) provides a comprehensive suite of systems designed to ensure vehicles depart terminals within acceptable weight limits. These systems typically fall under the umbrella of **Weigh-In-Motion (WIM)** technology and related solutions. Here's a breakdown of the types of systems they offer:

*   **High-Speed Weigh-In-Motion (HS-WIM) Systems:**

    *   **Purpose:** These systems are designed to accurately weigh vehicles while they are traveling at normal highway speeds. They are installed directly into the road surface and can capture weight data without requiring vehicles to stop.
    *   **","국제 로드 다이내믹스는 차량이 허용 중량 한도 내에서 터미널을 떠나는지 확인하기 위해 다음과 같은 종류의 시스템을 제공합니다.

**1. 차축 축중기 (Axle Weigh Pads):**

*   차축 축중기는 개별 차축 또는 차축 그룹의 무게를 측정합니다. 이러한 장비는 휴대용일 수도 있고 도로에 영구적으로 설치될 수도 있습니다.
*   차량은 차축 축중기를 차례로 운전하면서 각 차축의 무게를 측정합니다.
*   이 데이터를 통해 차량",False,1,technology,other,55,190.0,0.2894736842105263,3,0.15,0.5704913096583725,5.260499231394094,0.0,0.9878252232385334,85,190.0,0.4473684210526316,2,0.1,0.3573969129546045,4.003989956779102,0.0,0.707042286147389,55,190.0,0.2894736842105263,3,0.15,0.5704913096583725,5.260499231394094,0.0,0.9878252232385334,2.3125,8.0,0.0,1,2.6842105263157894,5.0,0.0,1,Indo-European,Germanic,Koreanic,Koreanic,LATIN,6949,7087876,HANGUL,1104,728295
67,en,ko,What was artistic swimming previously known as?,아티스틱 스위밍은 이전에 어떤 명칭으로 알려졌습니까?,Artistic swimming was previously known as **synchronized swimming**.,아티스틱 스위밍은 이전에 싱크로나이즈드 스위밍으로 알려져 있었습니다.,True,1,sports,definition,4,28.0,0.1428571428571428,1,0.125,1.3750264205676617,3.178267611723401,0.1172158720487676,1.1173340584073754,5,28.0,0.1785714285714285,0,0.0,1.0610156345811912,2.725170382615351,0.0,1.0527134804509988,4,28.0,0.1428571428571428,1,0.125,1.3750264205676617,3.178267611723401,0.1172158720487676,1.1173340584073754,2.0,3.0,0.0,1,3.0,3.0,0.1428571428571428,1,Indo-European,Germanic,Koreanic,Koreanic,LATIN,6949,7087876,HANGUL,1104,728295
36,en,ko,In which year did the Great Canadian flag debate officially begin?,캐나다 국기 논쟁이 공식적으로 시작된 해는 언제입니까?,The Great Canadian flag debate officially began in **1964**.,캐나다 국기 논쟁은 1960년대에 공식적으로 시작되었습니다.,False,3,history,date_time,7,36.0,0.1944444444444444,0,0.0,1.4823672103797847,2.65432818843982,0.1393420967555245,0.8175900338422833,12,36.0,0.3333333333333333,0,0.0,0.5141729869076241,1.246048724566077,0.0,0.4860433390006921,7,36.0,0.1944444444444444,0,0.0,1.4823672103797847,2.65432818843982,0.1393420967555245,0.8175900338422833,1.1428571428571428,6.0,0.0,1,2.909090909090909,3.0,0.0,1,Indo-European,Germanic,Koreanic,Koreanic,LATIN,6949,7087876,HANGUL,1104,728295
59,en,ko,In which year did the Whitehaven School become the Whitehaven Academy?,화이트헤이븐 스쿨이 화이트헤이븐 아카데미가 된 해는 언제입니까?,Whitehaven School officially became the Whitehaven Academy in **September 2012**.,화이트헤이븐 스쿨이 화이트헤이븐 아카데미가 된 해는 2010년입니다.,False,1,history,date_time,4,28.0,0.1428571428571428,1,0.125,0.1652091524287201,0.6608366097148807,0.0,0.2861506458819345,7,28.0,0.25,1,0.125,0.0,0.0,0.0,0.0,4,28.0,0.1428571428571428,1,0.125,0.1652091524287201,0.6608366097148807,0.0,0.2861506458819345,2.142857142857143,4.0,0.0,1,2.363636363636364,3.0,0.0,1,Indo-European,Germanic,Koreanic,Koreanic,LATIN,6949,7087876,HANGUL,1104,728295
38,en,ko,When was the Uniform Residential Landlord and Tenant Act created?,균일 주거용 임대인 및 임차인 법은 언제 제정되었습니까?,The Uniform Residential Landlord and Tenant Act (URLTA) was approved and recommended for enactment in all states by the National Conference of Commissioners on Uniform State Laws in 1972.,"균일 주거용 임대인 및 임차인 법(URLTA)은 1972년에 처음으로 발표되었으며, 이후 여러 번 수정되었습니다.",True,1,law,date_time,8,45.0,0.1777777777777777,1,0.1,1.2658101063556937,7.433938188261304,0.0,2.3695185825438334,15,45.0,0.3333333333333333,1,0.1,0.7140868946920713,6.520298886793437,0.0,1.6111994772477205,8,45.0,0.1777777777777777,1,0.1,1.2658101063556937,7.433938188261304,0.0,2.3695185825438334,1.875,4.0,0.0,1,3.6,6.0,0.0,1,Indo-European,Germanic,Koreanic,Koreanic,LATIN,6949,7087876,HANGUL,1104,728295
37,en,ko,Who was the first female mayor in Turkey?,튀르키예 최초 여성 시장은 누구였습니까?,"The first female mayor in Turkey was Müfide İlhan, elected in Mersin in 1950.",튀르키예 최초의 여성 시장은 무피데 일마즈였습니다. 1930년에 아르트빈의 위선 마을에서 시장으로 선출되었습니다.,False,1,politics,person,3,21.0,0.1428571428571428,1,0.1428571428571428,0.4127004055219347,1.238101216565804,0.0,0.5836465106859962,6,21.0,0.2857142857142857,1,0.1428571428571428,0.0521674279795674,0.3130045678774048,0.0,0.1166499151736373,3,21.0,0.1428571428571428,1,0.1428571428571428,0.4127004055219347,1.238101216565804,0.0,0.5836465106859962,1.2,4.0,0.0,1,2.625,3.0,0.0,1,Indo-European,Germanic,Koreanic,Koreanic,LATIN,6949,7087876,HANGUL,1104,728295
44,en,ko,What was the specific purpose of a bulk material analyzer located just upstream of the raw mill in cement production?,시멘트 생산에서 원재료 분쇄기 바로 상류에 위치한 벌크 재료 분석기의 구체적인 목적은 무엇입니까?,"The specific purpose of a bulk material analyzer located just upstream of the raw mill in cement production is to **continuously monitor and analyze the chemical composition of the raw materials being fed into the raw mill to ensure optimal and consistent raw mix design for clinker production.**

Here's a breakdown of why this is important:

*   **Optimal Raw Mix Design:** Cement clinker is produced by burning a precisely controlled mixture of raw materials (typically limestone, clay, sand, and iron ore). The correct proportions of calcium, silica, alumina, and iron (the key oxides) are crucial for achieving the desired clinker quality and efficient burning","시멘트 생산 공정에서 원재료 분쇄기 바로 상류에 위치한 벌크 재료 분석기의 구체적인 목적은 다음과 같습니다.

**1. 원료 배합 최적화 (Raw Mix Optimization):**

*   **정확한 화학적 조성 분석:** 벌크 재료 분석기는 석회석, 점토, 철광석 등 원재료의 주요 성분 (CaO, SiO2, Al2O3, Fe2O3, MgO, K2O, Na2O 등)의 함량을 실시간으로 정확하게 측정합니다.
*   **",True,1,technology,scientific_technical,47,210.0,0.2238095238095238,0,0.0,1.1705780751514532,4.292396017352413,0.0,1.2752780529232677,87,210.0,0.4142857142857143,0,0.0,0.7142155100103,3.896040514391405,0.0,0.9491483294089482,47,210.0,0.2238095238095238,0,0.0,1.1705780751514532,4.292396017352413,0.0,1.2752780529232677,2.230769230769231,6.0,0.0,1,3.15,8.0,0.0,1,Indo-European,Germanic,Koreanic,Koreanic,LATIN,6949,7087876,HANGUL,1104,728295
65,en,ko,In what year was Greg Brown's album One More Goodnight Kiss released?,그렉 브라운의 앨범 원 모어 굿나잇 키스는 몇 년도에 발매되었습니까?,"Greg Brown's album ""One More Goodnight Kiss"" was released in **1988**.",그렉 브라운의 앨범 원 모어 굿나잇 키스는 1988년에 발매되었습니다.,True,1,arts,date_time,9,66.0,0.1363636363636363,1,0.0833333333333333,0.4992654870234451,3.702012697788735,0.0,1.158916200307864,16,66.0,0.2424242424242424,1,0.0833333333333333,0.3858923129399312,2.0273167466883084,0.0,0.6604357105664524,9,66.0,0.1363636363636363,1,0.0833333333333333,0.4992654870234451,3.702012697788735,0.0,1.158916200307864,1.6,5.0,0.0,1,2.5384615384615383,4.0,0.0,1,Indo-European,Germanic,Koreanic,Koreanic,LATIN,6949,7087876,HANGUL,1104,728295
35,en,ko,What was the name of Nellie McKay's record label when Pretty Little Head was released?,프리티 리틀 헤드가 발매되었을 때 넬리 맥케이의 레이블 이름은 무엇이었습니까?,Nellie McKay's album *Pretty Little Head* was released on **Hungry Mouse Records**.,프리티 리틀 헤드가 발매되었을 때 넬리 맥케이의 레이블은 컬럼비아 레코드였습니다.,False,1,history,organization,6,66.0,0.0909090909090909,2,0.1666666666666666,1.2160947502651225,5.688249166344388,0.0,2.062676722020313,14,66.0,0.2121212121212121,1,0.0833333333333333,0.7549162093969136,4.685792103039109,0.0,1.2341344151252664,6,66.0,0.0909090909090909,2,0.1666666666666666,1.2160947502651225,5.688249166344388,0.0,2.062676722020313,1.5,6.0,0.0,1,4.0625,5.0,0.0,1,Indo-European,Germanic,Koreanic,Koreanic,LATIN,6949,7087876,HANGUL,1104,728295
51,en,ko,How long does a Rector of Università Cattolica del Sacro Cuore remain in office?,카톨리카 델 사크로 쿠오레 대학교 총장의 임기는 얼마입니까?,The Rector of Università Cattolica del Sacro Cuore remains in office for a term of **four years**. They are eligible for reappointment only once.,"카톨리카 델 사크로 쿠오레 대학교 총장의 임기는 4년이며, 한 번 연임할 수 있습니다.",False,1,education,other,8,45.0,0.1777777777777777,0,0.0,3.2102987681708823,12.050828893517124,0.0,3.981555337573567,15,45.0,0.3333333333333333,0,0.0,1.7686833716832715,11.823507621586684,0.0,3.1596729498874936,8,45.0,0.1777777777777777,0,0.0,3.2102987681708823,12.050828893517124,0.0,3.981555337573567,1.875,5.0,0.0,1,3.5,4.0,0.0,1,Indo-European,Germanic,Koreanic,Koreanic,LATIN,6949,7087876,HANGUL,1104,728295
41,en,ko,What was the name of the conference Campbell University's women's basketball team played in from 1994 to 2011?,캠벨 대학교 여자 농구팀이 1994년부터 2011년까지 경기를 했던 컨퍼런스의 이름은 무엇입니까?,"From 1994 to 2011, Campbell University's women's basketball team played in the **Atlantic Sun Conference** (formerly known as the Trans America Athletic Conference or TAAC).",캠벨 대학교 여자 농구팀은 1994년부터 2011년까지 Big South Conference에서 경기를 했습니다.,False,1,sports,event,19,153.0,0.1241830065359477,3,0.1666666666666666,0.6863882307498809,5.123079829040111,0.0,1.204919853962685,50,153.0,0.326797385620915,2,0.1111111111111111,0.3745182314657875,5.333156075502818,0.0,0.9475413401557384,19,153.0,0.1241830065359477,3,0.1666666666666666,0.6863882307498809,5.123079829040111,0.0,1.204919853962685,1.5454545454545454,8.0,0.0,1,4.45,6.0,0.0,1,Indo-European,Germanic,Koreanic,Koreanic,LATIN,6949,7087876,HANGUL,1104,728295
61,en,ko,"What is the name of the album that the song ""That's What Love Is For"" was released on?","""That's What Love Is For""라는 곡이 수록된 앨범의 이름은 무엇인가요?","The song ""That's What Love Is For"" was released on the album **Leap of Faith**.","""That's What Love Is For""라는 곡은 Amy Grant의 1991년 앨범 ""Heart in Motion""에 수록되어 있습니다.",True,1,culture,work_creation,42,105.0,0.4,1,0.0666666666666666,1.9460712203952015,4.548664482213043,0.0,1.0148941734429382,55,105.0,0.5238095238095238,1,0.0666666666666666,1.7107443161020446,3.6727484634279866,0.0,1.1576014192072446,42,105.0,0.4,1,0.0666666666666666,1.9460712203952015,4.548664482213043,0.0,1.0148941734429382,2.6153846153846154,7.0,0.0,1,4.857142857142857,8.0,0.0476190476190476,1,Indo-European,Germanic,Koreanic,Koreanic,LATIN,6949,7087876,HANGUL,1104,728295
47,en,ko,When was the men's javelin throw event held at the 2010 Asian Games?,2010년 아시안 게임 남자 창던지기 종목은 언제 개최되었습니까?,"The men's javelin throw event at the 2010 Asian Games was held on **November 26, 2010**.",2010년 아시안 게임 남자 창던지기 종목은 2010년 11월 26일에 개최되었습니다.,True,1,sports,event,41,78.0,0.5256410256410257,1,0.0769230769230769,0.3353526083922277,2.447361070753202,0.0,0.6785908451017548,56,78.0,0.717948717948718,1,0.0769230769230769,0.3830918732842117,5.127676511606742,0.0,0.894235201434515,41,78.0,0.5256410256410257,1,0.0769230769230769,0.3353526083922277,2.447361070753202,0.0,0.6785908451017548,1.875,6.0,0.0,1,3.357142857142857,5.0,0.0,1,Indo-European,Germanic,Koreanic,Koreanic,LATIN,6949,7087876,HANGUL,1104,728295
32,en,ko,"On which date was David Nail's album ""Fighter"" released?","데이비드 네일의 앨범 ""파이터""가 발매된 날짜는 언제인가요?","David Nail's album ""Fighter"" was released on **July 15, 2016**.","데이비드 네일의 앨범 ""파이터""는 2016년 7월 15일에 발매되었습니다.",True,1,arts,date_time,30,78.0,0.3846153846153846,2,0.1538461538461538,0.7514109375917809,4.6511549492233,0.0,0.9924856310830568,44,78.0,0.5641025641025641,1,0.0769230769230769,0.4426781597392364,4.030369610967206,0.0,0.7731821335562261,30,78.0,0.3846153846153846,2,0.1538461538461538,0.7514109375917809,4.6511549492233,0.0,0.9924856310830568,1.4,7.0,0.0,1,2.9166666666666665,4.0,0.0,1,Indo-European,Germanic,Koreanic,Koreanic,LATIN,6949,7087876,HANGUL,1104,728295
62,en,ko,Which data protection regulation in Brazil requires subject access requests to be fulfilled within a specific time frame?,브라질의 어떤 데이터 보호 규정에서 주체 접근 요청을 특정 기한 내에 충족하도록 요구합니까?,"The data protection regulation in Brazil that requires subject access requests (also known as data access requests or individual rights requests) to be fulfilled within a specific timeframe is the **Lei Geral de Proteção de Dados (LGPD)**, or the General Data Protection Law.

Article 19 of the LGPD outlines the rights of the data subject, including the right to access their data. While the LGPD doesn't specify a strict, exact timeframe for fulfilling all types of access requests, it does require that controllers **respond to data subjects ""within a reasonable period of time.""**

The *National Data Protection Authority (ANPD)*","브라질의 데이터 보호 규정인 LGPD(Lei Geral de Proteção de Dados, General Data Protection Law)는 데이터 주체 접근 요청을 특정 기한 내에 충족하도록 요구합니다. 구체적으로 LGPD 제18조는 다음과 같이 명시하고 있습니다.

**데이터 주체는 데이터 관리자에게 다음과 같은 권리를 행사할 수 있습니다:**

*   **접근:** 자신의 개인 데이터에 대한 확인 및 정보 요청 권리
*   **수정:** 부정확하거나 불완전한 데이터 수정 요청 권리
*   **삭제:** 특정 상황에서 데이터 삭제 요청",True,1,law,definition,34,120.0,0.2833333333333333,2,0.125,0.6230704835327331,4.811026945782635,0.0,1.0493272309395372,45,120.0,0.375,2,0.125,0.3394962301038283,3.3944955892037902,0.0,0.7305254859926212,34,120.0,0.2833333333333333,2,0.125,0.6230704835327331,4.811026945782635,0.0,1.0493272309395372,2.1538461538461537,5.0,0.0,1,2.9444444444444446,4.0,0.0,1,Indo-European,Germanic,Koreanic,Koreanic,LATIN,6949,7087876,HANGUL,1104,728295
64,en,ko,In which decade did Harry F. Sinclair purchase Rancocas Stable?,해리 F. 싱클레어가 랭코카스 마구간을 구매한 것은 몇 년대였습니까?,Harry F. Sinclair purchased Rancocas Stable in the **1920s**.,해리 F. 싱클레어가 랭코카스 마구간을 구매한 것은 1920년대 초였습니다.,False,1,history,date_time,6,55.0,0.109090909090909,2,0.1818181818181818,0.2741008354681758,1.166805309525936,0.0,0.4356871160915901,14,55.0,0.2545454545454545,2,0.1818181818181818,0.4903070417019965,4.288029298591455,0.0,1.1555649907539796,6,55.0,0.109090909090909,2,0.1818181818181818,0.2741008354681758,1.166805309525936,0.0,0.4356871160915901,1.4444444444444444,3.5,0.0,2,2.4,3.0,0.0,1,Indo-European,Germanic,Koreanic,Koreanic,LATIN,6949,7087876,HANGUL,1104,728295
40,en,ko,Who contributed to the album Keys to the Kingdom by North Mississippi Allstars?,"노스 미시시피 올스타의 앨범 ""키즈 투더 킹덤""에 기여한 사람은 누구인가요?","The album ""Keys to the Kingdom"" by North Mississippi Allstars featured significant contributions from the following:

*   **Luther Dickinson:** Vocals, guitar, bass, mandolin, drums, percussion, banjo
*   **Cody Dickinson:** Vocals, drums, guitar, percussion, programming
*   **Jim Dickinson:** Piano, keyboards, Mellotron, electric piano

Notably, the album was released shortly after Jim Dickinson's passing, making his contributions particularly poignant and a central element of the album's theme. Additionally, there were further contributions from family and friends of the band.","노스 미시시피 올스타스의 앨범 ""키즈 투더 킹덤""은 다음과 같은 사람들이 참여했습니다.

*   루서 디킨슨
*   코디 디킨슨
*   짐 보헴
*   도미노 사운더스
*   샤드릭 존
*   레이 라이
*   찰스 바렛",False,1,culture,work_creation,9,300.0,0.03,9,0.36,1.5756679810035017,4.906548003727519,0.0,1.7305863554231695,20,300.0,0.0666666666666666,8,0.32,0.6907242457598718,3.9249450538492265,0.0,1.0651176386378456,9,300.0,0.03,9,0.36,1.5756679810035017,4.906548003727519,0.0,1.7305863554231695,1.5454545454545454,7.0,0.0,1,3.3846153846153846,4.0,0.0769230769230769,1,Indo-European,Germanic,Koreanic,Koreanic,LATIN,6949,7087876,HANGUL,1104,728295
43,en,ko,What term is used in South Africa to describe someone who obtains government contracts to facilitate outsourced services?,아웃소싱된 서비스를 용이하게 하기 위해 정부 계약을 획득하는 사람을 나타내는 남아프리카 공화국 용어는 무엇입니까?,"The term used in South Africa to describe someone who obtains government contracts to facilitate outsourced services, often with the implication of corruption or undue influence, is **""tenderpreneur.""**

This term combines ""tender"" (referring to the bidding process for government contracts) and ""entrepreneur,"" but it carries a strong negative connotation. It suggests that the person's ""entrepreneurial"" success is primarily based on securing government contracts through questionable means, rather than genuine business acumen or competitive pricing. They are often perceived as middlemen who benefit from the outsourcing process without adding significant value and sometimes through corrupt practices like bribery or cronyism.","남아프리카 공화국에서 아웃소싱된 서비스를 용이하게 하기 위해 정부 계약을 획득하는 사람을 지칭하는 용어는 다음과 같습니다. **입찰 공모자** 또는 **중간상**입니다.

이러한 개인은 부패와 연관되어 비판을 받고 있으며 서비스 제공 및 계약 과정을 불필요하게 복잡하게 만드는 것으로 여겨지는 경우가 많습니다.",False,2,technology,definition,43,105.0,0.4095238095238095,2,0.1333333333333333,0.676865422120042,6.701521403533205,0.0,1.2385150402698792,66,105.0,0.6285714285714286,2,0.1333333333333333,0.31211040754151,5.808288506179021,0.0,0.8116442400434926,43,105.0,0.4095238095238095,2,0.1333333333333333,0.676865422120042,6.701521403533205,0.0,1.2385150402698792,1.3571428571428572,9.0,0.0,1,2.5555555555555554,7.0,0.0,1,Indo-European,Germanic,Koreanic,Koreanic,LATIN,6949,7087876,HANGUL,1104,728295
53,en,ko,What type of health care group is St John of God Health Care?,성 요한 건강 관리 기관은 어떤 유형의 의료 그룹입니까?,St John of God Health Care is a **Catholic not-for-profit private health care group**.,성 요한 건강 관리 기관은 병원 및 의료 시설을 포함하는 비영리 가톨릭 건강 관리 기관입니다.,True,1,health,organization,31,55.0,0.5636363636363636,1,0.0909090909090909,0.7777810731075876,4.273972708187971,0.0,1.1674534557831635,35,55.0,0.6363636363636364,0,0.0,0.5464580754665007,3.23846618863161,0.0,0.8517277510348351,31,55.0,0.5636363636363636,1,0.0909090909090909,0.7777810731075876,4.273972708187971,0.0,1.1674534557831635,1.5555555555555556,5.0,0.0,1,2.6923076923076925,5.0,0.0,1,Indo-European,Germanic,Koreanic,Koreanic,LATIN,6949,7087876,HANGUL,1104,728295
49,en,ko,What did Archer Capital purchase in partnership with the management of Australian Geographic in 1998?,1998년에 아처 캐피탈은 오스트레일리안 지오그래픽 경영진과 파트너십을 맺고 무엇을 인수했습니까?,"In 1998, Archer Capital purchased **Australian Geographic** in partnership with its management.","1998년 아처 캐피탈은 오스트레일리안 지오그래픽 경영진과 파트너십을 맺고 **오스트레일리안 지오그래픽 소사이어티(Australian Geographic Society)의 상업적 자산**을 인수했습니다. 여기에는 잡지, 소매, 탐험 사업 등이 포함되었습니다.",False,1,geography,work_creation,3,78.0,0.0384615384615384,1,0.0769230769230769,2.4498868007039767,4.488686607825416,0.0,1.855410332520789,6,78.0,0.0769230769230769,1,0.0769230769230769,1.2057197682226306,3.4426263921967832,0.0,1.479371945559357,3,78.0,0.0384615384615384,1,0.0769230769230769,2.4498868007039767,4.488686607825416,0.0,1.855410332520789,2.7,5.0,0.0,1,3.066666666666667,5.0,0.0,1,Indo-European,Germanic,Koreanic,Koreanic,LATIN,6949,7087876,HANGUL,1104,728295
34,en,ko,"According to some writers, which ancient city is equated with Parrhasia?","일부 저술가들에 따르면, 어떤 고대 도시가 파라시아와 동일시됩니까?","According to some writers, **Azania** is equated with Parrhasia.","일부 저술가들에 따르면, 고대 도시 **페르가**가 파라시아와 동일시됩니다.",False,1,history,location,9,36.0,0.25,4,0.4444444444444444,0.3833860197513141,2.3801977850890195,0.0,0.7392402289411739,10,36.0,0.2777777777777778,4,0.4444444444444444,0.1578403742521791,1.289113953225884,0.0,0.3821213046474569,9,36.0,0.25,4,0.4444444444444444,0.3833860197513141,2.3801977850890195,0.0,0.7392402289411739,1.7777777777777777,5.0,0.0,1,2.0,4.0,0.0,1,Indo-European,Germanic,Koreanic,Koreanic,LATIN,6949,7087876,HANGUL,1104,728295
52,en,ko,What is the Planck mass denoted by in the equation for the Vainshtein radius?,바인슈타인 반지름 방정식에서 플랑크 질량을 나타내는 기호는 무엇입니까?,"The Planck mass, often denoted as $M_{Pl}$ or $m_{Pl}$, appears in the equation for the Vainshtein radius in modified gravity theories, particularly in theories like massive gravity or Galileon theories.  Its presence is related to the fact that these theories often involve modifications to Einstein's general relativity at high energy scales or short distances, where quantum gravity effects might become relevant.

Specifically, the Planck mass in the Vainshtein radius equation often appears in the form of Newton's gravitational constant, $G_N$, since:

$M_{Pl} = \sqrt{\frac{\hbar c}{G","바인슈타인 반지름 방정식에서 플랑크 질량을 나타내는 기호는 일반적으로 $M_P$ 또는 $m_P$입니다.

이 때, 바인슈타인 반지름은 다음과 같이 표현됩니다.

$$r_V \sim \left( \frac{r_s r_\Lambda^2}{L^2} \right)^{1/3}$$

여기서,
*   $r_V$는 바인슈타인 반지름
*   $r_s = 2GM/c^2$는 슈바르츠실트 반지름 (M은 천",False,1,science,scientific_technical,4,45.0,0.0888888888888888,1,0.1,2.6542181868791492,4.121072428238716,1.5356693867631297,0.9498036035010976,11,45.0,0.2444444444444444,1,0.1,1.5095454989850667,6.462909435230982,0.0,1.8824131196850031,4,45.0,0.0888888888888888,1,0.1,2.6542181868791492,4.121072428238716,1.5356693867631297,0.9498036035010976,1.375,5.0,0.0,1,3.0,4.0,0.0,1,Indo-European,Germanic,Koreanic,Koreanic,LATIN,6949,7087876,HANGUL,1104,728295
54,en,ko,What month did the K-1: K’Festa 3 event take place in?,K’Festa 3 이벤트는 몇 월에 열렸습니까?,The K-1: K'Festa 3 event took place in **March** of 2020.,K’Festa 3 이벤트는 2024년 5월 10일부터 12일까지 열렸습니다.,False,1,history,event,9,28.0,0.3214285714285714,1,0.125,0.5933057242570842,2.848571097734296,0.0,0.9486229381133332,15,28.0,0.5357142857142857,0,0.0,0.3873575341168068,2.1725863784789756,0.0,0.6630800751623698,9,28.0,0.3214285714285714,1,0.125,0.5933057242570842,2.848571097734296,0.0,0.9486229381133332,1.5714285714285714,4.0,0.0,1,3.533333333333333,4.0,0.0666666666666666,1,Indo-European,Germanic,Koreanic,Koreanic,LATIN,6949,7087876,HANGUL,1104,728295
50,en,ko,What medal did Nguyễn Thị Mỹ Đức win in women's changquan at the 2002 Asian Games?,2002년 아시안 게임 여자 창권에서 응우옌 티 미 두크는 어떤 메달을 획득했나요?,Nguyễn Thị Mỹ Đức won a **bronze** medal in women's changquan at the 2002 Asian Games.,2002년 아시안 게임 여자 창권에서 응우옌 티 미 두크는 금메달을 획득했습니다.,False,1,sports,other,26,91.0,0.2857142857142857,3,0.2142857142857142,0.8558126928102138,5.946046437022266,0.0,1.4558357369920714,41,91.0,0.4505494505494505,3,0.2142857142857142,0.6694772308491188,5.636227173036424,0.0,1.1751692184145413,26,91.0,0.2857142857142857,3,0.2142857142857142,0.8558126928102138,5.946046437022266,0.0,1.4558357369920714,2.0,5.0,0.0,1,3.588235294117647,4.0,0.0,1,Indo-European,Germanic,Koreanic,Koreanic,LATIN,6949,7087876,HANGUL,1104,728295
58,en,ko,In what city did the 1984 Summer Olympics men's 100 metre butterfly final take place?,1984년 하계 올림픽 남자 100m 접영 결승전은 어느 도시에서 열렸습니까?,The 1984 Summer Olympics men's 100 metre butterfly final took place in **Los Angeles**.,1984년 하계 올림픽 남자 100m 접영 결승전은 로스앤젤레스에서 열렸습니다.,True,1,sports,location,16,66.0,0.2424242424242424,1,0.0833333333333333,2.047397214058964,4.91233473496188,0.0,1.5349975581317068,27,66.0,0.4090909090909091,0,0.0,1.1340887257439876,3.704762002132664,0.0,1.2163650707941385,16,66.0,0.2424242424242424,1,0.0833333333333333,2.047397214058964,4.91233473496188,0.0,1.5349975581317068,2.4,6.0,0.0,1,2.4375,4.0,0.0,1,Indo-European,Germanic,Koreanic,Koreanic,LATIN,6949,7087876,HANGUL,1104,728295
48,en,ko,What was the name of the protagonist in the Prizzi novels?,프리치 소설의 주인공 이름은 무엇입니까?,The protagonist in the Prizzi novels is **Charley Partanna**.,프리치 소설의 주인공은 프리치입니다.,False,1,law,work_creation,3,21.0,0.1428571428571428,2,0.2857142857142857,3.2818502060243375,3.787681858154911,2.4592464362976627,0.5867671874352438,7,21.0,0.3333333333333333,2,0.2857142857142857,1.0238253199576857,2.7941904539150055,0.0,0.993141402227832,3,21.0,0.1428571428571428,2,0.2857142857142857,3.2818502060243375,3.787681858154911,2.4592464362976627,0.5867671874352438,1.2,4.0,0.0,1,2.909090909090909,5.0,0.0,1,Indo-European,Germanic,Koreanic,Koreanic,LATIN,6949,7087876,HANGUL,1104,728295
33,en,pt,In which country was AFN Bremerhaven located?,Em qual país a AFN Bremerhaven estava localizada?,AFN Bremerhaven was located in **Germany**.,"A AFN Bremerhaven estava localizada na Alemanha. Especificamente, em Bremerhaven, uma cidade portuária no estado de Bremen.",True,1,geography,location,7,15.0,0.4666666666666667,0,0.0,0.7929589321816607,4.9467700226002895,0.0,1.7066432818255446,7,15.0,0.4666666666666667,0,0.0,0.8508029753289843,4.522560686248603,0.0,1.5284492909256506,7,15.0,0.4666666666666667,0,0.0,0.7929589321816607,4.9467700226002895,0.0,1.7066432818255446,1.875,3.0,0.0,1,1.8571428571428572,3.0,0.0,1,Indo-European,Germanic,Indo-European,Romance,LATIN,6949,7087876,LATIN,3000,1159764
30,en,pt,What was the position of August Joseph Donatelli's plane during World War II when it was shot down?,Qual era a posição do avião de August Joseph Donatelli durante a Segunda Guerra Mundial quando foi abatido?,"August Joseph Donatelli was flying a B-24 Liberator bomber named ""The Deacon"" as part of the 376th Bomb Group, 513th Bomb Squadron. On **August 1, 1943, during Operation Tidal Wave, a raid on the oil refineries at Ploesti, Romania**, his plane was shot down.

Specifically, ""The Deacon"" **was shot down *after* bombing its target, the Astra Romana Refinery in Ploesti.** While exact accounts vary slightly, it's generally accepted that it was hit by heavy flak while heading away from the target. The plane",August Joseph Donatelli era um membro da 352ª Brigada de Bombardeiros da Força Aérea do Exército dos EUA e estava voando em um B-26 Marauder quando foi abatido sobre Bélgica. Ele morreu em 22 de dezembro de 1944.,False,1,history,event,68,105.0,0.6476190476190476,0,0.0,0.4809704042217911,4.788472375212602,0.0,0.9556951965639082,76,105.0,0.7238095238095238,0,0.0,0.4123531086046311,3.831049068509664,0.0,0.7282854198675347,68,105.0,0.6476190476190476,0,0.0,0.4809704042217911,4.788472375212602,0.0,0.9556951965639082,3.6842105263157894,5.0,0.0,1,4.0,5.0,0.0,1,Indo-European,Germanic,Indo-European,Romance,LATIN,6949,7087876,LATIN,3000,1159764
55,en,pt,What was the television network that aired The Greatest Canadian Invention?,Que estação de televisão transmitiu A Maior Invenção Canadiana?,The television network that aired The Greatest Canadian Invention was **CBC (Canadian Broadcasting Corporation)**.,A estação de televisão que transmitiu A Maior Invenção Canadiana foi a CBC Television.,False,1,culture,organization,10,28.0,0.3571428571428571,0,0.0,0.9635291490586216,3.8351829326060938,0.0,1.316712356480371,13,28.0,0.4642857142857143,0,0.0,0.6996565987591787,3.166918550266729,0.0,1.0521847728165816,10,28.0,0.3571428571428571,0,0.0,0.9635291490586216,3.8351829326060938,0.0,1.316712356480371,1.75,3.0,0.0,2,2.909090909090909,5.0,0.0,1,Indo-European,Germanic,Indo-European,Romance,LATIN,6949,7087876,LATIN,3000,1159764
39,en,pt,Since which decade did bowl games start counting toward single-season and career statistics?,Em que década os jogos de bowl começaram a contar para as estatísticas de temporada única e carreira?,Bowl game statistics started counting toward single-season and career statistics in **2002**.,"Os jogos de bowl começaram a contar para as estatísticas de temporada única e carreira no futebol americano universitário na década de 2000. Mais especificamente, a NCAA aprovou essa mudança no ano de 2002, tornando-a efetiva a partir da temporada de 2002-2003.",True,1,sports,date_time,48,55.0,0.8727272727272727,0,0.0,0.2111462742541054,2.0364418635983013,0.0,0.5314980439792673,51,55.0,0.9272727272727272,0,0.0,0.2530849017719151,1.725066043891912,0.0,0.4713164211451982,48,55.0,0.8727272727272727,0,0.0,0.2111462742541054,2.0364418635983013,0.0,0.5314980439792673,2.3333333333333335,7.0,0.0,1,2.8666666666666667,6.0,0.0,1,Indo-European,Germanic,Indo-European,Romance,LATIN,6949,7087876,LATIN,3000,1159764
63,en,pt,What is the original name of Entebbe General Hospital?,Qual era o nome original do Hospital Geral de Entebbe?,The original name of Entebbe General Hospital was **Entebbe Grade B Hospital**.,O nome original do Hospital Geral de Entebbe era Hospital Colonial.,False,2,health,definition,21,28.0,0.75,0,0.0,0.1477910172866413,1.4145381875977756,0.0,0.3610564822701619,21,28.0,0.75,0,0.0,0.0652703533066308,0.5871483039082028,0.0,0.1505299028119582,21,28.0,0.75,0,0.0,0.1477910172866413,1.4145381875977756,0.0,0.3610564822701619,2.636363636363636,5.0,0.0,1,3.0,4.0,0.0,1,Indo-European,Germanic,Indo-European,Romance,LATIN,6949,7087876,LATIN,3000,1159764
56,en,pt,What was the name of the University of Detroit's halfback in the 1929 football season?,Qual era o nome do halfback da Universidade de Detroit na temporada de futebol americano de 1929?,The University of Detroit's star halfback in the 1929 season was **Lloyd Brazil**.,O halfback da Universidade de Detroit na temporada de futebol americano de 1929 era o Gus Sonnenberg.,False,1,sports,person,40,66.0,0.6060606060606061,1,0.0833333333333333,0.3236152179979805,2.763579966571785,0.0,0.6320495613559372,48,66.0,0.7272727272727273,1,0.0833333333333333,0.2787888990962269,1.7570276005996688,0.0,0.525002324493618,40,66.0,0.6060606060606061,1,0.0833333333333333,0.3236152179979805,2.763579966571785,0.0,0.6320495613559372,3.25,6.0,0.0,1,3.75,6.0,0.0625,1,Indo-European,Germanic,Indo-European,Romance,LATIN,6949,7087876,LATIN,3000,1159764
42,en,pt,What is the original name of the Flood Modeller software?,Qual era o nome original do software Flood Modeller?,The original name of the Flood Modeller software was **ISIS**.,O nome original do software Flood Modeller era **ISIS**.,True,1,technology,work_creation,10,21.0,0.4761904761904761,0,0.0,0.2342078287401283,1.0163528990649746,0.0,0.3285865419251697,11,21.0,0.5238095238095238,0,0.0,0.1529295740282954,0.8291216479477509,0.0,0.2515610903437345,10,21.0,0.4761904761904761,0,0.0,0.2342078287401283,1.0163528990649746,0.0,0.3285865419251697,2.5,5.0,0.0,1,3.2,5.0,0.0,1,Indo-European,Germanic,Indo-European,Romance,LATIN,6949,7087876,LATIN,3000,1159764
46,en,pt,What religious practice did the Magars follow?,Que prática religiosa seguiam os Magars?,"The Magar people have a diverse range of religious practices, primarily influenced by Hinduism and Buddhism, alongside their indigenous traditions.

*   **Hinduism:** Many Magars, especially those in the southern regions, follow Hinduism and observe Hindu festivals and rituals.

*   **Buddhism:** Buddhism is also prevalent, particularly in the northern Magar communities, with influences from Tibetan Buddhism.

*   **Indigenous Beliefs:** Importantly, the Magars have their own unique pre-Hindu and pre-Buddhist animistic beliefs and shamanistic practices, often centered around ancestor worship, nature spirits, and the role of shamans (Dhami","Os Magars praticavam tradicionalmente uma mistura de crenças indígenas e influências do hinduísmo e do budismo. As suas crenças indígenas, também conhecidas como Kirat Dharma, envolvem:

*   **Adoração da natureza:** Acreditam e veneram a natureza, incluindo rios, florestas e montanhas.
*   **Ancestrais e divindades clânicas:** Adoram os seus antepassados e divindades clânicas, que se acredita protegerem as suas famílias e comunidades.
*   **Xamanismo:** Os xamãs desempenham um papel importante nas",False,1,culture,other,3,15.0,0.2,1,0.1666666666666666,0.420531742786587,0.9543798124293378,0.0,0.3977777009354967,3,15.0,0.2,1,0.1666666666666666,0.6708176785086546,1.2022131987131393,0.3161084890513637,0.382717418579187,3,15.0,0.2,1,0.1666666666666666,0.420531742786587,0.9543798124293378,0.0,0.3977777009354967,1.6666666666666667,3.0,0.0,1,1.8571428571428572,3.0,0.0,1,Indo-European,Germanic,Indo-European,Romance,LATIN,6949,7087876,LATIN,3000,1159764
57,en,pt,What does the lowest part of the Espiritu Santo Formation consist of?,Do que consiste a parte inferior da Formação Espiritu Santo?,The lowest part of the Espiritu Santo Formation consists of **a basal red conglomerate and sandstone**.,"A parte inferior da Formação Espírito Santo consiste principalmente em **conglomerados polimíticos com matriz arenosa**. Esses conglomerados são caracterizados por:

*   **Clastos:** Seixos e calhaus de diversas litologias, incluindo gnaisses, quartzitos, granitos e rochas vulcânicas.
*   **Matriz:** Areia grosseira a média, com composição quartzo-feldspática.
*   **Estruturas:** Estratificação cruzada acanalada e imbricação de clastos, indicando fluxo fluvial.

Essa parte da formação representa a base da",False,1,science,definition,13,36.0,0.3611111111111111,1,0.1111111111111111,0.8255937083734692,5.332551787720499,0.0,1.4885166889663948,18,36.0,0.5,1,0.1111111111111111,0.9551759758807976,4.508414315165933,0.0,1.436957805660562,13,36.0,0.3611111111111111,1,0.1111111111111111,0.8255937083734692,5.332551787720499,0.0,1.4885166889663948,2.4166666666666665,5.0,0.0,1,4.666666666666667,4.0,0.0833333333333333,1,Indo-European,Germanic,Indo-European,Romance,LATIN,6949,7087876,LATIN,3000,1159764
66,en,pt,In which year was the Toronto edition of Ming Pao Daily News launched?,Em que ano foi lançada a edição de Toronto do Ming Pao Daily News?,The Toronto edition of Ming Pao Daily News was launched in **1993**.,A edição de Toronto do Ming Pao Daily News foi lançada em 1993.,True,1,history,date_time,25,45.0,0.5555555555555556,0,0.0,0.578040996712382,4.209869058541204,0.0,0.9569710966593126,31,45.0,0.6888888888888889,0,0.0,0.5242323448236924,3.8980461326872535,0.0,0.8019749837000829,25,45.0,0.5555555555555556,0,0.0,0.578040996712382,4.209869058541204,0.0,0.9569710966593126,2.466666666666667,4.0,0.0,1,3.6153846153846154,4.0,0.0,1,Indo-European,Germanic,Indo-European,Romance,LATIN,6949,7087876,LATIN,3000,1159764
31,en,pt,In what year was the NIH MERIT Award first created?,Em que ano o prêmio NIH MERIT foi criado pela primeira vez?,The NIH (National Institutes of Health) MERIT (Method to Extend Research in Time) Award was first created in **1986**.,O prêmio NIH MERIT foi criado pela primeira vez em 1986.,True,1,health,date_time,28,45.0,0.6222222222222222,0,0.0,0.5358037380273909,2.7385801488640333,0.0,0.6881783964526383,30,45.0,0.6666666666666666,0,0.0,0.4129389580245228,1.8287764977806065,0.0,0.4193997932980264,28,45.0,0.6222222222222222,0,0.0,0.5358037380273909,2.7385801488640333,0.0,0.6881783964526383,2.4615384615384617,4.0,0.0,1,2.6,3.0,0.0,1,Indo-European,Germanic,Indo-European,Romance,LATIN,6949,7087876,LATIN,3000,1159764
45,en,pt,What was the name of the military base established in the Vedder Crossing area in 1941?,Qual era o nome da base militar estabelecida na área de Vedder Crossing em 1941?,The military base established in the Vedder Crossing area in 1941 was called **Camp Chilliwack**.,A base militar estabelecida na área de Vedder Crossing em 1941 era chamada de Campo Militar de Vedder Crossing.,False,1,history,entity_object,29,66.0,0.4393939393939394,0,0.0,0.1008459162692162,0.9409013634273672,0.0,0.2344029936094199,34,66.0,0.5151515151515151,0,0.0,0.0975530457034552,0.5750753149173367,0.0,0.1793482557574026,29,66.0,0.4393939393939394,0,0.0,0.1008459162692162,0.9409013634273672,0.0,0.2344029936094199,2.9411764705882355,7.0,0.0,1,3.4375,6.0,0.0,1,Indo-European,Germanic,Indo-European,Romance,LATIN,6949,7087876,LATIN,3000,1159764
60,en,pt,"In the 1999 New Zealand general election, which party did Helen Clark lead to victory?","Na eleição geral de 1999 da Nova Zelândia, qual partido Helen Clark liderou à vitória?",Helen Clark led the Labour Party to victory in the 1999 New Zealand general election.,Helen Clark liderou o Partido Trabalhista da Nova Zelândia à vitória na eleição geral de 1999.,True,2,politics,person,54,78.0,0.6923076923076923,0,0.0,0.5694680206329619,5.799209786569892,0.0,1.2311633387231034,67,78.0,0.8589743589743589,0,0.0,0.5418481669833067,4.6183756913300185,0.0,1.0271308252575675,54,78.0,0.6923076923076923,0,0.0,0.5694680206329619,5.799209786569892,0.0,1.2311633387231034,2.736842105263158,5.0,0.0,1,2.8125,4.0,0.0,1,Indo-European,Germanic,Indo-European,Romance,LATIN,6949,7087876,LATIN,3000,1159764
29,en,pt,What kind of systems does International Road Dynamics provide to ensure that vehicles depart terminals within acceptable weight limits?,Que tipo de sistemas a International Road Dynamics fornece para garantir que os veículos saem dos terminais dentro dos limites de peso aceitáveis?,"International Road Dynamics (IRD) provides a comprehensive suite of systems designed to ensure vehicles depart terminals within acceptable weight limits. These systems typically fall under the umbrella of **Weigh-In-Motion (WIM)** technology and related solutions. Here's a breakdown of the types of systems they offer:

*   **High-Speed Weigh-In-Motion (HS-WIM) Systems:**

    *   **Purpose:** These systems are designed to accurately weigh vehicles while they are traveling at normal highway speeds. They are installed directly into the road surface and can capture weight data without requiring vehicles to stop.
    *   **","A International Road Dynamics (IRD) fornece sistemas de pesagem em movimento (WIM) para garantir que os veículos saiam dos terminais dentro dos limites de peso aceitáveis.  Esses sistemas incluem:

*   **Sistemas de Pesagem em Movimento de Alta Velocidade (HS-WIM):** Esses sistemas pesam veículos em velocidade normal de tráfego, permitindo uma triagem eficiente de veículos com excesso de peso. Eles usam sensores instalados na estrada para medir o peso do eixo e o peso bruto do veículo.
*   **Sistemas de Pesagem Estática:** Esses sistemas",True,1,technology,other,95,153.0,0.6209150326797386,0,0.0,0.4389701208012478,5.022943610836804,0.0,0.8843394615733865,113,153.0,0.738562091503268,0,0.0,0.384302070978168,3.9272737986796113,0.0,0.7265789471423291,95,153.0,0.6209150326797386,0,0.0,0.4389701208012478,5.022943610836804,0.0,0.8843394615733865,2.72,7.0,0.0,1,2.6842105263157894,5.0,0.0,1,Indo-European,Germanic,Indo-European,Romance,LATIN,6949,7087876,LATIN,3000,1159764
67,en,pt,What was artistic swimming previously known as?,Como era anteriormente conhecida a natação artística?,Artistic swimming was previously known as **synchronized swimming**.,A natação artística era anteriormente conhecida como **Nado Sincronizado**.,True,1,sports,definition,16,28.0,0.5714285714285714,0,0.0,1.93145681065846,8.94904695966283,0.0,2.58988700142329,23,28.0,0.8214285714285714,0,0.0,1.3593481749703902,8.08148338505582,0.0,2.136902437427864,16,28.0,0.5714285714285714,0,0.0,1.93145681065846,8.94904695966283,0.0,2.58988700142329,2.0,3.0,0.0,1,3.0,3.0,0.1428571428571428,1,Indo-European,Germanic,Indo-European,Romance,LATIN,6949,7087876,LATIN,3000,1159764
36,en,pt,In which year did the Great Canadian flag debate officially begin?,Em que ano começou oficialmente o Grande Debate da Bandeira Canadiana?,The Great Canadian flag debate officially began in **1964**.,O Grande Debate da Bandeira Canadiana começou oficialmente em 1964.,True,3,history,date_time,20,28.0,0.7142857142857143,0,0.0,0.265323389581478,1.6951666733611968,0.0,0.4993643444181481,23,28.0,0.8214285714285714,0,0.0,0.3124843779896906,1.4076180881885108,0.0,0.4128848611439856,20,28.0,0.7142857142857143,0,0.0,0.265323389581478,1.6951666733611968,0.0,0.4993643444181481,2.25,4.0,0.0,1,2.909090909090909,3.0,0.0,1,Indo-European,Germanic,Indo-European,Romance,LATIN,6949,7087876,LATIN,3000,1159764
59,en,pt,In which year did the Whitehaven School become the Whitehaven Academy?,Em que ano a Escola Whitehaven se tornou a Academia Whitehaven?,Whitehaven School officially became the Whitehaven Academy in **September 2012**.,A Escola Whitehaven tornou-se a Academia Whitehaven em 2012.,False,1,history,date_time,15,21.0,0.7142857142857143,0,0.0,0.1988755974013553,1.9792923110655107,0.0,0.5082697289531859,15,21.0,0.7142857142857143,0,0.0,0.1717627183155564,1.068930249658994,0.0,0.2945397423371613,15,21.0,0.7142857142857143,0,0.0,0.1988755974013553,1.9792923110655107,0.0,0.5082697289531859,2.0,3.0,0.0,1,2.363636363636364,3.0,0.0,1,Indo-European,Germanic,Indo-European,Romance,LATIN,6949,7087876,LATIN,3000,1159764
38,en,pt,When was the Uniform Residential Landlord and Tenant Act created?,Quando foi criada a Lei Uniforme de Locação Residencial (Uniform Residential Landlord and Tenant Act)?,The Uniform Residential Landlord and Tenant Act (URLTA) was approved and recommended for enactment in all states by the National Conference of Commissioners on Uniform State Laws in 1972.,A Lei Uniforme de Locação Residencial (URLTA) foi criada e promulgada pela Conferência Nacional de Comissários de Leis Uniformes (NCCUSL) em **1972**.,True,1,law,date_time,38,91.0,0.4175824175824176,0,0.0,0.7692815140620372,4.850185651069583,0.0,1.2323538275827424,49,91.0,0.5384615384615384,0,0.0,0.6349615020716822,5.115011154811345,0.0,1.1516411112708085,38,91.0,0.4175824175824176,0,0.0,0.7692815140620372,4.850185651069583,0.0,1.2323538275827424,3.235294117647059,4.0,0.0,1,3.6,6.0,0.0,1,Indo-European,Germanic,Indo-European,Romance,LATIN,6949,7087876,LATIN,3000,1159764
37,en,pt,Who was the first female mayor in Turkey?,Quem foi a primeira Presidente de Câmara na Turquia?,"The first female mayor in Turkey was Müfide İlhan, elected in Mersin in 1950.",A primeira Presidente de Câmara na Turquia foi Müfide İlhan. Ela foi eleita Presidente de Câmara de Mersin nas eleições locais de 1950.,True,1,politics,person,27,45.0,0.6,1,0.1,0.2408352320367557,2.935202655742417,0.0,0.5902758975719845,28,45.0,0.6222222222222222,1,0.1,0.1700026602442846,2.121263214672769,0.0,0.4107700964711159,27,45.0,0.6,1,0.1,0.2408352320367557,2.935202655742417,0.0,0.5902758975719845,2.7,3.0,0.0,1,2.625,3.0,0.0,1,Indo-European,Germanic,Indo-European,Romance,LATIN,6949,7087876,LATIN,3000,1159764
44,en,pt,What was the specific purpose of a bulk material analyzer located just upstream of the raw mill in cement production?,Qual era o objetivo específico de um analisador de material a granel localizado imediatamente a montante do moinho de matéria-prima na produção de cimento?,"The specific purpose of a bulk material analyzer located just upstream of the raw mill in cement production is to **continuously monitor and analyze the chemical composition of the raw materials being fed into the raw mill to ensure optimal and consistent raw mix design for clinker production.**

Here's a breakdown of why this is important:

*   **Optimal Raw Mix Design:** Cement clinker is produced by burning a precisely controlled mixture of raw materials (typically limestone, clay, sand, and iron ore). The correct proportions of calcium, silica, alumina, and iron (the key oxides) are crucial for achieving the desired clinker quality and efficient burning","O objetivo específico de um analisador de material a granel (on-line) localizado imediatamente a montante do moinho de matéria-prima (moinho de cru) na produção de cimento é **otimizar a composição da mistura de matérias-primas alimentada ao moinho, visando atingir a composição química desejada do clínquer produzido.**

Em detalhes, o analisador busca:

*   **Monitorar e controlar a proporção de diferentes matérias-primas:** O analisador mede a composição elementar (e.g., CaO, SiO2, Al2O3,",True,1,technology,scientific_technical,161,253.0,0.6363636363636364,0,0.0,0.6306004230347413,5.455145976000422,0.0,1.021389342828816,208,253.0,0.8221343873517787,0,0.0,0.5326611298935572,4.461577787679242,0.0,0.8025305772384512,161,253.0,0.6363636363636364,0,0.0,0.6306004230347413,5.455145976000422,0.0,1.021389342828816,3.0,8.0,0.0,1,3.15,8.0,0.0,1,Indo-European,Germanic,Indo-European,Romance,LATIN,6949,7087876,LATIN,3000,1159764
65,en,pt,In what year was Greg Brown's album One More Goodnight Kiss released?,Em que ano foi lançado o álbum One More Goodnight Kiss de Greg Brown?,"Greg Brown's album ""One More Goodnight Kiss"" was released in **1988**.",O álbum One More Goodnight Kiss de Greg Brown foi lançado em 1988.,True,1,arts,date_time,35,55.0,0.6363636363636364,0,0.0,0.786666286385757,5.0928500222946145,0.0,1.2513798467627997,44,55.0,0.8,0,0.0,0.8234976864981558,3.687429179113694,0.0,1.0275831832200517,35,55.0,0.6363636363636364,0,0.0,0.786666286385757,5.0928500222946145,0.0,1.2513798467627997,2.4285714285714284,4.0,0.0,1,2.5384615384615383,4.0,0.0,1,Indo-European,Germanic,Indo-European,Romance,LATIN,6949,7087876,LATIN,3000,1159764
35,en,pt,What was the name of Nellie McKay's record label when Pretty Little Head was released?,Qual era o nome da editora de Nellie McKay quando Pretty Little Head foi lançado?,Nellie McKay's album *Pretty Little Head* was released on **Hungry Mouse Records**.,Columbia Records,False,1,history,organization,40,78.0,0.5128205128205128,0,0.0,0.4679415717509925,6.528811452256232,0.0,1.1698855936886052,48,78.0,0.6153846153846154,0,0.0,0.4471230195944339,5.499275700735103,0.0,0.9417868096601956,40,78.0,0.5128205128205128,0,0.0,0.4679415717509925,6.528811452256232,0.0,1.1698855936886052,3.6875,5.0,0.0,1,4.0625,5.0,0.0,1,Indo-European,Germanic,Indo-European,Romance,LATIN,6949,7087876,LATIN,3000,1159764
51,en,pt,How long does a Rector of Università Cattolica del Sacro Cuore remain in office?,Por quantos anos um Reitor da Università Cattolica del Sacro Cuore permanece no cargo?,The Rector of Università Cattolica del Sacro Cuore remains in office for a term of **four years**. They are eligible for reappointment only once.,Um Reitor da Università Cattolica del Sacro Cuore permanece no cargo por um período de **4 anos**. O mandato é renovável.,True,1,education,other,38,78.0,0.4871794871794871,1,0.0769230769230769,0.5564027697451243,9.002382173016224,0.0,1.5795514714935868,48,78.0,0.6153846153846154,1,0.0769230769230769,0.4524512557999715,7.517938078354436,0.0,1.244080621128695,38,78.0,0.4871794871794871,1,0.0769230769230769,0.5564027697451243,9.002382173016224,0.0,1.5795514714935868,3.0,4.0,0.0,1,3.5,4.0,0.0,1,Indo-European,Germanic,Indo-European,Romance,LATIN,6949,7087876,LATIN,3000,1159764
41,en,pt,What was the name of the conference Campbell University's women's basketball team played in from 1994 to 2011?,Em que conferência jogou a equipa feminina de basquetebol da Campbell University entre 1994 e 2011?,"From 1994 to 2011, Campbell University's women's basketball team played in the **Atlantic Sun Conference** (formerly known as the Trans America Athletic Conference or TAAC).","Entre 1994 e 2011, a equipa feminina de basquetebol da Campbell University jogou na Big South Conference.",False,1,sports,event,46,105.0,0.4380952380952381,1,0.0666666666666666,0.6851841178478695,3.8846051930668577,0.0,1.0778068607218607,62,105.0,0.5904761904761905,1,0.0666666666666666,0.7056430706696848,3.2576443519346254,0.0,0.9930217026428634,46,105.0,0.4380952380952381,1,0.0666666666666666,0.6851841178478695,3.8846051930668577,0.0,1.0778068607218607,3.0,4.0,0.0,1,4.45,6.0,0.0,1,Indo-European,Germanic,Indo-European,Romance,LATIN,6949,7087876,LATIN,3000,1159764
61,en,pt,"What is the name of the album that the song ""That's What Love Is For"" was released on?","Qual é o nome do álbum em que a música ""That's What Love Is For"" foi lançada?","The song ""That's What Love Is For"" was released on the album **Leap of Faith**.","A música ""That's What Love Is For"" foi lançada no álbum ""Two Hearts"" de Neil Diamond, lançado em 1982.",False,1,culture,work_creation,99,105.0,0.9428571428571428,0,0.0,0.9031252655719508,3.814118891735189,0.0,1.1213568465173658,105,105.0,1.0,0,0.0,0.8705922326462846,3.4711829787311133,0.0,1.0817722613834269,99,105.0,0.9428571428571428,0,0.0,0.9031252655719508,3.814118891735189,0.0,1.1213568465173658,4.25,7.0,0.0,1,4.857142857142857,8.0,0.0476190476190476,1,Indo-European,Germanic,Indo-European,Romance,LATIN,6949,7087876,LATIN,3000,1159764
47,en,pt,When was the men's javelin throw event held at the 2010 Asian Games?,Quando foi realizado o evento de lançamento de dardo masculino nos Jogos Asiáticos de 2010?,"The men's javelin throw event at the 2010 Asian Games was held on **November 26, 2010**.",O evento de lançamento de dardo masculino nos Jogos Asiáticos de 2010 foi realizado em 26 de novembro de 2010.,True,1,sports,event,63,78.0,0.8076923076923077,0,0.0,0.378524709479887,5.19898850398887,0.0,0.8465408412245956,72,78.0,0.9230769230769232,0,0.0,0.3270205848782619,4.091067287161244,0.0,0.6770999001354595,63,78.0,0.8076923076923077,0,0.0,0.378524709479887,5.19898850398887,0.0,0.8465408412245956,2.8125,5.0,0.0,1,3.357142857142857,5.0,0.0,1,Indo-European,Germanic,Indo-European,Romance,LATIN,6949,7087876,LATIN,3000,1159764
32,en,pt,"On which date was David Nail's album ""Fighter"" released?","Em que data foi lançado o álbum ""Fighter"" de David Nail?","David Nail's album ""Fighter"" was released on **July 15, 2016**.","O álbum ""Fighter"" de David Nail foi lançado no dia 15 de julho de 2016.",True,1,arts,date_time,37,45.0,0.8222222222222222,0,0.0,0.4842542556847543,3.5302745226722028,0.0,0.8515353167109833,41,45.0,0.9111111111111112,0,0.0,0.3866017365884617,3.2869192645695717,0.0,0.7034009437036608,37,45.0,0.8222222222222222,0,0.0,0.4842542556847543,3.5302745226722028,0.0,0.8515353167109833,2.230769230769231,4.0,0.0,1,2.9166666666666665,4.0,0.0,1,Indo-European,Germanic,Indo-European,Romance,LATIN,6949,7087876,LATIN,3000,1159764
62,en,pt,Which data protection regulation in Brazil requires subject access requests to be fulfilled within a specific time frame?,Qual regulamentação de proteção de dados no Brasil exige que as solicitações de acesso do titular sejam resolvidas dentro de um prazo específico?,"The data protection regulation in Brazil that requires subject access requests (also known as data access requests or individual rights requests) to be fulfilled within a specific timeframe is the **Lei Geral de Proteção de Dados (LGPD)**, or the General Data Protection Law.

Article 19 of the LGPD outlines the rights of the data subject, including the right to access their data. While the LGPD doesn't specify a strict, exact timeframe for fulfilling all types of access requests, it does require that controllers **respond to data subjects ""within a reasonable period of time.""**

The *National Data Protection Authority (ANPD)*","A Lei Geral de Proteção de Dados (LGPD), Lei nº 13.709/2018, é a regulamentação de proteção de dados no Brasil que exige que as solicitações de acesso do titular sejam resolvidas dentro de um prazo específico.

Especificamente, o **Artigo 18** da LGPD estabelece os direitos do titular dos dados pessoais, e o **Artigo 19** detalha o prazo para atendimento dessas solicitações.  Este artigo determina que:

*   **O controlador (a empresa ou organização que coleta e processa os dados) deve informar",True,1,law,definition,116,136.0,0.8529411764705882,0,0.0,0.4185190723273335,4.579338810597244,0.0,0.8197300467548087,126,136.0,0.9264705882352942,0,0.0,0.4265908509667083,4.237798756710187,0.0,0.7342698666895283,116,136.0,0.8529411764705882,0,0.0,0.4185190723273335,4.579338810597244,0.0,0.8197300467548087,3.4,6.0,0.0,1,2.9444444444444446,4.0,0.0,1,Indo-European,Germanic,Indo-European,Romance,LATIN,6949,7087876,LATIN,3000,1159764
64,en,pt,In which decade did Harry F. Sinclair purchase Rancocas Stable?,Em qual década Harry F. Sinclair comprou o Estábulo Rancocas?,Harry F. Sinclair purchased Rancocas Stable in the **1920s**.,Harry F. Sinclair comprou o Estábulo Rancocas na década de 1920.,False,1,history,date_time,8,28.0,0.2857142857142857,1,0.125,0.7193705987915457,3.1520273545559534,0.0,1.0568582112040723,11,28.0,0.3928571428571428,1,0.125,0.6005158016187152,2.5078201598339724,0.0,0.7373723053837323,8,28.0,0.2857142857142857,1,0.125,0.7193705987915457,3.1520273545559534,0.0,1.0568582112040723,2.1,3.0,0.0,1,2.4,3.0,0.0,1,Indo-European,Germanic,Indo-European,Romance,LATIN,6949,7087876,LATIN,3000,1159764
40,en,pt,Who contributed to the album Keys to the Kingdom by North Mississippi Allstars?,Quem contribuiu para o álbum Keys to the Kingdom dos North Mississippi Allstars?,"The album ""Keys to the Kingdom"" by North Mississippi Allstars featured significant contributions from the following:

*   **Luther Dickinson:** Vocals, guitar, bass, mandolin, drums, percussion, banjo
*   **Cody Dickinson:** Vocals, drums, guitar, percussion, programming
*   **Jim Dickinson:** Piano, keyboards, Mellotron, electric piano

Notably, the album was released shortly after Jim Dickinson's passing, making his contributions particularly poignant and a central element of the album's theme. Additionally, there were further contributions from family and friends of the band.","O álbum Keys to the Kingdom dos North Mississippi Allstars contou com as seguintes contribuições:

*   **Luther Dickinson:** Vocais, guitarra, bandolim, banjo, sitar, teclados.
*   **Cody Dickinson:** Bateria, teclados, vocais, washboard.
*   **Chris Chew:** Baixo, vocais.

Também contou com participações especiais de:

*   **Jim Dickinson:** Teclados, produção (este foi um dos seus últimos trabalhos antes de falecer).
*   **Ry Cooder:** Guitarra, bandolim.
*   **",False,1,culture,work_creation,68,325.0,0.2092307692307692,2,0.0769230769230769,1.0360551985114643,11.860128703596311,0.0,1.9111715990988591,100,325.0,0.3076923076923077,2,0.0769230769230769,1.103192016844043,10.92954313404913,0.0,1.7263991236575196,68,325.0,0.2092307692307692,2,0.0769230769230769,1.0360551985114643,11.860128703596311,0.0,1.9111715990988591,2.857142857142857,4.0,0.0,1,3.3846153846153846,4.0,0.0769230769230769,1,Indo-European,Germanic,Indo-European,Romance,LATIN,6949,7087876,LATIN,3000,1159764
43,en,pt,What term is used in South Africa to describe someone who obtains government contracts to facilitate outsourced services?,Qual termo é usado na África do Sul para descrever alguém que obtém contratos governamentais para facilitar serviços terceirizados?,"The term used in South Africa to describe someone who obtains government contracts to facilitate outsourced services, often with the implication of corruption or undue influence, is **""tenderpreneur.""**

This term combines ""tender"" (referring to the bidding process for government contracts) and ""entrepreneur,"" but it carries a strong negative connotation. It suggests that the person's ""entrepreneurial"" success is primarily based on securing government contracts through questionable means, rather than genuine business acumen or competitive pricing. They are often perceived as middlemen who benefit from the outsourcing process without adding significant value and sometimes through corrupt practices like bribery or cronyism.","O termo frequentemente usado na África do Sul para descrever alguém que obtém contratos governamentais para facilitar serviços terceirizados, muitas vezes de forma corrupta ou inadequada, é **""tenderpreneur""** (uma junção de ""tender"" - licitação - e ""entrepreneur"" - empreendedor).

Embora o termo não seja técnico ou legal, ele é amplamente utilizado na mídia, em discussões políticas e na sociedade civil para criticar indivíduos que enriquecem através de contratos governamentais, muitas vezes sem a devida qualificação ou experiência, e através de práticas questionáveis como:

*",True,2,technology,definition,77,120.0,0.6416666666666667,1,0.0625,0.4470351950090416,4.070878572099179,0.0,0.9168708010366416,95,120.0,0.7916666666666666,1,0.0625,0.2852653940054944,3.552522207843619,0.0,0.6991492951492021,77,120.0,0.6416666666666667,1,0.0625,0.4470351950090416,4.070878572099179,0.0,0.9168708010366416,2.9047619047619047,8.0,0.0,1,2.5555555555555554,7.0,0.0,1,Indo-European,Germanic,Indo-European,Romance,LATIN,6949,7087876,LATIN,3000,1159764
53,en,pt,What type of health care group is St John of God Health Care?,Que tipo de grupo de assistência médica é a St John of God Health Care?,St John of God Health Care is a **Catholic not-for-profit private health care group**.,"A St John of God Health Care é um grupo de assistência médica privado. É um dos maiores fornecedores de cuidados de saúde privados na Austrália, operando hospitais, serviços de saúde comunitários e serviços de cuidados domiciliários.",False,1,health,organization,81,105.0,0.7714285714285715,0,0.0,0.5525422632673761,6.446323527150913,0.0,1.2541635516889869,96,105.0,0.9142857142857144,0,0.0,0.432296168766731,5.761666518153329,0.0,0.9747351048227108,81,105.0,0.7714285714285715,0,0.0,0.5525422632673761,6.446323527150913,0.0,1.2541635516889869,2.6666666666666665,5.0,0.0,1,2.6923076923076925,5.0,0.0,1,Indo-European,Germanic,Indo-European,Romance,LATIN,6949,7087876,LATIN,3000,1159764
49,en,pt,What did Archer Capital purchase in partnership with the management of Australian Geographic in 1998?,O que a Archer Capital comprou em parceria com a administração da Australian Geographic em 1998?,"In 1998, Archer Capital purchased **Australian Geographic** in partnership with its management.","Em 1998, a Archer Capital fez uma parceria com a administração da Australian Geographic para comprar o **Australian Geographic Group** da Fairfax.",False,1,geography,work_creation,17,36.0,0.4722222222222222,0,0.0,0.250210077850519,2.3357701070435586,0.0,0.6055873723005148,21,36.0,0.5833333333333334,0,0.0,0.2647418628000358,2.1648336198638316,0.0,0.605820905786902,17,36.0,0.4722222222222222,0,0.0,0.250210077850519,2.3357701070435586,0.0,0.6055873723005148,3.411764705882353,6.0,0.0,1,3.066666666666667,5.0,0.0,1,Indo-European,Germanic,Indo-European,Romance,LATIN,6949,7087876,LATIN,3000,1159764
34,en,pt,"According to some writers, which ancient city is equated with Parrhasia?","De acordo com alguns escritores, que cidade antiga é identificada como Parrásia?","According to some writers, **Azania** is equated with Parrhasia.","De acordo com alguns escritores, a cidade antiga identificada como Parrásia é **Megápolis**.

A região da Parrásia, na Arcádia, era associada a Megalópolis. Pausânias, por exemplo, menciona Parrásia como parte do território que contribuiu para a fundação de Megalópolis.",False,1,history,location,33,55.0,0.6,2,0.1818181818181818,0.2226308970887136,1.5033319007234438,0.0,0.4359634650584419,35,55.0,0.6363636363636364,2,0.1818181818181818,0.2000618788803335,1.236723157160114,0.0,0.3421099403295678,33,55.0,0.6,2,0.1818181818181818,0.2226308970887136,1.5033319007234438,0.0,0.4359634650584419,2.4615384615384617,4.0,0.0,1,2.0,4.0,0.0,1,Indo-European,Germanic,Indo-European,Romance,LATIN,6949,7087876,LATIN,3000,1159764
52,en,pt,What is the Planck mass denoted by in the equation for the Vainshtein radius?,Como é denotada a massa de Planck na equação do raio de Vainshtein?,"The Planck mass, often denoted as $M_{Pl}$ or $m_{Pl}$, appears in the equation for the Vainshtein radius in modified gravity theories, particularly in theories like massive gravity or Galileon theories.  Its presence is related to the fact that these theories often involve modifications to Einstein's general relativity at high energy scales or short distances, where quantum gravity effects might become relevant.

Specifically, the Planck mass in the Vainshtein radius equation often appears in the form of Newton's gravitational constant, $G_N$, since:

$M_{Pl} = \sqrt{\frac{\hbar c}{G","Na equação do raio de Vainshtein, a massa de Planck (frequentemente denotada por $M_{Pl}$ ou $m_{Pl}$) aparece de forma implícita ou explícita na definição da escala de energia fundamental da gravidade.

**Como a massa de Planck aparece na equação do raio de Vainshtein:**

1. **A força gravitacional é expressa em termos da massa de Planck:** A gravidade é uma força muito fraca em comparação com as outras forças fundamentais. A massa de Planck quantifica essa fraqueza. Formalmente:

   *  A constante de Newton",False,1,science,scientific_technical,29,55.0,0.5272727272727272,1,0.0909090909090909,0.5526812991925014,5.8518070394219075,0.0,1.2422024389933628,35,55.0,0.6363636363636364,1,0.0909090909090909,0.5772060944651425,5.18805863739519,0.0,1.1364369327169714,29,55.0,0.5272727272727272,1,0.0909090909090909,0.5526812991925014,5.8518070394219075,0.0,1.2422024389933628,2.7333333333333334,5.0,0.0,1,3.0,4.0,0.0,1,Indo-European,Germanic,Indo-European,Romance,LATIN,6949,7087876,LATIN,3000,1159764
54,en,pt,What month did the K-1: K’Festa 3 event take place in?,Em que mês ocorreu o evento K-1: K'Festa 3?,The K-1: K'Festa 3 event took place in **March** of 2020.,O evento K-1: K'Festa 3 ocorreu em março de 2020.,True,1,history,event,27,28.0,0.9642857142857144,0,0.0,0.2440481794281797,1.5628672853991947,0.0,0.4474510146139702,28,28.0,1.0,0,0.0,0.2140776362531875,1.4407634692952778,0.0,0.3973006015976245,27,28.0,0.9642857142857144,0,0.0,0.2440481794281797,1.5628672853991947,0.0,0.4474510146139702,2.0,4.0,0.0,1,3.533333333333333,4.0,0.0666666666666666,1,Indo-European,Germanic,Indo-European,Romance,LATIN,6949,7087876,LATIN,3000,1159764
50,en,pt,What medal did Nguyễn Thị Mỹ Đức win in women's changquan at the 2002 Asian Games?,Qual medalha Nguyễn Thị Mỹ Đức ganhou em changquan feminino nos Jogos Asiáticos de 2002?,Nguyễn Thị Mỹ Đức won a **bronze** medal in women's changquan at the 2002 Asian Games.,Nguyễn Thị Mỹ Đức ganhou uma medalha de bronze em changquan feminino nos Jogos Asiáticos de 2002.,True,1,sports,other,21,78.0,0.2692307692307692,4,0.3076923076923077,1.062482156274709,6.010751536076769,0.0,1.3603695906046729,25,78.0,0.3205128205128205,3,0.2307692307692307,0.8659796696524598,5.27512149798506,0.0,1.1727542868385956,21,78.0,0.2692307692307692,4,0.3076923076923077,1.062482156274709,6.010751536076769,0.0,1.3603695906046729,3.0,5.0,0.0,1,3.588235294117647,4.0,0.0,1,Indo-European,Germanic,Indo-European,Romance,LATIN,6949,7087876,LATIN,3000,1159764
58,en,pt,In what city did the 1984 Summer Olympics men's 100 metre butterfly final take place?,Em que cidade decorreu a final masculina de 100 metros mariposa nos Jogos Olímpicos de Verão de 1984?,The 1984 Summer Olympics men's 100 metre butterfly final took place in **Los Angeles**.,A final masculina de 100 metros mariposa nos Jogos Olímpicos de Verão de 1984 decorreu em Los Angeles.,True,1,sports,location,68,91.0,0.7472527472527473,0,0.0,0.4328683041577686,5.532204778969882,0.0,1.0443135156966512,79,91.0,0.8681318681318682,0,0.0,0.4507860168240653,4.615460525137881,0.0,0.8889458906985156,68,91.0,0.7472527472527473,0,0.0,0.4328683041577686,5.532204778969882,0.0,1.0443135156966512,2.6842105263157894,6.0,0.0,1,2.4375,4.0,0.0,1,Indo-European,Germanic,Indo-European,Romance,LATIN,6949,7087876,LATIN,3000,1159764
48,en,pt,What was the name of the protagonist in the Prizzi novels?,Qual era o nome do protagonista dos romances Prizzi?,The protagonist in the Prizzi novels is **Charley Partanna**.,O protagonista dos romances Prizzi é Charley Partanna.,True,1,law,work_creation,9,21.0,0.4285714285714285,2,0.2857142857142857,0.7133686446254336,2.748045837191749,0.0,1.0211959799467254,9,21.0,0.4285714285714285,2,0.2857142857142857,0.6811301112038557,2.4010994749597634,0.0,0.8771109730390926,9,21.0,0.4285714285714285,2,0.2857142857142857,0.7133686446254336,2.748045837191749,0.0,1.0211959799467254,2.636363636363636,5.0,0.0,1,2.909090909090909,5.0,0.0,1,Indo-European,Germanic,Indo-European,Romance,LATIN,6949,7087876,LATIN,3000,1159764
33,en,zh,In which country was AFN Bremerhaven located?,AFN 不来梅哈芬 (AFN Bremerhaven) 位于哪个国家？,AFN Bremerhaven was located in **Germany**.,AFN 不来梅哈芬位于德国。AFN (American Forces Network) 是美军在海外运营的广播和电视网络。因此，尽管它由美军运营，但它位于德国城市不来梅哈芬。,True,1,geography,location,7,28.0,0.25,2,0.25,1.134200337123162,4.315017130599085,0.0,1.405504520294108,7,28.0,0.25,1,0.125,0.7806945297318082,3.6637024102830673,0.0,1.1978549853279836,7,28.0,0.25,2,0.25,1.134200337123162,4.315017130599085,0.0,1.405504520294108,2.7,5.0,0.0,1,1.8571428571428572,3.0,0.0,1,Indo-European,Germanic,Sino-Tibetan,Sinitic,LATIN,6949,7087876,HAN/JAPANESE,1274,1509727
30,en,zh,What was the position of August Joseph Donatelli's plane during World War II when it was shot down?,二战期间，奥古斯特·约瑟夫·多纳泰利 (August Joseph Donatelli) 的飞机是在什么位置被击落的？,"August Joseph Donatelli was flying a B-24 Liberator bomber named ""The Deacon"" as part of the 376th Bomb Group, 513th Bomb Squadron. On **August 1, 1943, during Operation Tidal Wave, a raid on the oil refineries at Ploesti, Romania**, his plane was shot down.

Specifically, ""The Deacon"" **was shot down *after* bombing its target, the Astra Romana Refinery in Ploesti.** While exact accounts vary slightly, it's generally accepted that it was hit by heavy flak while heading away from the target. The plane",奥古斯特·约瑟夫·多纳泰利 (August Joseph Donatelli) 的飞机是在德国埃伯斯瓦尔德附近被击落的。,False,1,history,event,64,171.0,0.3742690058479532,1,0.0526315789473684,0.3324824652326194,4.154575750858541,0.0,0.9085183231395682,85,171.0,0.4970760233918128,1,0.0526315789473684,0.2348771505766308,3.706689311257882,0.0,0.6885736701656058,64,171.0,0.3742690058479532,1,0.0526315789473684,0.3324824652326194,4.154575750858541,0.0,0.9085183231395682,3.4,6.0,0.0,1,4.0,5.0,0.0,1,Indo-European,Germanic,Sino-Tibetan,Sinitic,LATIN,6949,7087876,HAN/JAPANESE,1274,1509727
55,en,zh,What was the television network that aired The Greatest Canadian Invention?,《最伟大的加拿大发明》(The Greatest Canadian Invention) 是由哪家电视网络播出的？,The television network that aired The Greatest Canadian Invention was **CBC (Canadian Broadcasting Corporation)**.,《最伟大的加拿大发明》(The Greatest Canadian Invention) 是由 Discovery Channel Canada 播出的。,False,1,culture,organization,67,136.0,0.4926470588235294,0,0.0,0.522781996296004,6.899533353742003,0.0,1.3534502694438917,88,136.0,0.6470588235294118,0,0.0,0.4243249101562069,6.136292630676853,0.0,1.179694567491289,67,136.0,0.4926470588235294,0,0.0,0.522781996296004,6.899533353742003,0.0,1.3534502694438917,2.473684210526316,4.0,0.0,1,2.909090909090909,5.0,0.0,1,Indo-European,Germanic,Sino-Tibetan,Sinitic,LATIN,6949,7087876,HAN/JAPANESE,1274,1509727
39,en,zh,Since which decade did bowl games start counting toward single-season and career statistics?,从哪个年代开始，碗赛开始计入单赛季和职业生涯统计？,Bowl game statistics started counting toward single-season and career statistics in **2002**.,"NCAA 官方从 **1975-76 赛季** 开始将碗赛正式计入球员的单赛季和职业生涯统计。

这意味着在 1975-76 赛季之前，球员在碗赛中的表现并不算在他们的常规赛季统计中。这是一个重要的分水岭，它统一了球员数据记录，使比较不同年代球员的数据更加准确。",False,1,sports,date_time,39,66.0,0.5909090909090909,1,0.0833333333333333,0.4611309066973575,3.379261034209306,0.0,0.8591260593748994,47,66.0,0.7121212121212122,1,0.0833333333333333,0.2805632632437144,2.9942395352949314,0.0,0.6225372788062827,39,66.0,0.5909090909090909,1,0.0833333333333333,0.4611309066973575,3.379261034209306,0.0,0.8591260593748994,2.2,5.0,0.0,1,2.8666666666666667,6.0,0.0,1,Indo-European,Germanic,Sino-Tibetan,Sinitic,LATIN,6949,7087876,HAN/JAPANESE,1274,1509727
63,en,zh,What is the original name of Entebbe General Hospital?,恩德培综合医院的原名是什么？,The original name of Entebbe General Hospital was **Entebbe Grade B Hospital**.,恩德培综合医院的原名是恩德培格林希尔医院。,False,2,health,definition,23,36.0,0.6388888888888888,1,0.1111111111111111,0.0701233959203167,0.937328771102239,0.0,0.2189292231227776,26,36.0,0.7222222222222222,1,0.1111111111111111,0.004916273855467,0.066498574865414,0.0,0.0170455801406596,23,36.0,0.6388888888888888,1,0.1111111111111111,0.0701233959203167,0.937328771102239,0.0,0.2189292231227776,1.4285714285714286,4.0,0.0,1,3.0,4.0,0.0,1,Indo-European,Germanic,Sino-Tibetan,Sinitic,LATIN,6949,7087876,HAN/JAPANESE,1274,1509727
56,en,zh,What was the name of the University of Detroit's halfback in the 1929 football season?,1929 年橄榄球赛季中，底特律大学的中卫叫什么名字？,The University of Detroit's star halfback in the 1929 season was **Lloyd Brazil**.,1929 年底特律大学的明星中后卫叫弗兰克·科林斯。,False,1,sports,person,67,120.0,0.5583333333333333,0,0.0,0.3556298164050445,3.289515319286564,0.0,0.8391502097712119,76,120.0,0.6333333333333333,0,0.0,0.2745256852325541,2.6825792064258587,0.0,0.6181882747148881,67,120.0,0.5583333333333333,0,0.0,0.3556298164050445,3.289515319286564,0.0,0.8391502097712119,2.0,4.0,0.0,1,3.75,6.0,0.0625,1,Indo-European,Germanic,Sino-Tibetan,Sinitic,LATIN,6949,7087876,HAN/JAPANESE,1274,1509727
42,en,zh,What is the original name of the Flood Modeller software?,Flood Modeller 软件的原名是什么？,The original name of the Flood Modeller software was **ISIS**.,Flood Modeller 软件的原名是 ISIS。,True,1,technology,work_creation,9,28.0,0.3214285714285714,1,0.125,0.209478478964677,0.937328771102239,0.0,0.3660477941872095,15,28.0,0.5357142857142857,1,0.125,0.04613018394681,0.389550321643252,0.0,0.1095147594073361,9,28.0,0.3214285714285714,1,0.125,0.209478478964677,0.937328771102239,0.0,0.3660477941872095,1.4285714285714286,4.0,0.0,1,3.2,5.0,0.0,1,Indo-European,Germanic,Sino-Tibetan,Sinitic,LATIN,6949,7087876,HAN/JAPANESE,1274,1509727
46,en,zh,What religious practice did the Magars follow?,马加尔人信奉什么宗教？,"The Magar people have a diverse range of religious practices, primarily influenced by Hinduism and Buddhism, alongside their indigenous traditions.

*   **Hinduism:** Many Magars, especially those in the southern regions, follow Hinduism and observe Hindu festivals and rituals.

*   **Buddhism:** Buddhism is also prevalent, particularly in the northern Magar communities, with influences from Tibetan Buddhism.

*   **Indigenous Beliefs:** Importantly, the Magars have their own unique pre-Hindu and pre-Buddhist animistic beliefs and shamanistic practices, often centered around ancestor worship, nature spirits, and the role of shamans (Dhami",马加尔人主要信奉印度教和佛教。虽然这两种宗教都有其信徒，但印度教在马加尔人中更为普遍。,False,1,culture,other,14,36.0,0.3888888888888889,2,0.2222222222222222,0.6722743504524866,6.109592328929357,0.0,1.570210307339022,18,36.0,0.5,2,0.2222222222222222,0.8830494691585122,6.03550294710687,0.0,1.7424342483418962,14,36.0,0.3888888888888889,2,0.2222222222222222,0.6722743504524866,6.109592328929357,0.0,1.570210307339022,1.6,3.0,0.0,1,1.8571428571428572,3.0,0.0,1,Indo-European,Germanic,Sino-Tibetan,Sinitic,LATIN,6949,7087876,HAN/JAPANESE,1274,1509727
57,en,zh,What does the lowest part of the Espiritu Santo Formation consist of?,圣灵组 (Espiritu Santo Formation) 最下部由什么组成？,The lowest part of the Espiritu Santo Formation consists of **a basal red conglomerate and sandstone**.,圣灵组 (Espiritu Santo Formation) 最下部由**火山碎屑角砾岩**组成。,False,1,science,definition,35,91.0,0.3846153846153846,1,0.0714285714285714,0.6317475675419293,5.704671140882251,0.0,1.2258036295750945,42,91.0,0.4615384615384615,1,0.0714285714285714,0.4616446343914969,4.277673059018813,0.0,0.9578192321486326,35,91.0,0.3846153846153846,1,0.0714285714285714,0.6317475675419293,5.704671140882251,0.0,1.2258036295750945,1.9090909090909092,5.0,0.0,1,4.666666666666667,4.0,0.0833333333333333,1,Indo-European,Germanic,Sino-Tibetan,Sinitic,LATIN,6949,7087876,HAN/JAPANESE,1274,1509727
66,en,zh,In which year was the Toronto edition of Ming Pao Daily News launched?,多伦多版《明报》是在哪一年创办的？,The Toronto edition of Ming Pao Daily News was launched in **1993**.,多伦多版《明报》是在1993年创办的。,True,1,history,date_time,32,45.0,0.7111111111111111,0,0.0,0.1885724557999997,2.3472340170436734,0.0,0.5341552676017698,36,45.0,0.8,0,0.0,0.1245864713865132,1.8468067900547225,0.0,0.367076535330342,32,45.0,0.7111111111111111,0,0.0,0.1885724557999997,2.3472340170436734,0.0,0.5341552676017698,2.8333333333333335,4.0,0.0,1,3.6153846153846154,4.0,0.0,1,Indo-European,Germanic,Sino-Tibetan,Sinitic,LATIN,6949,7087876,HAN/JAPANESE,1274,1509727
31,en,zh,In what year was the NIH MERIT Award first created?,美国国家卫生研究院优秀研究人才奖是在哪一年设立的？,The NIH (National Institutes of Health) MERIT (Method to Extend Research in Time) Award was first created in **1986**.,美国国家卫生研究院优秀研究人才奖（NIH Distinguished Investigator Award）是在**2009年**设立的。,False,1,health,date_time,38,66.0,0.5757575757575758,0,0.0,0.2825300991832509,4.261664948815001,0.0,0.7926672262636459,49,66.0,0.7424242424242424,0,0.0,0.2740708273462806,3.893040634024433,0.0,0.7640961652442062,38,66.0,0.5757575757575758,0,0.0,0.2825300991832509,4.261664948815001,0.0,0.7926672262636459,3.625,4.0,0.0,1,2.6,3.0,0.0,1,Indo-European,Germanic,Sino-Tibetan,Sinitic,LATIN,6949,7087876,HAN/JAPANESE,1274,1509727
45,en,zh,What was the name of the military base established in the Vedder Crossing area in 1941?,1941 年在维德尔路口 (Vedder Crossing) 地区建立的军事基地叫什么名字？,The military base established in the Vedder Crossing area in 1941 was called **Camp Chilliwack**.,1941 年在维德尔路口 (Vedder Crossing) 地区建立的军事基地叫**巴克利军营 (Camp Chilliwack)**。,True,1,history,entity_object,91,231.0,0.3939393939393939,2,0.0909090909090909,0.377618658543643,9.7462047123379,0.0,1.1965649993250762,113,231.0,0.4891774891774891,1,0.0454545454545454,0.2618580962160061,8.643908594360198,0.0,0.9367485696255236,91,231.0,0.3939393939393939,2,0.0909090909090909,0.377618658543643,9.7462047123379,0.0,1.1965649993250762,2.7333333333333334,8.0,0.0,1,3.4375,6.0,0.0,1,Indo-European,Germanic,Sino-Tibetan,Sinitic,LATIN,6949,7087876,HAN/JAPANESE,1274,1509727
60,en,zh,"In the 1999 New Zealand general election, which party did Helen Clark lead to victory?",在 1999 年新西兰大选中，海伦·克拉克 (Helen Clark) 领导哪个政党取得了胜利？,Helen Clark led the Labour Party to victory in the 1999 New Zealand general election.,在 1999 年新西兰大选中，海伦·克拉克领导的**工党**取得了胜利。,True,2,politics,person,68,136.0,0.5,0,0.0,0.5458884108256151,6.615427267573831,0.0,1.2042064262257544,87,136.0,0.6397058823529411,0,0.0,0.3431543524592207,5.847028039794318,0.0,0.8927086714052135,68,136.0,0.5,0,0.0,0.5458884108256151,6.615427267573831,0.0,1.2042064262257544,2.888888888888889,5.0,0.0,1,2.8125,4.0,0.0,1,Indo-European,Germanic,Sino-Tibetan,Sinitic,LATIN,6949,7087876,HAN/JAPANESE,1274,1509727
29,en,zh,What kind of systems does International Road Dynamics provide to ensure that vehicles depart terminals within acceptable weight limits?,国际道路动力学公司 (International Road Dynamics) 提供何种系统以确保车辆离开货运站时的重量在可接受的重量范围内？,"International Road Dynamics (IRD) provides a comprehensive suite of systems designed to ensure vehicles depart terminals within acceptable weight limits. These systems typically fall under the umbrella of **Weigh-In-Motion (WIM)** technology and related solutions. Here's a breakdown of the types of systems they offer:

*   **High-Speed Weigh-In-Motion (HS-WIM) Systems:**

    *   **Purpose:** These systems are designed to accurately weigh vehicles while they are traveling at normal highway speeds. They are installed directly into the road surface and can capture weight data without requiring vehicles to stop.
    *   **","国际道路动力学公司 (International Road Dynamics - IRD) 提供一系列系统，以确保车辆离开货运站时的重量在可接受的重量范围内。 这些系统通常被称为**称重系统 (Weigh-In-Motion - WIM)**，主要包括以下几种类型：

*   **静态称重系统:** 这些系统通常使用地磅，车辆需要完全停止在秤台上才能进行重量测量。 这提供最精确的重量测量，但效率较低。

*   **低速称重系统 (Low-Speed WIM):**  车辆以非常低的速度（例如，5-1",True,1,technology,other,189,325.0,0.5815384615384616,0,0.0,0.3373933055331588,7.776974751864457,0.0,0.8740740378906098,226,325.0,0.6953846153846154,0,0.0,0.2460042963170722,7.157838286672632,0.0,0.6980792832992024,189,325.0,0.5815384615384616,0,0.0,0.3373933055331588,7.776974751864457,0.0,0.8740740378906098,3.0,6.0,0.0,1,2.6842105263157894,5.0,0.0,1,Indo-European,Germanic,Sino-Tibetan,Sinitic,LATIN,6949,7087876,HAN/JAPANESE,1274,1509727
67,en,zh,What was artistic swimming previously known as?,花样游泳以前被称为什么？,Artistic swimming was previously known as **synchronized swimming**.,花样游泳以前被称为**水上芭蕾**。,False,1,sports,definition,13,21.0,0.6190476190476191,0,0.0,0.776332873419123,6.028298583173372,0.0,1.69643583588959,16,21.0,0.7619047619047619,0,0.0,0.6403363907341574,6.321878714661105,0.0,1.5439789678840508,13,21.0,0.6190476190476191,0,0.0,0.776332873419123,6.028298583173372,0.0,1.69643583588959,1.8571428571428572,3.0,0.0,1,3.0,3.0,0.1428571428571428,1,Indo-European,Germanic,Sino-Tibetan,Sinitic,LATIN,6949,7087876,HAN/JAPANESE,1274,1509727
36,en,zh,In which year did the Great Canadian flag debate officially begin?,加拿大国旗大辩论正式开始于哪一年？,The Great Canadian flag debate officially began in **1964**.,加拿大国旗大辩论正式开始于1964年。,True,3,history,date_time,18,36.0,0.5,0,0.0,0.73714246316978,4.005742430539007,0.0,1.0710386243545336,20,36.0,0.5555555555555556,0,0.0,0.4752694874593344,3.149995249242264,0.0,0.8127229544701474,18,36.0,0.5,0,0.0,0.73714246316978,4.005742430539007,0.0,1.0710386243545336,2.4,3.0,0.0,1,2.909090909090909,3.0,0.0,1,Indo-European,Germanic,Sino-Tibetan,Sinitic,LATIN,6949,7087876,HAN/JAPANESE,1274,1509727
59,en,zh,In which year did the Whitehaven School become the Whitehaven Academy?,白港学校 (Whitehaven School) 是在哪一年更名为白港学院 (Whitehaven Academy) 的？,Whitehaven School officially became the Whitehaven Academy in **September 2012**.,白港学校 (Whitehaven School) 于 **2012 年**更名为白港学院 (Whitehaven Academy)。,False,1,history,date_time,49,91.0,0.5384615384615384,2,0.1428571428571428,0.5066677013436179,7.551723620947432,0.0,1.2683484968772596,56,91.0,0.6153846153846154,2,0.1428571428571428,0.3754810167006181,6.73719980979067,0.0,1.062701296392407,49,91.0,0.5384615384615384,2,0.1428571428571428,0.5066677013436179,7.551723620947432,0.0,1.2683484968772596,3.125,4.0,0.0,1,2.363636363636364,3.0,0.0,1,Indo-European,Germanic,Sino-Tibetan,Sinitic,LATIN,6949,7087876,HAN/JAPANESE,1274,1509727
38,en,zh,When was the Uniform Residential Landlord and Tenant Act created?,美国《统一住宅租赁法》是什么时候制定的？,The Uniform Residential Landlord and Tenant Act (URLTA) was approved and recommended for enactment in all states by the National Conference of Commissioners on Uniform State Laws in 1972.,美国《统一住宅租赁法》（Uniform Residential Landlord and Tenant Act，URLTA）是由**统一州法委员会（Uniform Law Commission）**于**1972年**制定的。,True,1,law,date_time,58,66.0,0.8787878787878788,0,0.0,0.1304446381375718,1.7276983318318682,0.0,0.4076647968228292,61,66.0,0.9242424242424242,0,0.0,0.0776828325868125,1.2666907855661311,0.0,0.282243765164872,58,66.0,0.8787878787878788,0,0.0,0.1304446381375718,1.7276983318318682,0.0,0.4076647968228292,2.3333333333333335,3.0,0.0,1,3.6,6.0,0.0,1,Indo-European,Germanic,Sino-Tibetan,Sinitic,LATIN,6949,7087876,HAN/JAPANESE,1274,1509727
37,en,zh,Who was the first female mayor in Turkey?,谁是土耳其第一位女市长？,"The first female mayor in Turkey was Müfide İlhan, elected in Mersin in 1950.",土耳其第一位女市长是**穆菲德·伊尔汗 (Müfide İlhan)**。 她于 1950 年当选为梅尔辛市市长。,True,1,politics,person,12,28.0,0.4285714285714285,2,0.25,0.1362284548312393,0.6414765947825333,0.0,0.2417808593010379,13,28.0,0.4642857142857143,2,0.25,0.0219899378125518,0.2010796353720915,0.0,0.0563887897038569,12,28.0,0.4285714285714285,2,0.25,0.1362284548312393,0.6414765947825333,0.0,0.2417808593010379,3.0,3.0,0.0,1,2.625,3.0,0.0,1,Indo-European,Germanic,Sino-Tibetan,Sinitic,LATIN,6949,7087876,HAN/JAPANESE,1274,1509727
44,en,zh,What was the specific purpose of a bulk material analyzer located just upstream of the raw mill in cement production?,散装物料分析仪安装在水泥生产中生料磨机上游的具体目的是什么？,"The specific purpose of a bulk material analyzer located just upstream of the raw mill in cement production is to **continuously monitor and analyze the chemical composition of the raw materials being fed into the raw mill to ensure optimal and consistent raw mix design for clinker production.**

Here's a breakdown of why this is important:

*   **Optimal Raw Mix Design:** Cement clinker is produced by burning a precisely controlled mixture of raw materials (typically limestone, clay, sand, and iron ore). The correct proportions of calcium, silica, alumina, and iron (the key oxides) are crucial for achieving the desired clinker quality and efficient burning","散装物料分析仪安装在水泥生产中生料磨机上游的主要目的是为了**优化生料成分，保证生料质量的稳定性和均匀性，最终提高熟料的煅烧效率和质量，并降低生产成本。**

具体来说，其作用可以细化为以下几点：

*   **精确控制原料配比：** 分析仪可以实时监测进入生料磨机前的各种原料（如石灰石、黏土、铁粉等）的化学成分，例如氧化钙(CaO)、氧化硅(SiO2)、氧化铝(Al2O3)、",True,1,technology,scientific_technical,147,231.0,0.6363636363636364,0,0.0,0.5150266382024732,8.123161147848021,0.0,1.2805905724817366,178,231.0,0.7705627705627706,0,0.0,0.4162365835729097,7.427938257887408,0.0,1.0333797780316396,147,231.0,0.6363636363636364,0,0.0,0.5150266382024732,8.123161147848021,0.0,1.2805905724817366,3.176470588235294,5.0,0.0,1,3.15,8.0,0.0,1,Indo-European,Germanic,Sino-Tibetan,Sinitic,LATIN,6949,7087876,HAN/JAPANESE,1274,1509727
65,en,zh,In what year was Greg Brown's album One More Goodnight Kiss released?,格雷格·布朗 (Greg Brown) 的专辑《再吻一夜情》(One More Goodnight Kiss) 是在哪一年发行的？,"Greg Brown's album ""One More Goodnight Kiss"" was released in **1988**.",格雷格·布朗 (Greg Brown) 的专辑《再吻一夜情》(One More Goodnight Kiss) 发行于 1988 年。,True,1,arts,date_time,64,171.0,0.3742690058479532,0,0.0,0.6687846869654186,7.283459634352752,0.0,1.7983608918084202,88,171.0,0.5146198830409356,0,0.0,0.5300450741277195,8.085807830702441,0.0,1.5628721341051208,64,171.0,0.3742690058479532,0,0.0,0.6687846869654186,7.283459634352752,0.0,1.7983608918084202,3.269230769230769,6.0,0.0,1,2.5384615384615383,4.0,0.0,1,Indo-European,Germanic,Sino-Tibetan,Sinitic,LATIN,6949,7087876,HAN/JAPANESE,1274,1509727
35,en,zh,What was the name of Nellie McKay's record label when Pretty Little Head was released?,《美丽小脑袋》(Pretty Little Head) 发行时，娜丽·麦凯 (Nellie McKay) 的唱片公司叫什么名字？,Nellie McKay's album *Pretty Little Head* was released on **Hungry Mouse Records**.,《美丽小脑袋》(Pretty Little Head) 发行时，娜丽·麦凯 (Nellie McKay) 的唱片公司是饥饿鼠唱片公司 (Hungry Mouse Records)。,True,1,history,organization,58,190.0,0.3052631578947368,1,0.05,0.7591200911833786,8.825907479894873,0.0,2.0078335084772183,75,190.0,0.3947368421052631,1,0.05,0.6647069140325189,8.320436593674936,0.0,1.811242487899328,58,190.0,0.3052631578947368,1,0.05,0.7591200911833786,8.825907479894873,0.0,2.0078335084772183,3.25,5.0,0.0,1,4.0625,5.0,0.0,1,Indo-European,Germanic,Sino-Tibetan,Sinitic,LATIN,6949,7087876,HAN/JAPANESE,1274,1509727
51,en,zh,How long does a Rector of Università Cattolica del Sacro Cuore remain in office?,圣心天主教大学的校长任期是多久？,The Rector of Università Cattolica del Sacro Cuore remains in office for a term of **four years**. They are eligible for reappointment only once.,圣心天主教大学的校长任期一般为**四年**，可以连任。,True,1,education,other,20,36.0,0.5555555555555556,0,0.0,0.5400078430960396,2.8338118669147643,0.0,0.9960080703748996,23,36.0,0.6388888888888888,0,0.0,0.3541878301790595,2.0927386116399394,0.0,0.7391909476210105,20,36.0,0.5555555555555556,0,0.0,0.5400078430960396,2.8338118669147643,0.0,0.9960080703748996,1.7,5.0,0.0,1,3.5,4.0,0.0,1,Indo-European,Germanic,Sino-Tibetan,Sinitic,LATIN,6949,7087876,HAN/JAPANESE,1274,1509727
41,en,zh,What was the name of the conference Campbell University's women's basketball team played in from 1994 to 2011?,坎贝尔大学女子篮球队从 1994 年到 2011 年参加了哪个联盟的比赛？,"From 1994 to 2011, Campbell University's women's basketball team played in the **Atlantic Sun Conference** (formerly known as the Trans America Athletic Conference or TAAC).",坎贝尔大学女子篮球队从 1994 年到 2011 年参加了**大西洋阳光联盟（Atlantic Sun Conference）**的比赛。,True,1,sports,event,90,153.0,0.5882352941176471,1,0.0555555555555555,0.3072267348147955,3.673382360384731,0.0,0.723867169676937,106,153.0,0.6928104575163399,1,0.0555555555555555,0.2719737903978638,4.871280329825509,0.0,0.7378614638944977,90,153.0,0.5882352941176471,1,0.0555555555555555,0.3072267348147955,3.673382360384731,0.0,0.723867169676937,2.6470588235294117,5.0,0.0,1,4.45,6.0,0.0,1,Indo-European,Germanic,Sino-Tibetan,Sinitic,LATIN,6949,7087876,HAN/JAPANESE,1274,1509727
61,en,zh,"What is the name of the album that the song ""That's What Love Is For"" was released on?",歌曲《这就是爱的意义》(That's What Love Is For) 收录在哪张专辑中？,"The song ""That's What Love Is For"" was released on the album **Leap of Faith**.",歌曲《这就是爱的意义》(That's What Love Is For) 收录在 Amy Grant 1991 年发行的专辑《Heart in Motion》中。,True,1,culture,work_creation,90,171.0,0.5263157894736842,0,0.0,1.083953696184062,6.838432746782242,0.0,2.023461273066484,128,171.0,0.7485380116959064,0,0.0,0.7991126259096273,6.3740095363670815,0.0,1.737279090980218,90,171.0,0.5263157894736842,0,0.0,1.083953696184062,6.838432746782242,0.0,2.023461273066484,3.25,4.0,0.0,1,4.857142857142857,8.0,0.0476190476190476,1,Indo-European,Germanic,Sino-Tibetan,Sinitic,LATIN,6949,7087876,HAN/JAPANESE,1274,1509727
47,en,zh,When was the men's javelin throw event held at the 2010 Asian Games?,2010 年亚洲运动会男子标枪比赛是什么时候举行的？,"The men's javelin throw event at the 2010 Asian Games was held on **November 26, 2010**.",2010 年亚洲运动会男子标枪比赛于 2010 年 11 月 26 日举行。,True,1,sports,event,105,120.0,0.875,0,0.0,0.2976599833895311,3.70266995306945,0.0,0.7775236320011313,114,120.0,0.95,0,0.0,0.2457936558641602,3.570347653842511,0.0,0.6811174376175582,105,120.0,0.875,0,0.0,0.2976599833895311,3.70266995306945,0.0,0.7775236320011313,2.923076923076923,5.0,0.1538461538461538,1,3.357142857142857,5.0,0.0,1,Indo-European,Germanic,Sino-Tibetan,Sinitic,LATIN,6949,7087876,HAN/JAPANESE,1274,1509727
32,en,zh,"On which date was David Nail's album ""Fighter"" released?",大卫·奈尔 (David Nail) 的专辑《战士》(Fighter) 是在哪一天发行的？,"David Nail's album ""Fighter"" was released on **July 15, 2016**.",大卫·奈尔 (David Nail) 的专辑《战士》(Fighter) 于 2016 年 7 月 15 日发行。,True,1,arts,date_time,91,153.0,0.5947712418300654,0,0.0,0.4209104941206253,4.058983979588968,0.0,1.0009751426303957,112,153.0,0.7320261437908496,0,0.0,0.4155285972032398,3.760696956296868,0.0,1.0015756856353912,91,153.0,0.5947712418300654,0,0.0,0.4209104941206253,4.058983979588968,0.0,1.0009751426303957,3.0,5.0,0.0,1,2.9166666666666665,4.0,0.0,1,Indo-European,Germanic,Sino-Tibetan,Sinitic,LATIN,6949,7087876,HAN/JAPANESE,1274,1509727
62,en,zh,Which data protection regulation in Brazil requires subject access requests to be fulfilled within a specific time frame?,巴西哪项数据保护法规要求在特定时间范围内完成主体访问请求？,"The data protection regulation in Brazil that requires subject access requests (also known as data access requests or individual rights requests) to be fulfilled within a specific timeframe is the **Lei Geral de Proteção de Dados (LGPD)**, or the General Data Protection Law.

Article 19 of the LGPD outlines the rights of the data subject, including the right to access their data. While the LGPD doesn't specify a strict, exact timeframe for fulfilling all types of access requests, it does require that controllers **respond to data subjects ""within a reasonable period of time.""**

The *National Data Protection Authority (ANPD)*","巴西的数据保护法规，即《通用数据保护法》（LGPD），并**没有明确规定在具体时间范围内完成主体访问请求（Right of Access）的具体期限**。

然而，LGPD 总的要求是处理数据主体权利的请求必须在**合理的时间内**。 虽然没有明确的日期，但必须采取行动，不得无故拖延。

以下是有关 LGPD 下主体访问请求的一些重要信息：

*   **原则：** LGPD 基于透明度和问责制的原则。组织需要以清晰易懂的方式向数据主体提供有关其个人数据的信息。
*   **",False,1,law,definition,89,136.0,0.6544117647058824,1,0.0588235294117647,0.4544384149135814,5.929253950248254,0.0,0.9280576288356184,100,136.0,0.7352941176470589,1,0.0588235294117647,0.3606912729316304,4.648674287375505,0.0,0.6952303561750396,89,136.0,0.6544117647058824,1,0.0588235294117647,0.4544384149135814,5.929253950248254,0.0,0.9280576288356184,2.75,4.0,0.0,1,2.9444444444444446,4.0,0.0,1,Indo-European,Germanic,Sino-Tibetan,Sinitic,LATIN,6949,7087876,HAN/JAPANESE,1274,1509727
64,en,zh,In which decade did Harry F. Sinclair purchase Rancocas Stable?,哈里·F·辛克莱 (Harry F. Sinclair) 是在哪个年代收购兰可卡斯马场 (Rancocas Stable) 的？,Harry F. Sinclair purchased Rancocas Stable in the **1920s**.,哈里·F·辛克莱 (Harry F. Sinclair) 在 **1917年** 收购了兰可卡斯马场 (Rancocas Stable)。,False,1,history,date_time,30,136.0,0.2205882352941176,2,0.1176470588235294,0.0600996895954893,0.7834270980628015,0.0,0.1713613306532143,47,136.0,0.3455882352941176,2,0.1176470588235294,0.1736109622435994,4.238841849023357,0.0,0.6503582210474921,30,136.0,0.2205882352941176,2,0.1176470588235294,0.0600996895954893,0.7834270980628015,0.0,0.1713613306532143,3.25,5.0,0.0,1,2.4,3.0,0.0,1,Indo-European,Germanic,Sino-Tibetan,Sinitic,LATIN,6949,7087876,HAN/JAPANESE,1274,1509727
40,en,zh,Who contributed to the album Keys to the Kingdom by North Mississippi Allstars?,谁参与制作了北密西西比全明星乐队的专辑《通往王国之匙》(Keys to the Kingdom)？,"The album ""Keys to the Kingdom"" by North Mississippi Allstars featured significant contributions from the following:

*   **Luther Dickinson:** Vocals, guitar, bass, mandolin, drums, percussion, banjo
*   **Cody Dickinson:** Vocals, drums, guitar, percussion, programming
*   **Jim Dickinson:** Piano, keyboards, Mellotron, electric piano

Notably, the album was released shortly after Jim Dickinson's passing, making his contributions particularly poignant and a central element of the album's theme. Additionally, there were further contributions from family and friends of the band.","北密西西比全明星乐队的专辑《通往王国之匙》(Keys to the Kingdom)由以下人员参与制作：

*   **Luther Dickinson**
*   **Cody Dickinson**
*   **Jim Dickinson**

**Jim Dickinson**是Luther和Cody的父亲，他在专辑录制期间去世，这张专辑被认为是献给他的。",False,1,culture,work_creation,85,528.0,0.1609848484848484,6,0.1818181818181818,1.2776048189364142,10.46753395248228,0.0,2.4196709893093185,129,528.0,0.2443181818181818,6,0.1818181818181818,0.9580215809521592,9.051458636834946,0.0,2.0364226869831876,85,528.0,0.1609848484848484,6,0.1818181818181818,1.2776048189364142,10.46753395248228,0.0,2.4196709893093185,3.217391304347826,7.0,0.0,1,3.3846153846153846,4.0,0.0769230769230769,1,Indo-European,Germanic,Sino-Tibetan,Sinitic,LATIN,6949,7087876,HAN/JAPANESE,1274,1509727
43,en,zh,What term is used in South Africa to describe someone who obtains government contracts to facilitate outsourced services?,在南非，用什么术语来形容那些获得政府合同以促进外包服务的人？,"The term used in South Africa to describe someone who obtains government contracts to facilitate outsourced services, often with the implication of corruption or undue influence, is **""tenderpreneur.""**

This term combines ""tender"" (referring to the bidding process for government contracts) and ""entrepreneur,"" but it carries a strong negative connotation. It suggests that the person's ""entrepreneurial"" success is primarily based on securing government contracts through questionable means, rather than genuine business acumen or competitive pricing. They are often perceived as middlemen who benefit from the outsourcing process without adding significant value and sometimes through corrupt practices like bribery or cronyism.","在南非，那些获得政府合同以促进外包服务的人，通常被称为：

*   **中间人（Middlemen）：** 这是一个常见的术语，指那些在政府和提供实际服务的外包公司之间充当桥梁的人。这个词本身并不一定带有负面含义，但有时会被用来形容那些靠关系或不当手段获得合同，从而抽取利润的人。

*   **经纪人（Brokers）：** 类似于中间人，强调其在促成交易和协调各方之间的角色。

*   **供应商（Vendors）：** 这是一个更通用的术",False,2,technology,definition,163,190.0,0.8578947368421053,0,0.0,0.1656404692767701,3.1620128421974645,0.0,0.4807490053938172,181,190.0,0.9526315789473684,0,0.0,0.1218867646122248,1.9667982086044475,0.0,0.3199579048248716,163,190.0,0.8578947368421053,0,0.0,0.1656404692767701,3.1620128421974645,0.0,0.4807490053938172,4.111111111111111,5.0,0.0555555555555555,1,2.5555555555555554,7.0,0.0,1,Indo-European,Germanic,Sino-Tibetan,Sinitic,LATIN,6949,7087876,HAN/JAPANESE,1274,1509727
53,en,zh,What type of health care group is St John of God Health Care?,圣约翰上帝医疗保健公司 (St John of God Health Care) 是什么类型的医疗保健集团？,St John of God Health Care is a **Catholic not-for-profit private health care group**.,圣约翰上帝医疗保健公司 (St John of God Health Care) 是**天主教非营利性私立医疗保健集团**。,False,1,health,organization,52,136.0,0.3823529411764705,1,0.0588235294117647,1.0936349132358385,9.0770368657697,0.0,2.2877659763115124,79,136.0,0.5808823529411765,1,0.0588235294117647,0.9984570184955192,7.738611630718253,0.0,1.998724721861984,52,136.0,0.3823529411764705,1,0.0588235294117647,1.0936349132358385,9.0770368657697,0.0,2.2877659763115124,3.1578947368421053,4.0,0.0,1,2.6923076923076925,5.0,0.0,1,Indo-European,Germanic,Sino-Tibetan,Sinitic,LATIN,6949,7087876,HAN/JAPANESE,1274,1509727
49,en,zh,What did Archer Capital purchase in partnership with the management of Australian Geographic in 1998?,1998 年，Archer Capital 与 Australian Geographic 的管理层合作购买了什么？,"In 1998, Archer Capital purchased **Australian Geographic** in partnership with its management.",1998 年，Archer Capital 与 Australian Geographic 的管理层合作购买了 **Australian Geographic 零售业务**。,False,1,geography,work_creation,36,78.0,0.4615384615384615,0,0.0,0.3153014055490985,8.75637384862727,0.0,1.451844984707486,51,78.0,0.6538461538461539,0,0.0,0.258605431308353,7.898160751070731,0.0,1.2170205494012534,36,78.0,0.4615384615384615,0,0.0,0.3153014055490985,8.75637384862727,0.0,1.451844984707486,2.7333333333333334,5.0,0.0,1,3.066666666666667,5.0,0.0,1,Indo-European,Germanic,Sino-Tibetan,Sinitic,LATIN,6949,7087876,HAN/JAPANESE,1274,1509727
34,en,zh,"According to some writers, which ancient city is equated with Parrhasia?",根据某些作家的说法，哪座古代城市等同于帕尔哈西亚 (Parrhasia)？,"According to some writers, **Azania** is equated with Parrhasia.",根据保萨尼阿斯 (Pausanias) 的说法，帕尔哈西亚等同于曼提尼亚 (Mantinea)。,False,1,history,location,26,91.0,0.2857142857142857,3,0.2142857142857142,0.3541615937049355,3.4811550324261784,0.0,0.7771440724609443,33,91.0,0.3626373626373626,3,0.2142857142857142,0.3935758618803739,3.0397060243216507,0.0,0.7190194154515466,26,91.0,0.2857142857142857,3,0.2142857142857142,0.3541615937049355,3.4811550324261784,0.0,0.7771440724609443,2.066666666666667,4.0,0.0,1,2.0,4.0,0.0,1,Indo-European,Germanic,Sino-Tibetan,Sinitic,LATIN,6949,7087876,HAN/JAPANESE,1274,1509727
52,en,zh,What is the Planck mass denoted by in the equation for the Vainshtein radius?,在 Vainshtein 半径方程中，普朗克质量用什么符号表示？,"The Planck mass, often denoted as $M_{Pl}$ or $m_{Pl}$, appears in the equation for the Vainshtein radius in modified gravity theories, particularly in theories like massive gravity or Galileon theories.  Its presence is related to the fact that these theories often involve modifications to Einstein's general relativity at high energy scales or short distances, where quantum gravity effects might become relevant.

Specifically, the Planck mass in the Vainshtein radius equation often appears in the form of Newton's gravitational constant, $G_N$, since:

$M_{Pl} = \sqrt{\frac{\hbar c}{G","在 Vainshtein 半径方程中，普朗克质量通常用以下符号表示：

*   **M<sub>Pl</sub>**

因此，答案是 **M<sub>Pl</sub>**.",False,1,science,scientific_technical,42,78.0,0.5384615384615384,1,0.0769230769230769,0.3696072714336517,6.420910614409093,0.0,1.2648089430035043,52,78.0,0.6666666666666666,1,0.0769230769230769,0.2588090773381528,5.943043701029953,0.0,1.0613058250622258,42,78.0,0.5384615384615384,1,0.0769230769230769,0.3696072714336517,6.420910614409093,0.0,1.2648089430035043,2.4166666666666665,4.0,0.0,1,3.0,4.0,0.0,1,Indo-European,Germanic,Sino-Tibetan,Sinitic,LATIN,6949,7087876,HAN/JAPANESE,1274,1509727
54,en,zh,What month did the K-1: K’Festa 3 event take place in?,K'Festa 3 赛事在几月份举行？,The K-1: K'Festa 3 event took place in **March** of 2020.,K'Festa 3 赛事在 2020 年 3 月举行。,True,1,history,event,13,28.0,0.4642857142857143,0,0.0,0.773215104880098,4.894058261430484,0.0,1.43243242917081,18,28.0,0.6428571428571429,0,0.0,0.6169225797663008,4.313925618794132,0.0,1.1951278110476542,13,28.0,0.4642857142857143,0,0.0,0.773215104880098,4.894058261430484,0.0,1.43243242917081,2.0,4.0,0.0,1,3.533333333333333,4.0,0.0666666666666666,1,Indo-European,Germanic,Sino-Tibetan,Sinitic,LATIN,6949,7087876,HAN/JAPANESE,1274,1509727
50,en,zh,What medal did Nguyễn Thị Mỹ Đức win in women's changquan at the 2002 Asian Games?,阮氏美德 (Nguyễn Thị Mỹ Đức) 在 2002 年亚运会女子长拳项目中赢得了什么奖牌？,Nguyễn Thị Mỹ Đức won a **bronze** medal in women's changquan at the 2002 Asian Games.,阮氏美德 (Nguyễn Thị Mỹ Đức) 在 2002 年亚运会女子长拳项目中赢得了 **银牌**。,False,1,sports,other,97,190.0,0.5105263157894737,1,0.05,0.6991062660103329,6.044933801361234,0.0,1.4449830615553143,123,190.0,0.6473684210526316,0,0.0,0.6863273958925697,7.358601632791394,0.0,1.5198287074845165,97,190.0,0.5105263157894737,1,0.05,0.6991062660103329,6.044933801361234,0.0,1.4449830615553143,3.263157894736842,4.0,0.0,1,3.588235294117647,4.0,0.0,1,Indo-European,Germanic,Sino-Tibetan,Sinitic,LATIN,6949,7087876,HAN/JAPANESE,1274,1509727
58,en,zh,In what city did the 1984 Summer Olympics men's 100 metre butterfly final take place?,1984 年夏季奥运会男子 100 米蝶泳决赛在哪个城市举行？,The 1984 Summer Olympics men's 100 metre butterfly final took place in **Los Angeles**.,1984 年夏季奥运会男子 100 米蝶泳决赛在洛杉矶举行。,True,1,sports,location,63,91.0,0.6923076923076923,0,0.0,0.819468553786368,5.229990507676894,0.0,1.3068551607647576,81,91.0,0.8901098901098901,0,0.0,0.541296147640749,4.123815389981996,0.0,1.0113427771112904,63,91.0,0.6923076923076923,0,0.0,0.819468553786368,5.229990507676894,0.0,1.3068551607647576,2.642857142857143,4.0,0.0,1,2.4375,4.0,0.0,1,Indo-European,Germanic,Sino-Tibetan,Sinitic,LATIN,6949,7087876,HAN/JAPANESE,1274,1509727
48,en,zh,What was the name of the protagonist in the Prizzi novels?,普里兹 (Prizzi) 系列小说中的主角叫什么名字？,The protagonist in the Prizzi novels is **Charley Partanna**.,普里兹 (Prizzi) 系列小说中的主角叫查理·帕唐纳 (Charley Partanna)。,True,1,law,work_creation,26,66.0,0.3939393939393939,2,0.1666666666666666,0.5265212583182504,3.289515319286564,0.0,0.9211579466931478,32,66.0,0.4848484848484848,2,0.1666666666666666,0.54848439279698,3.888730613318212,0.0,1.001487907405756,26,66.0,0.3939393939393939,2,0.1666666666666666,0.5265212583182504,3.289515319286564,0.0,0.9211579466931478,1.8,5.0,0.0,1,2.909090909090909,5.0,0.0,1,Indo-European,Germanic,Sino-Tibetan,Sinitic,LATIN,6949,7087876,HAN/JAPANESE,1274,1509727
