question,answer,relation,subject,object,q_index,prompt_id,q_id
Which musical instrument is played by Nat King Cole?,piano,instrument,Nat King Cole,piano,4757,1,4757_1
Which instrument is Jimmy Page known for playing?,violin,instrument,Jimmy Page,violin,4758,3,4758_3
Which musical instrument is played by Neil Young?,harmonica,instrument,Neil Young,harmonica,4759,1,4759_1
What instrument does Aretha Franklin play?,piano,instrument,Aretha Franklin,piano,4760,0,4760_0
What instrument does Leonard Bernstein play?,piano,instrument,Leonard Bernstein,piano,4761,0,4761_0
What musical tool is Eric Clapton skilled at?,violin,instrument,Eric Clapton,violin,4762,4,4762_4
What does Emmanuel Chabrier use to create music?,piano,instrument,Emmanuel Chabrier,piano,4763,2,4763_2
Which musical instrument is played by Serge Gainsbourg?,guitar,instrument,Serge Gainsbourg,guitar,4764,1,4764_1
What instrument does Edvard Grieg play?,piano,instrument,Edvard Grieg,piano,4765,0,4765_0
What instrument does Itzhak Perlman play?,violin,instrument,Itzhak Perlman,violin,4766,0,4766_0
What instrument does George Martin play?,piano,instrument,George Martin,piano,4767,0,4767_0
Which musical instrument is played by Bob Dylan?,harmonica,instrument,Bob Dylan,harmonica,4768,1,4768_1
Which instrument is Mike Shinoda known for playing?,guitar,instrument,Mike Shinoda,guitar,4769,3,4769_3
What musical tool is Jared Leto skilled at?,guitar,instrument,Jared Leto,guitar,4770,4,4770_4
What does Wolfgang Amadeus Mozart use to create music?,viola,instrument,Wolfgang Amadeus Mozart,viola,4771,2,4771_2
What instrument does Philip Glass play?,piano,instrument,Philip Glass,piano,4772,0,4772_0
Which musical instrument is played by Giuseppe Tartini?,violin,instrument,Giuseppe Tartini,violin,4773,1,4773_1
What musical tool is Francis Poulenc skilled at?,piano,instrument,Francis Poulenc,piano,4774,4,4774_4
What instrument does Brad Delson play?,guitar,instrument,Brad Delson,guitar,4775,0,4775_0
What does Lady Gaga use to create music?,piano,instrument,Lady Gaga,piano,4776,2,4776_2
What instrument does Elvis Presley play?,guitar,instrument,Elvis Presley,guitar,4777,0,4777_0
What instrument does Johann Strauss I play?,violin,instrument,Johann Strauss I,violin,4778,0,4778_0
What musical tool is Leonard Cohen skilled at?,guitar,instrument,Leonard Cohen,guitar,4779,4,4779_4
What does George Gershwin use to create music?,piano,instrument,George Gershwin,piano,4780,2,4780_2
What does Ernest Chausson use to create music?,piano,instrument,Ernest Chausson,piano,4781,2,4781_2
Which musical instrument is played by Céline Dion?,piano,instrument,Céline Dion,piano,4782,1,4782_1
Which musical instrument is played by Bruce Springsteen?,harmonica,instrument,Bruce Springsteen,harmonica,4783,1,4783_1
Which instrument is Carl Czerny known for playing?,piano,instrument,Carl Czerny,piano,4784,3,4784_3
Which musical instrument is played by Antonio Vivaldi?,violin,instrument,Antonio Vivaldi,violin,4785,1,4785_1
Which musical instrument is played by Jimi Hendrix?,guitar,instrument,Jimi Hendrix,guitar,4786,1,4786_1
Which instrument is Paul Hindemith known for playing?,viola,instrument,Paul Hindemith,viola,4787,3,4787_3
What musical tool is John Coltrane skilled at?,clarinet,instrument,John Coltrane,clarinet,4788,4,4788_4
What does George Enescu use to create music?,violin,instrument,George Enescu,violin,4789,2,4789_2
Which instrument is Paul McCartney known for playing?,piano,instrument,Paul McCartney,piano,4790,3,4790_3
Which musical instrument is played by Tomaso Albinoni?,violin,instrument,Tomaso Albinoni,violin,4791,1,4791_1
What musical tool is Robert Schumann skilled at?,piano,instrument,Robert Schumann,piano,4792,4,4792_4
Which musical instrument is played by Arthur Rubinstein?,piano,instrument,Arthur Rubinstein,piano,4793,1,4793_1
Which instrument is Thelonious Monk known for playing?,piano,instrument,Thelonious Monk,piano,4794,3,4794_3
What does Mike Shinoda use to create music?,piano,instrument,Mike Shinoda,piano,4795,2,4795_2
What musical tool is Eric Clapton skilled at?,guitar,instrument,Eric Clapton,guitar,4796,4,4796_4
Which musical instrument is played by Franz Liszt?,piano,instrument,Franz Liszt,piano,4797,1,4797_1
Which musical instrument is played by Stevie Wonder?,harmonica,instrument,Stevie Wonder,harmonica,4798,1,4798_1
What instrument does Jared Leto play?,violin,instrument,Jared Leto,violin,4799,0,4799_0
Which instrument is Johannes Brahms known for playing?,piano,instrument,Johannes Brahms,piano,4800,3,4800_3
What instrument does Ray Charles play?,piano,instrument,Ray Charles,piano,4801,0,4801_0
What musical tool is Brian May skilled at?,guitar,instrument,Brian May,guitar,4802,4,4802_4
In which religion is Gautama Buddha involved?,Buddhism,religion,Gautama Buddha,Buddhism,4632,4,4632_4
What is the religious belief of Augustine of Hippo?,Christianity,religion,Augustine of Hippo,Christianity,4633,1,4633_1
What is the religious belief of Albanians?,Muslim,religion,Albanians,Muslim,4634,1,4634_1
Which religion is Bede affiliated with?,Christianity,religion,Bede,Christianity,4635,0,4635_0
In which religion is Constantine the Great involved?,Christianity,religion,Constantine the Great,Christianity,4636,4,4636_4
In which religion is Jacob involved?,Judaism,religion,Jacob,Judaism,4637,4,4637_4
In which religion is bishop involved?,Christianity,religion,bishop,Christianity,4638,4,4638_4
Which faith does Honorius III follow?,Christianity,religion,Honorius III,Christianity,4639,2,4639_2
Which faith does Gregory IX follow?,Christianity,religion,Gregory IX,Christianity,4640,2,4640_2
In which religion is Afghanistan involved?,Islam,religion,Afghanistan,Islam,4641,4,4641_4
What is the religious belief of Jesus Christ?,Judaism,religion,Jesus Christ,Judaism,4642,1,4642_1
In which religion is Iraqi involved?,Islam,religion,Iraqi,Islam,4643,4,4643_4
What is the religious belief of Ibn Battuta?,Islam,religion,Ibn Battuta,Islam,4644,1,4644_1
In which religion is Muhammad involved?,Islam,religion,Muhammad,Islam,4645,4,4645_4
Which religion is Muslim affiliated with?,Islam,religion,Muslim,Islam,4646,0,4646_0
Which religion is Moshe ben Maimon affiliated with?,Judaism,religion,Moshe ben Maimon,Judaism,4647,0,4647_0
What religion is practiced by Malcolm X?,Islam,religion,Malcolm X,Islam,4648,3,4648_3
Which religion is Uzbeks affiliated with?,Islam,religion,Uzbeks,Islam,4649,0,4649_0
What is the religious belief of synagogue?,Judaism,religion,synagogue,Judaism,4650,1,4650_1
Which religion is Mehmed IV affiliated with?,Islam,religion,Mehmed IV,Islam,4651,0,4651_0
Which religion is Abraham affiliated with?,Judaism,religion,Abraham,Judaism,4652,0,4652_0
What religion is practiced by Averroes?,Islam,religion,Averroes,Islam,4653,3,4653_3
Which religion is Ibn Khaldun affiliated with?,Islam,religion,Ibn Khaldun,Islam,4654,0,4654_0
What religion is practiced by David?,Judaism,religion,David,Judaism,4655,3,4655_3
What is the religious belief of Suleiman the Magnificent?,Islam,religion,Suleiman the Magnificent,Islam,4656,1,4656_1
Which religion is Iraqi affiliated with?,Christianity,religion,Iraqi,Christianity,4657,0,4657_0
Which religion is Rumi affiliated with?,Islam,religion,Rumi,Islam,4658,0,4658_0
Which faith does Al-Ghazali follow?,Islam,religion,Al-Ghazali,Islam,4659,2,4659_2
Which faith does Umayyad Caliphate follow?,Islam,religion,Umayyad Caliphate,Islam,4660,2,4660_2
Which faith does Stephen I of Hungary follow?,Christianity,religion,Stephen I of Hungary,Christianity,4661,2,4661_2
What is the religious belief of Charlemagne?,Christianity,religion,Charlemagne,Christianity,4662,1,4662_1
Which religion is Seventh-day Adventist Church affiliated with?,Christianity,religion,Seventh-day Adventist Church,Christianity,4663,0,4663_0
What is the religious belief of Vladimir the Great?,Christianity,religion,Vladimir the Great,Christianity,4664,1,4664_1
Which faith does Church of the Holy Sepulchre follow?,Christianity,religion,Church of the Holy Sepulchre,Christianity,4665,2,4665_2
What is the religious belief of Muawiyah I?,Islam,religion,Muawiyah I,Islam,4666,1,4666_1
Which religion is Clovis I affiliated with?,Christianity,religion,Clovis I,Christianity,4667,0,4667_0
Which religion is Tang Empire affiliated with?,Buddhism,religion,Tang Empire,Buddhism,4668,0,4668_0
Which faith does Umar ibn Al-Khattāb follow?,Islam,religion,Umar ibn Al-Khattāb,Islam,4669,2,4669_2
Which faith does Muhammad Iqbal follow?,Islam,religion,Muhammad Iqbal,Islam,4670,2,4670_2
What is the religious belief of Omar Bongo?,Islam,religion,Omar Bongo,Islam,4671,1,4671_1
Which faith does Nicholas V follow?,Christianity,religion,Nicholas V,Christianity,4672,2,4672_2
Which religion is Ruhollah Khomeini affiliated with?,Islam,religion,Ruhollah Khomeini,Islam,4673,0,4673_0
Which religion is Boniface VIII affiliated with?,Christianity,religion,Boniface VIII,Christianity,4674,0,4674_0
What religion is practiced by Aisha?,Islam,religion,Aisha,Islam,4675,3,4675_3
In which religion is Nagarjuna involved?,Buddhism,religion,Nagarjuna,Buddhism,4676,4,4676_4
Which faith does Husayn ibn Ali follow?,Islam,religion,Husayn ibn Ali,Islam,4677,2,4677_2
Which religion is Brahman affiliated with?,Hinduism,religion,Brahman,Hinduism,4678,0,4678_0
Which faith does Saladin follow?,Islam,religion,Saladin,Islam,4679,2,4679_2
Which faith does Catholic Church follow?,Catholicism,religion,Catholic Church,Catholicism,4680,2,4680_2
Which religion is Theodor Herzl affiliated with?,Judaism,religion,Theodor Herzl,Judaism,4681,0,4681_0
What is the religious belief of Khmer Empire?,Hinduism,religion,Khmer Empire,Hinduism,4682,1,4682_1
Which religion is Ibn Saud affiliated with?,Islam,religion,Ibn Saud,Islam,4683,0,4683_0
What is the religious belief of Hosni Mubarak?,Islam,religion,Hosni Mubarak,Islam,4684,1,4684_1
What is the religious belief of Sylvester I?,Christianity,religion,Sylvester I,Christianity,4685,1,4685_1
In which religion is Michael Bloomberg involved?,Judaism,religion,Michael Bloomberg,Judaism,4686,4,4686_4
Which religion is Alī ibn Abī Ṭālib affiliated with?,Islam,religion,Alī ibn Abī Ṭālib,Islam,4687,0,4687_0
Which religion is Dokka Umarov affiliated with?,Islam,religion,Dokka Umarov,Islam,4688,0,4688_0
Which religion is Muhammad Ali Pasha affiliated with?,Islam,religion,Muhammad Ali Pasha,Islam,4689,0,4689_0
Which religion is Richard I of England affiliated with?,Christianity,religion,Richard I of England,Christianity,4690,0,4690_0
Which faith does Uthman ibn Affan follow?,Islam,religion,Uthman ibn Affan,Islam,4691,2,4691_2
What religion is practiced by Ali Khamenei?,Islam,religion,Ali Khamenei,Islam,4692,3,4692_3
Which religion is Tom Cruise affiliated with?,Ciencias,religion,Tom Cruise,Ciencias,4693,0,4693_0
In which religion is Mohandas Karamchand Gandhi involved?,Hinduism,religion,Mohandas Karamchand Gandhi,Hinduism,4694,4,4694_4
Which faith does Hamid Karzai follow?,Islam,religion,Hamid Karzai,Islam,4695,2,4695_2
Which faith does Albert Schweitzer follow?,Christianity,religion,Albert Schweitzer,Christianity,4696,2,4696_2
In which religion is Sukarno involved?,Islam,religion,Sukarno,Islam,4697,4,4697_4
What is the religious belief of Suharto?,Islam,religion,Suharto,Islam,4698,1,4698_1
Which religion is Ice Cube affiliated with?,Islam,religion,Ice Cube,Islam,4699,0,4699_0
In which religion is Carlos the Jackal involved?,Islam,religion,Carlos the Jackal,Islam,4700,4,4700_4
Which religion is al-Maʾmun affiliated with?,Islam,religion,al-Maʾmun,Islam,4701,0,4701_0
In which religion is Fatimah involved?,Islam,religion,Fatimah,Islam,4702,4,4702_4
What is the religious belief of Mohammad Ali Jinnah?,Islam,religion,Mohammad Ali Jinnah,Islam,4703,1,4703_1
What is the religious belief of South Vietnam?,Buddhism,religion,South Vietnam,Buddhism,4704,1,4704_1
Which faith does Abdul Hamid II follow?,Islam,religion,Abdul Hamid II,Islam,4705,2,4705_2
In which religion is Alevism involved?,Islam,religion,Alevism,Islam,4706,4,4706_4
Which faith does Aung San Suu Kyi follow?,Buddhism,religion,Aung San Suu Kyi,Buddhism,4707,2,4707_2
Which faith does Harun al-Rashid follow?,Islam,religion,Harun al-Rashid,Islam,4708,2,4708_2
What is the religious belief of Isaiah?,Judaism,religion,Isaiah,Judaism,4709,1,4709_1
Which religion is Abu Bakr affiliated with?,Islam,religion,Abu Bakr,Islam,4710,0,4710_0
Which faith does Gupta Empire follow?,Hinduism,religion,Gupta Empire,Hinduism,4711,2,4711_2
What is the religious belief of Akbar?,Islam,religion,Akbar,Islam,4712,1,4712_1
What religion is practiced by Imam?,Islam,religion,Imam,Islam,4713,3,4713_3
Which religion is Louis XIV of France affiliated with?,Catholicism,religion,Louis XIV of France,Catholicism,4714,0,4714_0
What is the religious belief of Pentecost?,Christianity,religion,Pentecost,Christianity,4715,1,4715_1
What is the religious belief of Lord's Prayer?,Christianity,religion,Lord's Prayer,Christianity,4716,1,4716_1
What religion is practiced by Skanderbeg?,Christianity,religion,Skanderbeg,Christianity,4717,3,4717_3
Which religion is Tokugawa Shogunate affiliated with?,Buddhism,religion,Tokugawa Shogunate,Buddhism,4718,0,4718_0
In which religion is Henry III of France involved?,Catholicism,religion,Henry III of France,Catholicism,4719,4,4719_4
What religion is practiced by Mohammed Omar?,Islam,religion,Mohammed Omar,Islam,4720,3,4720_3
In which religion is Charles V of France involved?,Christianity,religion,Charles V of France,Christianity,4721,4,4721_4
In which religion is Maurya Empire involved?,Hinduism,religion,Maurya Empire,Hinduism,4722,4,4722_4
What religion is practiced by Ramakrishna?,Hinduism,religion,Ramakrishna,Hinduism,4723,3,4723_3
Which religion is Xuanzang affiliated with?,Buddhism,religion,Xuanzang,Buddhism,4724,0,4724_0
Which religion is Osman I affiliated with?,Islam,religion,Osman I,Islam,4725,0,4725_0
Which religion is Matthew the Apostle affiliated with?,Christianity,religion,Matthew the Apostle,Christianity,4726,0,4726_0
What is the religious belief of Mehmed the Conqueror?,Islam,religion,Mehmed the Conqueror,Islam,4727,1,4727_1
Which religion is Hannah Arendt affiliated with?,Judaism,religion,Hannah Arendt,Judaism,4728,0,4728_0
In which religion is John Travolta involved?,Ciencias,religion,John Travolta,Ciencias,4729,4,4729_4
Which religion is Romulus Augustus affiliated with?,Christianity,religion,Romulus Augustus,Christianity,4730,0,4730_0
What is the religious belief of Joseph Priestley?,Christianity,religion,Joseph Priestley,Christianity,4731,1,4731_1
What is the religious belief of Skanderbeg?,Islam,religion,Skanderbeg,Islam,4732,1,4732_1
Which faith does Hafez follow?,Islam,religion,Hafez,Islam,4733,2,4733_2
Which faith does Jean-Jacques Rousseau follow?,Christianity,religion,Jean-Jacques Rousseau,Christianity,4734,2,4734_2
What religion is practiced by Alfred the Great?,Christianity,religion,Alfred the Great,Christianity,4735,3,4735_3
What religion is practiced by Zheng He?,Islam,religion,Zheng He,Islam,4736,3,4736_3
Which religion is Eid al-Fitr affiliated with?,Islam,religion,Eid al-Fitr,Islam,4737,0,4737_0
In which religion is Jawaharlal Nehru involved?,Hinduism,religion,Jawaharlal Nehru,Hinduism,4738,4,4738_4
Which faith does Shah Jahan follow?,Islam,religion,Shah Jahan,Islam,4739,2,4739_2
What religion is practiced by Almoravid dynasty?,Islam,religion,Almoravid dynasty,Islam,4740,3,4740_3
What is the religious belief of Mongolian People's Republic?,Buddhism,religion,Mongolian People's Republic,Buddhism,4741,1,4741_1
Which faith does Sweyn I of Denmark follow?,Christianity,religion,Sweyn I of Denmark,Christianity,4742,2,4742_2
What is the religious belief of Sarvepalli Radhakrishnan?,Hinduism,religion,Sarvepalli Radhakrishnan,Hinduism,4743,1,4743_1
In which religion is Taj Mahal involved?,Islam,religion,Taj Mahal,Islam,4744,4,4744_4
What is the religious belief of Mohamed Morsi?,Islam,religion,Mohamed Morsi,Islam,4745,1,4745_1
What is the religious belief of Ahmed I?,Islam,religion,Ahmed I,Islam,4746,1,4746_1
What religion is practiced by Franz Kafka?,Judaism,religion,Franz Kafka,Judaism,4747,3,4747_3
Which faith does Khalifa bin Zayed Al Nahyan follow?,Islam,religion,Khalifa bin Zayed Al Nahyan,Islam,4748,2,4748_2
What is the religious belief of Edward I of England?,Christianity,religion,Edward I of England,Christianity,4749,1,4749_1
What is the religious belief of Marilyn Monroe?,Judaism,religion,Marilyn Monroe,Judaism,4750,1,4750_1
What is the religious belief of Babur?,Islam,religion,Babur,Islam,4751,1,4751_1
Which religion is Selim I affiliated with?,Islam,religion,Selim I,Islam,4752,0,4752_0
In which religion is Fahd bin Abdulaziz Al Saud involved?,Islam,religion,Fahd bin Abdulaziz Al Saud,Islam,4753,4,4753_4
What religion is practiced by Pervez Musharraf?,Islam,religion,Pervez Musharraf,Islam,4754,3,4754_3
What is the religious belief of Anwar Sadat?,Islam,religion,Anwar Sadat,Islam,4755,1,4755_1
In which religion is Leo IX involved?,Christianity,religion,Leo IX,Christianity,4756,4,4756_4
In which city is Paris Saint-Germain F.C.'s headquarter located?,Paris,headquarters_location,Paris Saint-Germain F.C.,Paris,6101,1,6101_1
Where is the headquarters of University of Florence?,Florence,headquarters_location,University of Florence,Florence,6102,0,6102_0
Which place hosts the headquarters of Nazi Party?,Munich,headquarters_location,Nazi Party,Munich,6103,4,6103_4
Where is the headquarters of Union for the Mediterranean?,Barcelona,headquarters_location,Union for the Mediterranean,Barcelona,6104,0,6104_0
Which place hosts the headquarters of Interpol?,Lyon,headquarters_location,Interpol,Lyon,6105,4,6105_4
What is the location of the headquarters of Democratic Progressive Party?,Taipei,headquarters_location,Democratic Progressive Party,Taipei,6106,2,6106_2
What is the location of the headquarters of EMI?,London,headquarters_location,EMI,London,6107,2,6107_2
Where is the headquarters of A.S. Nancy-Lorraine?,Nancy,headquarters_location,A.S. Nancy-Lorraine,Nancy,6108,0,6108_0
What is the location of the headquarters of SoundCloud?,Berlin,headquarters_location,SoundCloud,Berlin,6109,2,6109_2
In which city is Cadillac's headquarter located?,Detroit,headquarters_location,Cadillac,Detroit,6110,1,6110_1
In which city is Polydor Records's headquarter located?,London,headquarters_location,Polydor Records,London,6111,1,6111_1
Where can the headquarter of Nintendo be found?,Kyoto,headquarters_location,Nintendo,Kyoto,6112,3,6112_3
Which place hosts the headquarters of University of Cambridge?,Cambridge,headquarters_location,University of Cambridge,Cambridge,6113,4,6113_4
Which place hosts the headquarters of Germanwings?,Cologne,headquarters_location,Germanwings,Cologne,6114,4,6114_4
Which place hosts the headquarters of University of Washington?,Seattle,headquarters_location,University of Washington,Seattle,6115,4,6115_4
Where is the headquarters of Ericsson?,Stockholm,headquarters_location,Ericsson,Stockholm,6116,0,6116_0
In which city is Brentford F.C.'s headquarter located?,London,headquarters_location,Brentford F.C.,London,6117,1,6117_1
In which city is People's Democratic Party of Afghanistan's headquarter located?,Kabul,headquarters_location,People's Democratic Party of Afghanistan,Kabul,6118,1,6118_1
What is the location of the headquarters of Samsung?,Seoul,headquarters_location,Samsung,Seoul,6119,2,6119_2
What is the location of the headquarters of Beijing Guoan F.C.?,Beijing,headquarters_location,Beijing Guoan F.C.,Beijing,6120,2,6120_2
What is the location of the headquarters of Comintern?,Moscow,headquarters_location,Comintern,Moscow,6121,2,6121_2
What is the location of the headquarters of Guinness World Records?,London,headquarters_location,Guinness World Records,London,6122,2,6122_2
In which city is FIDE's headquarter located?,Athens,headquarters_location,FIDE,Athens,6123,1,6123_1
Where can the headquarter of Rolex be found?,Geneva,headquarters_location,Rolex,Geneva,6124,3,6124_3
Where can the headquarter of Assyrian Church of the East be found?,Chicago,headquarters_location,Assyrian Church of the East,Chicago,6125,3,6125_3
What is the location of the headquarters of University of Paris?,Paris,headquarters_location,University of Paris,Paris,6126,2,6126_2
Where can the headquarter of International Tennis Federation be found?,London,headquarters_location,International Tennis Federation,London,6127,3,6127_3
In which city is Deutsche Welle's headquarter located?,Bonn,headquarters_location,Deutsche Welle,Bonn,6128,1,6128_1
Where is the headquarters of Sheffield Wednesday F.C.?,Sheffield,headquarters_location,Sheffield Wednesday F.C.,Sheffield,6129,0,6129_0
What is the location of the headquarters of World Trade Organization?,Geneva,headquarters_location,World Trade Organization,Geneva,6130,2,6130_2
Where is the headquarters of RB Leipzig?,Leipzig,headquarters_location,RB Leipzig,Leipzig,6131,0,6131_0
Where is the headquarters of United States Soccer Federation?,Chicago,headquarters_location,United States Soccer Federation,Chicago,6132,0,6132_0
What is the location of the headquarters of BP?,London,headquarters_location,BP,London,6133,2,6133_2
Where can the headquarter of Lenovo be found?,Beijing,headquarters_location,Lenovo,Beijing,6134,3,6134_3
What is the location of the headquarters of Toyota?,Toyota,headquarters_location,Toyota,Toyota,6135,2,6135_2
In which city is French Academy of Sciences's headquarter located?,Paris,headquarters_location,French Academy of Sciences,Paris,6136,1,6136_1
Where can the headquarter of German Football Association be found?,Frankfurt am Main,headquarters_location,German Football Association,Frankfurt am Main,6137,3,6137_3
In which city is Karolinska Institute's headquarter located?,Stockholm,headquarters_location,Karolinska Institute,Stockholm,6138,1,6138_1
Which place hosts the headquarters of Army of the Guardians of the Islamic Revolution?,Tehran,headquarters_location,Army of the Guardians of the Islamic Revolution,Tehran,6139,4,6139_4
Which place hosts the headquarters of Sciences Po?,Paris,headquarters_location,Sciences Po,Paris,6140,4,6140_4
What is the location of the headquarters of FC Dynamo Kyiv?,Kiev,headquarters_location,FC Dynamo Kyiv,Kiev,6141,2,6141_2
Where can the headquarter of F.K. Sarajevo be found?,Sarajevo,headquarters_location,F.K. Sarajevo,Sarajevo,6142,3,6142_3
Where can the headquarter of European Space Agency be found?,Paris,headquarters_location,European Space Agency,Paris,6143,3,6143_3
What is the location of the headquarters of Brown University?,Providence,headquarters_location,Brown University,Providence,6144,2,6144_2
In which city is University of Geneva's headquarter located?,Geneva,headquarters_location,University of Geneva,Geneva,6145,1,6145_1
Where is the headquarters of Dominican Order?,Rome,headquarters_location,Dominican Order,Rome,6146,0,6146_0
In which city is WWE's headquarter located?,Stamford,headquarters_location,WWE,Stamford,6147,1,6147_1
Where can the headquarter of McGill University be found?,Montreal,headquarters_location,McGill University,Montreal,6148,3,6148_3
What is the location of the headquarters of Caribbean Community Secretariat?,Georgetown,headquarters_location,Caribbean Community Secretariat,Georgetown,6149,2,6149_2
Which place hosts the headquarters of Lexus?,Nagoya,headquarters_location,Lexus,Nagoya,6150,4,6150_4
Where can the headquarter of Sheffield United F.C. be found?,Sheffield,headquarters_location,Sheffield United F.C.,Sheffield,6151,3,6151_3
What company is responsible for developing macOS?,Apple Inc.,developer,macOS,Apple Inc.,3674,2,3674_2
Which organization is credited with the development of iOS?,Apple Inc.,developer,iOS,Apple Inc.,3675,4,3675_4
Which company is the developer of Safari?,Apple Inc.,developer,Safari,Apple Inc.,3676,0,3676_0
Which company is the developer of PostScript?,Adobe,developer,PostScript,Adobe,3677,0,3677_0
What company is responsible for developing Windows Vista?,Microsoft,developer,Windows Vista,Microsoft,3678,2,3678_2
Which organization is credited with the development of Internet Explorer?,Microsoft,developer,Internet Explorer,Microsoft,3679,4,3679_4
By whom was B-17 Flying Fortress developed?,Boeing,developer,B-17 Flying Fortress,Boeing,3680,3,3680_3
Which company is the developer of DirectX?,Microsoft,developer,DirectX,Microsoft,3681,0,3681_0
Which company is the developer of Microsoft Windows?,Microsoft,developer,Microsoft Windows,Microsoft,3682,0,3682_0
What company is responsible for developing Xbox 360?,Microsoft,developer,Xbox 360,Microsoft,3683,2,3683_2
Which company is the developer of Xbox One?,Microsoft,developer,Xbox One,Microsoft,3684,0,3684_0
What company is responsible for developing MS-DOS?,Microsoft,developer,MS-DOS,Microsoft,3685,2,3685_2
Which company is the developer of Fortran?,IBM,developer,Fortran,IBM,3686,0,3686_0
Who developed Windows 1.0?,Microsoft,developer,Windows 1.0,Microsoft,3687,1,3687_1
What company is responsible for developing Nintendo 3DS?,Nintendo,developer,Nintendo 3DS,Nintendo,3688,2,3688_2
What company is responsible for developing Intel 80386?,Intel,developer,Intel 80386,Intel,3689,2,3689_2
What company is responsible for developing Windows 10?,Microsoft,developer,Windows 10,Microsoft,3690,2,3690_2
Who developed Microsoft Excel?,Microsoft,developer,Microsoft Excel,Microsoft,3691,1,3691_1
Which organization is credited with the development of Microsoft Office?,Microsoft,developer,Microsoft Office,Microsoft,3692,4,3692_4
By whom was Microsoft Word developed?,Microsoft,developer,Microsoft Word,Microsoft,3693,3,3693_3
By whom was Mac OS developed?,Apple Inc.,developer,Mac OS,Apple Inc.,3694,3,3694_3
What company is responsible for developing Windows 95?,Microsoft,developer,Windows 95,Microsoft,3695,2,3695_2
Which organization is credited with the development of Microsoft Visual Studio?,Microsoft,developer,Microsoft Visual Studio,Microsoft,3696,4,3696_4
What company is responsible for developing Windows 98?,Microsoft,developer,Windows 98,Microsoft,3697,2,3697_2
By whom was Adobe Acrobat developed?,Adobe,developer,Adobe Acrobat,Adobe,3698,3,3698_3
Which organization is credited with the development of Portable Document Format?,Adobe,developer,Portable Document Format,Adobe,3699,4,3699_4
By whom was Core 2 developed?,Intel,developer,Core 2,Intel,3700,3,3700_3
By whom was Adobe Flash developed?,Adobe,developer,Adobe Flash,Adobe,3701,3,3701_3
By whom was Symbian developed?,Nokia,developer,Symbian,Nokia,3702,3,3702_3
Who developed Windows Phone?,Microsoft,developer,Windows Phone,Microsoft,3703,1,3703_1
What company is responsible for developing Pentium?,Intel,developer,Pentium,Intel,3704,2,3704_2
By whom was Adobe Photoshop developed?,Adobe,developer,Adobe Photoshop,Adobe,3705,3,3705_3
Which company is the developer of QuickTime?,Apple Inc.,developer,QuickTime,Apple Inc.,3706,0,3706_0
By whom was Wii U developed?,Nintendo,developer,Wii U,Nintendo,3707,3,3707_3
Who developed Windows XP?,Microsoft,developer,Windows XP,Microsoft,3708,1,3708_1
Which company is the developer of Windows 2000?,Microsoft,developer,Windows 2000,Microsoft,3709,0,3709_0
By whom was NTFS developed?,Microsoft,developer,NTFS,Microsoft,3710,3,3710_3
By whom was Windows 8 developed?,Microsoft,developer,Windows 8,Microsoft,3711,3,3711_3
By whom was iPod developed?,Apple Inc.,developer,iPod,Apple Inc.,3712,3,3712_3
Which organization is credited with the development of Gmail?,Google,developer,Gmail,Google,3713,4,3713_4
By whom was Google Maps developed?,Google,developer,Google Maps,Google,3714,3,3714_3
What company is responsible for developing Windows Live Messenger?,Microsoft,developer,Windows Live Messenger,Microsoft,3715,2,3715_2
Which organization is credited with the development of Google Street View?,Google,developer,Google Street View,Google,3716,4,3716_4
Which company is the developer of Windows Media Player?,Microsoft,developer,Windows Media Player,Microsoft,3717,0,3717_0
By whom was .NET Framework developed?,Microsoft,developer,.NET Framework,Microsoft,3718,3,3718_3
By whom was Windows Update developed?,Microsoft,developer,Windows Update,Microsoft,3719,3,3719_3
What company is responsible for developing B-52 Stratofortress?,Boeing,developer,B-52 Stratofortress,Boeing,3720,2,3720_2
Which organization is credited with the development of iTunes?,Apple Inc.,developer,iTunes,Apple Inc.,3721,4,3721_4
What company is responsible for developing Windows 2.0?,Microsoft,developer,Windows 2.0,Microsoft,3722,2,3722_2
What company is responsible for developing Google AdSense?,Google,developer,Google AdSense,Google,3723,2,3723_2
Which company is the developer of Windows 7?,Microsoft,developer,Windows 7,Microsoft,3724,0,3724_0
Who developed Airbus A350?,Airbus basic,developer,Airbus A350,Airbus basic,3725,1,3725_1
Which company is the developer of Picasa?,Google,developer,Picasa,Google,3726,0,3726_0
Which company is the developer of Google Earth?,Google,developer,Google Earth,Google,3727,0,3727_0
What company is responsible for developing Google Play?,Google,developer,Google Play,Google,3728,2,3728_2
By whom was iCloud developed?,Apple Inc.,developer,iCloud,Apple Inc.,3729,3,3729_3
By whom was Siri developed?,Apple Inc.,developer,Siri,Apple Inc.,3730,3,3730_3
Which company is the developer of App Store?,Apple Inc.,developer,App Store,Apple Inc.,3731,0,3731_0
Which organization is credited with the development of Microsoft Access?,Microsoft,developer,Microsoft Access,Microsoft,3732,4,3732_4
Who developed Apple Watch?,Apple Inc.,developer,Apple Watch,Apple Inc.,3733,1,3733_1
What company is responsible for developing Apple Books?,Apple Inc.,developer,Apple Books,Apple Inc.,3734,2,3734_2
Who developed Google Drive?,Google,developer,Google Drive,Google,3735,1,3735_1
By whom was Google Hangouts developed?,Google,developer,Google Hangouts,Google,3736,3,3736_3
By whom was Google Calendar developed?,Google,developer,Google Calendar,Google,3737,3,3737_3
What company is responsible for developing Skype?,Microsoft,developer,Skype,Microsoft,3738,2,3738_2
Which organization is credited with the development of Adobe InDesign?,Adobe,developer,Adobe InDesign,Adobe,3739,4,3739_4
Who developed Microsoft Store?,Microsoft,developer,Microsoft Store,Microsoft,3740,1,3740_1
By whom was Intel MCS-51 developed?,Intel,developer,Intel MCS-51,Intel,3741,3,3741_3
By whom was Blogger developed?,Google,developer,Blogger,Google,3742,3,3742_3
Which company is the developer of Google Chrome?,Google,developer,Google Chrome,Google,3743,0,3743_0
Who developed Google Translate?,Google,developer,Google Translate,Google,3744,1,3744_1
Which organization is credited with the development of Google Glass?,Google,developer,Google Glass,Google,3745,4,3745_4
Which organization is credited with the development of Windows Mobile?,Microsoft,developer,Windows Mobile,Microsoft,3746,4,3746_4
Who developed Windows Me?,Microsoft,developer,Windows Me,Microsoft,3747,1,3747_1
What company is responsible for developing Minecraft?,Microsoft,developer,Minecraft,Microsoft,3748,2,3748_2
Who developed Microsoft Security Essentials?,Microsoft,developer,Microsoft Security Essentials,Microsoft,3749,1,3749_1
Which country has President of the French Republic as a legal term?,France,applies_to_jurisdiction,President of the French Republic,France,5960,0,5960_0
Where is the legal term Prime Minister of Canada applied?,Canada,applies_to_jurisdiction,Prime Minister of Canada,Canada,5961,2,5961_2
In which region is Australian Labor Party a recognized legal term?,Australia,applies_to_jurisdiction,Australian Labor Party,Australia,5962,4,5962_4
In which region is President of Mexico a recognized legal term?,Mexico,applies_to_jurisdiction,President of Mexico,Mexico,5963,4,5963_4
In which jurisdiction is Chancellor of Germany a legal term?,Germany,applies_to_jurisdiction,Chancellor of Germany,Germany,5964,1,5964_1
Where is the legal term Basic Law for the Federal Republic of Germany applied?,Germany,applies_to_jurisdiction,Basic Law for the Federal Republic of Germany,Germany,5965,2,5965_2
Which country has Parliament of Canada as a legal term?,Canada,applies_to_jurisdiction,Parliament of Canada,Canada,5966,0,5966_0
Which country has Lok Sabha as a legal term?,India,applies_to_jurisdiction,Lok Sabha,India,5967,0,5967_0
In which region is Knesset a recognized legal term?,Israel,applies_to_jurisdiction,Knesset,Israel,5968,4,5968_4
Where is the legal term Prime Minister of Japan applied?,Japan,applies_to_jurisdiction,Prime Minister of Japan,Japan,5969,2,5969_2
In which region is President of Ireland a recognized legal term?,Ireland,applies_to_jurisdiction,President of Ireland,Ireland,5970,4,5970_4
In which jurisdiction is Australian dollar a legal term?,Australia,applies_to_jurisdiction,Australian dollar,Australia,5971,1,5971_1
Which legal entity uses President of Pakistan?,Pakistan,applies_to_jurisdiction,President of Pakistan,Pakistan,5972,3,5972_3
Which country has President of Russia as a legal term?,Russia,applies_to_jurisdiction,President of Russia,Russia,5973,0,5973_0
Which legal entity uses Federal Chancellor of Austria?,Austria,applies_to_jurisdiction,Federal Chancellor of Austria,Austria,5974,3,5974_3
Which country has Parliament of Sweden as a legal term?,Sweden,applies_to_jurisdiction,Parliament of Sweden,Sweden,5975,0,5975_0
In which jurisdiction is flag of Spain a legal term?,Spain,applies_to_jurisdiction,flag of Spain,Spain,5976,1,5976_1
Which legal entity uses flag of France?,France,applies_to_jurisdiction,flag of France,France,5977,3,5977_3
Where is the legal term President of Ukraine applied?,Ukraine,applies_to_jurisdiction,President of Ukraine,Ukraine,5978,2,5978_2
Which legal entity uses Prime Minister of France?,France,applies_to_jurisdiction,Prime Minister of France,France,5979,3,5979_3
Which legal entity uses flag of Denmark?,Denmark,applies_to_jurisdiction,flag of Denmark,Denmark,5980,3,5980_3
Which country has Bundestag of Germany as a legal term?,Germany,applies_to_jurisdiction,Bundestag of Germany,Germany,5981,0,5981_0
Which country has flag of Ireland as a legal term?,Ireland,applies_to_jurisdiction,flag of Ireland,Ireland,5982,0,5982_0
Which legal entity uses President of Austria?,Austria,applies_to_jurisdiction,President of Austria,Austria,5983,3,5983_3
Which legal entity uses Prime Minister of Pakistan?,Pakistan,applies_to_jurisdiction,Prime Minister of Pakistan,Pakistan,5984,3,5984_3
In which region is president of Germany a recognized legal term?,Germany,applies_to_jurisdiction,president of Germany,Germany,5985,4,5985_4
Which country has Prime Minister of Sweden as a legal term?,Sweden,applies_to_jurisdiction,Prime Minister of Sweden,Sweden,5986,0,5986_0
In which region is French National Assembly a recognized legal term?,France,applies_to_jurisdiction,French National Assembly,France,5987,4,5987_4
Which legal entity uses flag of Switzerland?,Switzerland,applies_to_jurisdiction,flag of Switzerland,Switzerland,5988,3,5988_3
Which legal entity uses Prime Minister of Russia?,Russia,applies_to_jurisdiction,Prime Minister of Russia,Russia,5989,3,5989_3
Which legal entity uses flag of Singapore?,Singapore,applies_to_jurisdiction,flag of Singapore,Singapore,5990,3,5990_3
Where is the legal term Senate applied?,France,applies_to_jurisdiction,Senate,France,5991,2,5991_2
Which legal entity uses Prime Minister of Ukraine?,Ukraine,applies_to_jurisdiction,Prime Minister of Ukraine,Ukraine,5992,3,5992_3
In which jurisdiction is flag of Russia a legal term?,Russia,applies_to_jurisdiction,flag of Russia,Russia,5993,1,5993_1
Where is the legal term flag of Canada applied?,Canada,applies_to_jurisdiction,flag of Canada,Canada,5994,2,5994_2
Where is the legal term President of Romania applied?,Romania,applies_to_jurisdiction,President of Romania,Romania,5995,2,5995_2
In which region is flag of the Netherlands a recognized legal term?,Netherlands,applies_to_jurisdiction,flag of the Netherlands,Netherlands,5996,4,5996_4
In which region is Prime Minister of Malaysia a recognized legal term?,Malaysia,applies_to_jurisdiction,Prime Minister of Malaysia,Malaysia,5997,4,5997_4
Which legal entity uses flag of Jamaica?,Jamaica,applies_to_jurisdiction,flag of Jamaica,Jamaica,5998,3,5998_3
Which legal entity uses flag of Argentina?,Argentina,applies_to_jurisdiction,flag of Argentina,Argentina,5999,3,5999_3
In which jurisdiction is flag of Norway a legal term?,Norway,applies_to_jurisdiction,flag of Norway,Norway,6000,1,6000_1
Which legal entity uses Congress of Deputies?,Spain,applies_to_jurisdiction,Congress of Deputies,Spain,6001,3,6001_3
In which jurisdiction is Emperor of Japan a legal term?,Japan,applies_to_jurisdiction,Emperor of Japan,Japan,6002,1,6002_1
Which country has flag of Lithuania as a legal term?,Lithuania,applies_to_jurisdiction,flag of Lithuania,Lithuania,6003,0,6003_0
In which region is flag of Bulgaria a recognized legal term?,Bulgaria,applies_to_jurisdiction,flag of Bulgaria,Bulgaria,6004,4,6004_4
In which jurisdiction is President of Iraq a legal term?,Iraq,applies_to_jurisdiction,President of Iraq,Iraq,6005,1,6005_1
Which country has flag of Turkey as a legal term?,Turkey,applies_to_jurisdiction,flag of Turkey,Turkey,6006,0,6006_0
In which jurisdiction is flag of Malaysia a legal term?,Malaysia,applies_to_jurisdiction,flag of Malaysia,Malaysia,6007,1,6007_1
Where is the legal term flag of Belarus applied?,Belarus,applies_to_jurisdiction,flag of Belarus,Belarus,6008,2,6008_2
Which country has flag of Cuba as a legal term?,Cuba,applies_to_jurisdiction,flag of Cuba,Cuba,6009,0,6009_0
In which jurisdiction is flag of Vietnam a legal term?,Vietnam,applies_to_jurisdiction,flag of Vietnam,Vietnam,6010,1,6010_1
In which region is flag of Bolivia a recognized legal term?,Bolivia,applies_to_jurisdiction,flag of Bolivia,Bolivia,6011,4,6011_4
Which country has flag of India as a legal term?,India,applies_to_jurisdiction,flag of India,India,6012,0,6012_0
In which region is Macanese pataca a recognized legal term?,Macau,applies_to_jurisdiction,Macanese pataca,Macau,6014,4,6014_4
Which legal entity uses flag of Monaco?,Monaco,applies_to_jurisdiction,flag of Monaco,Monaco,6015,3,6015_3
In which jurisdiction is flag of Somalia a legal term?,Somalia,applies_to_jurisdiction,flag of Somalia,Somalia,6016,1,6016_1
Which country has President of Israel as a legal term?,Israel,applies_to_jurisdiction,President of Israel,Israel,6017,0,6017_0
In which region is flag of Sweden a recognized legal term?,Sweden,applies_to_jurisdiction,flag of Sweden,Sweden,6018,4,6018_4
Where is the legal term flag of Taiwan applied?,Taiwan,applies_to_jurisdiction,flag of Taiwan,Taiwan,6019,2,6019_2
In which jurisdiction is flag of Australia a legal term?,Australia,applies_to_jurisdiction,flag of Australia,Australia,6020,1,6020_1
In which jurisdiction is flag of Ukraine a legal term?,Ukraine,applies_to_jurisdiction,flag of Ukraine,Ukraine,6021,1,6021_1
Where is the legal term President of Belarus applied?,Belarus,applies_to_jurisdiction,President of Belarus,Belarus,6022,2,6022_2
In which jurisdiction is flag of Haiti a legal term?,Haiti,applies_to_jurisdiction,flag of Haiti,Haiti,6023,1,6023_1
In which region is Mexican coat of arms a recognized legal term?,Mexico,applies_to_jurisdiction,Mexican coat of arms,Mexico,6024,4,6024_4
In which region is flag of Finland a recognized legal term?,Finland,applies_to_jurisdiction,flag of Finland,Finland,6025,4,6025_4
Which legal entity uses flag of Croatia?,Croatia,applies_to_jurisdiction,flag of Croatia,Croatia,6026,3,6026_3
Which legal entity uses President of Finland?,Finland,applies_to_jurisdiction,President of Finland,Finland,6027,3,6027_3
In which jurisdiction is flag of Albania a legal term?,Albania,applies_to_jurisdiction,flag of Albania,Albania,6028,1,6028_1
Which legal entity uses national flag of Italy?,Italy,applies_to_jurisdiction,national flag of Italy,Italy,6029,3,6029_3
Which legal entity uses flag of Germany?,Germany,applies_to_jurisdiction,flag of Germany,Germany,6030,3,6030_3
Which country has flag of Libya as a legal term?,Libya,applies_to_jurisdiction,flag of Libya,Libya,6031,0,6031_0
In which region is flag of the Philippines a recognized legal term?,Philippines,applies_to_jurisdiction,flag of the Philippines,Philippines,6032,4,6032_4
In which jurisdiction is .de a legal term?,Germany,applies_to_jurisdiction,.de,Germany,6033,1,6033_1
Where is the legal term President of Iran applied?,Iran,applies_to_jurisdiction,President of Iran,Iran,6034,2,6034_2
Which country has flag of Pakistan as a legal term?,Pakistan,applies_to_jurisdiction,flag of Pakistan,Pakistan,6035,0,6035_0
Where is the legal term flag of Portugal applied?,Portugal,applies_to_jurisdiction,flag of Portugal,Portugal,6036,2,6036_2
Which country has flag of Greece as a legal term?,Greece,applies_to_jurisdiction,flag of Greece,Greece,6037,0,6037_0
Which legal entity uses flag of Mexico?,Mexico,applies_to_jurisdiction,flag of Mexico,Mexico,6038,3,6038_3
Where is the legal term flag of Japan applied?,Japan,applies_to_jurisdiction,flag of Japan,Japan,6039,2,6039_2
Where is Boris Spassky a citizen?,France,country_of_citizenship,Boris Spassky,France,3319,3,3319_3
Which country is Ada Yonath a citizen of?,Israel,country_of_citizenship,Ada Yonath,Israel,3320,0,3320_0
In which country does Lionel Messi hold citizenship?,Argentina,country_of_citizenship,Lionel Messi,Argentina,3321,2,3321_2
Which country is Charles II of Spain a citizen of?,Spain,country_of_citizenship,Charles II of Spain,Spain,3322,0,3322_0
In which country does Adriano Celentano hold citizenship?,Italy,country_of_citizenship,Adriano Celentano,Italy,3323,2,3323_2
Which nation grants citizenship to Georgi Parvanov?,Bulgaria,country_of_citizenship,Georgi Parvanov,Bulgaria,3324,4,3324_4
Which nation grants citizenship to Dilma Rousseff?,Brazil,country_of_citizenship,Dilma Rousseff,Brazil,3325,4,3325_4
Where is Ronaldo a citizen?,Brazil,country_of_citizenship,Ronaldo,Brazil,3326,3,3326_3
Where is Trajan a citizen?,Spain,country_of_citizenship,Trajan,Spain,3327,3,3327_3
Which nation grants citizenship to Ronaldinho?,Brazil,country_of_citizenship,Ronaldinho,Brazil,3328,4,3328_4
Where is Scott Morrison a citizen?,Australia,country_of_citizenship,Scott Morrison,Australia,3329,3,3329_3
In which country does Ho Chi Minh hold citizenship?,Vietnam,country_of_citizenship,Ho Chi Minh,Vietnam,3330,2,3330_2
Which country is Alain Robert a citizen of?,France,country_of_citizenship,Alain Robert,France,3331,0,3331_0
What is the nationality of Ferdinand de Saussure?,Switzerland,country_of_citizenship,Ferdinand de Saussure,Switzerland,3332,1,3332_1
Which nation grants citizenship to Auguste Rodin?,France,country_of_citizenship,Auguste Rodin,France,3333,4,3333_4
Which country is Friedrich Bessel a citizen of?,Germany,country_of_citizenship,Friedrich Bessel,Germany,3334,0,3334_0
What is the nationality of Johann Wolfgang von Goethe?,Frankfurt am Main,country_of_citizenship,Johann Wolfgang von Goethe,Frankfurt am Main,3335,1,3335_1
Which nation grants citizenship to Massimo D'Alema?,Italy,country_of_citizenship,Massimo D'Alema,Italy,3336,4,3336_4
In which country does Rudolf Hess hold citizenship?,Germany,country_of_citizenship,Rudolf Hess,Germany,3337,2,3337_2
What is the nationality of Henry V of England?,Kingdom of England,country_of_citizenship,Henry V of England,Kingdom of England,3338,1,3338_1
Which nation grants citizenship to Michel Houellebecq?,France,country_of_citizenship,Michel Houellebecq,France,3339,4,3339_4
Where is Masaccio a citizen?,Italy,country_of_citizenship,Masaccio,Italy,3340,3,3340_3
In which country does France Gall hold citizenship?,France,country_of_citizenship,France Gall,France,3341,2,3341_2
What is the nationality of Rafael Alberti?,Spain,country_of_citizenship,Rafael Alberti,Spain,3342,1,3342_1
Where is Bernardo Houssay a citizen?,Argentina,country_of_citizenship,Bernardo Houssay,Argentina,3343,3,3343_3
Which nation grants citizenship to Kiichi Miyazawa?,Japan,country_of_citizenship,Kiichi Miyazawa,Japan,3344,4,3344_4
Which nation grants citizenship to Oscar I of Sweden?,Sweden,country_of_citizenship,Oscar I of Sweden,Sweden,3345,4,3345_4
Which country is Carl Bosch a citizen of?,Germany,country_of_citizenship,Carl Bosch,Germany,3346,0,3346_0
Which nation grants citizenship to Jiddu Krishnamurti?,India,country_of_citizenship,Jiddu Krishnamurti,India,3347,4,3347_4
What is the nationality of Elizabeth I of England?,Kingdom of England,country_of_citizenship,Elizabeth I of England,Kingdom of England,3348,1,3348_1
In which country does Emmanuelle Seigner hold citizenship?,France,country_of_citizenship,Emmanuelle Seigner,France,3349,2,3349_2
Which nation grants citizenship to Grzegorz Lato?,Poland,country_of_citizenship,Grzegorz Lato,Poland,3350,4,3350_4
What is the nationality of Kurt Waldheim?,Austria,country_of_citizenship,Kurt Waldheim,Austria,3351,1,3351_1
Where is Margaret Atwood a citizen?,Canada,country_of_citizenship,Margaret Atwood,Canada,3352,3,3352_3
In which country does Enzo Ferrari hold citizenship?,Italy,country_of_citizenship,Enzo Ferrari,Italy,3353,2,3353_2
Where is Bourvil a citizen?,France,country_of_citizenship,Bourvil,France,3354,3,3354_3
Which country is Wolfgang Pauli a citizen of?,Austria,country_of_citizenship,Wolfgang Pauli,Austria,3355,0,3355_0
Where is Charles VI of France a citizen?,France,country_of_citizenship,Charles VI of France,France,3356,3,3356_3
Where is Michel Aoun a citizen?,Lebanon,country_of_citizenship,Michel Aoun,Lebanon,3357,3,3357_3
What is the nationality of Magnus Carlsen?,Norway,country_of_citizenship,Magnus Carlsen,Norway,3358,1,3358_1
Which nation grants citizenship to Henryk Sienkiewicz?,Poland,country_of_citizenship,Henryk Sienkiewicz,Poland,3359,4,3359_4
"Which country is Arthur, Prince of Wales a citizen of?",Kingdom of England,country_of_citizenship,"Arthur, Prince of Wales",Kingdom of England,3360,0,3360_0
Which country is James VII and II a citizen of?,Kingdom of England,country_of_citizenship,James VII and II,Kingdom of England,3361,0,3361_0
Which nation grants citizenship to Hamad bin Khalifa Al Thani?,Qatar,country_of_citizenship,Hamad bin Khalifa Al Thani,Qatar,3362,4,3362_4
Which nation grants citizenship to Francisco Goya?,Spain,country_of_citizenship,Francisco Goya,Spain,3363,4,3363_4
Where is Jalal Talabani a citizen?,Kurdistan,country_of_citizenship,Jalal Talabani,Kurdistan,3364,3,3364_3
Which country is Floriano Peixoto a citizen of?,Brazil,country_of_citizenship,Floriano Peixoto,Brazil,3365,0,3365_0
In which country does Antonis Samaras hold citizenship?,Greece,country_of_citizenship,Antonis Samaras,Greece,3366,2,3366_2
In which country does Beppe Grillo hold citizenship?,Italy,country_of_citizenship,Beppe Grillo,Italy,3367,2,3367_2
Which country is Frederick IX of Denmark a citizen of?,Denmark,country_of_citizenship,Frederick IX of Denmark,Denmark,3368,0,3368_0
Which country is Michael Fassbender a citizen of?,Ireland,country_of_citizenship,Michael Fassbender,Ireland,3369,0,3369_0
What is the nationality of Alexandra of Denmark?,Denmark,country_of_citizenship,Alexandra of Denmark,Denmark,3370,1,3370_1
Which nation grants citizenship to Miguel Hidalgo y Costilla?,Spain,country_of_citizenship,Miguel Hidalgo y Costilla,Spain,3371,4,3371_4
In which country does Edmund Husserl hold citizenship?,Germany,country_of_citizenship,Edmund Husserl,Germany,3372,2,3372_2
In which country does Lise Meitner hold citizenship?,Sweden,country_of_citizenship,Lise Meitner,Sweden,3373,2,3373_2
What is the nationality of Albert II of Belgium?,Belgium,country_of_citizenship,Albert II of Belgium,Belgium,3374,1,3374_1
Where is Mahavira a citizen?,India,country_of_citizenship,Mahavira,India,3375,3,3375_3
In which country does Svante August Arrhenius hold citizenship?,Sweden,country_of_citizenship,Svante August Arrhenius,Sweden,3376,2,3376_2
Where is Mario Monti a citizen?,Italy,country_of_citizenship,Mario Monti,Italy,3377,3,3377_3
Which country is Pierre Janssen a citizen of?,France,country_of_citizenship,Pierre Janssen,France,3378,0,3378_0
Where is Edmonton the capital of?,Alberta,capital_of,Edmonton,Alberta,3750,1,3750_1
Where is Ankara the capital of?,Turkey,capital_of,Ankara,Turkey,3751,1,3751_1
What is the country or state for which Amsterdam is the capital?,Netherlands,capital_of,Amsterdam,Netherlands,3752,0,3752_0
Where is Baku the capital of?,Azerbaijan,capital_of,Baku,Azerbaijan,3753,1,3753_1
What is the country or state for which Cairo is the capital?,Egypt,capital_of,Cairo,Egypt,3754,0,3754_0
Where does Copenhagen serve as the capital?,Denmark,capital_of,Copenhagen,Denmark,3755,4,3755_4
Where does Barcelona serve as the capital?,Catalonia,capital_of,Barcelona,Catalonia,3756,4,3756_4
Where does Buenos Aires serve as the capital?,Argentina,capital_of,Buenos Aires,Argentina,3757,4,3757_4
Which place has Munich as the capital?,Bavaria,capital_of,Munich,Bavaria,3758,3,3758_3
Which place has Florence as the capital?,Tuscany,capital_of,Florence,Tuscany,3759,3,3759_3
What country or state has Rome as its capital?,Italy,capital_of,Rome,Italy,3760,2,3760_2
Where does Algiers serve as the capital?,Algeria,capital_of,Algiers,Algeria,3761,4,3761_4
Which place has Tripoli as the capital?,Libya,capital_of,Tripoli,Libya,3762,3,3762_3
Which place has Canberra as the capital?,Australia,capital_of,Canberra,Australia,3763,3,3763_3
Where does Windhoek serve as the capital?,Namibia,capital_of,Windhoek,Namibia,3764,4,3764_4
What is the country or state for which Heraklion is the capital?,Crete,capital_of,Heraklion,Crete,3765,0,3765_0
Where does Baghdad serve as the capital?,Iraq,capital_of,Baghdad,Iraq,3766,4,3766_4
Where does Edinburgh serve as the capital?,Scotland,capital_of,Edinburgh,Scotland,3767,4,3767_4
Where is Kabul the capital of?,Afghanistan,capital_of,Kabul,Afghanistan,3768,1,3768_1
What country or state has Bonn as its capital?,Germany,capital_of,Bonn,Germany,3769,2,3769_2
Where is Berlin the capital of?,Germany,capital_of,Berlin,Germany,3770,1,3770_1
Where is Porto-Novo the capital of?,Benin,capital_of,Porto-Novo,Benin,3771,1,3771_1
What country or state has Gaborone as its capital?,Botswana,capital_of,Gaborone,Botswana,3772,2,3772_2
Where is Paris the capital of?,France,capital_of,Paris,France,3773,1,3773_1
What is the country or state for which Mumbai is the capital?,Maharashtra,capital_of,Mumbai,Maharashtra,3774,0,3774_0
Which place has Oslo as the capital?,Norway,capital_of,Oslo,Norway,3775,3,3775_3
What country or state has Jerusalem as its capital?,Judah,capital_of,Jerusalem,Judah,3776,2,3776_2
What country or state has Bishkek as its capital?,Kyrgyzstan,capital_of,Bishkek,Kyrgyzstan,3777,2,3777_2
What country or state has Bucharest as its capital?,Romania,capital_of,Bucharest,Romania,3778,2,3778_2
What is the country or state for which Melbourne is the capital?,Victoria,capital_of,Melbourne,Victoria,3779,0,3779_0
Where does Beijing serve as the capital?,Taiwan,capital_of,Beijing,Taiwan,3780,4,3780_4
Which place has Chongqing as the capital?,Taiwan,capital_of,Chongqing,Taiwan,3781,3,3781_3
Where is Havana the capital of?,Cuba,capital_of,Havana,Cuba,3782,1,3782_1
Where is Denver the capital of?,Colorado,capital_of,Denver,Colorado,3783,1,3783_1
Where is Mogadishu the capital of?,Somalia,capital_of,Mogadishu,Somalia,3784,1,3784_1
Where does Cardiff serve as the capital?,Wales,capital_of,Cardiff,Wales,3785,4,3785_4
Where is Dublin the capital of?,Ireland,capital_of,Dublin,Ireland,3786,1,3786_1
Which place has Tunis as the capital?,Tunisia,capital_of,Tunis,Tunisia,3787,3,3787_3
Which place has Rio de Janeiro as the capital?,Brazil,capital_of,Rio de Janeiro,Brazil,3788,3,3788_3
What is the country or state for which Valletta is the capital?,Malta,capital_of,Valletta,Malta,3789,0,3789_0
Which place has London as the capital?,England,capital_of,London,England,3790,3,3790_3
Which place has Rabat as the capital?,Morocco,capital_of,Rabat,Morocco,3791,3,3791_3
Which place has Riga as the capital?,Latvia,capital_of,Riga,Latvia,3792,3,3792_3
Where is Damascus the capital of?,Syria,capital_of,Damascus,Syria,3793,1,3793_1
What is the country or state for which Dar es Salaam is the capital?,Tanzania,capital_of,Dar es Salaam,Tanzania,3794,0,3794_0
What country or state has London as its capital?,Kingdom of England,capital_of,London,Kingdom of England,3795,2,3795_2
What is the country or state for which Stockholm is the capital?,Sweden,capital_of,Stockholm,Sweden,3796,0,3796_0
Which place has Helsinki as the capital?,Finland,capital_of,Helsinki,Finland,3797,3,3797_3
What is the country or state for which Prague is the capital?,Bohemia,capital_of,Prague,Bohemia,3798,0,3798_0
Where does Indianapolis serve as the capital?,Indiana,capital_of,Indianapolis,Indiana,3799,4,3799_4
What country or state has Madrid as its capital?,Spain,capital_of,Madrid,Spain,3800,2,3800_2
What is the country or state for which Guatemala City is the capital?,Guatemala,capital_of,Guatemala City,Guatemala,3801,0,3801_0
Which place has Warsaw as the capital?,Poland,capital_of,Warsaw,Poland,3802,3,3802_3
Where is Guangzhou the capital of?,Guangdong,capital_of,Guangzhou,Guangdong,3803,1,3803_1
Where is Dresden the capital of?,Saxony,capital_of,Dresden,Saxony,3804,1,3804_1
Where does Port-au-Prince serve as the capital?,Haiti,capital_of,Port-au-Prince,Haiti,3805,4,3805_4
Which place has Athens as the capital?,Greece,capital_of,Athens,Greece,3806,3,3806_3
What is the country or state for which Hobart is the capital?,Tasmania,capital_of,Hobart,Tasmania,3807,0,3807_0
Where is Tallinn the capital of?,Estonia,capital_of,Tallinn,Estonia,3808,1,3808_1
Where is Tokyo the capital of?,Japan,capital_of,Tokyo,Japan,3809,1,3809_1
Which place has Vienna as the capital?,Austria,capital_of,Vienna,Austria,3810,3,3810_3
What is the country or state for which Ljubljana is the capital?,Slovenia,capital_of,Ljubljana,Slovenia,3811,0,3811_0
Where is Jerusalem the capital of?,Israel,capital_of,Jerusalem,Israel,3812,1,3812_1
Where is Jakarta the capital of?,Indonesia,capital_of,Jakarta,Indonesia,3813,1,3813_1
Which place has Turin as the capital?,Piedmont,capital_of,Turin,Piedmont,3814,3,3814_3
Where is Nairobi the capital of?,Kenya,capital_of,Nairobi,Kenya,3815,1,3815_1
What country or state has Kuala Lumpur as its capital?,Malaysia,capital_of,Kuala Lumpur,Malaysia,3816,2,3816_2
Which place has Islamabad as the capital?,Pakistan,capital_of,Islamabad,Pakistan,3817,3,3817_3
What country or state has Kathmandu as its capital?,Nepal,capital_of,Kathmandu,Nepal,3818,2,3818_2
What is the country or state for which Khartoum is the capital?,Sudan,capital_of,Khartoum,Sudan,3819,0,3819_0
Where does Vilnius serve as the capital?,Lithuania,capital_of,Vilnius,Lithuania,3820,4,3820_4
Where is Beirut the capital of?,Lebanon,capital_of,Beirut,Lebanon,3821,1,3821_1
Where does Lisbon serve as the capital?,Portugal,capital_of,Lisbon,Portugal,3822,4,3822_4
What country or state has Luanda as its capital?,Angola,capital_of,Luanda,Angola,3823,2,3823_2
What is the country or state for which Moscow is the capital?,Russia,capital_of,Moscow,Russia,3824,0,3824_0
What country or state has Winnipeg as its capital?,Manitoba,capital_of,Winnipeg,Manitoba,3825,2,3825_2
What country or state has Lilongwe as its capital?,Malawi,capital_of,Lilongwe,Malawi,3826,2,3826_2
Where does Mexico City serve as the capital?,Mexico,capital_of,Mexico City,Mexico,3827,4,3827_4
Which place has Maputo as the capital?,Mozambique,capital_of,Maputo,Mozambique,3828,3,3828_3
Where is Boston the capital of?,Massachusetts,capital_of,Boston,Massachusetts,3829,1,3829_1
What is the country or state for which Ottawa is the capital?,Canada,capital_of,Ottawa,Canada,3830,0,3830_0
Which place has Montevideo as the capital?,Uruguay,capital_of,Montevideo,Uruguay,3831,3,3831_3
Where is Manama the capital of?,Bahrain,capital_of,Manama,Bahrain,3832,1,3832_1
What country or state has Bengaluru as its capital?,Karnataka,capital_of,Bengaluru,Karnataka,3833,2,3833_2
What is the country or state for which Budapest is the capital?,Hungary,capital_of,Budapest,Hungary,3834,0,3834_0
What country or state has Tegucigalpa as its capital?,Honduras,capital_of,Tegucigalpa,Honduras,3835,2,3835_2
What country or state has Gandhinagar as its capital?,Gujarat,capital_of,Gandhinagar,Gujarat,3836,2,3836_2
What country or state has Podgorica as its capital?,Montenegro,capital_of,Podgorica,Montenegro,3837,2,3837_2
Where is Toronto the capital of?,Ontario,capital_of,Toronto,Ontario,3838,1,3838_1
Which place has Panama City as the capital?,Panama,capital_of,Panama City,Panama,3839,3,3839_3
What is the country or state for which Dakar is the capital?,Senegal,capital_of,Dakar,Senegal,3840,0,3840_0
What is the country or state for which Lagos is the capital?,Nigeria,capital_of,Lagos,Nigeria,3841,0,3841_0
Which place has Bangkok as the capital?,Thailand,capital_of,Bangkok,Thailand,3842,3,3842_3
Where is Santiago the capital of?,Chile,capital_of,Santiago,Chile,3843,1,3843_1
Which place has New Delhi as the capital?,India,capital_of,New Delhi,India,3844,3,3844_3
Where does Belgrade serve as the capital?,Serbia,capital_of,Belgrade,Serbia,3845,4,3845_4
Where does Cagliari serve as the capital?,Sardinia,capital_of,Cagliari,Sardinia,3846,4,3846_4
What is the country or state for which Caracas is the capital?,Venezuela,capital_of,Caracas,Venezuela,3847,0,3847_0
Where does Nicosia serve as the capital?,Cyprus,capital_of,Nicosia,Cyprus,3848,4,3848_4
Where does Kiev serve as the capital?,Ukraine,capital_of,Kiev,Ukraine,3849,4,3849_4
What is the country or state for which Taipei is the capital?,Taiwan,capital_of,Taipei,Taiwan,3850,0,3850_0
Where is Abuja the capital of?,Nigeria,capital_of,Abuja,Nigeria,3851,1,3851_1
Which place has Sofia as the capital?,Bulgaria,capital_of,Sofia,Bulgaria,3852,3,3852_3
Where is Salt Lake City the capital of?,Utah,capital_of,Salt Lake City,Utah,3853,1,3853_1
What is the country or state for which Palermo is the capital?,Sicily,capital_of,Palermo,Sicily,3854,0,3854_0
What country or state has Tehran as its capital?,Iran,capital_of,Tehran,Iran,3855,2,3855_2
Where is Quebec City the capital of?,Quebec,capital_of,Quebec City,Quebec,3856,1,3856_1
Where does Prague serve as the capital?,Czechoslovakia,capital_of,Prague,Czechoslovakia,3857,4,3857_4
Where does Dhaka serve as the capital?,Bangladesh,capital_of,Dhaka,Bangladesh,3858,4,3858_4
Which place has Brisbane as the capital?,Queensland,capital_of,Brisbane,Queensland,3859,3,3859_3
Which place has Harare as the capital?,Zimbabwe,capital_of,Harare,Zimbabwe,3860,3,3860_3
Where does Aix-en-Provence serve as the capital?,Provence,capital_of,Aix-en-Provence,Provence,3861,4,3861_4
What country or state has Monrovia as its capital?,Liberia,capital_of,Monrovia,Liberia,3862,2,3862_2
Where does Bern serve as the capital?,Switzerland,capital_of,Bern,Switzerland,3863,4,3863_4
Which place has Addis Ababa as the capital?,Ethiopia,capital_of,Addis Ababa,Ethiopia,3864,3,3864_3
What is the country or state for which Zagreb is the capital?,Croatia,capital_of,Zagreb,Croatia,3865,0,3865_0
What is the country or state for which Phnom Penh is the capital?,Cambodia,capital_of,Phnom Penh,Cambodia,3866,0,3866_0
What is the country or state for which Dushanbe is the capital?,Tajikistan,capital_of,Dushanbe,Tajikistan,3867,0,3867_0
Where is Lansing the capital of?,Michigan,capital_of,Lansing,Michigan,3868,1,3868_1
Where does Kuching serve as the capital?,Sarawak,capital_of,Kuching,Sarawak,3869,4,3869_4
Where does Manila serve as the capital?,Philippines,capital_of,Manila,Philippines,3870,4,3870_4
What country or state has Westminster as its capital?,Kingdom of England,capital_of,Westminster,Kingdom of England,3871,2,3871_2
What is the country or state for which Quito is the capital?,Ecuador,capital_of,Quito,Ecuador,3872,0,3872_0
Where does Leicester serve as the capital?,Leicestershire,capital_of,Leicester,Leicestershire,3873,4,3873_4
Which place has Kunming as the capital?,Yunnan,capital_of,Kunming,Yunnan,3874,3,3874_3
Where does Managua serve as the capital?,Nicaragua,capital_of,Managua,Nicaragua,3875,4,3875_4
What country or state has Sucre as its capital?,Bolivia,capital_of,Sucre,Bolivia,3876,2,3876_2
Where is Honolulu the capital of?,Hawaii,capital_of,Honolulu,Hawaii,3877,1,3877_1
Where does Vientiane serve as the capital?,Laos,capital_of,Vientiane,Laos,3878,4,3878_4
Which place has Chengdu as the capital?,Sichuan,capital_of,Chengdu,Sichuan,3879,3,3879_3
Where is Zaragoza the capital of?,Aragon,capital_of,Zaragoza,Aragon,3880,1,3880_1
What is the country or state for which Oxford is the capital?,Oxfordshire,capital_of,Oxford,Oxfordshire,3881,0,3881_0
Which place has Chandigarh as the capital?,Haryana,capital_of,Chandigarh,Haryana,3882,3,3882_3
What country or state has Niamey as its capital?,Niger,capital_of,Niamey,Niger,3883,2,3883_2
Where is Doha the capital of?,Qatar,capital_of,Doha,Qatar,3885,1,3885_1
Where is Harare the capital of?,Rhodesia,capital_of,Harare,Rhodesia,3886,1,3886_1
Which place has Apia as the capital?,Samoa,capital_of,Apia,Samoa,3887,3,3887_3
What country or state has Bratislava as its capital?,Slovakia,capital_of,Bratislava,Slovakia,3888,2,3888_2
Where is Kota Kinabalu the capital of?,Sabah,capital_of,Kota Kinabalu,Sabah,3889,1,3889_1
Where does Tashkent serve as the capital?,Uzbekistan,capital_of,Tashkent,Uzbekistan,3890,4,3890_4
What country or state has Dodoma as its capital?,Tanzania,capital_of,Dodoma,Tanzania,3891,2,3891_2
What country or state has Tirana as its capital?,Albania,capital_of,Tirana,Albania,3892,2,3892_2
Where does Kampala serve as the capital?,Uganda,capital_of,Kampala,Uganda,3893,4,3893_4
Where is Hanoi the capital of?,Vietnam,capital_of,Hanoi,Vietnam,3894,1,3894_1
Which place has Aden as the capital?,Yemen,capital_of,Aden,Yemen,3895,3,3895_3
What country or state has Lusaka as its capital?,Zambia,capital_of,Lusaka,Zambia,3896,2,3896_2
What is the country or state for which Yerevan is the capital?,Armenia,capital_of,Yerevan,Armenia,3897,0,3897_0
Which place has Kuwait City as the capital?,Kuwait,capital_of,Kuwait City,Kuwait,3898,3,3898_3
What is the country or state for which Port Louis is the capital?,Mauritius,capital_of,Port Louis,Mauritius,3899,0,3899_0
Where does Accra serve as the capital?,Ghana,capital_of,Accra,Ghana,3900,4,3900_4
What is the country or state for which Jaipur is the capital?,Rajasthan,capital_of,Jaipur,Rajasthan,3901,0,3901_0
Where does Minsk serve as the capital?,Belarus,capital_of,Minsk,Belarus,3902,4,3902_4
Which place has Des Moines as the capital?,Iowa,capital_of,Des Moines,Iowa,3903,3,3903_3
Which place has Patna as the capital?,Bihar,capital_of,Patna,Bihar,3904,3,3904_3
Where does Baton Rouge serve as the capital?,Louisiana,capital_of,Baton Rouge,Louisiana,3905,4,3905_4
What is the country or state for which Yogyakarta is the capital?,Indonesia,capital_of,Yogyakarta,Indonesia,3906,0,3906_0
What country or state has Nur-Sultan as its capital?,Kazakhstan,capital_of,Nur-Sultan,Kazakhstan,3907,2,3907_2
Where does Wiesbaden serve as the capital?,Hesse,capital_of,Wiesbaden,Hesse,3908,4,3908_4
Which place has Dijon as the capital?,Burgundy,capital_of,Dijon,Burgundy,3909,3,3909_3
Which place has Rouen as the capital?,Normandy,capital_of,Rouen,Normandy,3910,3,3910_3
Which place has Oklahoma City as the capital?,Oklahoma,capital_of,Oklahoma City,Oklahoma,3911,3,3911_3
What is the country or state for which Little Rock is the capital?,Arkansas,capital_of,Little Rock,Arkansas,3912,0,3912_0
Where is N'Djamena the capital of?,Chad,capital_of,N'Djamena,Chad,3913,1,3913_1
Where is Amman the capital of?,Jordan,capital_of,Amman,Jordan,3914,1,3914_1
Which place has Thiruvananthapuram as the capital?,Kerala,capital_of,Thiruvananthapuram,Kerala,3915,3,3915_3
What is the country or state for which Bridgetown is the capital?,Barbados,capital_of,Bridgetown,Barbados,3916,0,3916_0
Which place has Dubai as the capital?,Emirates of Dubai,capital_of,Dubai,Emirates of Dubai,3917,3,3917_3
Where is Potsdam the capital of?,Brandenburg,capital_of,Potsdam,Brandenburg,3918,1,3918_1
Where is Antananarivo the capital of?,Madagascar,capital_of,Antananarivo,Madagascar,3919,1,3919_1
Where does Bamako serve as the capital?,Mali,capital_of,Bamako,Mali,3920,4,3920_4
Where is Annapolis the capital of?,Maryland,capital_of,Annapolis,Maryland,3921,1,3921_1
Where is Hyderabad the capital of?,Telangana,capital_of,Hyderabad,Telangana,3922,1,3922_1
What country or state has Chandigarh as its capital?,Punjab,capital_of,Chandigarh,Punjab,3923,2,3923_2
What is the country or state for which Bourg-en-Bresse is the capital?,Ain,capital_of,Bourg-en-Bresse,Ain,3924,0,3924_0
What country or state has Suva as its capital?,Fiji,capital_of,Suva,Fiji,3925,2,3925_2
Which place has Harrisburg as the capital?,Pennsylvania,capital_of,Harrisburg,Pennsylvania,3926,3,3926_3
Which place has Sana'a as the capital?,Yemen,capital_of,Sana'a,Yemen,3927,3,3927_3
What country or state has Panjim as its capital?,Goa,capital_of,Panjim,Goa,3928,2,3928_2
Where is Bandar Seri Begawan the capital of?,Brunei,capital_of,Bandar Seri Begawan,Brunei,3929,1,3929_1
Where does Cheyenne serve as the capital?,Wyoming,capital_of,Cheyenne,Wyoming,3930,4,3930_4
Where is Pamplona the capital of?,Navarre,capital_of,Pamplona,Navarre,3931,1,3931_1
Where is Libreville the capital of?,Gabon,capital_of,Libreville,Gabon,3932,1,3932_1
Where is Pristina the capital of?,Kosovo,capital_of,Pristina,Kosovo,3933,1,3933_1
What country or state has Nuuk as its capital?,Greenland,capital_of,Nuuk,Greenland,3934,2,3934_2
Where does Winchester serve as the capital?,Kingdom of England,capital_of,Winchester,Kingdom of England,3935,4,3935_4
What country or state has Belgrade as its capital?,Yugoslavia,capital_of,Belgrade,Yugoslavia,3936,2,3936_2
Which place has Hartford as the capital?,Connecticut,capital_of,Hartford,Connecticut,3937,3,3937_3
What is the country or state for which Lima is the capital?,Peru,capital_of,Lima,Peru,3938,0,3938_0
Which place has Conakry as the capital?,Guinea,capital_of,Conakry,Guinea,3939,3,3939_3
What country or state has Juneau as its capital?,Alaska,capital_of,Juneau,Alaska,3940,2,3940_2
What is the country or state for which Belmopan is the capital?,Belize,capital_of,Belmopan,Belize,3941,0,3941_0
Where does Sacramento serve as the capital?,California,capital_of,Sacramento,California,3942,4,3942_4
What country or state has City of London as its capital?,Kingdom of England,capital_of,City of London,Kingdom of England,3943,2,3943_2
What country or state has Kigali as its capital?,Rwanda,capital_of,Kigali,Rwanda,3944,2,3944_2
What country or state has Brussels as its capital?,Belgium,capital_of,Brussels,Belgium,3945,2,3945_2
Which place has Thimphu as the capital?,Bhutan,capital_of,Thimphu,Bhutan,3946,3,3946_3
What country or state has Nauplion as its capital?,Greece,capital_of,Nauplion,Greece,3947,2,3947_2
Where does Alba Iulia serve as the capital?,Alba,capital_of,Alba Iulia,Alba,3948,4,3948_4
What country or state has Boise as its capital?,Idaho,capital_of,Boise,Idaho,3949,2,3949_2
Which place has Nashville as the capital?,Tennessee,capital_of,Nashville,Tennessee,3950,3,3950_3
What is the country or state for which Arlon is the capital?,Luxembourg,capital_of,Arlon,Luxembourg,3951,0,3951_0
Where does Salzburg serve as the capital?,Salzburg,capital_of,Salzburg,Salzburg,3952,4,3952_4
Which place has Austin as the capital?,Texas,capital_of,Austin,Texas,3953,3,3953_3
Where does Saint Paul serve as the capital?,Minnesota,capital_of,Saint Paul,Minnesota,3954,4,3954_4
Where does Muscat serve as the capital?,Oman,capital_of,Muscat,Oman,3955,4,3955_4
Which place has Tallahassee as the capital?,Florida,capital_of,Tallahassee,Florida,3956,3,3956_3
What is the country or state for which Tbilisi is the capital?,Georgia,capital_of,Tbilisi,Georgia,3957,0,3957_0
Where does Brussels serve as the capital?,Flanders,capital_of,Brussels,Flanders,3958,4,3958_4
What country or state has Hebron as its capital?,Judah,capital_of,Hebron,Judah,3959,2,3959_2
Which place has Lille as the capital?,Nord,capital_of,Lille,Nord,3960,3,3960_3
What is the country or state for which Topeka is the capital?,Kansas,capital_of,Topeka,Kansas,3961,0,3961_0
Where is Santiago de Compostela the capital of?,Galicia,capital_of,Santiago de Compostela,Galicia,3962,1,3962_1
Which country or place was Basic Instinct created in?,France,location_of_formation,Basic Instinct,France,6071,3,6071_3
Where was Blowup created?,Italy,location_of_formation,Blowup,Italy,6072,0,6072_0
Which country or place was tennis created in?,England,location_of_formation,tennis,England,6073,3,6073_3
Where can reggae trace its creation to?,Jamaica,location_of_formation,reggae,Jamaica,6074,4,6074_4
Which country or place was Frankfurter Allgemeine Zeitung created in?,Germany,location_of_formation,Frankfurter Allgemeine Zeitung,Germany,6075,3,6075_3
Where did the formation of high jump take place?,Scotland,location_of_formation,high jump,Scotland,6076,2,6076_2
Where did the formation of Italian Fascism take place?,Italy,location_of_formation,Italian Fascism,Italy,6077,2,6077_2
Where can tatami trace its creation to?,Japan,location_of_formation,tatami,Japan,6078,4,6078_4
Where was Guinness World Records created?,Ireland,location_of_formation,Guinness World Records,Ireland,6079,0,6079_0
Where was Waiting for Godot created?,France,location_of_formation,Waiting for Godot,France,6080,0,6080_0
Where was Life is Beautiful created?,Italy,location_of_formation,Life is Beautiful,Italy,6081,0,6081_0
Which country or place was Corriere della Sera created in?,Italy,location_of_formation,Corriere della Sera,Italy,6082,3,6082_3
Where was Turkish coffee created?,Turkey,location_of_formation,Turkish coffee,Turkey,6083,0,6083_0
Where can Camembert trace its creation to?,France,location_of_formation,Camembert,France,6084,4,6084_4
In which location was Death Note formed?,Japan,location_of_formation,Death Note,Japan,6085,1,6085_1
Where did the formation of tofu take place?,Japan,location_of_formation,tofu,Japan,6086,2,6086_2
Where can pesto trace its creation to?,Italy,location_of_formation,pesto,Italy,6087,4,6087_4
Where was Kraftwerk created?,Germany,location_of_formation,Kraftwerk,Germany,6088,0,6088_0
In which location was Dobermann formed?,Germany,location_of_formation,Dobermann,Germany,6089,1,6089_1
Where was The Tale of Genji created?,Japan,location_of_formation,The Tale of Genji,Japan,6090,0,6090_0
Where was guacamole created?,Mexico,location_of_formation,guacamole,Mexico,6091,0,6091_0
Which country or place was table tennis created in?,England,location_of_formation,table tennis,England,6092,3,6092_3
Which country or place was J-pop created in?,Japan,location_of_formation,J-pop,Japan,6093,3,6093_3
Which country or place was waffle created in?,Belgium,location_of_formation,waffle,Belgium,6094,3,6094_3
Where did the formation of association football take place?,England,location_of_formation,association football,England,6095,2,6095_2
In which location was Dannii Minogue formed?,Australia,location_of_formation,Dannii Minogue,Australia,6096,1,6096_1
Which country or place was The Decameron created in?,Italy,location_of_formation,The Decameron,Italy,6097,3,6097_3
Where did the formation of U2 take place?,Ireland,location_of_formation,U2,Ireland,6098,2,6098_2
Which country or place was golf created in?,Scotland,location_of_formation,golf,Scotland,6099,3,6099_3
Where can pretzel trace its creation to?,Germany,location_of_formation,pretzel,Germany,6100,4,6100_4
Where can Lenovo trace its creation to?,Beijing,location_of_formation,Lenovo,Beijing,6488,4,6488_4
Where was The Coca-Cola Company created?,Atlanta,location_of_formation,The Coca-Cola Company,Atlanta,6489,0,6489_0
Where was Ericsson created?,Stockholm,location_of_formation,Ericsson,Stockholm,6490,0,6490_0
Where was Stevie Wonder created?,Detroit,location_of_formation,Stevie Wonder,Detroit,6491,0,6491_0
In which location was Samsung Electronics formed?,Seoul,location_of_formation,Samsung Electronics,Seoul,6492,1,6492_1
Which country or place was Kanye West created in?,Chicago,location_of_formation,Kanye West,Chicago,6493,3,6493_3
Where was The Cranberries created?,Limerick,location_of_formation,The Cranberries,Limerick,6494,0,6494_0
Where did the formation of Coldplay take place?,London,location_of_formation,Coldplay,London,6495,2,6495_2
Where did the formation of Siemens take place?,Berlin,location_of_formation,Siemens,Berlin,6496,2,6496_2
Where can Greenpeace trace its creation to?,Vancouver,location_of_formation,Greenpeace,Vancouver,6497,4,6497_4
In which location was Xiaomi formed?,Beijing,location_of_formation,Xiaomi,Beijing,6498,1,6498_1
Which country or place was FIFA created in?,Paris,location_of_formation,FIFA,Paris,6499,3,6499_3
Where did the formation of Union of Lublin take place?,Lublin,location_of_formation,Union of Lublin,Lublin,6500,2,6500_2
Where can Frankfurt School trace its creation to?,Frankfurt am Main,location_of_formation,Frankfurt School,Frankfurt am Main,6501,4,6501_4
In which location was scouting formed?,England,location_of_formation,scouting,England,6502,1,6502_1
Where did the formation of Bee Gees take place?,Manchester,location_of_formation,Bee Gees,Manchester,6503,2,6503_2
Where was Boeing created?,Seattle,location_of_formation,Boeing,Seattle,6504,0,6504_0
In which location was Lordi formed?,Helsinki,location_of_formation,Lordi,Helsinki,6505,1,6505_1
Which country or place was Burger King created in?,Miami,location_of_formation,Burger King,Miami,6506,3,6506_3
Which country or place was Rammstein created in?,Berlin,location_of_formation,Rammstein,Berlin,6507,3,6507_3
Which country or place was Foo Fighters created in?,Seattle,location_of_formation,Foo Fighters,Seattle,6508,3,6508_3
In which location was The Who formed?,London,location_of_formation,The Who,London,6509,1,6509_1
Where can Feyenoord trace its creation to?,Rotterdam,location_of_formation,Feyenoord,Rotterdam,6510,4,6510_4
Which country or place was AFC Ajax created in?,Amsterdam,location_of_formation,AFC Ajax,Amsterdam,6511,3,6511_3
In which location was Deutsche Bahn formed?,Berlin,location_of_formation,Deutsche Bahn,Berlin,6512,1,6512_1
Where did the formation of Sega take place?,Tokyo,location_of_formation,Sega,Tokyo,6513,2,6513_2
Where did the formation of Aston Martin Lagonda take place?,London,location_of_formation,Aston Martin Lagonda,London,6514,2,6514_2
Which country or place was Arctic Monkeys created in?,Sheffield,location_of_formation,Arctic Monkeys,Sheffield,6515,3,6515_3
In which location was Gloria Estefan formed?,Miami,location_of_formation,Gloria Estefan,Miami,6516,1,6516_1
Where did the formation of EMI take place?,London,location_of_formation,EMI,London,6517,2,6517_2
Where did the formation of Duran Duran take place?,Birmingham,location_of_formation,Duran Duran,Birmingham,6518,2,6518_2
Which country or place was London Stock Exchange created in?,London,location_of_formation,London Stock Exchange,London,6519,3,6519_3
Where was Ducati Motor Holding S.p.A. created?,Bologna,location_of_formation,Ducati Motor Holding S.p.A.,Bologna,6520,0,6520_0
In which location was The Rasmus formed?,Helsinki,location_of_formation,The Rasmus,Helsinki,6521,1,6521_1
Which country or place was Def Leppard created in?,Sheffield,location_of_formation,Def Leppard,Sheffield,6522,3,6522_3
Which country or place was Nikon created in?,Tokyo,location_of_formation,Nikon,Tokyo,6523,3,6523_3
Which language does Russians speak natively?,Russian,native_language,Russians,Russian,4853,1,4853_1
Which language does Sophie Marceau speak natively?,French,native_language,Sophie Marceau,French,4854,1,4854_1
Which language does Lionel Jospin speak natively?,French,native_language,Lionel Jospin,French,4855,1,4855_1
What is the native language of William Henry Harrison?,English,native_language,William Henry Harrison,English,4856,0,4856_0
Which is the primary language of Alain Delon?,French,native_language,Alain Delon,French,4857,4,4857_4
What is the first language of Michel de Montaigne?,Latin,native_language,Michel de Montaigne,Latin,4858,2,4858_2
What is the first language of Yevgeny Yevtushenko?,Russian,native_language,Yevgeny Yevtushenko,Russian,4859,2,4859_2
What is the first language of John Paul II?,Polish,native_language,John Paul II,Polish,4860,2,4860_2
What is the first language of Nikolai Bukharin?,Russian,native_language,Nikolai Bukharin,Russian,4861,2,4861_2
Which language does Lionel Messi speak natively?,Spanish,native_language,Lionel Messi,Spanish,4862,1,4862_1
What is the native language of Franz Kafka?,German,native_language,Franz Kafka,German,4863,0,4863_0
What is the first language of Anatole France?,French,native_language,Anatole France,French,4864,2,4864_2
What is the native language of Jean-Paul Sartre?,French,native_language,Jean-Paul Sartre,French,4865,0,4865_0
In which language is Seamus Heaney most fluent?,English,native_language,Seamus Heaney,English,4866,3,4866_3
Which is the primary language of Alexander Pushkin?,Russian,native_language,Alexander Pushkin,Russian,4867,4,4867_4
In which language is Andy Murray most fluent?,English,native_language,Andy Murray,English,4868,3,4868_3
"Which language does Claude Henri de Rouvroy, comte de Saint-Simon speak natively?",French,native_language,"Claude Henri de Rouvroy, comte de Saint-Simon",French,4869,1,4869_1
Which language does John Calvin speak natively?,French,native_language,John Calvin,French,4870,1,4870_1
Which language does William-Adolphe Bouguereau speak natively?,French,native_language,William-Adolphe Bouguereau,French,4871,1,4871_1
Which language does Jean Reno speak natively?,French,native_language,Jean Reno,French,4872,1,4872_1
What is the first language of Audrey Tautou?,French,native_language,Audrey Tautou,French,4873,2,4873_2
Which language does J. Robert Oppenheimer speak natively?,English,native_language,J. Robert Oppenheimer,English,4874,1,4874_1
Which language does Gwen Stefani speak natively?,English,native_language,Gwen Stefani,English,4875,1,4875_1
What is the first language of David Beckham?,English,native_language,David Beckham,English,4876,2,4876_2
What is the native language of Blaise Pascal?,French,native_language,Blaise Pascal,French,4877,0,4877_0
Which is the primary language of Jenson Button?,English,native_language,Jenson Button,English,4878,4,4878_4
What is the first language of Jean Giraudoux?,French,native_language,Jean Giraudoux,French,4879,2,4879_2
In which language is Pierre Bayle most fluent?,French,native_language,Pierre Bayle,French,4880,3,4880_3
Which is the primary language of Gennady Zyuganov?,Russian,native_language,Gennady Zyuganov,Russian,4881,4,4881_4
Which is the primary language of Olivier Messiaen?,French,native_language,Olivier Messiaen,French,4882,4,4882_4
What is the first language of Miguel de Cervantes?,Spanish,native_language,Miguel de Cervantes,Spanish,4883,2,4883_2
What is the native language of Woodrow Wilson?,English,native_language,Woodrow Wilson,English,4884,0,4884_0
In which language is Anna Kournikova most fluent?,Russian,native_language,Anna Kournikova,Russian,4885,3,4885_3
What is the native language of Isabelle Caro?,French,native_language,Isabelle Caro,French,4886,0,4886_0
What is the first language of Tina Turner?,English,native_language,Tina Turner,English,4887,2,4887_2
In which language is Rainer Maria Rilke most fluent?,German,native_language,Rainer Maria Rilke,German,4888,3,4888_3
What is the first language of Lev Landau?,Russian,native_language,Lev Landau,Russian,4889,2,4889_2
What is the first language of Alex Ferguson?,English,native_language,Alex Ferguson,English,4890,2,4890_2
Which is the primary language of Edward Bulwer-Lytton?,English,native_language,Edward Bulwer-Lytton,English,4891,4,4891_4
What is the native language of Joseph Bonaparte?,French,native_language,Joseph Bonaparte,French,4892,0,4892_0
Which language does Boris Vian speak natively?,French,native_language,Boris Vian,French,4893,1,4893_1
What is the first language of Jean-Marie Le Pen?,French,native_language,Jean-Marie Le Pen,French,4894,2,4894_2
What is the native language of Novak Djokovic?,Serbian,native_language,Novak Djokovic,Serbian,4895,0,4895_0
What is the native language of Irina Shayk?,Russian,native_language,Irina Shayk,Russian,4896,0,4896_0
In which language is John Dalton most fluent?,English,native_language,John Dalton,English,4897,3,4897_3
In which language is Theodore Roosevelt most fluent?,English,native_language,Theodore Roosevelt,English,4898,3,4898_3
In which language is Julie Delpy most fluent?,French,native_language,Julie Delpy,French,4899,3,4899_3
In which language is Manuel Valls most fluent?,Spanish,native_language,Manuel Valls,Spanish,4900,3,4900_3
In which language is George Sand most fluent?,French,native_language,George Sand,French,4901,3,4901_3
Which language does Fanny Ardant speak natively?,French,native_language,Fanny Ardant,French,4902,1,4902_1
In which language is Leo Tolstoy most fluent?,Russian,native_language,Leo Tolstoy,Russian,4903,3,4903_3
What is the native language of Al Gore?,English,native_language,Al Gore,English,4904,0,4904_0
Which language does Edsger W. Dijkstra speak natively?,Dutch,native_language,Edsger W. Dijkstra,Dutch,4905,1,4905_1
What is the first language of Pierre Bourdieu?,French,native_language,Pierre Bourdieu,French,4906,2,4906_2
In which language is Vitruvius most fluent?,Latin,native_language,Vitruvius,Latin,4907,3,4907_3
What is the native language of Johnny Hallyday?,French,native_language,Johnny Hallyday,French,4908,0,4908_0
Which is the primary language of Shakira?,Spanish,native_language,Shakira,Spanish,4909,4,4909_4
In which language is Joseph Brodsky most fluent?,Russian,native_language,Joseph Brodsky,Russian,4910,3,4910_3
In which language is Alberto Giacometti most fluent?,Italian,native_language,Alberto Giacometti,Italian,4911,3,4911_3
What is the native language of Marie Curie?,Polish,native_language,Marie Curie,Polish,4912,0,4912_0
What is the first language of Marguerite Yourcenar?,French,native_language,Marguerite Yourcenar,French,4913,2,4913_2
What is the first language of Hans Christian Andersen?,Danish,native_language,Hans Christian Andersen,Danish,4914,2,4914_2
Which language does Swedes speak natively?,Swedish,native_language,Swedes,Swedish,4915,1,4915_1
In which language is Christian Clavier most fluent?,French,native_language,Christian Clavier,French,4916,3,4916_3
What is the native language of Andrew Jackson?,English,native_language,Andrew Jackson,English,4917,0,4917_0
Which is the primary language of Georges Pompidou?,French,native_language,Georges Pompidou,French,4918,4,4918_4
In which language is Jean-Baptiste Say most fluent?,French,native_language,Jean-Baptiste Say,French,4919,3,4919_3
What is the native language of Gad Elmaleh?,French,native_language,Gad Elmaleh,French,4920,0,4920_0
What is the first language of Louis Aragon?,French,native_language,Louis Aragon,French,4921,2,4921_2
Which is the primary language of Nadezhda Krupskaya?,Russian,native_language,Nadezhda Krupskaya,Russian,4922,4,4922_4
What is the native language of Claude Simon?,French,native_language,Claude Simon,French,4923,0,4923_0
What is the first language of Felix Dzerzhinsky?,Russian,native_language,Felix Dzerzhinsky,Russian,4924,2,4924_2
What is the native language of Paul Doumer?,French,native_language,Paul Doumer,French,4925,0,4925_0
What is the first language of Beatrix of the Netherlands?,Dutch,native_language,Beatrix of the Netherlands,Dutch,4926,2,4926_2
Which language does Vladimir Mayakovsky speak natively?,Russian,native_language,Vladimir Mayakovsky,Russian,4927,1,4927_1
Which is the primary language of Luc Besson?,French,native_language,Luc Besson,French,4928,4,4928_4
In which language is Mario Vargas Llosa most fluent?,Spanish,native_language,Mario Vargas Llosa,Spanish,4929,3,4929_3
What is the native language of John Quincy Adams?,English,native_language,John Quincy Adams,English,4930,0,4930_0
What is the first language of Bertrand Russell?,English,native_language,Bertrand Russell,English,4931,2,4931_2
In which language is Akira Kurosawa most fluent?,Japanese,native_language,Akira Kurosawa,Japanese,4932,3,4932_3
Which is the primary language of Sully Prudhomme?,French,native_language,Sully Prudhomme,French,4933,4,4933_4
Which language does Frantz Fanon speak natively?,French,native_language,Frantz Fanon,French,4934,1,4934_1
Which is the primary language of Virginia Woolf?,English,native_language,Virginia Woolf,English,4935,4,4935_4
In which language is Catherine Deneuve most fluent?,French,native_language,Catherine Deneuve,French,4936,3,4936_3
Which language does John Stuart Mill speak natively?,English,native_language,John Stuart Mill,English,4937,1,4937_1
Which is the primary language of Laurent Fabius?,French,native_language,Laurent Fabius,French,4938,4,4938_4
Which is the primary language of Pablo Picasso?,Spanish,native_language,Pablo Picasso,Spanish,4939,4,4939_4
Which language does Alphonse Daudet speak natively?,French,native_language,Alphonse Daudet,French,4940,1,4940_1
In which language is Alexandre Dumas fils most fluent?,French,native_language,Alexandre Dumas fils,French,4941,3,4941_3
Which language does Brian May speak natively?,English,native_language,Brian May,English,4942,1,4942_1
"What is the native language of Georges-Louis Leclerc, Comte de Buffon?",French,native_language,"Georges-Louis Leclerc, Comte de Buffon",French,4943,0,4943_0
Which is the primary language of Rafael Alberti?,Spanish,native_language,Rafael Alberti,Spanish,4944,4,4944_4
Which language does Nikolay Nekrasov speak natively?,Russian,native_language,Nikolay Nekrasov,Russian,4945,1,4945_1
What is the first language of Zachary Taylor?,English,native_language,Zachary Taylor,English,4946,2,4946_2
What is the first language of Adam Sandler?,English,native_language,Adam Sandler,English,4947,2,4947_2
In which language is Vera Lynn most fluent?,English,native_language,Vera Lynn,English,4948,3,4948_3
What is the first language of James A. Garfield?,English,native_language,James A. Garfield,English,4949,2,4949_2
Which language does Jean Anouilh speak natively?,French,native_language,Jean Anouilh,French,4950,1,4950_1
What is the first language of Brigitte Bardot?,French,native_language,Brigitte Bardot,French,4951,2,4951_2
What is the native language of Jacobus Henricus van 't Hoff?,Dutch,native_language,Jacobus Henricus van 't Hoff,Dutch,4952,0,4952_0
Which language does Leslie Caron speak natively?,French,native_language,Leslie Caron,French,4953,1,4953_1
What is the native language of Jan Peter Balkenende?,Dutch,native_language,Jan Peter Balkenende,Dutch,4954,0,4954_0
What is the first language of Giovanni Boccaccio?,Italian,native_language,Giovanni Boccaccio,Italian,4955,2,4955_2
What is the first language of Sergey Lavrov?,Russian,native_language,Sergey Lavrov,Russian,4956,2,4956_2
What is the native language of Peter Kropotkin?,Russian,native_language,Peter Kropotkin,Russian,4957,0,4957_0
Which is the primary language of Jean de La Fontaine?,French,native_language,Jean de La Fontaine,French,4958,4,4958_4
Which is the primary language of Patrice Leconte?,French,native_language,Patrice Leconte,French,4959,4,4959_4
What is the native language of Dmitry Medvedev?,Russian,native_language,Dmitry Medvedev,Russian,4960,0,4960_0
What is the native language of Hendrik Lorentz?,Dutch,native_language,Hendrik Lorentz,Dutch,4961,0,4961_0
What is the first language of Mikhail Khodorkovsky?,Russian,native_language,Mikhail Khodorkovsky,Russian,4962,2,4962_2
Which is the primary language of Ovid?,Latin,native_language,Ovid,Latin,4963,4,4963_4
Which is the primary language of Vladimir Putin?,Russian,native_language,Vladimir Putin,Russian,4964,4,4964_4
Which is the primary language of Gustave Flaubert?,French,native_language,Gustave Flaubert,French,4965,4,4965_4
Which language does Jean-Paul Belmondo speak natively?,French,native_language,Jean-Paul Belmondo,French,4966,1,4966_1
What is the first language of Marc Chagall?,Russian,native_language,Marc Chagall,Russian,4967,2,4967_2
In which language is Claude Bernard most fluent?,French,native_language,Claude Bernard,French,4968,3,4968_3
Which language does Virginie Ledoyen speak natively?,French,native_language,Virginie Ledoyen,French,4969,1,4969_1
What is the first language of Douglas Adams?,English,native_language,Douglas Adams,English,4970,2,4970_2
In which language is Ehud Olmert most fluent?,Hebrew,native_language,Ehud Olmert,Hebrew,4971,3,4971_3
Which is the primary language of Charles Perrault?,French,native_language,Charles Perrault,French,4972,4,4972_4
What is the first language of Marcel Marceau?,French,native_language,Marcel Marceau,French,4973,2,4973_2
What is the native language of Virgil?,Latin,native_language,Virgil,Latin,4974,0,4974_0
Which is the primary language of Jeanne Moreau?,French,native_language,Jeanne Moreau,French,4975,4,4975_4
In which language is Jean Dujardin most fluent?,French,native_language,Jean Dujardin,French,4976,3,4976_3
What is the native language of Emmanuel Macron?,French,native_language,Emmanuel Macron,French,4977,0,4977_0
Which is the primary language of A. P. J. Abdul Kalam?,Tamil,native_language,A. P. J. Abdul Kalam,Tamil,4978,4,4978_4
In which language is Barack Obama most fluent?,English,native_language,Barack Obama,English,4979,3,4979_3
What is the first language of Basshunter?,Swedish,native_language,Basshunter,Swedish,4980,2,4980_2
What is the first language of William Butler Yeats?,English,native_language,William Butler Yeats,English,4981,2,4981_2
What is the native language of Arthur Conan Doyle?,English,native_language,Arthur Conan Doyle,English,4982,0,4982_0
What language is recognized as official in French Polynesia?,French,official_language,French Polynesia,French,235,4,235_4
What language is recognized as official in Brunei?,Malay,official_language,Brunei,Malay,236,4,236_4
Which language holds official status in Uttar Pradesh?,Urdu,official_language,Uttar Pradesh,Urdu,237,3,237_3
What is the primary language spoken in European Union?,Finnish,official_language,European Union,Finnish,238,2,238_2
What language is recognized as official in Wallonia?,French,official_language,Wallonia,French,239,4,239_4
What is the official language of European Union?,Slovene,official_language,European Union,Slovene,240,0,240_0
Which language holds official status in Haiti?,French,official_language,Haiti,French,241,3,241_3
Which language is officially used in Union of South Africa?,Dutch,official_language,Union of South Africa,Dutch,242,1,242_1
What is the primary language spoken in Shanghai Cooperation Organisation?,Russian,official_language,Shanghai Cooperation Organisation,Russian,243,2,243_2
Which language is officially used in Wyoming?,English,official_language,Wyoming,English,244,1,244_1
What is the official language of World Athletics?,French,official_language,World Athletics,French,245,0,245_0
What language is recognized as official in Odessa Oblast?,Russian,official_language,Odessa Oblast,Russian,246,4,246_4
Which language holds official status in Holy See?,Latin,official_language,Holy See,Latin,247,3,247_3
Which language is officially used in Uruguay?,Spanish,official_language,Uruguay,Spanish,248,1,248_1
Which language is officially used in Jamshedpur?,Hindi,official_language,Jamshedpur,Hindi,249,1,249_1
What is the official language of South Ossetia?,Georgian,official_language,South Ossetia,Georgian,250,0,250_0
What language is recognized as official in Cambodia?,Khmer,official_language,Cambodia,Khmer,251,4,251_4
What is the official language of Krasnoyarsk Krai?,Russian,official_language,Krasnoyarsk Krai,Russian,252,0,252_0
Which language is officially used in Republic of the Congo?,French,official_language,Republic of the Congo,French,253,1,253_1
What is the primary language spoken in Solomon Islands?,English,official_language,Solomon Islands,English,254,2,254_2
What is the official language of Meghalaya?,English,official_language,Meghalaya,English,255,0,255_0
Which language is officially used in Rajasthan?,Hindi,official_language,Rajasthan,Hindi,256,1,256_1
Which language holds official status in Shanghai Cooperation Organisation?,Chinese,official_language,Shanghai Cooperation Organisation,Chinese,257,3,257_3
What language is recognized as official in Easter Island?,Spanish,official_language,Easter Island,Spanish,258,4,258_4
Which language holds official status in Majorca?,Catalan,official_language,Majorca,Catalan,259,3,259_3
Which language holds official status in Brazil?,Portuguese,official_language,Brazil,Portuguese,260,3,260_3
Which language is officially used in Mexico?,Spanish,official_language,Mexico,Spanish,261,1,261_1
What language is recognized as official in The Gambia?,English,official_language,The Gambia,English,262,4,262_4
What is the official language of Kyōto Prefecture?,Japanese,official_language,Kyōto Prefecture,Japanese,263,0,263_0
What is the official language of South Georgia and the South Sandwich Islands?,English,official_language,South Georgia and the South Sandwich Islands,English,264,0,264_0
What is the official language of Isle of Man?,English,official_language,Isle of Man,English,265,0,265_0
Which language holds official status in Mississippi?,English,official_language,Mississippi,English,266,3,266_3
What language is recognized as official in Macau?,Chinese,official_language,Macau,Chinese,267,4,267_4
Which language holds official status in Czechoslovakia?,Slovak,official_language,Czechoslovakia,Slovak,268,3,268_3
Which language holds official status in Donetsk Oblast?,Russian,official_language,Donetsk Oblast,Russian,269,3,269_3
Which language holds official status in Israel?,Hebrew,official_language,Israel,Hebrew,270,3,270_3
What is the official language of Samoa?,English,official_language,Samoa,English,271,0,271_0
Which language is officially used in Republic of Tatarstan?,Russian,official_language,Republic of Tatarstan,Russian,272,1,272_1
What is the primary language spoken in Brussels region?,Dutch,official_language,Brussels region,Dutch,273,2,273_2
What language is recognized as official in Hawaii?,Hawaiian,official_language,Hawaii,Hawaiian,274,4,274_4
Which language is officially used in Switzerland?,French,official_language,Switzerland,French,275,1,275_1
What is the official language of Kajaani?,Finnish,official_language,Kajaani,Finnish,276,0,276_0
Which language is officially used in Belgium?,German,official_language,Belgium,German,277,1,277_1
Which language is officially used in Nauru?,English,official_language,Nauru,English,278,1,278_1
Which language holds official status in Delhi?,English,official_language,Delhi,English,279,3,279_3
Which language is officially used in Navarre?,Spanish,official_language,Navarre,Spanish,280,1,280_1
What is the official language of Ibiza?,Spanish,official_language,Ibiza,Spanish,281,0,281_0
What is the primary language spoken in Kerala?,English,official_language,Kerala,English,282,2,282_2
What is the official language of Falkland Islands?,English,official_language,Falkland Islands,English,283,0,283_0
Which language is officially used in Free City of Danzig?,Polish,official_language,Free City of Danzig,Polish,284,1,284_1
What is the official language of Union of European Football Associations?,French,official_language,Union of European Football Associations,French,285,0,285_0
Which language holds official status in Friesland?,Dutch,official_language,Friesland,Dutch,286,3,286_3
Which language holds official status in Guinea?,French,official_language,Guinea,French,287,3,287_3
Which language is officially used in Coimbatore?,Tamil,official_language,Coimbatore,Tamil,288,1,288_1
Which language is officially used in Australia?,English,official_language,Australia,English,289,1,289_1
What is the official language of Peru?,Spanish,official_language,Peru,Spanish,290,0,290_0
What is the primary language spoken in Delhi?,Punjabi,official_language,Delhi,Punjabi,291,2,291_2
What is the primary language spoken in Lesotho?,English,official_language,Lesotho,English,292,2,292_2
What is the primary language spoken in India?,English,official_language,India,English,293,2,293_2
Which language is officially used in Pitcairn Islands?,English,official_language,Pitcairn Islands,English,294,1,294_1
What language is recognized as official in Khanty-Mansi Autonomous Okrug?,Russian,official_language,Khanty-Mansi Autonomous Okrug,Russian,295,4,295_4
What is the primary language spoken in Zimbabwe?,English,official_language,Zimbabwe,English,296,2,296_2
What is the primary language spoken in Lucerne?,German,official_language,Lucerne,German,297,2,297_2
What is the primary language spoken in Transnistria?,Ukrainian,official_language,Transnistria,Ukrainian,298,2,298_2
What is the official language of Djibouti?,French,official_language,Djibouti,French,299,0,299_0
What language is recognized as official in Sint Eustatius?,English,official_language,Sint Eustatius,English,300,4,300_4
Which language is officially used in Montana?,English,official_language,Montana,English,301,1,301_1
Which language is officially used in The Bahamas?,English,official_language,The Bahamas,English,302,1,302_1
What is the primary language spoken in Republic of Dagestan?,Azerbaijani,official_language,Republic of Dagestan,Azerbaijani,303,2,303_2
Which language holds official status in North Macedonia?,Macedonian,official_language,North Macedonia,Macedonian,304,3,304_3
Which language is officially used in Ontario?,English,official_language,Ontario,English,305,1,305_1
What is the primary language spoken in Alberta?,English,official_language,Alberta,English,306,2,306_2
What language is recognized as official in Montenegro?,Serbian,official_language,Montenegro,Serbian,307,4,307_4
Which language holds official status in Jammu and Kashmir?,Urdu,official_language,Jammu and Kashmir,Urdu,308,3,308_3
Which language is officially used in Eswatini?,English,official_language,Eswatini,English,309,1,309_1
What is the official language of European Union?,Dutch,official_language,European Union,Dutch,310,0,310_0
What is the official language of Grenada?,English,official_language,Grenada,English,311,0,311_0
What is the official language of Alderney?,English,official_language,Alderney,English,312,0,312_0
What is the primary language spoken in Aargau?,German,official_language,Aargau,German,313,2,313_2
Which language holds official status in Republic of Khakassia?,Russian,official_language,Republic of Khakassia,Russian,314,3,314_3
Which language holds official status in Chechen Republic?,Russian,official_language,Chechen Republic,Russian,315,3,315_3
What is the primary language spoken in Mykolaiv Oblast?,Russian,official_language,Mykolaiv Oblast,Russian,316,2,316_2
What language is recognized as official in Punjab?,Punjabi,official_language,Punjab,Punjabi,317,4,317_4
Which language is officially used in Rwanda?,English,official_language,Rwanda,English,318,1,318_1
What language is recognized as official in Finland?,Finnish,official_language,Finland,Finnish,319,4,319_4
Which language is officially used in Nebraska?,English,official_language,Nebraska,English,320,1,320_1
What is the primary language spoken in Poland?,Polish,official_language,Poland,Polish,321,2,321_2
What language is recognized as official in Ukrainian Soviet Socialist Republic?,Russian,official_language,Ukrainian Soviet Socialist Republic,Russian,322,4,322_4
What is the primary language spoken in Nyon?,French,official_language,Nyon,French,323,2,323_2
What is the primary language spoken in Basel?,German,official_language,Basel,German,324,2,324_2
What is the official language of Arkansas?,English,official_language,Arkansas,English,325,0,325_0
Which language is officially used in Romania?,Romanian,official_language,Romania,Romanian,326,1,326_1
Which language is officially used in Sri Lanka?,Tamil,official_language,Sri Lanka,Tamil,327,1,327_1
Which language is officially used in European Union?,Greek,official_language,European Union,Greek,328,1,328_1
What is the official language of European Union?,Irish,official_language,European Union,Irish,329,0,329_0
Which language is officially used in Kenya?,English,official_language,Kenya,English,330,1,330_1
Which language holds official status in French Southern and Antarctic Lands?,French,official_language,French Southern and Antarctic Lands,French,331,3,331_3
What is the primary language spoken in Ghana?,English,official_language,Ghana,English,332,2,332_2
Which language is officially used in Provence?,French,official_language,Provence,French,333,1,333_1
Which language holds official status in Slovenia?,Slovene,official_language,Slovenia,Slovene,334,3,334_3
Which language holds official status in Moldova?,Romanian,official_language,Moldova,Romanian,335,3,335_3
Which language is officially used in Organization for Security and Co-operation in Europe?,French,official_language,Organization for Security and Co-operation in Europe,French,336,1,336_1
What is the official language of French Guiana?,French,official_language,French Guiana,French,337,0,337_0
What language is recognized as official in Lithuania?,Lithuanian,official_language,Lithuania,Lithuanian,338,4,338_4
What language is recognized as official in Komi Republic?,Russian,official_language,Komi Republic,Russian,339,4,339_4
Which language is officially used in Anguilla?,English,official_language,Anguilla,English,340,1,340_1
What language is recognized as official in Belize?,English,official_language,Belize,English,341,4,341_4
Which language holds official status in Spain?,Catalan,official_language,Spain,Catalan,342,3,342_3
Which language holds official status in Barbados?,English,official_language,Barbados,English,343,3,343_3
Which language holds official status in Melitopol?,Ukrainian,official_language,Melitopol,Ukrainian,344,3,344_3
Which language holds official status in West Germany?,German,official_language,West Germany,German,345,3,345_3
What language is recognized as official in Nenets Autonomous Okrug?,Russian,official_language,Nenets Autonomous Okrug,Russian,346,4,346_4
What language is recognized as official in Caribbean Netherlands?,English,official_language,Caribbean Netherlands,English,347,4,347_4
What is the official language of Colombia?,Spanish,official_language,Colombia,Spanish,348,0,348_0
What is the primary language spoken in Bahia?,Portuguese,official_language,Bahia,Portuguese,349,2,349_2
Which language is officially used in Brunei?,English,official_language,Brunei,English,350,1,350_1
Which language holds official status in Kingdom of Sicily?,Latin,official_language,Kingdom of Sicily,Latin,351,3,351_3
Which language holds official status in Donetsk Oblast?,Ukrainian,official_language,Donetsk Oblast,Ukrainian,352,3,352_3
Which language holds official status in Patna?,Hindi,official_language,Patna,Hindi,353,3,353_3
What is the primary language spoken in Sevastopol?,Ukrainian,official_language,Sevastopol,Ukrainian,354,2,354_2
What language is recognized as official in Pakistan?,Urdu,official_language,Pakistan,Urdu,355,4,355_4
Which language holds official status in Mariehamn?,Swedish,official_language,Mariehamn,Swedish,356,3,356_3
What is the official language of canton of Bern?,French,official_language,canton of Bern,French,357,0,357_0
Which language is officially used in Luhansk People's Republic?,Ukrainian,official_language,Luhansk People's Republic,Ukrainian,358,1,358_1
What language is recognized as official in La Chaux-de-Fonds?,French,official_language,La Chaux-de-Fonds,French,359,4,359_4
What is the primary language spoken in Grand Duchy of Moscow?,Russian,official_language,Grand Duchy of Moscow,Russian,360,2,360_2
What language is recognized as official in Czechoslovakia?,Czech,official_language,Czechoslovakia,Czech,361,4,361_4
Which language is officially used in Senegal?,French,official_language,Senegal,French,362,1,362_1
What language is recognized as official in Sovereign Military Order of Malta?,Latin,official_language,Sovereign Military Order of Malta,Latin,363,4,363_4
What language is recognized as official in Nunavut?,English,official_language,Nunavut,English,364,4,364_4
Which language holds official status in Geneva?,French,official_language,Geneva,French,365,3,365_3
What is the primary language spoken in European Union?,Bulgarian,official_language,European Union,Bulgarian,366,2,366_2
What is the primary language spoken in canton of Bern?,German,official_language,canton of Bern,German,367,2,367_2
What is the primary language spoken in World Health Organization?,English,official_language,World Health Organization,English,368,2,368_2
Which language holds official status in Sint Eustatius?,Dutch,official_language,Sint Eustatius,Dutch,369,3,369_3
What language is recognized as official in Bosnia and Herzegovina?,Serbian,official_language,Bosnia and Herzegovina,Serbian,370,4,370_4
What is the official language of South Tyrol?,Italian,official_language,South Tyrol,Italian,371,0,371_0
What language is recognized as official in Finland?,Swedish,official_language,Finland,Swedish,372,4,372_4
Which language holds official status in Papua New Guinea?,English,official_language,Papua New Guinea,English,373,3,373_3
What is the primary language spoken in Ticino?,Italian,official_language,Ticino,Italian,374,2,374_2
Which language holds official status in Malta?,Maltese,official_language,Malta,Maltese,375,3,375_3
What language is recognized as official in Rwanda?,French,official_language,Rwanda,French,376,4,376_4
Which language is officially used in Nepal?,Nepali,official_language,Nepal,Nepali,377,1,377_1
What is the primary language spoken in Republic of Venice?,Italian,official_language,Republic of Venice,Italian,378,2,378_2
Which language is officially used in Chad?,French,official_language,Chad,French,379,1,379_1
What is the primary language spoken in Yerevan?,Armenian,official_language,Yerevan,Armenian,380,2,380_2
Which language is officially used in Bolivia?,Spanish,official_language,Bolivia,Spanish,381,1,381_1
What is the official language of Benelux?,Dutch,official_language,Benelux,Dutch,382,0,382_0
Which language holds official status in Malaysia?,English,official_language,Malaysia,English,383,3,383_3
What is the official language of Russian Empire?,Finnish,official_language,Russian Empire,Finnish,384,0,384_0
Which language is officially used in South Sudan?,English,official_language,South Sudan,English,385,1,385_1
What language is recognized as official in Equatorial Guinea?,French,official_language,Equatorial Guinea,French,386,4,386_4
Which language is officially used in European Union?,Hungarian,official_language,European Union,Hungarian,387,1,387_1
What language is recognized as official in Kyrgyzstan?,Russian,official_language,Kyrgyzstan,Russian,388,4,388_4
What language is recognized as official in Basel-Stadt?,German,official_language,Basel-Stadt,German,389,4,389_4
What is the primary language spoken in Japan?,Japanese,official_language,Japan,Japanese,390,2,390_2
Which language holds official status in Byelorussian Soviet Socialist Republic?,Russian,official_language,Byelorussian Soviet Socialist Republic,Russian,391,3,391_3
Which language is officially used in Iran?,Persian,official_language,Iran,Persian,392,1,392_1
What language is recognized as official in Tampere?,Finnish,official_language,Tampere,Finnish,393,4,393_4
What language is recognized as official in Oulu?,Finnish,official_language,Oulu,Finnish,394,4,394_4
Which language holds official status in Nazi Germany?,German,official_language,Nazi Germany,German,395,3,395_3
Which language is officially used in Espoo?,Swedish,official_language,Espoo,Swedish,396,1,396_1
What language is recognized as official in Aragon?,Spanish,official_language,Aragon,Spanish,397,4,397_4
What language is recognized as official in Panama?,Spanish,official_language,Panama,Spanish,398,4,398_4
What language is recognized as official in Quebec?,French,official_language,Quebec,French,399,4,399_4
What is the primary language spoken in Roman Empire?,Latin,official_language,Roman Empire,Latin,400,2,400_2
Which language holds official status in Equatorial Guinea?,Spanish,official_language,Equatorial Guinea,Spanish,401,3,401_3
Which language is officially used in Newfoundland and Labrador?,English,official_language,Newfoundland and Labrador,English,402,1,402_1
What language is recognized as official in Yamalo-Nenets Autonomous Okrug?,Russian,official_language,Yamalo-Nenets Autonomous Okrug,Russian,403,4,403_4
Which language holds official status in European Union?,Estonian,official_language,European Union,Estonian,404,3,404_3
Which language is officially used in South Tyrol?,German,official_language,South Tyrol,German,405,1,405_1
Which language is officially used in Republic of Venice?,Latin,official_language,Republic of Venice,Latin,406,1,406_1
What is the primary language spoken in Benelux?,French,official_language,Benelux,French,407,2,407_2
Which language holds official status in Menorca?,Catalan,official_language,Menorca,Catalan,408,3,408_3
Which language is officially used in United Nations?,Spanish,official_language,United Nations,Spanish,409,1,409_1
What is the official language of Saba?,Dutch,official_language,Saba,Dutch,410,0,410_0
What is the primary language spoken in Luhansk Oblast?,Ukrainian,official_language,Luhansk Oblast,Ukrainian,411,2,411_2
What is the official language of Vaasa?,Swedish,official_language,Vaasa,Swedish,412,0,412_0
What is the primary language spoken in Sakha Republic?,Russian,official_language,Sakha Republic,Russian,413,2,413_2
What is the primary language spoken in Delhi?,Hindi,official_language,Delhi,Hindi,414,2,414_2
What language is recognized as official in European Union?,Polish,official_language,European Union,Polish,415,4,415_4
What is the official language of United States Virgin Islands?,English,official_language,United States Virgin Islands,English,416,0,416_0
Which language holds official status in Dominican Republic?,Spanish,official_language,Dominican Republic,Spanish,417,3,417_3
Which language is officially used in Wales?,Welsh,official_language,Wales,Welsh,418,1,418_1
Which language is officially used in Lucknow?,Urdu,official_language,Lucknow,Urdu,419,1,419_1
Which language is officially used in Donetsk?,Ukrainian,official_language,Donetsk,Ukrainian,420,1,420_1
What language is recognized as official in Flanders?,Dutch,official_language,Flanders,Dutch,421,4,421_4
What language is recognized as official in Jewish Autonomous Oblast?,Russian,official_language,Jewish Autonomous Oblast,Russian,422,4,422_4
What is the official language of British Columbia?,English,official_language,British Columbia,English,423,0,423_0
What is the official language of Belgium?,Dutch,official_language,Belgium,Dutch,424,0,424_0
What is the primary language spoken in Congress Poland?,Polish,official_language,Congress Poland,Polish,425,2,425_2
What language is recognized as official in Quetzaltenango?,Spanish,official_language,Quetzaltenango,Spanish,426,4,426_4
What is the official language of Byzantine Empire?,Latin,official_language,Byzantine Empire,Latin,427,0,427_0
What language is recognized as official in Ireland?,English,official_language,Ireland,English,428,4,428_4
What is the official language of Netherlands?,Dutch,official_language,Netherlands,Dutch,429,0,429_0
What is the primary language spoken in Kansas?,English,official_language,Kansas,English,430,2,430_2
What language is recognized as official in Vantaa?,Finnish,official_language,Vantaa,Finnish,431,4,431_4
Which language holds official status in South Africa?,English,official_language,South Africa,English,432,3,432_3
Which language is officially used in Locarno?,Italian,official_language,Locarno,Italian,433,1,433_1
Which language holds official status in Vanuatu?,English,official_language,Vanuatu,English,434,3,434_3
Which language is officially used in Montenegro?,Croatian,official_language,Montenegro,Croatian,435,1,435_1
What is the primary language spoken in Suriname?,Dutch,official_language,Suriname,Dutch,436,2,436_2
What language is recognized as official in Jharkhand?,Hindi,official_language,Jharkhand,Hindi,437,4,437_4
What is the official language of Lugano?,Italian,official_language,Lugano,Italian,438,0,438_0
What is the official language of Udmurt Republic?,Russian,official_language,Udmurt Republic,Russian,439,0,439_0
What is the official language of Colorado?,English,official_language,Colorado,English,440,0,440_0
What is the official language of Vaasa?,Finnish,official_language,Vaasa,Finnish,441,0,441_0
Which language is officially used in Kabardino-Balkaria?,Russian,official_language,Kabardino-Balkaria,Russian,442,1,442_1
What language is recognized as official in Tonga?,English,official_language,Tonga,English,443,4,443_4
What is the primary language spoken in England?,English,official_language,England,English,444,2,444_2
Which language is officially used in Equatorial Guinea?,Portuguese,official_language,Equatorial Guinea,Portuguese,445,1,445_1
Which language holds official status in Transnistria?,Russian,official_language,Transnistria,Russian,446,3,446_3
What is the official language of Byelorussian Soviet Socialist Republic?,Belarusian,official_language,Byelorussian Soviet Socialist Republic,Belarusian,447,0,447_0
What language is recognized as official in Kyustendil Province?,Bulgarian,official_language,Kyustendil Province,Bulgarian,448,4,448_4
What is the primary language spoken in Ireland?,Irish,official_language,Ireland,Irish,449,2,449_2
What is the primary language spoken in Guinea-Bissau?,Portuguese,official_language,Guinea-Bissau,Portuguese,450,2,450_2
Which language is officially used in Bosnia and Herzegovina?,Croatian,official_language,Bosnia and Herzegovina,Croatian,451,1,451_1
Which language holds official status in Indiana?,English,official_language,Indiana,English,452,3,452_3
What is the primary language spoken in North Korea?,Korean,official_language,North Korea,Korean,453,2,453_2
Which language is officially used in Donetsk People's Republic?,Ukrainian,official_language,Donetsk People's Republic,Ukrainian,454,1,454_1
Which language is officially used in Singapore?,Tamil,official_language,Singapore,Tamil,455,1,455_1
Which language holds official status in Russia?,Ukrainian,official_language,Russia,Ukrainian,456,3,456_3
Which language is officially used in Kingdom of Sicily?,Sicilian,official_language,Kingdom of Sicily,Sicilian,457,1,457_1
What language is recognized as official in Collective Security Treaty Organisation?,Russian,official_language,Collective Security Treaty Organisation,Russian,458,4,458_4
Which language is officially used in Kuopio?,Finnish,official_language,Kuopio,Finnish,459,1,459_1
Which language is officially used in Argentina?,Spanish,official_language,Argentina,Spanish,460,1,460_1
What language is recognized as official in Mikkeli?,Finnish,official_language,Mikkeli,Finnish,461,4,461_4
Which language is officially used in Duchy of Normandy?,Norman,official_language,Duchy of Normandy,Norman,462,1,462_1
What is the primary language spoken in Netherlands Antilles?,English,official_language,Netherlands Antilles,English,463,2,463_2
What is the official language of Espoo?,Finnish,official_language,Espoo,Finnish,464,0,464_0
What language is recognized as official in Aarau?,German,official_language,Aarau,German,465,4,465_4
What is the primary language spoken in Yalta?,Russian,official_language,Yalta,Russian,466,2,466_2
Which language is officially used in Nova Scotia?,English,official_language,Nova Scotia,English,467,1,467_1
Which language holds official status in Organisation for Economic Cooperation and Development?,English,official_language,Organisation for Economic Cooperation and Development,English,468,3,468_3
What is the official language of Hawaii?,English,official_language,Hawaii,English,469,0,469_0
What is the primary language spoken in Campione d'Italia?,Italian,official_language,Campione d'Italia,Italian,470,2,470_2
Which language is officially used in Vantaa?,Swedish,official_language,Vantaa,Swedish,471,1,471_1
What is the primary language spoken in Tsardom of Russia?,Russian,official_language,Tsardom of Russia,Russian,472,2,472_2
What is the official language of Carouge?,French,official_language,Carouge,French,473,0,473_0
What is the primary language spoken in World Health Organization?,Russian,official_language,World Health Organization,Russian,474,2,474_2
What is the primary language spoken in Palau?,English,official_language,Palau,English,475,2,475_2
Which language is officially used in County Cork?,Irish,official_language,County Cork,Irish,476,1,476_1
What language is recognized as official in Azerbaijan Soviet Socialist Republic?,Azerbaijani,official_language,Azerbaijan Soviet Socialist Republic,Azerbaijani,477,4,477_4
Which language is officially used in Rovaniemi?,Finnish,official_language,Rovaniemi,Finnish,478,1,478_1
Which language holds official status in Niue?,English,official_language,Niue,English,479,3,479_3
What is the primary language spoken in Old Kingdom of Egypt?,Egyptian,official_language,Old Kingdom of Egypt,Egyptian,480,2,480_2
What language is recognized as official in Ivory Coast?,French,official_language,Ivory Coast,French,481,4,481_4
What language is recognized as official in Honduras?,Spanish,official_language,Honduras,Spanish,482,4,482_4
Which language holds official status in New Hampshire?,English,official_language,New Hampshire,English,483,3,483_3
What is the official language of Cayman Islands?,English,official_language,Cayman Islands,English,484,0,484_0
What language is recognized as official in Burundi?,English,official_language,Burundi,English,485,4,485_4
What language is recognized as official in Cameroon?,English,official_language,Cameroon,English,486,4,486_4
What language is recognized as official in Alaska?,English,official_language,Alaska,English,487,4,487_4
Which language holds official status in Vatican City?,Italian,official_language,Vatican City,Italian,488,3,488_3
What is the primary language spoken in Donetsk?,Russian,official_language,Donetsk,Russian,489,2,489_2
Which language is officially used in Mozambique?,Portuguese,official_language,Mozambique,Portuguese,490,1,490_1
Which language holds official status in East Timor?,Portuguese,official_language,East Timor,Portuguese,491,3,491_3
Which language is officially used in Akrotiri and Dhekelia?,English,official_language,Akrotiri and Dhekelia,English,492,1,492_1
What language is recognized as official in British Antarctic Territory?,English,official_language,British Antarctic Territory,English,493,4,493_4
Which language holds official status in Russian Empire?,Russian,official_language,Russian Empire,Russian,494,3,494_3
Which language holds official status in Nigeria?,English,official_language,Nigeria,English,495,3,495_3
What is the official language of Kingdom of the Netherlands?,Dutch,official_language,Kingdom of the Netherlands,Dutch,496,0,496_0
Which language is officially used in Abkhazia?,Russian,official_language,Abkhazia,Russian,497,1,497_1
Which language holds official status in Majorca?,Spanish,official_language,Majorca,Spanish,498,3,498_3
What is the official language of Portugal?,Portuguese,official_language,Portugal,Portuguese,499,0,499_0
What language is recognized as official in Manitoba?,English,official_language,Manitoba,English,500,4,500_4
What is the primary language spoken in European Space Agency?,French,official_language,European Space Agency,French,501,2,501_2
What language is recognized as official in Malabo?,Spanish,official_language,Malabo,Spanish,502,4,502_4
What is the official language of European Union?,Spanish,official_language,European Union,Spanish,503,0,503_0
What is the primary language spoken in Mari El Republic?,Russian,official_language,Mari El Republic,Russian,504,2,504_2
Which language is officially used in Helsinki?,Finnish,official_language,Helsinki,Finnish,505,1,505_1
Which language is officially used in Catalonia?,Spanish,official_language,Catalonia,Spanish,506,1,506_1
Which language is officially used in Russian Empire?,Polish,official_language,Russian Empire,Polish,507,1,507_1
What language is recognized as official in Chhattisgarh?,Hindi,official_language,Chhattisgarh,Hindi,508,4,508_4
Which language is officially used in Autonomous Republic of Crimea?,Ukrainian,official_language,Autonomous Republic of Crimea,Ukrainian,509,1,509_1
What language is recognized as official in Seychelles?,English,official_language,Seychelles,English,510,4,510_4
What is the primary language spoken in Navarre?,Basque,official_language,Navarre,Basque,511,2,511_2
What language is recognized as official in Spanish Empire?,Spanish,official_language,Spanish Empire,Spanish,512,4,512_4
What is the primary language spoken in Saskatchewan?,English,official_language,Saskatchewan,English,513,2,513_2
Which language holds official status in Ukrainian Soviet Socialist Republic?,Ukrainian,official_language,Ukrainian Soviet Socialist Republic,Ukrainian,514,3,514_3
What is the primary language spoken in Asturias?,Spanish,official_language,Asturias,Spanish,515,2,515_2
What is the official language of Vietnam?,Vietnamese,official_language,Vietnam,Vietnamese,516,0,516_0
Which language holds official status in Kosovo?,Albanian,official_language,Kosovo,Albanian,517,3,517_3
Which language is officially used in World Trade Organization?,French,official_language,World Trade Organization,French,518,1,518_1
What is the primary language spoken in Lappeenranta?,Finnish,official_language,Lappeenranta,Finnish,519,2,519_2
What language is recognized as official in Ecuador?,Spanish,official_language,Ecuador,Spanish,520,4,520_4
What is the primary language spoken in Luhansk Oblast?,Russian,official_language,Luhansk Oblast,Russian,521,2,521_2
What is the official language of Hyderabad?,Telugu,official_language,Hyderabad,Telugu,522,0,522_0
Which language is officially used in United Nations?,English,official_language,United Nations,English,523,1,523_1
Which language holds official status in Jersey?,English,official_language,Jersey,English,524,3,524_3
What is the official language of Qing dynasty?,Mongolian,official_language,Qing dynasty,Mongolian,525,0,525_0
Which language is officially used in Guyana?,English,official_language,Guyana,English,526,1,526_1
Which language holds official status in Austria?,German,official_language,Austria,German,527,3,527_3
Which language holds official status in Singapore?,Malay,official_language,Singapore,Malay,528,3,528_3
What is the official language of Turkey?,Turkish,official_language,Turkey,Turkish,529,0,529_0
What language is recognized as official in Chile?,Spanish,official_language,Chile,Spanish,530,4,530_4
Which language is officially used in Sint Maarten (Dutch part)?,Dutch,official_language,Sint Maarten (Dutch part),Dutch,531,1,531_1
What is the official language of International Organization for Standardization?,French,official_language,International Organization for Standardization,French,532,0,532_0
Which language holds official status in European Union?,English,official_language,European Union,English,533,3,533_3
What is the primary language spoken in Brussels region?,French,official_language,Brussels region,French,534,2,534_2
What language is recognized as official in canton of Valais?,French,official_language,canton of Valais,French,535,4,535_4
What is the official language of Delhi?,Urdu,official_language,Delhi,Urdu,536,0,536_0
What is the official language of South Dakota?,English,official_language,South Dakota,English,537,0,537_0
Which language is officially used in Alabama?,English,official_language,Alabama,English,538,1,538_1
Which language is officially used in Miss Universe?,English,official_language,Miss Universe,English,539,1,539_1
What is the primary language spoken in California?,English,official_language,California,English,540,2,540_2
Which language holds official status in Switzerland?,Italian,official_language,Switzerland,Italian,541,3,541_3
Which language is officially used in Tuva Republic?,Russian,official_language,Tuva Republic,Russian,542,1,542_1
What language is recognized as official in Russia?,Russian,official_language,Russia,Russian,543,4,543_4
Which language is officially used in Yukon?,English,official_language,Yukon,English,544,1,544_1
What language is recognized as official in Burkina Faso?,French,official_language,Burkina Faso,French,545,4,545_4
What is the primary language spoken in Jersey?,French,official_language,Jersey,French,546,2,546_2
What is the official language of Russia?,Azerbaijani,official_language,Russia,Azerbaijani,547,0,547_0
What is the primary language spoken in Nunavut?,French,official_language,Nunavut,French,548,2,548_2
Which language holds official status in Kotka?,Finnish,official_language,Kotka,Finnish,549,3,549_3
Which language is officially used in Italy?,Italian,official_language,Italy,Italian,550,1,550_1
Which language holds official status in Qing dynasty?,Chinese,official_language,Qing dynasty,Chinese,551,3,551_3
What language is recognized as official in North Carolina?,English,official_language,North Carolina,English,552,4,552_4
What is the primary language spoken in Philippines?,English,official_language,Philippines,English,553,2,553_2
Which language is officially used in Sweden?,Finnish,official_language,Sweden,Finnish,554,1,554_1
What language is recognized as official in Idaho?,English,official_language,Idaho,English,555,4,555_4
Which language is officially used in Maharashtra?,Marathi,official_language,Maharashtra,Marathi,556,1,556_1
What language is recognized as official in Republic of Buryatia?,Russian,official_language,Republic of Buryatia,Russian,557,4,557_4
What is the official language of Niger?,French,official_language,Niger,French,558,0,558_0
What language is recognized as official in Solna Municipality?,Swedish,official_language,Solna Municipality,Swedish,559,4,559_4
What language is recognized as official in Lucknow?,English,official_language,Lucknow,English,560,4,560_4
What language is recognized as official in Russian Soviet Federative Socialist Republic?,Russian,official_language,Russian Soviet Federative Socialist Republic,Russian,561,4,561_4
What language is recognized as official in Mandatory Palestine?,Hebrew,official_language,Mandatory Palestine,Hebrew,562,4,562_4
Which language is officially used in ASEAN?,Indonesian,official_language,ASEAN,Indonesian,563,1,563_1
Which language is officially used in Serbia and Montenegro?,Serbian,official_language,Serbia and Montenegro,Serbian,564,1,564_1
What is the primary language spoken in International Organization for Standardization?,English,official_language,International Organization for Standardization,English,565,2,565_2
What is the official language of Croatia?,Croatian,official_language,Croatia,Croatian,566,0,566_0
Which language is officially used in Mashhad?,Persian,official_language,Mashhad,Persian,567,1,567_1
Which language is officially used in American Samoa?,English,official_language,American Samoa,English,568,1,568_1
Which language holds official status in Czech Republic?,Czech,official_language,Czech Republic,Czech,569,3,569_3
Which language holds official status in Saint Lucia?,English,official_language,Saint Lucia,English,570,3,570_3
Which language holds official status in North American Free Trade Agreement?,Spanish,official_language,North American Free Trade Agreement,Spanish,571,3,571_3
Which language holds official status in Liechtenstein?,German,official_language,Liechtenstein,German,572,3,572_3
What is the official language of Uganda?,English,official_language,Uganda,English,573,0,573_0
What is the primary language spoken in Republic of Adygea?,Russian,official_language,Republic of Adygea,Russian,574,2,574_2
Which language is officially used in Chuvash Republic?,Russian,official_language,Chuvash Republic,Russian,575,1,575_1
What is the official language of Seychelles?,French,official_language,Seychelles,French,576,0,576_0
Which language is officially used in European Union?,Czech,official_language,European Union,Czech,577,1,577_1
Which language holds official status in Eritrea?,English,official_language,Eritrea,English,578,3,578_3
What language is recognized as official in Mauritius?,French,official_language,Mauritius,French,579,4,579_4
What is the primary language spoken in European Union?,Lithuanian,official_language,European Union,Lithuanian,580,2,580_2
What is the official language of Republic of North Ossetia-Alania?,Russian,official_language,Republic of North Ossetia-Alania,Russian,581,0,581_0
What is the official language of France?,French,official_language,France,French,582,0,582_0
Which language holds official status in Kerala?,Malayalam,official_language,Kerala,Malayalam,583,3,583_3
Which language holds official status in Cameroon?,French,official_language,Cameroon,French,584,3,584_3
Which language is officially used in Quebec City?,French,official_language,Quebec City,French,585,1,585_1
What language is recognized as official in Community of Valencia?,Spanish,official_language,Community of Valencia,Spanish,586,4,586_4
Which language is officially used in Thailand?,Thai,official_language,Thailand,Thai,587,1,587_1
Which language is officially used in Organization for Security and Co-operation in Europe?,Italian,official_language,Organization for Security and Co-operation in Europe,Italian,588,1,588_1
What is the official language of Democratic Republic of the Congo?,French,official_language,Democratic Republic of the Congo,French,589,0,589_0
Which language holds official status in Hungary?,Hungarian,official_language,Hungary,Hungarian,590,3,590_3
Which language holds official status in Donetsk People's Republic?,Russian,official_language,Donetsk People's Republic,Russian,591,3,591_3
What is the primary language spoken in Vanuatu?,French,official_language,Vanuatu,French,592,2,592_2
Which language is officially used in Estonia?,Estonian,official_language,Estonia,Estonian,593,1,593_1
Which language is officially used in Kentucky?,English,official_language,Kentucky,English,594,1,594_1
Which language holds official status in Lucknow?,Hindi,official_language,Lucknow,Hindi,595,3,595_3
Which language is officially used in Bali?,Indonesian,official_language,Bali,Indonesian,596,1,596_1
What is the official language of North Dakota?,English,official_language,North Dakota,English,597,0,597_0
What language is recognized as official in Spain?,Basque,official_language,Spain,Basque,598,4,598_4
What is the official language of Malta?,English,official_language,Malta,English,599,0,599_0
Which language holds official status in Republic of Kalmykia?,Russian,official_language,Republic of Kalmykia,Russian,600,3,600_3
Which language is officially used in Canton of Fribourg?,French,official_language,Canton of Fribourg,French,601,1,601_1
Which language holds official status in Northwest Territories?,English,official_language,Northwest Territories,English,602,3,602_3
Which language is officially used in New Brunswick?,English,official_language,New Brunswick,English,603,1,603_1
Which language holds official status in Wales?,English,official_language,Wales,English,604,3,604_3
What is the primary language spoken in Comoros?,French,official_language,Comoros,French,605,2,605_2
Which language is officially used in Kingdom of Sicily?,Greek,official_language,Kingdom of Sicily,Greek,606,1,606_1
Which language holds official status in World Health Organization?,French,official_language,World Health Organization,French,607,3,607_3
What is the official language of Canton of Fribourg?,German,official_language,Canton of Fribourg,German,608,0,608_0
What language is recognized as official in International Civil Aviation Organization?,Russian,official_language,International Civil Aviation Organization,Russian,609,4,609_4
Which language holds official status in United Nations?,French,official_language,United Nations,French,610,3,610_3
Which language holds official status in Roman Empire?,Greek,official_language,Roman Empire,Greek,611,3,611_3
What language is recognized as official in Indore?,Hindi,official_language,Indore,Hindi,612,4,612_4
Which language holds official status in Gibraltar?,English,official_language,Gibraltar,English,613,3,613_3
What is the primary language spoken in Byelorussian Soviet Socialist Republic?,Polish,official_language,Byelorussian Soviet Socialist Republic,Polish,614,2,614_2
Which language holds official status in Spain?,Spanish,official_language,Spain,Spanish,615,3,615_3
What language is recognized as official in Tamil Nadu?,Tamil,official_language,Tamil Nadu,Tamil,616,4,616_4
What is the official language of Altai Krai?,Russian,official_language,Altai Krai,Russian,617,0,617_0
What is the primary language spoken in Luxembourg?,French,official_language,Luxembourg,French,618,2,618_2
What language is recognized as official in Aceh?,Indonesian,official_language,Aceh,Indonesian,619,4,619_4
What is the primary language spoken in El Salvador?,Spanish,official_language,El Salvador,Spanish,620,2,620_2
What is the primary language spoken in European Union?,French,official_language,European Union,French,621,2,621_2
What is the primary language spoken in United Kingdom?,Welsh,official_language,United Kingdom,Welsh,622,2,622_2
What language is recognized as official in Denmark?,Danish,official_language,Denmark,Danish,623,4,623_4
What is the primary language spoken in International Organization for Standardization?,Russian,official_language,International Organization for Standardization,Russian,624,2,624_2
What is the official language of Canada?,French,official_language,Canada,French,625,0,625_0
Which language is officially used in County Cork?,English,official_language,County Cork,English,626,1,626_1
Which language is officially used in San Marino?,Italian,official_language,San Marino,Italian,627,1,627_1
Which language holds official status in Pakistan?,English,official_language,Pakistan,English,628,3,628_3
What is the official language of Azerbaijan Democratic Republic?,Azerbaijani,official_language,Azerbaijan Democratic Republic,Azerbaijani,629,0,629_0
What language is recognized as official in European Union?,Portuguese,official_language,European Union,Portuguese,630,4,630_4
Which language holds official status in Guernsey?,English,official_language,Guernsey,English,631,3,631_3
What language is recognized as official in Organization for Security and Co-operation in Europe?,Russian,official_language,Organization for Security and Co-operation in Europe,Russian,632,4,632_4
What is the official language of Republic of Venice?,Venetian,official_language,Republic of Venice,Venetian,633,0,633_0
What is the official language of Dominica?,English,official_language,Dominica,English,634,0,634_0
What is the primary language spoken in World Athletics?,English,official_language,World Athletics,English,635,2,635_2
Which language holds official status in International Atomic Energy Agency?,Russian,official_language,International Atomic Energy Agency,Russian,636,3,636_3
What language is recognized as official in Guatemala?,Spanish,official_language,Guatemala,Spanish,637,4,637_4
What language is recognized as official in Belarus?,Russian,official_language,Belarus,Russian,638,4,638_4
What is the primary language spoken in South Carolina?,English,official_language,South Carolina,English,639,2,639_2
What is the official language of Saint Vincent and the Grenadines?,English,official_language,Saint Vincent and the Grenadines,English,640,0,640_0
What is the official language of Mauritius?,English,official_language,Mauritius,English,641,0,641_0
Which language holds official status in Timurid Empire?,Persian,official_language,Timurid Empire,Persian,642,3,642_3
Which language is officially used in Nicaragua?,Spanish,official_language,Nicaragua,Spanish,643,1,643_1
Which language is officially used in Serbia?,Serbian,official_language,Serbia,Serbian,644,1,644_1
What language is recognized as official in Prussia?,German,official_language,Prussia,German,645,4,645_4
What is the primary language spoken in Faroe Islands?,Danish,official_language,Faroe Islands,Danish,646,2,646_2
What is the official language of Iceland?,Icelandic,official_language,Iceland,Icelandic,647,0,647_0
What is the primary language spoken in Montenegro?,Montenegrin,official_language,Montenegro,Montenegrin,648,2,648_2
What language is recognized as official in Stockholm Municipality?,Swedish,official_language,Stockholm Municipality,Swedish,649,4,649_4
Which language is officially used in Vichy France?,French,official_language,Vichy France,French,650,1,650_1
Which language is officially used in Melitopol?,Russian,official_language,Melitopol,Russian,651,1,651_1
What is the official language of Canton of Lucerne?,German,official_language,Canton of Lucerne,German,652,0,652_0
Which language is officially used in Hong Kong?,English,official_language,Hong Kong,English,653,1,653_1
What language is recognized as official in European Union?,Romanian,official_language,European Union,Romanian,654,4,654_4
Which language is officially used in Sui dynasty?,Chinese,official_language,Sui dynasty,Chinese,655,1,655_1
What is the official language of Hyderabad?,Urdu,official_language,Hyderabad,Urdu,656,0,656_0
Which language is officially used in South Ossetia?,Russian,official_language,South Ossetia,Russian,657,1,657_1
Which language holds official status in New Jersey?,English,official_language,New Jersey,English,658,3,658_3
What language is recognized as official in Namibia?,English,official_language,Namibia,English,659,4,659_4
What is the official language of Netherlands Antilles?,Dutch,official_language,Netherlands Antilles,Dutch,660,0,660_0
What language is recognized as official in European Union?,Slovak,official_language,European Union,Slovak,661,4,661_4
What is the primary language spoken in Bangladesh?,Bengali,official_language,Bangladesh,Bengali,662,2,662_2
Which language is officially used in Andorra?,Catalan,official_language,Andorra,Catalan,663,1,663_1
What is the primary language spoken in Trinidad and Tobago?,English,official_language,Trinidad and Tobago,English,664,2,664_2
Which language holds official status in United Kingdom?,English,official_language,United Kingdom,English,665,3,665_3
What is the official language of Kamchatka Krai?,Russian,official_language,Kamchatka Krai,Russian,666,0,666_0
What language is recognized as official in Germany?,German,official_language,Germany,German,667,4,667_4
Which language is officially used in Lausanne?,French,official_language,Lausanne,French,668,1,668_1
What is the primary language spoken in Botswana?,English,official_language,Botswana,English,669,2,669_2
Which language holds official status in Sint Maarten (Dutch part)?,English,official_language,Sint Maarten (Dutch part),English,670,3,670_3
What language is recognized as official in Stavropol Krai?,Russian,official_language,Stavropol Krai,Russian,671,4,671_4
What is the official language of Central African Republic?,French,official_language,Central African Republic,French,672,0,672_0
What is the official language of Gagauzia?,Russian,official_language,Gagauzia,Russian,673,0,673_0
Which language holds official status in NATO?,English,official_language,NATO,English,674,3,674_3
What is the official language of Tolyatti?,Russian,official_language,Tolyatti,Russian,675,0,675_0
Which language holds official status in Kingdom of Mercia?,Latin,official_language,Kingdom of Mercia,Latin,676,3,676_3
What language is recognized as official in Utah?,English,official_language,Utah,English,677,4,677_4
Which language holds official status in South African Republic?,Dutch,official_language,South African Republic,Dutch,678,3,678_3
What is the official language of Dundee?,Scots,official_language,Dundee,Scots,679,0,679_0
Which language holds official status in Kouvola?,Finnish,official_language,Kouvola,Finnish,680,3,680_3
Which language is officially used in Mandatory Palestine?,English,official_language,Mandatory Palestine,English,681,1,681_1
What is the primary language spoken in Krasnodar Krai?,Russian,official_language,Krasnodar Krai,Russian,682,2,682_2
Which language holds official status in Togo?,French,official_language,Togo,French,683,3,683_3
Which language is officially used in Basel-Landschaft?,German,official_language,Basel-Landschaft,German,684,1,684_1
What is the official language of Zambia?,English,official_language,Zambia,English,685,0,685_0
What language is recognized as official in Liberia?,English,official_language,Liberia,English,686,4,686_4
What is the official language of Prince Edward Island?,English,official_language,Prince Edward Island,English,687,0,687_0
Which language holds official status in Kosovo?,Serbian,official_language,Kosovo,Serbian,688,3,688_3
What is the official language of Mykolaiv Oblast?,Ukrainian,official_language,Mykolaiv Oblast,Ukrainian,689,0,689_0
What is the primary language spoken in Malawi?,English,official_language,Malawi,English,690,2,690_2
Which language is officially used in Turku?,Finnish,official_language,Turku,Finnish,691,1,691_1
Which language holds official status in International Olympic Committee?,French,official_language,International Olympic Committee,French,692,3,692_3
Which language holds official status in Angola?,Portuguese,official_language,Angola,Portuguese,693,3,693_3
Which language holds official status in Turku?,Swedish,official_language,Turku,Swedish,694,3,694_3
What is the official language of Jamshedpur?,English,official_language,Jamshedpur,English,695,0,695_0
Which language holds official status in Bermuda?,English,official_language,Bermuda,English,696,3,696_3
Which language is officially used in Formentera?,Catalan,official_language,Formentera,Catalan,697,1,697_1
What is the official language of Bonaire?,Dutch,official_language,Bonaire,Dutch,698,0,698_0
Which language holds official status in Sudan?,English,official_language,Sudan,English,699,3,699_3
What is the primary language spoken in Soviet Union?,Russian,official_language,Soviet Union,Russian,700,2,700_2
What is the official language of Saskatchewan?,French,official_language,Saskatchewan,French,701,0,701_0
What is the primary language spoken in Aruba?,Dutch,official_language,Aruba,Dutch,702,2,702_2
What language is recognized as official in Montserrat?,English,official_language,Montserrat,English,703,4,703_4
What is the official language of Somalia?,Somali,official_language,Somalia,Somali,704,0,704_0
What language is recognized as official in Organization for Security and Co-operation in Europe?,Spanish,official_language,Organization for Security and Co-operation in Europe,Spanish,705,4,705_4
What is the official language of Karachay-Cherkess Republic?,Russian,official_language,Karachay-Cherkess Republic,Russian,706,0,706_0
What is the official language of Helsinki?,Swedish,official_language,Helsinki,Swedish,707,0,707_0
Which language is officially used in European Space Agency?,English,official_language,European Space Agency,English,708,1,708_1
Which language holds official status in Arizona?,English,official_language,Arizona,English,709,3,709_3
What language is recognized as official in Qazvin Province?,Azerbaijani,official_language,Qazvin Province,Azerbaijani,710,4,710_4
What is the primary language spoken in Mongolia?,Mongolian,official_language,Mongolia,Mongolian,711,2,711_2
Which language holds official status in European Union?,Latvian,official_language,European Union,Latvian,712,3,712_3
What is the primary language spoken in Sierra Leone?,English,official_language,Sierra Leone,English,713,2,713_2
Which language is officially used in Ibiza?,Catalan,official_language,Ibiza,Catalan,714,1,714_1
Which language holds official status in Paraguay?,Spanish,official_language,Paraguay,Spanish,715,3,715_3
What language is recognized as official in Republic of Bashkortostan?,Russian,official_language,Republic of Bashkortostan,Russian,716,4,716_4
Which language holds official status in Indonesia?,Indonesian,official_language,Indonesia,Indonesian,717,3,717_3
What language is recognized as official in Monaco?,French,official_language,Monaco,French,718,4,718_4
What is the primary language spoken in Zabaykalsky Krai?,Russian,official_language,Zabaykalsky Krai,Russian,719,2,719_2
Which language is officially used in Northern Mariana Islands?,English,official_language,Northern Mariana Islands,English,720,1,720_1
Which language is officially used in Azerbaijan?,Azerbaijani,official_language,Azerbaijan,Azerbaijani,721,1,721_1
What is the official language of Canton of Vaud?,French,official_language,Canton of Vaud,French,722,0,722_0
What is the primary language spoken in Singapore?,English,official_language,Singapore,English,723,2,723_2
What is the primary language spoken in Organisation for Economic Cooperation and Development?,French,official_language,Organisation for Economic Cooperation and Development,French,724,2,724_2
What language is recognized as official in Bern?,German,official_language,Bern,German,725,4,725_4
Which language holds official status in Chennai?,Tamil,official_language,Chennai,Tamil,726,3,726_3
Which language holds official status in Fiji?,English,official_language,Fiji,English,727,3,727_3
Which language is officially used in India?,Hindi,official_language,India,Hindi,728,1,728_1
What is the primary language spoken in Canada?,English,official_language,Canada,English,729,2,729_2
What is the official language of Mongolian People's Republic?,Mongolian,official_language,Mongolian People's Republic,Mongolian,730,0,730_0
What language is recognized as official in United Nations?,Russian,official_language,United Nations,Russian,731,4,731_4
Which language is officially used in Burundi?,French,official_language,Burundi,French,732,1,732_1
What is the primary language spoken in Thiruvananthapuram?,Malayalam,official_language,Thiruvananthapuram,Malayalam,733,2,733_2
What is the official language of International Olympic Committee?,English,official_language,International Olympic Committee,English,734,0,734_0
Which language holds official status in Zaire?,French,official_language,Zaire,French,735,3,735_3
What is the official language of Northern Ireland?,English,official_language,Northern Ireland,English,736,0,736_0
What is the official language of Mali?,French,official_language,Mali,French,737,0,737_0
What is the official language of Saint Kitts and Nevis?,English,official_language,Saint Kitts and Nevis,English,738,0,738_0
What is the official language of Formentera?,Spanish,official_language,Formentera,Spanish,739,0,739_0
What is the official language of Saba?,English,official_language,Saba,English,740,0,740_0
Which language holds official status in Odessa Oblast?,Ukrainian,official_language,Odessa Oblast,Ukrainian,741,3,741_3
Which language holds official status in Luxembourg?,German,official_language,Luxembourg,German,742,3,742_3
What is the primary language spoken in European Union?,Danish,official_language,European Union,Danish,743,2,743_2
What is the primary language spoken in Canton of Jura?,French,official_language,Canton of Jura,French,744,2,744_2
What language is recognized as official in Albania?,Albanian,official_language,Albania,Albanian,745,4,745_4
Which language is officially used in Cyprus?,Turkish,official_language,Cyprus,Turkish,746,1,746_1
What language is recognized as official in Latvia?,Latvian,official_language,Latvia,Latvian,747,4,747_4
What is the primary language spoken in Republic of Dagestan?,Russian,official_language,Republic of Dagestan,Russian,748,2,748_2
Which language holds official status in Commonwealth of Independent States?,Russian,official_language,Commonwealth of Independent States,Russian,749,3,749_3
What is the primary language spoken in NATO?,French,official_language,NATO,French,750,2,750_2
What is the primary language spoken in Saint Pierre and Miquelon?,French,official_language,Saint Pierre and Miquelon,French,751,2,751_2
What is the official language of Bhopal?,Hindi,official_language,Bhopal,Hindi,752,0,752_0
Which language is officially used in Armenia?,Armenian,official_language,Armenia,Armenian,753,1,753_1
What is the official language of Western Cape?,English,official_language,Western Cape,English,754,0,754_0
What language is recognized as official in Kingdom of Bulgaria?,Bulgarian,official_language,Kingdom of Bulgaria,Bulgarian,755,4,755_4
What language is recognized as official in Gabon?,French,official_language,Gabon,French,756,4,756_4
What language is recognized as official in Puerto Rico?,Spanish,official_language,Puerto Rico,Spanish,757,4,757_4
What is the primary language spoken in Puerto Rico?,English,official_language,Puerto Rico,English,758,2,758_2
What language is recognized as official in Tuvalu?,English,official_language,Tuvalu,English,759,4,759_4
Which language holds official status in Iowa?,English,official_language,Iowa,English,760,3,760_3
What is the primary language spoken in Sweden?,Swedish,official_language,Sweden,Swedish,761,2,761_2
What is the official language of Aragon?,Catalan,official_language,Aragon,Catalan,762,0,762_0
What language is recognized as official in Guam?,English,official_language,Guam,English,763,4,763_4
Which language is officially used in Autonomous Republic of Crimea?,Russian,official_language,Autonomous Republic of Crimea,Russian,764,1,764_1
What is the primary language spoken in Benin?,French,official_language,Benin,French,765,2,765_2
Which language is officially used in Florida?,English,official_language,Florida,English,766,1,766_1
Which language is officially used in Virginia?,English,official_language,Virginia,English,767,1,767_1
What is the official language of Joensuu?,Finnish,official_language,Joensuu,Finnish,768,0,768_0
What is the primary language spoken in Antigua and Barbuda?,English,official_language,Antigua and Barbuda,English,769,2,769_2
Which language holds official status in ASEAN?,Chinese,official_language,ASEAN,Chinese,770,3,770_3
Which language holds official status in Belgium?,French,official_language,Belgium,French,771,3,771_3
What is the official language of Independent State of Croatia?,Croatian,official_language,Independent State of Croatia,Croatian,772,0,772_0
Which language is officially used in Catalonia?,Catalan,official_language,Catalonia,Catalan,773,1,773_1
What language is recognized as official in Petrozavodsk?,Russian,official_language,Petrozavodsk,Russian,774,4,774_4
Which language is officially used in Chukotka Autonomous Okrug?,Russian,official_language,Chukotka Autonomous Okrug,Russian,775,1,775_1
Which language is officially used in Pays de la Loire?,Breton,official_language,Pays de la Loire,Breton,776,1,776_1
Which language is officially used in Dundee?,English,official_language,Dundee,English,777,1,777_1
What is the official language of European Union?,Maltese,official_language,European Union,Maltese,778,0,778_0
Which language is officially used in Azerbaijan Soviet Socialist Republic?,Russian,official_language,Azerbaijan Soviet Socialist Republic,Russian,779,1,779_1
What language is recognized as official in Norfolk Island?,English,official_language,Norfolk Island,English,780,4,780_4
Which language holds official status in Scotland?,English,official_language,Scotland,English,781,3,781_3
What is the primary language spoken in Cuba?,Spanish,official_language,Cuba,Spanish,782,2,782_2
Which language is officially used in Federated States of Micronesia?,English,official_language,Federated States of Micronesia,English,783,1,783_1
What is the official language of Perm Krai?,Russian,official_language,Perm Krai,Russian,784,0,784_0
Which language holds official status in Congress Poland?,Russian,official_language,Congress Poland,Russian,785,3,785_3
What is the official language of Bulgaria?,Bulgarian,official_language,Bulgaria,Bulgarian,786,0,786_0
What language is recognized as official in United States of America?,English,official_language,United States of America,English,787,4,787_4
Which language is officially used in Illinois?,English,official_language,Illinois,English,788,1,788_1
What is the primary language spoken in European Union?,Italian,official_language,European Union,Italian,789,2,789_2
What is the primary language spoken in North Sumatra?,Indonesian,official_language,North Sumatra,Indonesian,790,2,790_2
Which language is officially used in ASEAN?,Thai,official_language,ASEAN,Thai,791,1,791_1
What is the official language of British Hong Kong?,Chinese,official_language,British Hong Kong,Chinese,792,0,792_0
What language is recognized as official in Tennessee?,English,official_language,Tennessee,English,793,4,793_4
Which language is officially used in Uusikaupunki?,Finnish,official_language,Uusikaupunki,Finnish,794,1,794_1
Which language is officially used in Russian Empire?,Swedish,official_language,Russian Empire,Swedish,795,1,795_1
What language is recognized as official in European Union?,Swedish,official_language,European Union,Swedish,796,4,796_4
Which language holds official status in Andhra Pradesh?,Telugu,official_language,Andhra Pradesh,Telugu,797,3,797_3
What language is recognized as official in Guernsey?,French,official_language,Guernsey,French,798,4,798_4
What language is recognized as official in Canary Islands?,Spanish,official_language,Canary Islands,Spanish,799,4,799_4
What is the official language of Republic of Mordovia?,Russian,official_language,Republic of Mordovia,Russian,800,0,800_0
Which language is officially used in Macau?,Portuguese,official_language,Macau,Portuguese,801,1,801_1
What is the official language of Altai Republic?,Russian,official_language,Altai Republic,Russian,802,0,802_0
What is the official language of Costa Rica?,Spanish,official_language,Costa Rica,Spanish,803,0,803_0
What is the primary language spoken in Saint Vincent and the Grenadines?,Spanish,official_language,Saint Vincent and the Grenadines,Spanish,804,2,804_2
What language is recognized as official in European Union?,German,official_language,European Union,German,805,4,805_4
What is the official language of International Criminal Court?,French,official_language,International Criminal Court,French,806,0,806_0
What is the primary language spoken in Pori?,Finnish,official_language,Pori,Finnish,807,2,807_2
What is the primary language spoken in Menorca?,Spanish,official_language,Menorca,Spanish,808,2,808_2
What is the official language of Montenegro?,Albanian,official_language,Montenegro,Albanian,809,0,809_0
Which language is officially used in Revolucion Francesa?,French,official_language,Revolucion Francesa,French,810,1,810_1
Which language holds official status in Venezuela?,Spanish,official_language,Venezuela,Spanish,811,3,811_3
What language is recognized as official in Marshall Islands?,English,official_language,Marshall Islands,English,812,4,812_4
Which language holds official status in Karelia?,Russian,official_language,Karelia,Russian,813,3,813_3
Which language is officially used in Community of Valencia?,Catalan,official_language,Community of Valencia,Catalan,814,1,814_1
What is the official language of Slovakia?,Slovak,official_language,Slovakia,Slovak,815,0,815_0
Which language is officially used in Haryana?,Hindi,official_language,Haryana,Hindi,816,1,816_1
What is the primary language spoken in South Korea?,Korean,official_language,South Korea,Korean,817,2,817_2
Which language holds official status in Cape Verde?,Portuguese,official_language,Cape Verde,Portuguese,818,3,818_3
What language is recognized as official in Shimla?,Hindi,official_language,Shimla,Hindi,819,4,819_4
What is the primary language spoken in Caribbean Netherlands?,Dutch,official_language,Caribbean Netherlands,Dutch,820,2,820_2
What is the official language of Oklahoma?,English,official_language,Oklahoma,English,821,0,821_0
What language is recognized as official in Ukraine?,Ukrainian,official_language,Ukraine,Ukrainian,822,4,822_4
What language is recognized as official in Cook Islands?,English,official_language,Cook Islands,English,823,4,823_4
What language is recognized as official in Union of European Football Associations?,English,official_language,Union of European Football Associations,English,824,4,824_4
What language is recognized as official in Tanzania?,English,official_language,Tanzania,English,825,4,825_4
What is the official language of Turkmenistan?,Russian,official_language,Turkmenistan,Russian,826,0,826_0
Which language is officially used in Somaliland?,Somali,official_language,Somaliland,Somali,827,1,827_1
What language is recognized as official in Switzerland?,German,official_language,Switzerland,German,828,4,828_4
What is the official language of Khabarovsk Krai?,Russian,official_language,Khabarovsk Krai,Russian,829,0,829_0
What language is recognized as official in Lahti?,Finnish,official_language,Lahti,Finnish,830,4,830_4
What is the primary language spoken in Alicante?,Spanish,official_language,Alicante,Spanish,831,2,831_2
What is the official language of Belarus?,Belarusian,official_language,Belarus,Belarusian,832,0,832_0
What language is recognized as official in Uttar Pradesh?,Hindi,official_language,Uttar Pradesh,Hindi,833,4,833_4
Which language is officially used in Luhansk People's Republic?,Russian,official_language,Luhansk People's Republic,Russian,834,1,834_1
Which language holds official status in Laos?,Lao,official_language,Laos,Lao,835,3,835_3
What is the primary language spoken in Republic of Ingushetia?,Russian,official_language,Republic of Ingushetia,Russian,836,2,836_2
What language did Charles Bronson speak?,English,languages_spoken,Charles Bronson,English,4010,2,4010_2
In which language did William James speak?,English,languages_spoken,William James,English,4011,1,4011_1
Which languages were spoken by Erna Solberg?,Norwegian,languages_spoken,Erna Solberg,Norwegian,4012,4,4012_4
What language did Ephraim Katzir speak?,Hebrew,languages_spoken,Ephraim Katzir,Hebrew,4013,2,4013_2
Which languages were spoken by Park Chan-wook?,Korean,languages_spoken,Park Chan-wook,Korean,4014,4,4014_4
Which languages were spoken by Nathaniel Hawthorne?,English,languages_spoken,Nathaniel Hawthorne,English,4015,4,4015_4
What language did James Earl Jones speak?,English,languages_spoken,James Earl Jones,English,4016,2,4016_2
In which language did Thor Heyerdahl speak?,Norwegian,languages_spoken,Thor Heyerdahl,Norwegian,4017,1,4017_1
Which languages were spoken by Jason Statham?,English,languages_spoken,Jason Statham,English,4018,4,4018_4
Which languages were spoken by Mary Wollstonecraft?,French,languages_spoken,Mary Wollstonecraft,French,4019,4,4019_4
In which language did Frida Kahlo speak?,Spanish,languages_spoken,Frida Kahlo,Spanish,4020,1,4020_1
Which language was used by Jeanne Moreau for communication?,French,languages_spoken,Jeanne Moreau,French,4021,3,4021_3
Which languages were spoken by Nadia Boulanger?,French,languages_spoken,Nadia Boulanger,French,4022,4,4022_4
What language did Victoria Silvstedt use to communicate?,French,languages_spoken,Victoria Silvstedt,French,4023,0,4023_0
Which language was used by Alfred Russel Wallace for communication?,English,languages_spoken,Alfred Russel Wallace,English,4024,3,4024_3
What language did Ramesses II speak?,Egyptian,languages_spoken,Ramesses II,Egyptian,4025,2,4025_2
Which languages were spoken by Christoph Willibald von Gluck?,German,languages_spoken,Christoph Willibald von Gluck,German,4026,4,4026_4
What language did Abraham de Moivre use to communicate?,English,languages_spoken,Abraham de Moivre,English,4027,0,4027_0
What language did Ehud Barak use to communicate?,English,languages_spoken,Ehud Barak,English,4028,0,4028_0
Which languages were spoken by Yakov Sverdlov?,Russian,languages_spoken,Yakov Sverdlov,Russian,4029,4,4029_4
What language did Marcus Licinius Crassus use to communicate?,Latin,languages_spoken,Marcus Licinius Crassus,Latin,4030,0,4030_0
In which language did Jean-Jacques Annaud speak?,French,languages_spoken,Jean-Jacques Annaud,French,4031,1,4031_1
Which language was used by Virgil for communication?,Latin,languages_spoken,Virgil,Latin,4032,3,4032_3
In which language did Mother Teresa speak?,English,languages_spoken,Mother Teresa,English,4033,1,4033_1
Which language was used by Steve Biko for communication?,English,languages_spoken,Steve Biko,English,4034,3,4034_3
In which language did Christiaan Huygens speak?,Latin,languages_spoken,Christiaan Huygens,Latin,4035,1,4035_1
"What language did Claude Henri de Rouvroy, comte de Saint-Simon speak?",French,languages_spoken,"Claude Henri de Rouvroy, comte de Saint-Simon",French,4036,2,4036_2
What language did George Michael speak?,English,languages_spoken,George Michael,English,4037,2,4037_2
In which language did Giuseppe Peano speak?,Italian,languages_spoken,Giuseppe Peano,Italian,4038,1,4038_1
Which language was used by Willem-Alexander of the Netherlands for communication?,Dutch,languages_spoken,Willem-Alexander of the Netherlands,Dutch,4039,3,4039_3
Which languages were spoken by Tristan Tzara?,French,languages_spoken,Tristan Tzara,French,4040,4,4040_4
Which language was used by Richard Arkwright for communication?,English,languages_spoken,Richard Arkwright,English,4041,3,4041_3
In which language did Pep Guardiola speak?,Spanish,languages_spoken,Pep Guardiola,Spanish,4042,1,4042_1
What language did Imre Nagy speak?,Hungarian,languages_spoken,Imre Nagy,Hungarian,4043,2,4043_2
What language did Willem Einthoven speak?,Dutch,languages_spoken,Willem Einthoven,Dutch,4044,2,4044_2
Which language was used by Margrethe II of Denmark for communication?,Swedish,languages_spoken,Margrethe II of Denmark,Swedish,4045,3,4045_3
Which language was used by Satyendra Nath Bose for communication?,English,languages_spoken,Satyendra Nath Bose,English,4046,3,4046_3
Which languages were spoken by Ernest Shackleton?,English,languages_spoken,Ernest Shackleton,English,4047,4,4047_4
In which language did Salvador Allende speak?,Spanish,languages_spoken,Salvador Allende,Spanish,4048,1,4048_1
In which language did Nikolai Leskov speak?,Russian,languages_spoken,Nikolai Leskov,Russian,4049,1,4049_1
Which languages were spoken by Victor Emmanuel II of Savoy?,Italian,languages_spoken,Victor Emmanuel II of Savoy,Italian,4050,4,4050_4
Which languages were spoken by George Enescu?,Romanian,languages_spoken,George Enescu,Romanian,4051,4,4051_4
What language did Gloria Estefan speak?,Spanish,languages_spoken,Gloria Estefan,Spanish,4052,2,4052_2
In which language did Michael Moore speak?,English,languages_spoken,Michael Moore,English,4053,1,4053_1
What language did Pierre Beaumarchais speak?,French,languages_spoken,Pierre Beaumarchais,French,4054,2,4054_2
What language did Benedetto Croce speak?,Italian,languages_spoken,Benedetto Croce,Italian,4055,2,4055_2
Which language was used by Ravi Shankar for communication?,English,languages_spoken,Ravi Shankar,English,4056,3,4056_3
Which languages were spoken by Sam Mendes?,English,languages_spoken,Sam Mendes,English,4057,4,4057_4
Which language was used by Ivan Bunin for communication?,Russian,languages_spoken,Ivan Bunin,Russian,4058,3,4058_3
In which language did Abulhassan Banisadr speak?,Persian,languages_spoken,Abulhassan Banisadr,Persian,4059,1,4059_1
Which languages were spoken by Anggun?,Indonesian,languages_spoken,Anggun,Indonesian,4060,4,4060_4
Which language was used by Clark Gable for communication?,English,languages_spoken,Clark Gable,English,4061,3,4061_3
Which language was used by Jacques Lacan for communication?,French,languages_spoken,Jacques Lacan,French,4062,3,4062_3
What language did James Garner use to communicate?,English,languages_spoken,James Garner,English,4063,0,4063_0
Which language was used by Manuel Valls for communication?,Spanish,languages_spoken,Manuel Valls,Spanish,4064,3,4064_3
In which language did Abbas Kiarostami speak?,Persian,languages_spoken,Abbas Kiarostami,Persian,4065,1,4065_1
What language did Oliver Cromwell use to communicate?,English,languages_spoken,Oliver Cromwell,English,4066,0,4066_0
Which language was used by Augusto Pinochet for communication?,Spanish,languages_spoken,Augusto Pinochet,Spanish,4067,3,4067_3
What language did Francis Poulenc use to communicate?,French,languages_spoken,Francis Poulenc,French,4068,0,4068_0
Which language was used by Jules Massenet for communication?,French,languages_spoken,Jules Massenet,French,4069,3,4069_3
Which languages were spoken by Carlos Marchena?,Spanish,languages_spoken,Carlos Marchena,Spanish,4070,4,4070_4
Which languages were spoken by L. L. Zamenhof?,English,languages_spoken,L. L. Zamenhof,English,4071,4,4071_4
What language did Muhammad Ali use to communicate?,English,languages_spoken,Muhammad Ali,English,4072,0,4072_0
Which languages were spoken by Anna Magnani?,Italian,languages_spoken,Anna Magnani,Italian,4073,4,4073_4
Which languages were spoken by ABBA?,Swedish,languages_spoken,ABBA,Swedish,4074,4,4074_4
What language did Jesus Christ use to communicate?,Hebrew,languages_spoken,Jesus Christ,Hebrew,4075,0,4075_0
In which language did Giuseppe Tornatore speak?,Italian,languages_spoken,Giuseppe Tornatore,Italian,4076,1,4076_1
What language did Gwen Stefani use to communicate?,English,languages_spoken,Gwen Stefani,English,4077,0,4077_0
Which language was used by Tacitus for communication?,Latin,languages_spoken,Tacitus,Latin,4078,3,4078_3
What language did Alanis Morissette use to communicate?,English,languages_spoken,Alanis Morissette,English,4079,0,4079_0
Which language was used by Wojciech Jaruzelski for communication?,Polish,languages_spoken,Wojciech Jaruzelski,Polish,4080,3,4080_3
What language did Kylie Minogue use to communicate?,English,languages_spoken,Kylie Minogue,English,4081,0,4081_0
Which language was used by Carlos Fuentes for communication?,Spanish,languages_spoken,Carlos Fuentes,Spanish,4082,3,4082_3
Which languages were spoken by Dwight D. Eisenhower?,English,languages_spoken,Dwight D. Eisenhower,English,4083,4,4083_4
What language did Thomas Piketty speak?,French,languages_spoken,Thomas Piketty,French,4084,2,4084_2
What language did Aleksey Brusilov use to communicate?,Russian,languages_spoken,Aleksey Brusilov,Russian,4085,0,4085_0
What language did Lev Kamenev use to communicate?,Russian,languages_spoken,Lev Kamenev,Russian,4086,0,4086_0
What language did John Updike speak?,English,languages_spoken,John Updike,English,4087,2,4087_2
Which language was used by Anne Parillaud for communication?,French,languages_spoken,Anne Parillaud,French,4088,3,4088_3
What language did Philip V of Spain speak?,Spanish,languages_spoken,Philip V of Spain,Spanish,4089,2,4089_2
What language did Emmanuelle Seigner speak?,French,languages_spoken,Emmanuelle Seigner,French,4090,2,4090_2
What language did Ernest Rutherford use to communicate?,English,languages_spoken,Ernest Rutherford,English,4091,0,4091_0
What language did Eugene O'Neill speak?,English,languages_spoken,Eugene O'Neill,English,4092,2,4092_2
"Which language was used by William Thomson, 1st Baron Kelvin for communication?",English,languages_spoken,"William Thomson, 1st Baron Kelvin",English,4093,3,4093_3
What language did Jennifer Hudson use to communicate?,English,languages_spoken,Jennifer Hudson,English,4094,0,4094_0
Which languages were spoken by Henry Kissinger?,English,languages_spoken,Henry Kissinger,English,4095,4,4095_4
What language did Pius X use to communicate?,Latin,languages_spoken,Pius X,Latin,4096,0,4096_0
What language did Uzeyir Hajibeyov use to communicate?,Azerbaijani,languages_spoken,Uzeyir Hajibeyov,Azerbaijani,4097,0,4097_0
What language did Thomas Hobbes speak?,Latin,languages_spoken,Thomas Hobbes,Latin,4098,2,4098_2
Which languages were spoken by Zhu Xi?,Chinese,languages_spoken,Zhu Xi,Chinese,4099,4,4099_4
In which language did Gad Elmaleh speak?,French,languages_spoken,Gad Elmaleh,French,4100,1,4100_1
Which languages were spoken by Albert Riera?,Spanish,languages_spoken,Albert Riera,Spanish,4101,4,4101_4
Which language was used by August Strindberg for communication?,Swedish,languages_spoken,August Strindberg,Swedish,4102,3,4102_3
Which language was used by Kristin Scott Thomas for communication?,French,languages_spoken,Kristin Scott Thomas,French,4103,3,4103_3
What language did Thomas Hardy use to communicate?,English,languages_spoken,Thomas Hardy,English,4104,0,4104_0
What language did Walter Cronkite use to communicate?,English,languages_spoken,Walter Cronkite,English,4105,0,4105_0
Which language was used by Moshe ben Maimon for communication?,Hebrew,languages_spoken,Moshe ben Maimon,Hebrew,4106,3,4106_3
Which language was used by Johan Cruyff for communication?,Dutch,languages_spoken,Johan Cruyff,Dutch,4107,3,4107_3
Which language was used by Gao Xingjian for communication?,Chinese,languages_spoken,Gao Xingjian,Chinese,4108,3,4108_3
In which language did Mikhail Khodorkovsky speak?,Russian,languages_spoken,Mikhail Khodorkovsky,Russian,4109,1,4109_1
In which language did Jean Sibelius speak?,Finnish,languages_spoken,Jean Sibelius,Finnish,4110,1,4110_1
Which languages were spoken by L. L. Zamenhof?,Russian,languages_spoken,L. L. Zamenhof,Russian,4111,4,4111_4
Which languages were spoken by Freeman Dyson?,English,languages_spoken,Freeman Dyson,English,4112,4,4112_4
Which languages were spoken by Albert Camus?,French,languages_spoken,Albert Camus,French,4113,4,4113_4
What was the location of Michelangelo's death?,Rome,place_of_death,Michelangelo,Rome,35,3,35_3
Where was Coco Chanel's place of death?,Paris,place_of_death,Coco Chanel,Paris,36,2,36_2
Where did Clement XIV die?,Rome,place_of_death,Clement XIV,Rome,37,0,37_0
What was the location of Umar ibn Al-Khattāb's death?,Medina,place_of_death,Umar ibn Al-Khattāb,Medina,38,3,38_3
In which city did Clement III pass away?,Rome,place_of_death,Clement III,Rome,39,1,39_1
Where did Balbinus die?,Rome,place_of_death,Balbinus,Rome,40,0,40_0
Where was Hrant Dink's place of death?,Istanbul,place_of_death,Hrant Dink,Istanbul,41,2,41_2
Where was Nikephoros III Botaneiates's place of death?,Constantinople,place_of_death,Nikephoros III Botaneiates,Constantinople,42,2,42_2
Where did Johann Pachelbel die?,Nuremberg,place_of_death,Johann Pachelbel,Nuremberg,43,0,43_0
Where did Vaslav Nijinsky die?,London,place_of_death,Vaslav Nijinsky,London,44,0,44_0
Where was Leo X's place of death?,Rome,place_of_death,Leo X,Rome,45,2,45_2
In which city did Donatello pass away?,Florence,place_of_death,Donatello,Florence,46,1,46_1
In which city did Chiang Ching-kuo pass away?,Taipei,place_of_death,Chiang Ching-kuo,Taipei,47,1,47_1
In which city did Robert Hooke pass away?,London,place_of_death,Robert Hooke,London,48,1,48_1
Where did Rosa Parks die?,Detroit,place_of_death,Rosa Parks,Detroit,49,0,49_0
Which place marks the death of John VIII Palaiologos?,Constantinople,place_of_death,John VIII Palaiologos,Constantinople,50,4,50_4
Which place marks the death of John Dee?,Surrey,place_of_death,John Dee,Surrey,51,4,51_4
What was the location of Fernandel's death?,Paris,place_of_death,Fernandel,Paris,52,3,52_3
Where was Michael II's place of death?,Constantinople,place_of_death,Michael II,Constantinople,53,2,53_2
Where did Karl Liebknecht die?,Berlin,place_of_death,Karl Liebknecht,Berlin,54,0,54_0
Where did Richard Wagner die?,Venice,place_of_death,Richard Wagner,Venice,55,0,55_0
Where was Antisthenes's place of death?,Athens,place_of_death,Antisthenes,Athens,56,2,56_2
What was the location of Max Ernst's death?,Paris,place_of_death,Max Ernst,Paris,57,3,57_3
What was the location of Martin Buber's death?,Jerusalem,place_of_death,Martin Buber,Jerusalem,58,3,58_3
Where did Joseph Goebbels die?,Berlin,place_of_death,Joseph Goebbels,Berlin,59,0,59_0
What was the location of Montesquieu's death?,Paris,place_of_death,Montesquieu,Paris,60,3,60_3
Where did Nicholas V die?,Rome,place_of_death,Nicholas V,Rome,61,0,61_0
In which city did Charlotte Corday pass away?,Paris,place_of_death,Charlotte Corday,Paris,62,1,62_1
Where did Mohammed Zahir Shah die?,Kabul,place_of_death,Mohammed Zahir Shah,Kabul,63,0,63_0
What was the location of Innocent XI's death?,Rome,place_of_death,Innocent XI,Rome,64,3,64_3
What was the location of Gordian II's death?,Carthage,place_of_death,Gordian II,Carthage,65,3,65_3
Which place marks the death of Mstislav Rostropovich?,Moscow,place_of_death,Mstislav Rostropovich,Moscow,66,4,66_4
Where did Pius III die?,Rome,place_of_death,Pius III,Rome,67,0,67_0
Which place marks the death of Abd al-Karim Qasim?,Baghdad,place_of_death,Abd al-Karim Qasim,Baghdad,68,4,68_4
Where did Gregory XVI die?,Rome,place_of_death,Gregory XVI,Rome,69,0,69_0
Where did Aram Khachaturian die?,Moscow,place_of_death,Aram Khachaturian,Moscow,70,0,70_0
What was the location of Heinrich von Kleist's death?,Berlin,place_of_death,Heinrich von Kleist,Berlin,71,3,71_3
In which city did Abdul Hamid I pass away?,Constantinople,place_of_death,Abdul Hamid I,Constantinople,72,1,72_1
What was the location of Alexander VIII's death?,Rome,place_of_death,Alexander VIII,Rome,73,3,73_3
Which place marks the death of Johann Christian Bach?,London,place_of_death,Johann Christian Bach,London,74,4,74_4
What was the location of Samuel Johnson's death?,London,place_of_death,Samuel Johnson,London,75,3,75_3
What was the location of Jacques Cousteau's death?,Paris,place_of_death,Jacques Cousteau,Paris,76,3,76_3
What was the location of Sofia Kovalevskaya's death?,Stockholm,place_of_death,Sofia Kovalevskaya,Stockholm,77,3,77_3
What was the location of Georg Wilhelm Friedrich Hegel's death?,Berlin,place_of_death,Georg Wilhelm Friedrich Hegel,Berlin,78,3,78_3
In which city did Sandro Botticelli pass away?,Florence,place_of_death,Sandro Botticelli,Florence,79,1,79_1
Where did Samuel Taylor Coleridge die?,London,place_of_death,Samuel Taylor Coleridge,London,80,0,80_0
Where was Ibn Khaldun's place of death?,Cairo,place_of_death,Ibn Khaldun,Cairo,81,2,81_2
Which place marks the death of Henry IV of England?,London,place_of_death,Henry IV of England,London,82,4,82_4
Which place marks the death of Tomaso Albinoni?,Venice,place_of_death,Tomaso Albinoni,Venice,83,4,83_4
Where was Paavo Nurmi's place of death?,Helsinki,place_of_death,Paavo Nurmi,Helsinki,84,2,84_2
Where did Clement I die?,Rome,place_of_death,Clement I,Rome,85,0,85_0
In which city did Louis XVII of France pass away?,Paris,place_of_death,Louis XVII of France,Paris,86,1,86_1
What was the location of Kisho Kurokawa's death?,Tokyo,place_of_death,Kisho Kurokawa,Tokyo,87,3,87_3
Which place marks the death of Maximilien Robespierre?,Paris,place_of_death,Maximilien Robespierre,Paris,88,4,88_4
Where was Giorgione's place of death?,Venice,place_of_death,Giorgione,Venice,89,2,89_2
What was the location of Peter I of Serbia's death?,Belgrade,place_of_death,Peter I of Serbia,Belgrade,90,3,90_3
What was the location of L. L. Zamenhof's death?,Warsaw,place_of_death,L. L. Zamenhof,Warsaw,91,3,91_3
Where did Ibrahim Pasha of Egypt die?,Cairo,place_of_death,Ibrahim Pasha of Egypt,Cairo,92,0,92_0
In which city did Clement XII pass away?,Rome,place_of_death,Clement XII,Rome,93,1,93_1
Where was Irenaeus's place of death?,Lyon,place_of_death,Irenaeus,Lyon,94,2,94_2
What was the location of Jacques Derrida's death?,Paris,place_of_death,Jacques Derrida,Paris,95,3,95_3
Where did Charles IV of Spain die?,Rome,place_of_death,Charles IV of Spain,Rome,96,0,96_0
Where was Ralph Vaughan Williams's place of death?,London,place_of_death,Ralph Vaughan Williams,London,97,2,97_2
In which city did Andrei Gromyko pass away?,Moscow,place_of_death,Andrei Gromyko,Moscow,98,1,98_1
"Where was Ulrika Eleonora, Queen of Sweden's place of death?",Stockholm,place_of_death,"Ulrika Eleonora, Queen of Sweden",Stockholm,99,2,99_2
Where was Otis Redding's place of death?,Madison,place_of_death,Otis Redding,Madison,100,2,100_2
Where was Henri Rousseau's place of death?,Paris,place_of_death,Henri Rousseau,Paris,101,2,101_2
What was the location of Muawiyah I's death?,Damascus,place_of_death,Muawiyah I,Damascus,102,3,102_3
In which city did Louis Aragon pass away?,Paris,place_of_death,Louis Aragon,Paris,103,1,103_1
Where did Baibars die?,Damascus,place_of_death,Baibars,Damascus,104,0,104_0
Which place marks the death of Claus Schenk Graf von Stauffenberg?,Berlin,place_of_death,Claus Schenk Graf von Stauffenberg,Berlin,105,4,105_4
In which city did Donato Bramante pass away?,Rome,place_of_death,Donato Bramante,Rome,106,1,106_1
Where was Francisco Franco's place of death?,Madrid,place_of_death,Francisco Franco,Madrid,107,2,107_2
Where did Claude Bernard die?,Paris,place_of_death,Claude Bernard,Paris,108,0,108_0
What was the location of Gamal Abdel Nasser's death?,Cairo,place_of_death,Gamal Abdel Nasser,Cairo,109,3,109_3
Where did Yakov Sverdlov die?,Moscow,place_of_death,Yakov Sverdlov,Moscow,110,0,110_0
Where did Charles Louis Alphonse Laveran die?,Paris,place_of_death,Charles Louis Alphonse Laveran,Paris,111,0,111_0
Where did Tycho Brahe die?,Prague,place_of_death,Tycho Brahe,Prague,112,0,112_0
In which city did Edward Heath pass away?,Salisbury,place_of_death,Edward Heath,Salisbury,113,1,113_1
Which company manufactures Enzo Ferrari?,Ferrari,manufacturer,Enzo Ferrari,Ferrari,3284,0,3284_0
Who produces Windows 2000?,Microsoft,manufacturer,Windows 2000,Microsoft,3285,1,3285_1
Which manufacturer is responsible for Airbus A330?,Airbus basic,manufacturer,Airbus A330,Airbus basic,3286,4,3286_4
Which company manufactures Honda Civic?,Honda,manufacturer,Honda Civic,Honda,3287,0,3287_0
Who makes Ferrari 458?,Ferrari,manufacturer,Ferrari 458,Ferrari,3288,3,3288_3
Who is the producer of Boeing 777?,Boeing,manufacturer,Boeing 777,Boeing,3289,2,3289_2
Who is the producer of Windows 7?,Microsoft,manufacturer,Windows 7,Microsoft,3290,2,3290_2
Which company manufactures Nintendo 3DS?,Nintendo,manufacturer,Nintendo 3DS,Nintendo,3291,0,3291_0
Who produces Honda Accord?,Honda,manufacturer,Honda Accord,Honda,3292,1,3292_1
Who makes iPhone?,Apple Inc.,manufacturer,iPhone,Apple Inc.,3293,3,3293_3
Which company manufactures Intel 8008?,Intel,manufacturer,Intel 8008,Intel,3294,0,3294_0
Who is the producer of Toyota Camry?,Toyota,manufacturer,Toyota Camry,Toyota,3295,2,3295_2
Which company manufactures Airbus A380?,Airbus basic,manufacturer,Airbus A380,Airbus basic,3296,0,3296_0
Who produces iPhone 4S?,Apple Inc.,manufacturer,iPhone 4S,Apple Inc.,3297,1,3297_1
Which manufacturer is responsible for Nintendo DS?,Nintendo,manufacturer,Nintendo DS,Nintendo,3298,4,3298_4
Which manufacturer is responsible for B-17 Flying Fortress?,Boeing,manufacturer,B-17 Flying Fortress,Boeing,3299,4,3299_4
Who produces Apple I?,Apple Inc.,manufacturer,Apple I,Apple Inc.,3300,1,3300_1
Who is the producer of Xbox?,Microsoft,manufacturer,Xbox,Microsoft,3301,2,3301_2
Which company manufactures Toyota Corolla?,Toyota,manufacturer,Toyota Corolla,Toyota,3302,0,3302_0
Which manufacturer is responsible for iPhone 3GS?,Apple Inc.,manufacturer,iPhone 3GS,Apple Inc.,3303,4,3303_4
Who makes iPod?,Apple Inc.,manufacturer,iPod,Apple Inc.,3304,3,3304_3
Who makes BMW X3?,BMW,manufacturer,BMW X3,BMW,3305,3,3305_3
Who makes Nintendo Entertainment System?,Nintendo,manufacturer,Nintendo Entertainment System,Nintendo,3306,3,3306_3
Who is the producer of iPad?,Apple Inc.,manufacturer,iPad,Apple Inc.,3307,2,3307_2
Which company manufactures A300?,Airbus basic,manufacturer,A300,Airbus basic,3308,0,3308_0
Who is the producer of LaFerrari?,Ferrari,manufacturer,LaFerrari,Ferrari,3309,2,3309_2
Who makes Game Boy Advance?,Nintendo,manufacturer,Game Boy Advance,Nintendo,3310,3,3310_3
Who is the producer of A320 family?,Airbus basic,manufacturer,A320 family,Airbus basic,3311,2,3311_2
Which manufacturer is responsible for Windows Vista?,Microsoft,manufacturer,Windows Vista,Microsoft,3312,4,3312_4
Who is the producer of angel?,God,manufacturer,angel,God,3313,2,3313_2
Who is the producer of Super Nintendo Entertainment System?,Nintendo,manufacturer,Super Nintendo Entertainment System,Nintendo,3314,2,3314_2
Who makes Airbus A350?,Airbus basic,manufacturer,Airbus A350,Airbus basic,3315,3,3315_3
Which manufacturer is responsible for A310?,Airbus basic,manufacturer,A310,Airbus basic,3316,4,3316_4
Who makes Airbus A340?,Airbus basic,manufacturer,Airbus A340,Airbus basic,3317,3,3317_3
Who is the producer of Wii U?,Nintendo,manufacturer,Wii U,Nintendo,3318,2,3318_2
Which part of the world in terms of continents does Turkey belong to?,Asia,continent,Turkey,Asia,3462,3,3462_3
Which part of the world in terms of continents does Namibia belong to?,Africa,continent,Namibia,Africa,3463,3,3463_3
What is the continent of Australian Antarctic Territory?,Antarctica,continent,Australian Antarctic Territory,Antarctica,3464,1,3464_1
Which continent is Kochi located in?,Asia,continent,Kochi,Asia,3465,0,3465_0
Which continent is Germany located in?,Europe,continent,Germany,Europe,3466,0,3466_0
Which continent is Cieszyn located in?,Europe,continent,Cieszyn,Europe,3467,0,3467_0
Where can we find Soviet Union in terms of continents?,Europe,continent,Soviet Union,Europe,3468,4,3468_4
In which continent can you find Yorkshire?,Europe,continent,Yorkshire,Europe,3469,2,3469_2
Which part of the world in terms of continents does Pitcairn Islands belong to?,Oceania,continent,Pitcairn Islands,Oceania,3470,3,3470_3
What is the continent of Armenia?,Europe,continent,Armenia,Europe,3471,1,3471_1
Where can we find Hanoi in terms of continents?,Asia,continent,Hanoi,Asia,3472,4,3472_4
Which part of the world in terms of continents does Tallinn belong to?,Europe,continent,Tallinn,Europe,3473,3,3473_3
What is the continent of North Brabant?,Europe,continent,North Brabant,Europe,3474,1,3474_1
Which continent is Tagus river located in?,Europe,continent,Tagus river,Europe,3475,0,3475_0
In which continent can you find Saudi Arabia?,Asia,continent,Saudi Arabia,Asia,3476,2,3476_2
Where can we find Australia in terms of continents?,Oceania,continent,Australia,Oceania,3477,4,3477_4
Which continent is Eritrea located in?,Africa,continent,Eritrea,Africa,3478,0,3478_0
Which part of the world in terms of continents does Toulouse belong to?,Europe,continent,Toulouse,Europe,3479,3,3479_3
What is the continent of South Korea?,Asia,continent,South Korea,Asia,3480,1,3480_1
Where can we find The Hague in terms of continents?,Europe,continent,The Hague,Europe,3481,4,3481_4
What is the continent of Denmark?,Europe,continent,Denmark,Europe,3482,1,3482_1
In which continent can you find United Kingdom?,Europe,continent,United Kingdom,Europe,3483,2,3483_2
Where can we find British Empire in terms of continents?,Africa,continent,British Empire,Africa,3484,4,3484_4
What is the continent of South Asia?,Asia,continent,South Asia,Asia,3485,1,3485_1
Where can we find Bulgaria in terms of continents?,Europe,continent,Bulgaria,Europe,3486,4,3486_4
Which continent is Pechora River located in?,Europe,continent,Pechora River,Europe,3487,0,3487_0
Which part of the world in terms of continents does Kiribati belong to?,Oceania,continent,Kiribati,Oceania,3488,3,3488_3
Where can we find Eiger in terms of continents?,Europe,continent,Eiger,Europe,3489,4,3489_4
Which part of the world in terms of continents does Czechoslovakia belong to?,Europe,continent,Czechoslovakia,Europe,3490,3,3490_3
In which continent can you find Austria?,Europe,continent,Austria,Europe,3491,2,3491_2
In which continent can you find Greece?,Europe,continent,Greece,Europe,3492,2,3492_2
Which part of the world in terms of continents does Wales belong to?,Europe,continent,Wales,Europe,3493,3,3493_3
Which part of the world in terms of continents does Indonesia belong to?,Asia,continent,Indonesia,Asia,3494,3,3494_3
In which continent can you find Vietnam?,Asia,continent,Vietnam,Asia,3495,2,3495_2
Where can we find European Union in terms of continents?,Europe,continent,European Union,Europe,3496,4,3496_4
Which part of the world in terms of continents does Yugoslavia belong to?,Europe,continent,Yugoslavia,Europe,3497,3,3497_3
Where can we find Wallis and Futuna in terms of continents?,Oceania,continent,Wallis and Futuna,Oceania,3498,4,3498_4
Which part of the world in terms of continents does Kingdom of Mercia belong to?,Europe,continent,Kingdom of Mercia,Europe,3499,3,3499_3
Which part of the world in terms of continents does Transantarctic Mountains belong to?,Antarctica,continent,Transantarctic Mountains,Antarctica,3500,3,3500_3
Which continent is Tbilisi located in?,Europe,continent,Tbilisi,Europe,3501,0,3501_0
Which part of the world in terms of continents does Bern belong to?,Europe,continent,Bern,Europe,3502,3,3502_3
In which continent can you find Paris?,Europe,continent,Paris,Europe,3503,2,3503_2
What is the continent of Khabarovsk?,Asia,continent,Khabarovsk,Asia,3504,1,3504_1
What is the continent of New Delhi?,Asia,continent,New Delhi,Asia,3505,1,3505_1
Where can we find Azerbaijan in terms of continents?,Asia,continent,Azerbaijan,Asia,3506,4,3506_4
Where can we find Tiber in terms of continents?,Europe,continent,Tiber,Europe,3507,4,3507_4
Which continent is Slovenia located in?,Europe,continent,Slovenia,Europe,3508,0,3508_0
In which continent can you find Irtysh river?,Asia,continent,Irtysh river,Asia,3509,2,3509_2
Where can we find Chandigarh in terms of continents?,Asia,continent,Chandigarh,Asia,3510,4,3510_4
Where can we find Despotate of Epirus in terms of continents?,Europe,continent,Despotate of Epirus,Europe,3511,4,3511_4
Which part of the world in terms of continents does England belong to?,Europe,continent,England,Europe,3512,3,3512_3
Where can we find Metropolitan France in terms of continents?,Europe,continent,Metropolitan France,Europe,3513,4,3513_4
What is the continent of Comoros?,Africa,continent,Comoros,Africa,3514,1,3514_1
In which continent can you find East Francia?,Europe,continent,East Francia,Europe,3515,2,3515_2
What is the continent of Kingdom of the Netherlands?,Europe,continent,Kingdom of the Netherlands,Europe,3516,1,3516_1
Where can we find Marshall Islands in terms of continents?,Oceania,continent,Marshall Islands,Oceania,3517,4,3517_4
What is the continent of Daman and Diu?,Asia,continent,Daman and Diu,Asia,3518,1,3518_1
Which part of the world in terms of continents does Lesotho belong to?,Africa,continent,Lesotho,Africa,3519,3,3519_3
Which continent is Loire located in?,Europe,continent,Loire,Europe,3520,0,3520_0
Which part of the world in terms of continents does Mayotte belong to?,Africa,continent,Mayotte,Africa,3521,3,3521_3
Which part of the world in terms of continents does Federated States of Micronesia belong to?,Oceania,continent,Federated States of Micronesia,Oceania,3522,3,3522_3
Where can we find North Holland in terms of continents?,Europe,continent,North Holland,Europe,3523,4,3523_4
Which part of the world in terms of continents does North Macedonia belong to?,Europe,continent,North Macedonia,Europe,3524,3,3524_3
What is the continent of Liberia?,Africa,continent,Liberia,Africa,3525,1,3525_1
Where can we find Elbe in terms of continents?,Europe,continent,Elbe,Europe,3526,4,3526_4
Which part of the world in terms of continents does Vanuatu belong to?,Oceania,continent,Vanuatu,Oceania,3527,3,3527_3
Which continent is Craiova located in?,Europe,continent,Craiova,Europe,3528,0,3528_0
Where can we find Himachal Pradesh in terms of continents?,Asia,continent,Himachal Pradesh,Asia,3529,4,3529_4
Which part of the world in terms of continents does Cook Islands belong to?,Oceania,continent,Cook Islands,Oceania,3530,3,3530_3
Which part of the world in terms of continents does Antarctic Plate belong to?,Antarctica,continent,Antarctic Plate,Antarctica,3531,3,3531_3
In which continent can you find Hong Kong?,Asia,continent,Hong Kong,Asia,3532,2,3532_2
In which continent can you find Saint Petersburg?,Europe,continent,Saint Petersburg,Europe,3533,2,3533_2
Which continent is Tajikistan located in?,Asia,continent,Tajikistan,Asia,3534,0,3534_0
Where can we find Kalahari Desert in terms of continents?,Africa,continent,Kalahari Desert,Africa,3535,4,3535_4
Where can we find Turkmenistan in terms of continents?,Asia,continent,Turkmenistan,Asia,3536,4,3536_4
Where can we find Ancient Greece in terms of continents?,Europe,continent,Ancient Greece,Europe,3537,4,3537_4
Which continent is Moscow located in?,Europe,continent,Moscow,Europe,3538,0,3538_0
Where can we find Goa in terms of continents?,Asia,continent,Goa,Asia,3539,4,3539_4
Where can we find Thailand in terms of continents?,Asia,continent,Thailand,Asia,3540,4,3540_4
In which continent can you find Euphrates?,Asia,continent,Euphrates,Asia,3541,2,3541_2
What is the continent of Scheldt?,Europe,continent,Scheldt,Europe,3542,1,3542_1
What is the continent of Scotland?,Europe,continent,Scotland,Europe,3543,1,3543_1
Where can we find Kingdom of Burgundy in terms of continents?,Europe,continent,Kingdom of Burgundy,Europe,3544,4,3544_4
Which continent is Kanchenjunga located in?,Asia,continent,Kanchenjunga,Asia,3545,0,3545_0
Which continent is Slovakia located in?,Europe,continent,Slovakia,Europe,3546,0,3546_0
Which part of the world in terms of continents does Cameroon belong to?,Africa,continent,Cameroon,Africa,3547,3,3547_3
Which part of the world in terms of continents does Rubicon belong to?,Europe,continent,Rubicon,Europe,3548,3,3548_3
Which part of the world in terms of continents does Austria-Hungary belong to?,Europe,continent,Austria-Hungary,Europe,3549,3,3549_3
In which continent can you find United Kingdom of Great Britain and Ireland?,Europe,continent,United Kingdom of Great Britain and Ireland,Europe,3550,2,3550_2
Which continent is Lake Vostok located in?,Antarctica,continent,Lake Vostok,Antarctica,3551,0,3551_0
In which continent can you find Equatorial Guinea?,Africa,continent,Equatorial Guinea,Africa,3552,2,3552_2
In which continent can you find Spain?,Europe,continent,Spain,Europe,3553,2,3553_2
Which part of the world in terms of continents does Nigeria belong to?,Africa,continent,Nigeria,Africa,3554,3,3554_3
What is the continent of Eswatini?,Africa,continent,Eswatini,Africa,3555,1,3555_1
Which part of the world in terms of continents does Vinson Massif belong to?,Antarctica,continent,Vinson Massif,Antarctica,3556,3,3556_3
Where can we find Seychelles in terms of continents?,Africa,continent,Seychelles,Africa,3557,4,3557_4
In which continent can you find Niger?,Africa,continent,Niger,Africa,3558,2,3558_2
Where can we find Portugal in terms of continents?,Europe,continent,Portugal,Europe,3559,4,3559_4
Where can we find Niue in terms of continents?,Oceania,continent,Niue,Oceania,3560,4,3560_4
Which continent is Irish Free State located in?,Europe,continent,Irish Free State,Europe,3561,0,3561_0
In which continent can you find Tisza?,Europe,continent,Tisza,Europe,3562,2,3562_2
Which continent is Bosnia and Herzegovina located in?,Europe,continent,Bosnia and Herzegovina,Europe,3563,0,3563_0
Where can we find Middle East in terms of continents?,Africa,continent,Middle East,Africa,3564,4,3564_4
Which continent is Abbasid Caliphate located in?,Africa,continent,Abbasid Caliphate,Africa,3565,0,3565_0
What is the continent of Palau?,Oceania,continent,Palau,Oceania,3566,1,3566_1
In which continent can you find Melilla?,Africa,continent,Melilla,Africa,3567,2,3567_2
Which part of the world in terms of continents does Montenegro belong to?,Europe,continent,Montenegro,Europe,3568,3,3568_3
Which continent is Manipur located in?,Asia,continent,Manipur,Asia,3569,0,3569_0
Which part of the world in terms of continents does Wellington belong to?,Oceania,continent,Wellington,Oceania,3570,3,3570_3
What is the continent of Djibouti?,Africa,continent,Djibouti,Africa,3571,1,3571_1
Which part of the world in terms of continents does Benin belong to?,Africa,continent,Benin,Africa,3572,3,3572_3
Which continent is Iran located in?,Asia,continent,Iran,Asia,3573,0,3573_0
What is the continent of Grossglockner?,Europe,continent,Grossglockner,Europe,3574,1,3574_1
Which continent is Gibraltar located in?,Europe,continent,Gibraltar,Europe,3575,0,3575_0
What is the continent of Mont Blanc?,Europe,continent,Mont Blanc,Europe,3576,1,3576_1
Which part of the world in terms of continents does Ireland belong to?,Europe,continent,Ireland,Europe,3577,3,3577_3
What is the continent of Kuwait?,Asia,continent,Kuwait,Asia,3578,1,3578_1
Which part of the world in terms of continents does Thimphu belong to?,Asia,continent,Thimphu,Asia,3579,3,3579_3
In which continent can you find Yangtze?,Asia,continent,Yangtze,Asia,3580,2,3580_2
Which continent is Kazakhstan located in?,Europe,continent,Kazakhstan,Europe,3581,0,3581_0
Which part of the world in terms of continents does Kingdom of Saxony belong to?,Europe,continent,Kingdom of Saxony,Europe,3582,3,3582_3
Which part of the world in terms of continents does Irrawaddy River belong to?,Asia,continent,Irrawaddy River,Asia,3583,3,3583_3
What is the continent of Laos?,Asia,continent,Laos,Asia,3584,1,3584_1
Which part of the world in terms of continents does Switzerland belong to?,Europe,continent,Switzerland,Europe,3585,3,3585_3
Which part of the world in terms of continents does Gdynia belong to?,Europe,continent,Gdynia,Europe,3586,3,3586_3
Which continent is Dniester located in?,Europe,continent,Dniester,Europe,3587,0,3587_0
Where can we find Pune in terms of continents?,Asia,continent,Pune,Asia,3588,4,3588_4
Which continent is Rajkot located in?,Asia,continent,Rajkot,Asia,3589,0,3589_0
In which continent can you find Kryvyi Rih?,Europe,continent,Kryvyi Rih,Europe,3590,2,3590_2
Where can we find Inn in terms of continents?,Europe,continent,Inn,Europe,3591,4,3591_4
What is the continent of Tashkent?,Asia,continent,Tashkent,Asia,3592,1,3592_1
In which continent can you find Daugava River?,Europe,continent,Daugava River,Europe,3593,2,3593_2
In which continent can you find Jammu and Kashmir?,Asia,continent,Jammu and Kashmir,Asia,3594,2,3594_2
Which part of the world in terms of continents does Malaysia belong to?,Asia,continent,Malaysia,Asia,3595,3,3595_3
Where can we find Uttar Pradesh in terms of continents?,Asia,continent,Uttar Pradesh,Asia,3596,4,3596_4
What is the continent of Warta?,Europe,continent,Warta,Europe,3597,1,3597_1
Which part of the world in terms of continents does Tamil Nadu belong to?,Asia,continent,Tamil Nadu,Asia,3598,3,3598_3
What is the continent of Lebanon?,Asia,continent,Lebanon,Asia,3599,1,3599_1
Which continent is Burundi located in?,Africa,continent,Burundi,Africa,3600,0,3600_0
Which continent is Thiruvananthapuram located in?,Asia,continent,Thiruvananthapuram,Asia,3601,0,3601_0
What is the continent of Dutch Republic?,Europe,continent,Dutch Republic,Europe,3602,1,3602_1
Which continent is Qatar located in?,Asia,continent,Qatar,Asia,3603,0,3603_0
Which part of the world in terms of continents does Afghanistan belong to?,Asia,continent,Afghanistan,Asia,3604,3,3604_3
Which part of the world in terms of continents does English Channel belong to?,Europe,continent,English Channel,Europe,3605,3,3605_3
Where can we find Primorsky Krai in terms of continents?,Asia,continent,Primorsky Krai,Asia,3606,4,3606_4
Which continent is United Arab Emirates located in?,Asia,continent,United Arab Emirates,Asia,3607,0,3607_0
Which continent is Lake Baikal located in?,Asia,continent,Lake Baikal,Asia,3608,0,3608_0
Which part of the world in terms of continents does Aconcagua belong to?,Americas,continent,Aconcagua,Americas,3609,3,3609_3
Which part of the world in terms of continents does Basel belong to?,Europe,continent,Basel,Europe,3610,3,3610_3
In which continent can you find Alexander Island?,Antarctica,continent,Alexander Island,Antarctica,3611,2,3611_2
What is the continent of Ojos del Salado?,Americas,continent,Ojos del Salado,Americas,3612,1,3612_1
Which part of the world in terms of continents does Moldova belong to?,Europe,continent,Moldova,Europe,3613,3,3613_3
Which part of the world in terms of continents does Macquarie Island belong to?,Antarctica,continent,Macquarie Island,Antarctica,3614,3,3614_3
What is the continent of Mumbai?,Asia,continent,Mumbai,Asia,3615,1,3615_1
Which part of the world in terms of continents does Catalonia belong to?,Europe,continent,Catalonia,Europe,3616,3,3616_3
Which continent is Madagascar located in?,Africa,continent,Madagascar,Africa,3617,0,3617_0
Which continent is Neva located in?,Europe,continent,Neva,Europe,3618,0,3618_0
What is the continent of Central African Republic?,Africa,continent,Central African Republic,Africa,3619,1,3619_1
Which part of the world in terms of continents does Egypt belong to?,Africa,continent,Egypt,Africa,3620,3,3620_3
What is the continent of Alsace-Lorraine?,Europe,continent,Alsace-Lorraine,Europe,3621,1,3621_1
In which continent can you find Angola?,Africa,continent,Angola,Africa,3622,2,3622_2
In which continent can you find Middle East?,Europe,continent,Middle East,Europe,3623,2,3623_2
In which continent can you find British Empire?,Americas,continent,British Empire,Americas,3624,2,3624_2
Where can we find Athens in terms of continents?,Europe,continent,Athens,Europe,3625,4,3625_4
Which continent is Tigris located in?,Asia,continent,Tigris,Asia,3626,0,3626_0
What is the continent of Cambodia?,Asia,continent,Cambodia,Asia,3627,1,3627_1
Where can we find Volga Bulgaria in terms of continents?,Europe,continent,Volga Bulgaria,Europe,3628,4,3628_4
In which continent can you find Mali?,Africa,continent,Mali,Africa,3629,2,3629_2
Which part of the world in terms of continents does Vantaa belong to?,Europe,continent,Vantaa,Europe,3630,3,3630_3
What is the continent of Chukotka Autonomous Okrug?,Asia,continent,Chukotka Autonomous Okrug,Asia,3631,1,3631_1
Which continent is Guinea-Bissau located in?,Africa,continent,Guinea-Bissau,Africa,3632,0,3632_0
In which continent can you find Finland?,Europe,continent,Finland,Europe,3633,2,3633_2
What is the continent of Wallonia?,Europe,continent,Wallonia,Europe,3634,1,3634_1
Where can we find Morocco in terms of continents?,Africa,continent,Morocco,Africa,3635,4,3635_4
Which part of the world in terms of continents does Maharashtra belong to?,Asia,continent,Maharashtra,Asia,3636,3,3636_3
Which continent is Nile located in?,Africa,continent,Nile,Africa,3637,0,3637_0
Where can we find history of Europe in terms of continents?,Europe,continent,history of Europe,Europe,3638,4,3638_4
Which continent is Damavand located in?,Asia,continent,Damavand,Asia,3639,0,3639_0
What is the continent of Umayyad Caliphate?,Europe,continent,Umayyad Caliphate,Europe,3640,1,3640_1
In which continent can you find Katowice?,Europe,continent,Katowice,Europe,3641,2,3641_2
Where can we find Rhine in terms of continents?,Europe,continent,Rhine,Europe,3642,4,3642_4
What is the continent of Gelderland?,Europe,continent,Gelderland,Europe,3643,1,3643_1
In which continent can you find Mauritius?,Africa,continent,Mauritius,Africa,3644,2,3644_2
What is the continent of Eastern Bloc?,Europe,continent,Eastern Bloc,Europe,3645,1,3645_1
Which continent is Auckland located in?,Oceania,continent,Auckland,Oceania,3646,0,3646_0
In which continent can you find Viking Age?,Europe,continent,Viking Age,Europe,3647,2,3647_2
In which continent can you find Niger River?,Africa,continent,Niger River,Africa,3648,2,3648_2
Where can we find Western Asia in terms of continents?,Asia,continent,Western Asia,Asia,3649,4,3649_4
Which part of the world in terms of continents does Tokelau belong to?,Oceania,continent,Tokelau,Oceania,3650,3,3650_3
Where can we find Bihar in terms of continents?,Asia,continent,Bihar,Asia,3651,4,3651_4
In which continent can you find Estonia?,Europe,continent,Estonia,Europe,3652,2,3652_2
In which continent can you find French Southern and Antarctic Lands?,Antarctica,continent,French Southern and Antarctic Lands,Antarctica,3653,2,3653_2
Which part of the world in terms of continents does Sudan belong to?,Africa,continent,Sudan,Africa,3654,3,3654_3
Which part of the world in terms of continents does Principality of Sealand belong to?,Europe,continent,Principality of Sealand,Europe,3655,3,3655_3
Where can we find Antarctic Treaty System in terms of continents?,Antarctica,continent,Antarctic Treaty System,Antarctica,3656,4,3656_4
Where can we find Nepal in terms of continents?,Asia,continent,Nepal,Asia,3657,4,3657_4
What is the continent of Juan de Nova Island?,Africa,continent,Juan de Nova Island,Africa,3658,1,3658_1
In which continent can you find United States of America?,Oceania,continent,United States of America,Oceania,3659,2,3659_2
Which continent is Japan located in?,Asia,continent,Japan,Asia,3660,0,3660_0
Which continent is Mozambique located in?,Africa,continent,Mozambique,Africa,3661,0,3661_0
Which part of the world in terms of continents does Shimla belong to?,Asia,continent,Shimla,Asia,3662,3,3662_3
Which continent is Helsinki located in?,Europe,continent,Helsinki,Europe,3663,0,3663_0
What is the continent of San Marino?,Europe,continent,San Marino,Europe,3664,1,3664_1
What is the continent of Shenzhen?,Asia,continent,Shenzhen,Asia,3665,1,3665_1
Where can we find Congo Free State in terms of continents?,Africa,continent,Congo Free State,Africa,3666,4,3666_4
Where can we find Arab League in terms of continents?,Asia,continent,Arab League,Asia,3667,4,3667_4
Which continent is Vistula located in?,Europe,continent,Vistula,Europe,3668,0,3668_0
Where can we find Douro River in terms of continents?,Europe,continent,Douro River,Europe,3669,4,3669_4
What is the continent of South Africa?,Africa,continent,South Africa,Africa,3670,1,3670_1
In which continent can you find Fiji?,Oceania,continent,Fiji,Oceania,3671,2,3671_2
Which part of the world in terms of continents does Guadalquivir belong to?,Europe,continent,Guadalquivir,Europe,3672,3,3672_3
Which part of the world in terms of continents does Somalia belong to?,Africa,continent,Somalia,Africa,3673,3,3673_3
Name the capital city of Azerbaijan. The answer is:,Baku,capital,Azerbaijan,Baku,6152,3,6152_3
Where does Nebraska have its capital?,Lincoln,capital,Nebraska,Lincoln,6153,4,6153_4
Where is Hampshire's capital located?,Winchester,capital,Hampshire,Winchester,6154,0,6154_0
Where is Alexandria Governorate's capital located?,Alexandria,capital,Alexandria Governorate,Alexandria,6155,0,6155_0
Where is Kingdom of Italy's capital located?,Florence,capital,Kingdom of Italy,Florence,6156,0,6156_0
What is the capital of Grand Duchy of Finland?,Helsinki,capital,Grand Duchy of Finland,Helsinki,6157,1,6157_1
Name the capital city of Telangana. The answer is:,Hyderabad,capital,Telangana,Hyderabad,6158,3,6158_3
What is the capital of South Australia?,Adelaide,capital,South Australia,Adelaide,6159,1,6159_1
What is the capital of Kingdom of Scotland?,Edinburgh,capital,Kingdom of Scotland,Edinburgh,6160,1,6160_1
Name the capital city of Second Polish Republic. The answer is:,Warsaw,capital,Second Polish Republic,Warsaw,6161,3,6161_3
What is the capital of Canterbury Region?,Christchurch,capital,Canterbury Region,Christchurch,6162,1,6162_1
Name the capital city of Kingdom of France. The answer is:,Paris,capital,Kingdom of France,Paris,6163,3,6163_3
Where does Alberta have its capital?,Edmonton,capital,Alberta,Edmonton,6164,4,6164_4
What is the capital of Germany?,Berlin,capital,Germany,Berlin,6165,1,6165_1
Where is Indiana's capital located?,Indianapolis,capital,Indiana,Indianapolis,6166,0,6166_0
Where does Second French Empire have its capital?,Paris,capital,Second French Empire,Paris,6167,4,6167_4
What is the capital of Cambridgeshire?,Cambridge,capital,Cambridgeshire,Cambridge,6168,1,6168_1
Where does Kingdom of Sicily have its capital?,Naples,capital,Kingdom of Sicily,Naples,6169,4,6169_4
Where is Indre-et-Loire's capital located?,Tours,capital,Indre-et-Loire,Tours,6170,0,6170_0
Where is Apulia's capital located?,Bari,capital,Apulia,Bari,6171,0,6171_0
Name the capital city of East Flanders. The answer is:,Ghent,capital,East Flanders,Ghent,6172,3,6172_3
Which city serves as the capital of Denmark?,Copenhagen,capital,Denmark,Copenhagen,6173,2,6173_2
What is the capital of Michigan?,Lansing,capital,Michigan,Lansing,6174,1,6174_1
Where is Ayyubid dynasty's capital located?,Cairo,capital,Ayyubid dynasty,Cairo,6175,0,6175_0
Name the capital city of Rashidun Caliphates. The answer is:,Medina,capital,Rashidun Caliphates,Medina,6176,3,6176_3
Where is Tokugawa Shogunate's capital located?,Edo,capital,Tokugawa Shogunate,Edo,6177,0,6177_0
Name the capital city of Soviet Union. The answer is:,Moscow,capital,Soviet Union,Moscow,6178,3,6178_3
Where does Kingdom of Romania have its capital?,Bucharest,capital,Kingdom of Romania,Bucharest,6179,4,6179_4
Which city serves as the capital of Tasmania?,Hobart,capital,Tasmania,Hobart,6180,2,6180_2
What is the capital of County Limerick?,Limerick,capital,County Limerick,Limerick,6181,1,6181_1
Name the capital city of Fatimid caliphate. The answer is:,Cairo,capital,Fatimid caliphate,Cairo,6182,3,6182_3
Name the capital city of Auckland Region. The answer is:,Auckland,capital,Auckland Region,Auckland,6183,3,6183_3
Which city serves as the capital of New Hampshire?,Concord,capital,New Hampshire,Concord,6184,2,6184_2
Where does Odessa Oblast have its capital?,Odessa,capital,Odessa Oblast,Odessa,6185,4,6185_4
Which city serves as the capital of Australia?,Canberra,capital,Australia,Canberra,6186,2,6186_2
Which city serves as the capital of Ottoman Empire?,Istanbul,capital,Ottoman Empire,Istanbul,6187,2,6187_2
Where does South West England have its capital?,Bristol,capital,South West England,Bristol,6188,4,6188_4
Which city serves as the capital of Texas?,Austin,capital,Texas,Austin,6189,2,6189_2
Name the capital city of Latin Empire. The answer is:,Constantinople,capital,Latin Empire,Constantinople,6190,3,6190_3
Name the capital city of Hungary. The answer is:,Budapest,capital,Hungary,Budapest,6191,3,6191_3
Where does Russia have its capital?,Moscow,capital,Russia,Moscow,6192,4,6192_4
What is the capital of Veneto?,Venice,capital,Veneto,Venice,6193,1,6193_1
Which city serves as the capital of Worcestershire?,Worcester,capital,Worcestershire,Worcester,6194,2,6194_2
Where is Kingdom of Sicily's capital located?,Palermo,capital,Kingdom of Sicily,Palermo,6195,0,6195_0
Which city serves as the capital of Pennsylvania?,Harrisburg,capital,Pennsylvania,Harrisburg,6196,2,6196_2
Where is Papal States's capital located?,Rome,capital,Papal States,Rome,6197,0,6197_0
Where is County Galway's capital located?,Galway,capital,County Galway,Galway,6198,0,6198_0
Name the capital city of Austrian Empire. The answer is:,Vienna,capital,Austrian Empire,Vienna,6199,3,6199_3
What is the capital of Dutch East Indies?,Jakarta,capital,Dutch East Indies,Jakarta,6200,1,6200_1
Name the capital city of Israel. The answer is:,Jerusalem,capital,Israel,Jerusalem,6201,3,6201_3
Name the capital city of Aichi Prefecture. The answer is:,Nagoya,capital,Aichi Prefecture,Nagoya,6202,3,6202_3
Where is Leicestershire's capital located?,Leicester,capital,Leicestershire,Leicester,6203,0,6203_0
Where is King County's capital located?,Seattle,capital,King County,Seattle,6204,0,6204_0
Which city serves as the capital of Duchy of Athens?,Athens,capital,Duchy of Athens,Athens,6205,2,6205_2
Where does Kingdom of the Netherlands have its capital?,Amsterdam,capital,Kingdom of the Netherlands,Amsterdam,6206,4,6206_4
Which city serves as the capital of Albania?,Tirana,capital,Albania,Tirana,6207,2,6207_2
Name the capital city of Province of Genoa. The answer is:,Genoa,capital,Province of Genoa,Genoa,6208,3,6208_3
Where is Taiwan's capital located?,Taipei,capital,Taiwan,Taipei,6209,0,6209_0
Name the capital city of Czechoslovakia. The answer is:,Prague,capital,Czechoslovakia,Prague,6210,3,6210_3
Name the capital city of Emirates of Dubai. The answer is:,Dubai,capital,Emirates of Dubai,Dubai,6211,3,6211_3
Where is North Dakota's capital located?,Bismarck,capital,North Dakota,Bismarck,6212,0,6212_0
Where is Andalusia's capital located?,Seville,capital,Andalusia,Seville,6213,0,6213_0
Name the capital city of Maharashtra. The answer is:,Mumbai,capital,Maharashtra,Mumbai,6214,3,6214_3
Name the capital city of Karnataka. The answer is:,Bengaluru,capital,Karnataka,Bengaluru,6215,3,6215_3
Name the capital city of Indonesia. The answer is:,Jakarta,capital,Indonesia,Jakarta,6216,3,6216_3
Where does Italian Social Republic have its capital?,Rome,capital,Italian Social Republic,Rome,6217,4,6217_4
What is the capital of Habsburg Monarchy?,Vienna,capital,Habsburg Monarchy,Vienna,6218,1,6218_1
Which city serves as the capital of Portugal?,Lisbon,capital,Portugal,Lisbon,6219,2,6219_2
Which city serves as the capital of Balearic Islands?,Palma de Mallorca,capital,Balearic Islands,Palma de Mallorca,6220,2,6220_2
Which city serves as the capital of Province of Bologna?,Bologna,capital,Province of Bologna,Bologna,6221,2,6221_2
What is the capital of Cuba?,Havana,capital,Cuba,Havana,6222,1,6222_1
What is the capital of Toledo Province?,Toledo,capital,Toledo Province,Toledo,6223,1,6223_1
Which city serves as the capital of Province of Siena?,Siena,capital,Province of Siena,Siena,6224,2,6224_2
Where does Honolulu County have its capital?,Honolulu,capital,Honolulu County,Honolulu,6225,4,6225_4
What is the capital of Roman Empire?,Constantinople,capital,Roman Empire,Constantinople,6226,1,6226_1
Where does Connecticut have its capital?,Hartford,capital,Connecticut,Hartford,6227,4,6227_4
Which city serves as the capital of Scotland?,Edinburgh,capital,Scotland,Edinburgh,6228,2,6228_2
Where is Ankara Province's capital located?,Ankara,capital,Ankara Province,Ankara,6229,0,6229_0
Which city serves as the capital of Lazio?,Rome,capital,Lazio,Rome,6230,2,6230_2
Which city serves as the capital of Polish People's Republic?,Warsaw,capital,Polish People's Republic,Warsaw,6231,2,6231_2
Which city serves as the capital of Basel-Stadt?,Basel,capital,Basel-Stadt,Basel,6232,2,6232_2
Name the capital city of California. The answer is:,Sacramento,capital,California,Sacramento,6233,3,6233_3
Where does Salzburg have its capital?,Salzburg,capital,Salzburg,Salzburg,6234,4,6234_4
Where does Kyōto Prefecture have its capital?,Kyoto,capital,Kyōto Prefecture,Kyoto,6235,4,6235_4
Where does Province of Florence have its capital?,Florence,capital,Province of Florence,Florence,6236,4,6236_4
What is the capital of Iraq?,Baghdad,capital,Iraq,Baghdad,6237,1,6237_1
Name the capital city of Campania. The answer is:,Naples,capital,Campania,Naples,6238,3,6238_3
Name the capital city of Japan. The answer is:,Tokyo,capital,Japan,Tokyo,6239,3,6239_3
Name the capital city of Miami-Dade County. The answer is:,Miami,capital,Miami-Dade County,Miami,6240,3,6240_3
What is the capital of Kerman Province?,Kerman,capital,Kerman Province,Kerman,6241,1,6241_1
Where is Alpes-Maritimes's capital located?,Nice,capital,Alpes-Maritimes,Nice,6242,0,6242_0
What is the capital of Estonia?,Tallinn,capital,Estonia,Tallinn,6243,1,6243_1
Which city serves as the capital of Western Australia?,Perth,capital,Western Australia,Perth,6244,2,6244_2
Where is Lviv Oblast's capital located?,Lviv,capital,Lviv Oblast,Lviv,6245,0,6245_0
Where does New South Wales have its capital?,Sydney,capital,New South Wales,Sydney,6246,4,6246_4
Which city serves as the capital of Riverside County?,Riverside,capital,Riverside County,Riverside,6247,2,6247_2
Name the capital city of Venezuela. The answer is:,Caracas,capital,Venezuela,Caracas,6248,3,6248_3
Where does Manitoba have its capital?,Winnipeg,capital,Manitoba,Winnipeg,6249,4,6249_4
Where is Kingdom of Italy's capital located?,Turin,capital,Kingdom of Italy,Turin,6250,0,6250_0
Where does Lombardy have its capital?,Milan,capital,Lombardy,Milan,6251,4,6251_4
Where does Iran have its capital?,Tehran,capital,Iran,Tehran,6252,4,6252_4
Name the capital city of Great Britain. The answer is:,London,capital,Great Britain,London,6253,3,6253_3
What is the capital of Libya?,Tripoli,capital,Libya,Tripoli,6254,1,6254_1
Name the capital city of Grand Duchy of Moscow. The answer is:,Moscow,capital,Grand Duchy of Moscow,Moscow,6255,3,6255_3
What is the capital of Australian Capital Territory?,Canberra,capital,Australian Capital Territory,Canberra,6256,1,6256_1
Which city serves as the capital of Vichy France?,Paris,capital,Vichy France,Paris,6257,2,6257_2
What is the capital of Bas-Rhin?,Strasbourg,capital,Bas-Rhin,Strasbourg,6258,1,6258_1
Where is Vilnius County's capital located?,Vilnius,capital,Vilnius County,Vilnius,6259,0,6259_0
Where does Brussels region have its capital?,Brussels,capital,Brussels region,Brussels,6260,4,6260_4
Name the capital city of Saskatchewan. The answer is:,Regina,capital,Saskatchewan,Regina,6261,3,6261_3
Which city serves as the capital of Tehran Province?,Tehran,capital,Tehran Province,Tehran,6262,2,6262_2
Where does Emilia-Romagna have its capital?,Bologna,capital,Emilia-Romagna,Bologna,6263,4,6263_4
Which city serves as the capital of Ireland?,Dublin,capital,Ireland,Dublin,6264,2,6264_2
Name the capital city of Uruguay. The answer is:,Montevideo,capital,Uruguay,Montevideo,6265,3,6265_3
Where does Achaemenid Empire have its capital?,Babylon,capital,Achaemenid Empire,Babylon,6266,4,6266_4
What is the capital of Peru?,Lima,capital,Peru,Lima,6267,1,6267_1
What is the capital of Sri Lanka?,Colombo,capital,Sri Lanka,Colombo,6268,1,6268_1
Where does Kingdom of Iraq have its capital?,Baghdad,capital,Kingdom of Iraq,Baghdad,6269,4,6269_4
Where is Confederate States of America's capital located?,Montgomery,capital,Confederate States of America,Montgomery,6270,0,6270_0
Name the capital city of Kingdom of Serbia. The answer is:,Belgrade,capital,Kingdom of Serbia,Belgrade,6271,3,6271_3
Which city serves as the capital of County Waterford?,Waterford,capital,County Waterford,Waterford,6272,2,6272_2
Which city serves as the capital of Serbia and Montenegro?,Belgrade,capital,Serbia and Montenegro,Belgrade,6273,2,6273_2
What is the capital of Ukraine?,Kiev,capital,Ukraine,Kiev,6274,1,6274_1
Name the capital city of Bosnia and Herzegovina. The answer is:,Sarajevo,capital,Bosnia and Herzegovina,Sarajevo,6275,3,6275_3
Where does Armenia have its capital?,Yerevan,capital,Armenia,Yerevan,6276,4,6276_4
Which city serves as the capital of Abbasid Caliphate?,Damascus,capital,Abbasid Caliphate,Damascus,6277,2,6277_2
Which city serves as the capital of Jalisco?,Guadalajara,capital,Jalisco,Guadalajara,6278,2,6278_2
Where does Bangladesh have its capital?,Dhaka,capital,Bangladesh,Dhaka,6279,4,6279_4
Where does Alabama have its capital?,Montgomery,capital,Alabama,Montgomery,6280,4,6280_4
Where is Illinois's capital located?,Springfield,capital,Illinois,Springfield,6281,0,6281_0
Name the capital city of Lincolnshire. The answer is:,Lincoln,capital,Lincolnshire,Lincoln,6282,3,6282_3
Where is Spanish Empire's capital located?,Madrid,capital,Spanish Empire,Madrid,6283,0,6283_0
Which city serves as the capital of Nord-Pas-de-Calais?,Lille,capital,Nord-Pas-de-Calais,Lille,6284,2,6284_2
Which city serves as the capital of Wisconsin?,Madison,capital,Wisconsin,Madison,6285,2,6285_2
Where does Sicily have its capital?,Palermo,capital,Sicily,Palermo,6286,4,6286_4
Which city serves as the capital of Kingdom of Ireland?,Dublin,capital,Kingdom of Ireland,Dublin,6287,2,6287_2
Where is Philippines's capital located?,Manila,capital,Philippines,Manila,6288,0,6288_0
What is the capital of Republic of Venice?,Venice,capital,Republic of Venice,Venice,6289,1,6289_1
Where does Aleppo Governorate have its capital?,Aleppo,capital,Aleppo Governorate,Aleppo,6290,4,6290_4
Where does Colorado have its capital?,Denver,capital,Colorado,Denver,6291,4,6291_4
Where is Greece's capital located?,Athens,capital,Greece,Athens,6292,0,6292_0
Where is Independent State of Croatia's capital located?,Zagreb,capital,Independent State of Croatia,Zagreb,6293,0,6293_0
Where does Netherlands have its capital?,Amsterdam,capital,Netherlands,Amsterdam,6294,4,6294_4
Where is Arizona's capital located?,Phoenix,capital,Arizona,Phoenix,6295,0,6295_0
Where is Italy's capital located?,Rome,capital,Italy,Rome,6296,0,6296_0
Where is Kingdom of Yugoslavia's capital located?,Belgrade,capital,Kingdom of Yugoslavia,Belgrade,6297,0,6297_0
Name the capital city of United Kingdom. The answer is:,London,capital,United Kingdom,London,6298,3,6298_3
What is the capital of People's Socialist Republic of Albania?,Tirana,capital,People's Socialist Republic of Albania,Tirana,6299,1,6299_1
Where is Serbia's capital located?,Belgrade,capital,Serbia,Belgrade,6300,0,6300_0
Name the capital city of Kingdom of Libya. The answer is:,Tripoli,capital,Kingdom of Libya,Tripoli,6301,3,6301_3
What is the capital of Canada?,Ottawa,capital,Canada,Ottawa,6302,1,6302_1
Where does Kanagawa Prefecture have its capital?,Yokohama,capital,Kanagawa Prefecture,Yokohama,6303,4,6303_4
Where does Central Bohemian Region have its capital?,Prague,capital,Central Bohemian Region,Prague,6304,4,6304_4
Where is France's capital located?,Paris,capital,France,Paris,6305,0,6305_0
Where is Bulgaria's capital located?,Sofia,capital,Bulgaria,Sofia,6306,0,6306_0
Where is Devon's capital located?,Exeter,capital,Devon,Exeter,6307,0,6307_0
Name the capital city of Central Macedonia. The answer is:,Thessaloniki,capital,Central Macedonia,Thessaloniki,6308,3,6308_3
Name the capital city of Emirate of Sicily. The answer is:,Palermo,capital,Emirate of Sicily,Palermo,6309,3,6309_3
Name the capital city of Guyana. The answer is:,Georgetown,capital,Guyana,Georgetown,6310,3,6310_3
Name the capital city of Kingdom of Hungary. The answer is:,Budapest,capital,Kingdom of Hungary,Budapest,6311,3,6311_3
Which city serves as the capital of Saxony?,Dresden,capital,Saxony,Dresden,6312,2,6312_2
Name the capital city of Ming dynasty. The answer is:,Nanjing,capital,Ming dynasty,Nanjing,6313,3,6313_3
Where does Makkah Region have its capital?,Mecca,capital,Makkah Region,Mecca,6314,4,6314_4
What is the capital of Egypt Eyalet?,Cairo,capital,Egypt Eyalet,Cairo,6315,1,6315_1
Name the capital city of Congress Poland. The answer is:,Warsaw,capital,Congress Poland,Warsaw,6316,3,6316_3
Name the capital city of Northern Ireland. The answer is:,Belfast,capital,Northern Ireland,Belfast,6317,3,6317_3
Which city serves as the capital of Spain?,Madrid,capital,Spain,Madrid,6318,2,6318_2
Where does Metropolitan France have its capital?,Paris,capital,Metropolitan France,Paris,6319,4,6319_4
Which city serves as the capital of Republic of Tatarstan?,Kazan,capital,Republic of Tatarstan,Kazan,6320,2,6320_2
Which city serves as the capital of Brest Region?,Brest,capital,Brest Region,Brest,6321,2,6321_2
What is the capital of Mandatory Palestine?,Jerusalem,capital,Mandatory Palestine,Jerusalem,6322,1,6322_1
Name the capital city of Province of Palermo. The answer is:,Palermo,capital,Province of Palermo,Palermo,6323,3,6323_3
Where is Kingdom of Bavaria's capital located?,Munich,capital,Kingdom of Bavaria,Munich,6324,0,6324_0
Where is Tamil Nadu's capital located?,Chennai,capital,Tamil Nadu,Chennai,6325,0,6325_0
Where does Belarus have its capital?,Minsk,capital,Belarus,Minsk,6326,4,6326_4
Where does Gloucestershire have its capital?,Gloucester,capital,Gloucestershire,Gloucester,6327,4,6327_4
Which city serves as the capital of Canton of Vaud?,Lausanne,capital,Canton of Vaud,Lausanne,6328,2,6328_2
Where does European Union have its capital?,Strasbourg,capital,European Union,Strasbourg,6329,4,6329_4
Which city serves as the capital of Uttar Pradesh?,Lucknow,capital,Uttar Pradesh,Lucknow,6330,2,6330_2
Which city serves as the capital of Republika Srpska?,Sarajevo,capital,Republika Srpska,Sarajevo,6331,2,6331_2
Where is Sarajevo Canton's capital located?,Sarajevo,capital,Sarajevo Canton,Sarajevo,6332,0,6332_0
Where does Hungarian Soviet Republic have its capital?,Budapest,capital,Hungarian Soviet Republic,Budapest,6333,4,6333_4
Which city serves as the capital of Kingdom of Afghanistan?,Kabul,capital,Kingdom of Afghanistan,Kabul,6334,2,6334_2
Where is Lublin province's capital located?,Lublin,capital,Lublin province,Lublin,6335,0,6335_0
Name the capital city of Virginia. The answer is:,Richmond,capital,Virginia,Richmond,6336,3,6336_3
Name the capital city of Kingdom of England. The answer is:,Winchester,capital,Kingdom of England,Winchester,6337,3,6337_3
Name the capital city of Al Madinah Region. The answer is:,Medina,capital,Al Madinah Region,Medina,6338,3,6338_3
Where is Stockholm Municipality's capital located?,Stockholm,capital,Stockholm Municipality,Stockholm,6339,0,6339_0
Which city serves as the capital of Azerbaijan Soviet Socialist Republic?,Baku,capital,Azerbaijan Soviet Socialist Republic,Baku,6340,2,6340_2
Where does Kingdom of Greece have its capital?,Athens,capital,Kingdom of Greece,Athens,6341,4,6341_4
Name the capital city of South Korea. The answer is:,Seoul,capital,South Korea,Seoul,6342,3,6342_3
Which city serves as the capital of Sovereign Military Order of Malta?,Rome,capital,Sovereign Military Order of Malta,Rome,6343,2,6343_2
Name the capital city of Cumbria. The answer is:,Carlisle,capital,Cumbria,Carlisle,6344,3,6344_3
Name the capital city of Lower Saxony. The answer is:,Hanover,capital,Lower Saxony,Hanover,6345,3,6345_3
Which city serves as the capital of Kingdom of England?,Westminster,capital,Kingdom of England,Westminster,6346,2,6346_2
Which city serves as the capital of Province of Turin?,Turin,capital,Province of Turin,Turin,6347,2,6347_2
Where is North Carolina's capital located?,Raleigh,capital,North Carolina,Raleigh,6348,0,6348_0
What is the capital of Northern Territory?,Darwin,capital,Northern Territory,Darwin,6349,1,6349_1
Where is Kingdom of Hanover's capital located?,Hanover,capital,Kingdom of Hanover,Hanover,6350,0,6350_0
Name the capital city of Hordaland. The answer is:,Bergen,capital,Hordaland,Bergen,6351,3,6351_3
Which city serves as the capital of South Dakota?,Pierre,capital,South Dakota,Pierre,6352,2,6352_2
Which city serves as the capital of Alsace?,Strasbourg,capital,Alsace,Strasbourg,6353,2,6353_2
Where is Ontario's capital located?,Toronto,capital,Ontario,Toronto,6354,0,6354_0
Where is Massachusetts's capital located?,Boston,capital,Massachusetts,Boston,6355,0,6355_0
What is the capital of Kingdom of Bulgaria?,Sofia,capital,Kingdom of Bulgaria,Sofia,6356,1,6356_1
Name the capital city of Province of Naples. The answer is:,Naples,capital,Province of Naples,Naples,6357,3,6357_3
What is the capital of Romania?,Bucharest,capital,Romania,Bucharest,6358,1,6358_1
Where is Switzerland's capital located?,Bern,capital,Switzerland,Bern,6359,0,6359_0
What is the capital of Austria?,Vienna,capital,Austria,Vienna,6360,1,6360_1
Which city serves as the capital of Slovakia?,Bratislava,capital,Slovakia,Bratislava,6361,2,6361_2
Where does England have its capital?,London,capital,England,London,6362,4,6362_4
What is the capital of Egypt?,Cairo,capital,Egypt,Cairo,6363,1,6363_1
What is the capital of Uusimaa?,Helsinki,capital,Uusimaa,Helsinki,6364,1,6364_1
Where is Lancashire's capital located?,Preston,capital,Lancashire,Preston,6365,0,6365_0
What is the capital of Hiroshima Prefecture?,Hiroshima,capital,Hiroshima Prefecture,Hiroshima,6366,1,6366_1
Which city serves as the capital of Holy Roman Empire?,Vienna,capital,Holy Roman Empire,Vienna,6367,2,6367_2
Which city serves as the capital of United Kingdom of Great Britain and Ireland?,London,capital,United Kingdom of Great Britain and Ireland,London,6368,2,6368_2
Where is Nazi Germany's capital located?,Berlin,capital,Nazi Germany,Berlin,6369,0,6369_0
Name the capital city of Province of Syracuse. The answer is:,Syracuse,capital,Province of Syracuse,Syracuse,6370,3,6370_3
Name the capital city of Russian Soviet Federative Socialist Republic. The answer is:,Moscow,capital,Russian Soviet Federative Socialist Republic,Moscow,6371,3,6371_3
Where is Wyoming's capital located?,Cheyenne,capital,Wyoming,Cheyenne,6372,0,6372_0
Where is Ukrainian Soviet Socialist Republic's capital located?,Kiev,capital,Ukrainian Soviet Socialist Republic,Kiev,6373,0,6373_0
Name the capital city of Byzantine Empire. The answer is:,Constantinople,capital,Byzantine Empire,Constantinople,6374,3,6374_3
Which city serves as the capital of Umayyad Caliphate?,Damascus,capital,Umayyad Caliphate,Damascus,6375,2,6375_2
Name the capital city of Thailand. The answer is:,Bangkok,capital,Thailand,Bangkok,6376,3,6376_3
Name the capital city of Andhra Pradesh. The answer is:,Hyderabad,capital,Andhra Pradesh,Hyderabad,6377,3,6377_3
Where is Norway's capital located?,Oslo,capital,Norway,Oslo,6378,0,6378_0
Where does Rhineland-Palatinate have its capital?,Mainz,capital,Rhineland-Palatinate,Mainz,6379,4,6379_4
Where does Turkey have its capital?,Ankara,capital,Turkey,Ankara,6380,4,6380_4
Which city serves as the capital of Rif Dimashq Governorate?,Damascus,capital,Rif Dimashq Governorate,Damascus,6381,2,6381_2
Name the capital city of Swabia. The answer is:,Augsburg,capital,Swabia,Augsburg,6382,3,6382_3
Name the capital city of occupation of Japan. The answer is:,Tokyo,capital,occupation of Japan,Tokyo,6383,3,6383_3
What is the capital of Rhode Island?,Providence,capital,Rhode Island,Providence,6384,1,6384_1
Where is Idaho's capital located?,Boise,capital,Idaho,Boise,6385,0,6385_0
Which city serves as the capital of Croatia?,Zagreb,capital,Croatia,Zagreb,6386,2,6386_2
Name the capital city of County Cork. The answer is:,Cork,capital,County Cork,Cork,6387,3,6387_3
Where does Province of Venice have its capital?,Venice,capital,Province of Venice,Venice,6388,4,6388_4
Where is Kingdom of Wessex's capital located?,Winchester,capital,Kingdom of Wessex,Winchester,6389,0,6389_0
Name the capital city of Roman Empire. The answer is:,Rome,capital,Roman Empire,Rome,6390,3,6390_3
What is the capital of Algeria?,Algiers,capital,Algeria,Algiers,6391,1,6391_1
Where is British Columbia's capital located?,Victoria,capital,British Columbia,Victoria,6392,0,6392_0
Where does West Bengal have its capital?,Kolkata,capital,West Bengal,Kolkata,6393,4,6393_4
Name the capital city of Kingdom of Bohemia. The answer is:,Prague,capital,Kingdom of Bohemia,Prague,6394,3,6394_3
Where does Moscow Oblast have its capital?,Moscow,capital,Moscow Oblast,Moscow,6395,4,6395_4
What is the capital of Lebanon?,Beirut,capital,Lebanon,Beirut,6396,1,6396_1
Where is Latvia's capital located?,Riga,capital,Latvia,Riga,6397,0,6397_0
Where does Empire of Japan have its capital?,Tokyo,capital,Empire of Japan,Tokyo,6398,4,6398_4
Which city serves as the capital of Wales?,Cardiff,capital,Wales,Cardiff,6399,2,6399_2
What is the capital of Delhi Sultanate?,Delhi,capital,Delhi Sultanate,Delhi,6400,1,6400_1
Where is Democratic Republic of Afghanistan's capital located?,Kabul,capital,Democratic Republic of Afghanistan,Kabul,6401,0,6401_0
What is the capital of Poland?,Warsaw,capital,Poland,Warsaw,6402,1,6402_1
What is the capital of Qajar dynasty?,Tehran,capital,Qajar dynasty,Tehran,6403,1,6403_1
Name the capital city of Abbasid Caliphate. The answer is:,Baghdad,capital,Abbasid Caliphate,Baghdad,6404,3,6404_3
Where does Sindh have its capital?,Karachi,capital,Sindh,Karachi,6405,4,6405_4
What is the capital of Akershus?,Oslo,capital,Akershus,Oslo,6406,1,6406_1
Where does South Yemen have its capital?,Aden,capital,South Yemen,Aden,6407,4,6407_4
Where is Nouvelle-Aquitaine's capital located?,Bordeaux,capital,Nouvelle-Aquitaine,Bordeaux,6408,0,6408_0
Name the capital city of North West England. The answer is:,Manchester,capital,North West England,Manchester,6409,3,6409_3
Where does People's Republic of China have its capital?,Beijing,capital,People's Republic of China,Beijing,6410,4,6410_4
Where is Old Kingdom of Egypt's capital located?,Memphis,capital,Old Kingdom of Egypt,Memphis,6411,0,6411_0
What is the capital of Bermuda?,Hamilton,capital,Bermuda,Hamilton,6412,1,6412_1
What is the capital of Haute-Garonne?,Toulouse,capital,Haute-Garonne,Toulouse,6413,1,6413_1
Name the capital city of United Arab Republic. The answer is:,Cairo,capital,United Arab Republic,Cairo,6414,3,6414_3
Which city serves as the capital of Herefordshire?,Hereford,capital,Herefordshire,Hereford,6415,2,6415_2
Where does Gironde have its capital?,Bordeaux,capital,Gironde,Bordeaux,6416,4,6416_4
Which city serves as the capital of province of Milan?,Milan,capital,province of Milan,Milan,6417,2,6417_2
Where does Finland have its capital?,Helsinki,capital,Finland,Helsinki,6418,4,6418_4
Which city serves as the capital of Syria?,Damascus,capital,Syria,Damascus,6419,2,6419_2
Name the capital city of Community of Valencia. The answer is:,Valencia,capital,Community of Valencia,Valencia,6420,3,6420_3
Which city serves as the capital of Byelorussian Soviet Socialist Republic?,Minsk,capital,Byelorussian Soviet Socialist Republic,Minsk,6421,2,6421_2
Name the capital city of Republic of Genova. The answer is:,Genoa,capital,Republic of Genova,Genoa,6422,3,6422_3
Name the capital city of Belgium. The answer is:,Brussels,capital,Belgium,Brussels,6423,3,6423_3
Where is Tirana District's capital located?,Tirana,capital,Tirana District,Tirana,6424,0,6424_0
Which city serves as the capital of Liguria?,Genoa,capital,Liguria,Genoa,6425,2,6425_2
Where is Aquitaine's capital located?,Bordeaux,capital,Aquitaine,Bordeaux,6426,0,6426_0
Name the capital city of Austria-Hungary. The answer is:,Vienna,capital,Austria-Hungary,Vienna,6427,3,6427_3
What is the capital of Province of Rome?,Rome,capital,Province of Rome,Rome,6428,1,6428_1
Where does Stockholm County have its capital?,Stockholm,capital,Stockholm County,Stockholm,6429,4,6429_4
What is the capital of Kingdom of Egypt?,Cairo,capital,Kingdom of Egypt,Cairo,6430,1,6430_1
Name the capital city of Tennessee. The answer is:,Nashville,capital,Tennessee,Nashville,6431,3,6431_3
Where is Saga Prefecture's capital located?,Saga,capital,Saga Prefecture,Saga,6432,0,6432_0
What is the capital of Sweden?,Stockholm,capital,Sweden,Stockholm,6433,1,6433_1
Which city serves as the capital of French Algeria?,Algiers,capital,French Algeria,Algiers,6434,2,6434_2
Where is Ohio's capital located?,Columbus,capital,Ohio,Columbus,6435,0,6435_0
Where is South Carolina's capital located?,Columbia,capital,South Carolina,Columbia,6436,0,6436_0
What is the capital of Jamaica?,Kingston,capital,Jamaica,Kingston,6437,1,6437_1
Where is Kyivska Rus''s capital located?,Kiev,capital,Kyivska Rus',Kiev,6438,0,6438_0
What is the capital of Hautes-Alpes?,Gap,capital,Hautes-Alpes,Gap,6439,1,6439_1
Which city serves as the capital of Kingdom of England?,London,capital,Kingdom of England,London,6440,2,6440_2
Name the capital city of Catalonia. The answer is:,Barcelona,capital,Catalonia,Barcelona,6441,3,6441_3
Name the capital city of Revolucion Francesa. The answer is:,Paris,capital,Revolucion Francesa,Paris,6442,3,6442_3
What is the capital of Piedmont?,Turin,capital,Piedmont,Turin,6443,1,6443_1
Where does Czech Republic have its capital?,Prague,capital,Czech Republic,Prague,6444,4,6444_4
Name the capital city of Nova Scotia. The answer is:,Halifax,capital,Nova Scotia,Halifax,6445,3,6445_3
Which city serves as the capital of Oxfordshire?,Oxford,capital,Oxfordshire,Oxford,6446,2,6446_2
What is the capital of European Union?,Brussels,capital,European Union,Brussels,6447,1,6447_1
What is the capital of Socialist Federal Republic of Yugoslavia?,Belgrade,capital,Socialist Federal Republic of Yugoslavia,Belgrade,6448,1,6448_1
What is the capital of British India?,Kolkata,capital,British India,Kolkata,6449,1,6449_1
Name the capital city of Qing dynasty. The answer is:,Beijing,capital,Qing dynasty,Beijing,6450,3,6450_3
What is the capital of Grand Duchy of Lithuania?,Vilnius,capital,Grand Duchy of Lithuania,Vilnius,6451,1,6451_1
Which city serves as the capital of Kingdom of Sardinia?,Turin,capital,Kingdom of Sardinia,Turin,6452,2,6452_2
Name the capital city of Maryland. The answer is:,Annapolis,capital,Maryland,Annapolis,6453,3,6453_3
Where is Weimar Republic's capital located?,Berlin,capital,Weimar Republic,Berlin,6454,0,6454_0
Where does Confederate States of America have its capital?,Richmond,capital,Confederate States of America,Richmond,6455,4,6455_4
Name the capital city of Neustria. The answer is:,Paris,capital,Neustria,Paris,6456,3,6456_3
Where is Bavaria's capital located?,Munich,capital,Bavaria,Munich,6457,0,6457_0
What is the capital of Hawaii?,Honolulu,capital,Hawaii,Honolulu,6458,1,6458_1
Name the capital city of Allied-occupied Germany. The answer is:,Berlin,capital,Allied-occupied Germany,Berlin,6459,3,6459_3
Where does Queensland have its capital?,Brisbane,capital,Queensland,Brisbane,6460,4,6460_4
Where is Bohemia's capital located?,Prague,capital,Bohemia,Prague,6461,0,6461_0
Which city serves as the capital of Islamic Emirate of Afghanistan?,Kabul,capital,Islamic Emirate of Afghanistan,Kabul,6462,2,6462_2
Which city serves as the capital of Homs Governorate?,Damascus,capital,Homs Governorate,Damascus,6463,2,6463_2
What is the capital of West Virginia?,Charleston,capital,West Virginia,Charleston,6464,1,6464_1
Name the capital city of Kenya. The answer is:,Nairobi,capital,Kenya,Nairobi,6465,3,6465_3
Where is West Germany's capital located?,Bonn,capital,West Germany,Bonn,6466,0,6466_0
Where is Slovenia's capital located?,Ljubljana,capital,Slovenia,Ljubljana,6467,0,6467_0
Where is Otago Region's capital located?,Dunedin,capital,Otago Region,Dunedin,6468,0,6468_0
Which city serves as the capital of Jiangsu?,Nanjing,capital,Jiangsu,Nanjing,6469,2,6469_2
Where does New Jersey have its capital?,Trenton,capital,New Jersey,Trenton,6470,4,6470_4
What is the capital of Oregon?,Salem,capital,Oregon,Salem,6471,1,6471_1
Where is Kingdom of Italy's capital located?,Rome,capital,Kingdom of Italy,Rome,6472,0,6472_0
Where is Schleswig-Holstein's capital located?,Kiel,capital,Schleswig-Holstein,Kiel,6473,0,6473_0
Where is Lithuania's capital located?,Vilnius,capital,Lithuania,Vilnius,6474,0,6474_0
Name the capital city of Mississippi. The answer is:,Jackson,capital,Mississippi,Jackson,6475,3,6475_3
Where is Austria-Hungary's capital located?,Budapest,capital,Austria-Hungary,Budapest,6476,0,6476_0
Where does Minsk Region have its capital?,Minsk,capital,Minsk Region,Minsk,6477,4,6477_4
What is the capital of Guangdong?,Guangzhou,capital,Guangdong,Guangzhou,6478,1,6478_1
Where is Roman Republic's capital located?,Rome,capital,Roman Republic,Rome,6479,0,6479_0
Name the capital city of Kingdom of Prussia. The answer is:,Berlin,capital,Kingdom of Prussia,Berlin,6480,3,6480_3
Where does Afghanistan have its capital?,Kabul,capital,Afghanistan,Kabul,6481,4,6481_4
What is the capital of Chile?,Santiago,capital,Chile,Santiago,6482,1,6482_1
What is the capital of Yugoslavia?,Belgrade,capital,Yugoslavia,Belgrade,6483,1,6483_1
What is the capital of Majorca?,Palma de Mallorca,capital,Majorca,Palma de Mallorca,6484,1,6484_1
Name the capital city of Norfolk. The answer is:,Norwich,capital,Norfolk,Norwich,6485,3,6485_3
Where is Masovian Voivodeship's capital located?,Warsaw,capital,Masovian Voivodeship,Warsaw,6486,0,6486_0
Name the capital city of Flanders. The answer is:,Brussels,capital,Flanders,Brussels,6487,3,6487_3
What does Halle Berry do for a living?,model,occupation,Halle Berry,model,1959,1,1959_1
Which profession is Muhammad Iqbal associated with?,poet,occupation,Muhammad Iqbal,poet,1960,2,1960_2
What is Annie Lennox's profession?,songwriter,occupation,Annie Lennox,songwriter,1961,0,1961_0
What is Boethius's profession?,philosopher,occupation,Boethius,philosopher,1962,0,1962_0
What does Michelangelo do for a living?,poet,occupation,Michelangelo,poet,1963,1,1963_1
Which profession is Polina Gagarina associated with?,actor,occupation,Polina Gagarina,actor,1964,2,1964_2
What does Elfriede Jelinek do for a living?,poet,occupation,Elfriede Jelinek,poet,1965,1,1965_1
Which profession is Eva Longoria associated with?,actor,occupation,Eva Longoria,actor,1966,2,1966_2
Which profession is Augustin-Jean Fresnel associated with?,physicist,occupation,Augustin-Jean Fresnel,physicist,1967,2,1967_2
What is Ian Khama's profession?,politician,occupation,Ian Khama,politician,1968,0,1968_0
What is Fred Astaire's profession?,screenwriter,occupation,Fred Astaire,screenwriter,1969,0,1969_0
What is J. B. Priestley's profession?,novelist,occupation,J. B. Priestley,novelist,1970,0,1970_0
What is Jack Huston's profession?,actor,occupation,Jack Huston,actor,1971,0,1971_0
What does Werner Heisenberg do for a living?,physicist,occupation,Werner Heisenberg,physicist,1972,1,1972_1
What career does Hugh Bonneville have?,actor,occupation,Hugh Bonneville,actor,1973,3,1973_3
What is the job title of Anders Fogh Rasmussen?,politician,occupation,Anders Fogh Rasmussen,politician,1974,4,1974_4
What does Enrique Granados do for a living?,composer,occupation,Enrique Granados,composer,1975,1,1975_1
What career does Karen Gillan have?,actor,occupation,Karen Gillan,actor,1976,3,1976_3
What is Jorge Luis Borges's profession?,librarian,occupation,Jorge Luis Borges,librarian,1977,0,1977_0
What is Jacques Audiard's profession?,screenwriter,occupation,Jacques Audiard,screenwriter,1978,0,1978_0
What does Warren Beatty do for a living?,screenwriter,occupation,Warren Beatty,screenwriter,1979,1,1979_1
Which profession is Johann Wolfgang von Goethe associated with?,politician,occupation,Johann Wolfgang von Goethe,politician,1980,2,1980_2
What is the job title of Rashida Jones?,actor,occupation,Rashida Jones,actor,1981,4,1981_4
Which profession is Emmanuel Chabrier associated with?,composer,occupation,Emmanuel Chabrier,composer,1982,2,1982_2
What career does Marquis de Sade have?,playwright,occupation,Marquis de Sade,playwright,1983,3,1983_3
What career does Madhuri Dixit have?,actor,occupation,Madhuri Dixit,actor,1984,3,1984_3
What is the job title of Arno Allan Penzias?,astronomer,occupation,Arno Allan Penzias,astronomer,1985,4,1985_4
What is Michel Houellebecq's profession?,poet,occupation,Michel Houellebecq,poet,1986,0,1986_0
What does Aristotle do for a living?,mathematician,occupation,Aristotle,mathematician,1987,1,1987_1
What does Kazuo Ishiguro do for a living?,novelist,occupation,Kazuo Ishiguro,novelist,1988,1,1988_1
What does Lou Reed do for a living?,photographer,occupation,Lou Reed,photographer,1989,1,1989_1
What career does Klemens von Metternich have?,diplomat,occupation,Klemens von Metternich,diplomat,1990,3,1990_3
What is the job title of Justin I?,politician,occupation,Justin I,politician,1991,4,1991_4
What career does Heath Ledger have?,actor,occupation,Heath Ledger,actor,1992,3,1992_3
What is the job title of Agostinho Neto?,poet,occupation,Agostinho Neto,poet,1993,4,1993_4
Which profession is Edgar Allan Poe associated with?,playwright,occupation,Edgar Allan Poe,playwright,1994,2,1994_2
What career does Aleksandr Solzhenitsyn have?,poet,occupation,Aleksandr Solzhenitsyn,poet,1995,3,1995_3
What is Stephen Colbert's profession?,journalist,occupation,Stephen Colbert,journalist,1996,0,1996_0
What does Whitney Houston do for a living?,composer,occupation,Whitney Houston,composer,1997,1,1997_1
What is the job title of Lope de Vega?,playwright,occupation,Lope de Vega,playwright,1998,4,1998_4
What is Janet Jackson's profession?,model,occupation,Janet Jackson,model,1999,0,1999_0
What is the job title of Francis Poulenc?,pianist,occupation,Francis Poulenc,pianist,2000,4,2000_4
What is the job title of James Fenimore Cooper?,novelist,occupation,James Fenimore Cooper,novelist,2001,4,2001_4
What is Peter Abelard's profession?,philosopher,occupation,Peter Abelard,philosopher,2002,0,2002_0
What career does Georgy Lvov have?,politician,occupation,Georgy Lvov,politician,2003,3,2003_3
What does H. P. Lovecraft do for a living?,journalist,occupation,H. P. Lovecraft,journalist,2004,1,2004_1
What field does Alan Turing work in?,logic,field_of_work,Alan Turing,logic,1792,0,1792_0
What area of study is Anaxagoras associated with?,philosophy,field_of_work,Anaxagoras,philosophy,1793,2,1793_2
What is the main area of expertise for Robert Bunsen?,chemistry,field_of_work,Robert Bunsen,chemistry,1794,4,1794_4
What field does John Calvin work in?,theology,field_of_work,John Calvin,theology,1795,0,1795_0
What area of study is physical system associated with?,physics,field_of_work,physical system,physics,1796,2,1796_2
What is the main area of expertise for Carl Rogers?,psychology,field_of_work,Carl Rogers,psychology,1797,4,1797_4
Which discipline is David Hilbert famous for working in?,geometry,field_of_work,David Hilbert,geometry,1798,3,1798_3
What is the main area of expertise for Richard Wagner?,opera,field_of_work,Richard Wagner,opera,1799,4,1799_4
What field does Euclid work in?,geometry,field_of_work,Euclid,geometry,1800,0,1800_0
What area of study is Max Weber associated with?,sociology,field_of_work,Max Weber,sociology,1801,2,1801_2
What is the main area of expertise for Hans Eysenck?,psychology,field_of_work,Hans Eysenck,psychology,1802,4,1802_4
In which field is Eugene Wigner known to have worked?,physics,field_of_work,Eugene Wigner,physics,1803,1,1803_1
In which field is Fred Hoyle known to have worked?,astronomy,field_of_work,Fred Hoyle,astronomy,1804,1,1804_1
What area of study is Galen associated with?,anatomy,field_of_work,Galen,anatomy,1805,2,1805_2
What area of study is William Harvey associated with?,physiology,field_of_work,William Harvey,physiology,1806,2,1806_2
In which field is Howard Carter known to have worked?,archaeology,field_of_work,Howard Carter,archaeology,1807,1,1807_1
What field does Heinrich Schliemann work in?,archaeology,field_of_work,Heinrich Schliemann,archaeology,1808,0,1808_0
What field does Claude Bernard work in?,physiology,field_of_work,Claude Bernard,physiology,1809,0,1809_0
What area of study is Isaac Newton associated with?,mathematics,field_of_work,Isaac Newton,mathematics,1810,2,1810_2
What is the main area of expertise for Justus von Liebig?,chemistry,field_of_work,Justus von Liebig,chemistry,1811,4,1811_4
Which discipline is Frederick Banting famous for working in?,physiology,field_of_work,Frederick Banting,physiology,1812,3,1812_3
What area of study is Karl Marx associated with?,sociology,field_of_work,Karl Marx,sociology,1813,2,1813_2
Which discipline is Hans Bethe famous for working in?,physics,field_of_work,Hans Bethe,physics,1814,3,1814_3
What area of study is Jack Ruby associated with?,nightclub,field_of_work,Jack Ruby,nightclub,1815,2,1815_2
What area of study is Percy Williams Bridgman associated with?,physics,field_of_work,Percy Williams Bridgman,physics,1816,2,1816_2
In which field is Gerolamo Cardano known to have worked?,mathematics,field_of_work,Gerolamo Cardano,mathematics,1817,1,1817_1
What is the main area of expertise for Max Weber?,economics,field_of_work,Max Weber,economics,1818,4,1818_4
Which discipline is Michael Faraday famous for working in?,chemistry,field_of_work,Michael Faraday,chemistry,1819,3,1819_3
In which field is ornithology known to have worked?,bird,field_of_work,ornithology,bird,1820,1,1820_1
What field does Bonaventura Cavalieri work in?,mathematics,field_of_work,Bonaventura Cavalieri,mathematics,1821,0,1821_0
What is the main area of expertise for Galileo Galilei?,mathematics,field_of_work,Galileo Galilei,mathematics,1822,4,1822_4
What is the main area of expertise for Hypatia?,mathematics,field_of_work,Hypatia,mathematics,1823,4,1823_4
Which discipline is Michael Servetus famous for working in?,theology,field_of_work,Michael Servetus,theology,1824,3,1824_3
What area of study is Edwin Hubble associated with?,astronomy,field_of_work,Edwin Hubble,astronomy,1825,2,1825_2
Which discipline is Isaac Newton famous for working in?,physics,field_of_work,Isaac Newton,physics,1826,3,1826_3
What area of study is Ilya Prigogine associated with?,physics,field_of_work,Ilya Prigogine,physics,1827,2,1827_2
What area of study is Sapir-Whorf hypothesis associated with?,linguistics,field_of_work,Sapir-Whorf hypothesis,linguistics,1828,2,1828_2
What area of study is scientific method associated with?,science,field_of_work,scientific method,science,1829,2,1829_2
In which field is William Crookes known to have worked?,chemistry,field_of_work,William Crookes,chemistry,1830,1,1830_1
In which field is Steve Biko known to have worked?,apartheid,field_of_work,Steve Biko,apartheid,1831,1,1831_1
What area of study is Charles Darwin associated with?,biology,field_of_work,Charles Darwin,biology,1832,2,1832_2
Which discipline is Tycho Brahe famous for working in?,astronomy,field_of_work,Tycho Brahe,astronomy,1833,3,1833_3
What area of study is John Stuart Mill associated with?,philosophy,field_of_work,John Stuart Mill,philosophy,1834,2,1834_2
What is the main area of expertise for Alan Turing?,mathematics,field_of_work,Alan Turing,mathematics,1835,4,1835_4
In which field is Vilfredo Pareto known to have worked?,sociology,field_of_work,Vilfredo Pareto,sociology,1836,1,1836_1
What field does William Somerset Maugham work in?,playwright,field_of_work,William Somerset Maugham,playwright,1837,0,1837_0
Which discipline is William Somerset Maugham famous for working in?,novelist,field_of_work,William Somerset Maugham,novelist,1838,3,1838_3
What is the main area of expertise for Enrico Fermi?,physics,field_of_work,Enrico Fermi,physics,1839,4,1839_4
What is the main area of expertise for Giovanni Domenico Cassini?,astronomy,field_of_work,Giovanni Domenico Cassini,astronomy,1840,4,1840_4
Which discipline is Johann Wolfgang von Goethe famous for working in?,anatomy,field_of_work,Johann Wolfgang von Goethe,anatomy,1841,3,1841_3
Which discipline is Paracelsus famous for working in?,medicine,field_of_work,Paracelsus,medicine,1842,3,1842_3
What field does John Coltrane work in?,jazz,field_of_work,John Coltrane,jazz,1843,0,1843_0
Which discipline is Hermann von Helmholtz famous for working in?,physics,field_of_work,Hermann von Helmholtz,physics,1844,3,1844_3
What is the main area of expertise for Galen?,medicine,field_of_work,Galen,medicine,1845,4,1845_4
What area of study is Abraham Maslow associated with?,psychology,field_of_work,Abraham Maslow,psychology,1846,2,1846_2
In which field is Louis Pasteur known to have worked?,chemistry,field_of_work,Louis Pasteur,chemistry,1847,1,1847_1
What field does Henry Cavendish work in?,physics,field_of_work,Henry Cavendish,physics,1848,0,1848_0
In which field is Karl Marx known to have worked?,economics,field_of_work,Karl Marx,economics,1849,1,1849_1
What is the main area of expertise for Ulf von Euler?,physiology,field_of_work,Ulf von Euler,physiology,1850,4,1850_4
Which discipline is Galileo Galilei famous for working in?,astronomy,field_of_work,Galileo Galilei,astronomy,1851,3,1851_3
What area of study is Nikolai Ivanovich Lobachevsky associated with?,geometry,field_of_work,Nikolai Ivanovich Lobachevsky,geometry,1852,2,1852_2
What area of study is Christiaan Huygens associated with?,mathematics,field_of_work,Christiaan Huygens,mathematics,1853,2,1853_2
What area of study is web application associated with?,website,field_of_work,web application,website,1854,2,1854_2
What is the main area of expertise for Nagarjuna?,Buddhism,field_of_work,Nagarjuna,Buddhism,1855,4,1855_4
What area of study is William Rowan Hamilton associated with?,mathematics,field_of_work,William Rowan Hamilton,mathematics,1856,2,1856_2
In which field is Ernest Rutherford known to have worked?,physics,field_of_work,Ernest Rutherford,physics,1857,1,1857_1
Which discipline is William Herschel famous for working in?,astronomy,field_of_work,William Herschel,astronomy,1858,3,1858_3
What field does Ivan Pavlov work in?,physiology,field_of_work,Ivan Pavlov,physiology,1859,0,1859_0
Which discipline is Hermann Minkowski famous for working in?,geometry,field_of_work,Hermann Minkowski,geometry,1860,3,1860_3
What field does Galileo Galilei work in?,physics,field_of_work,Galileo Galilei,physics,1861,0,1861_0
What is the main area of expertise for Julian Schwinger?,physics,field_of_work,Julian Schwinger,physics,1862,4,1862_4
Which discipline is suicide attack famous for working in?,terrorism,field_of_work,suicide attack,terrorism,1863,3,1863_3
In which field is Lev Vygotsky known to have worked?,psychology,field_of_work,Lev Vygotsky,psychology,1864,1,1864_1
In which field is Karl Marx known to have worked?,philosophy,field_of_work,Karl Marx,philosophy,1865,1,1865_1
What area of study is Friedrich Bessel associated with?,mathematics,field_of_work,Friedrich Bessel,mathematics,1866,2,1866_2
What area of study is Joseph Schumpeter associated with?,economics,field_of_work,Joseph Schumpeter,economics,1867,2,1867_2
What area of study is Max Weber associated with?,history,field_of_work,Max Weber,history,1868,2,1868_2
What area of study is Edward Gibbon associated with?,history,field_of_work,Edward Gibbon,history,1869,2,1869_2
What area of study is John Archibald Wheeler associated with?,physics,field_of_work,John Archibald Wheeler,physics,1870,2,1870_2
What is the main area of expertise for Leonhard Euler?,physics,field_of_work,Leonhard Euler,physics,1871,4,1871_4
What is the main area of expertise for August Krogh?,physiology,field_of_work,August Krogh,physiology,1872,4,1872_4
What area of study is Felix Bloch associated with?,physics,field_of_work,Felix Bloch,physics,1873,2,1873_2
What is the main area of expertise for Anders Celsius?,astronomy,field_of_work,Anders Celsius,astronomy,1874,4,1874_4
Which discipline is Willem Einthoven famous for working in?,physiology,field_of_work,Willem Einthoven,physiology,1875,3,1875_3
What field does Joseph von Fraunhofer work in?,physics,field_of_work,Joseph von Fraunhofer,physics,1876,0,1876_0
What field does Sin-Itiro Tomonaga work in?,physics,field_of_work,Sin-Itiro Tomonaga,physics,1877,0,1877_0
What is the main area of expertise for Hermann Schwarz?,mathematics,field_of_work,Hermann Schwarz,mathematics,1878,4,1878_4
What field does Jean Le Rond d'Alembert work in?,mathematics,field_of_work,Jean Le Rond d'Alembert,mathematics,1879,0,1879_0
What area of study is Luca Pacioli associated with?,mathematics,field_of_work,Luca Pacioli,mathematics,1880,2,1880_2
What area of study is Vitaly Ginzburg associated with?,physics,field_of_work,Vitaly Ginzburg,physics,1881,2,1881_2
In which field is Sima Qian known to have worked?,history,field_of_work,Sima Qian,history,1882,1,1882_1
What area of study is Ptolemy associated with?,mathematician,field_of_work,Ptolemy,mathematician,1883,2,1883_2
What field does Jean Piaget work in?,psychology,field_of_work,Jean Piaget,psychology,1884,0,1884_0
Which discipline is Stefan Banach famous for working in?,mathematics,field_of_work,Stefan Banach,mathematics,1885,3,1885_3
What area of study is Joseph Priestley associated with?,philosophy,field_of_work,Joseph Priestley,philosophy,1886,2,1886_2
What field does Kurt Lewin work in?,psychology,field_of_work,Kurt Lewin,psychology,1887,0,1887_0
In which field is James Clerk Maxwell known to have worked?,physics,field_of_work,James Clerk Maxwell,physics,1888,1,1888_1
In which field is Alfred Marshall known to have worked?,economics,field_of_work,Alfred Marshall,economics,1889,1,1889_1
What area of study is Nicolaus Copernicus associated with?,astronomy,field_of_work,Nicolaus Copernicus,astronomy,1890,2,1890_2
What is the main area of expertise for Eric Maskin?,economist,field_of_work,Eric Maskin,economist,1891,4,1891_4
What area of study is Jared Diamond associated with?,ecology,field_of_work,Jared Diamond,ecology,1892,2,1892_2
What field does Andrey Kolmogorov work in?,geometry,field_of_work,Andrey Kolmogorov,geometry,1893,0,1893_0
What is the main area of expertise for Joseph Louis Gay-Lussac?,chemistry,field_of_work,Joseph Louis Gay-Lussac,chemistry,1894,4,1894_4
What area of study is octane associated with?,chemistry,field_of_work,octane,chemistry,1895,2,1895_2
Which discipline is Daniel Bernoulli famous for working in?,physics,field_of_work,Daniel Bernoulli,physics,1896,3,1896_3
What area of study is Michael Faraday associated with?,physics,field_of_work,Michael Faraday,physics,1897,2,1897_2
What is the main area of expertise for Humphry Davy?,chemistry,field_of_work,Humphry Davy,chemistry,1898,4,1898_4
What area of study is Henri Moissan associated with?,chemistry,field_of_work,Henri Moissan,chemistry,1899,2,1899_2
What field does Pierre Curie work in?,physics,field_of_work,Pierre Curie,physics,1900,0,1900_0
What area of study is Gustav Kirchhoff associated with?,physics,field_of_work,Gustav Kirchhoff,physics,1901,2,1901_2
What area of study is Norbert Wiener associated with?,mathematics,field_of_work,Norbert Wiener,mathematics,1902,2,1902_2
What is the main area of expertise for Urbain Le Verrier?,astronomy,field_of_work,Urbain Le Verrier,astronomy,1903,4,1903_4
What field does Johan Huizinga work in?,history,field_of_work,Johan Huizinga,history,1904,0,1904_0
What is the main area of expertise for Science?,science,field_of_work,Science,science,1905,4,1905_4
In which field is Edward Teller known to have worked?,physics,field_of_work,Edward Teller,physics,1906,1,1906_1
What field does Led Zeppelin work in?,musician,field_of_work,Led Zeppelin,musician,1907,0,1907_0
What field does Ernest Lawrence work in?,physics,field_of_work,Ernest Lawrence,physics,1908,0,1908_0
Which discipline is Marie Curie famous for working in?,chemistry,field_of_work,Marie Curie,chemistry,1909,3,1909_3
Which discipline is John Napier famous for working in?,mathematics,field_of_work,John Napier,mathematics,1910,3,1910_3
In which field is Isaac Newton known to have worked?,astronomy,field_of_work,Isaac Newton,astronomy,1911,1,1911_1
In which field is Larry Sanger known to have worked?,philosophy,field_of_work,Larry Sanger,philosophy,1912,1,1912_1
What area of study is Philipp Lenard associated with?,physics,field_of_work,Philipp Lenard,physics,1913,2,1913_2
In which field is Hermann von Helmholtz known to have worked?,physiology,field_of_work,Hermann von Helmholtz,physiology,1914,1,1914_1
What area of study is Friedrich Bessel associated with?,astronomy,field_of_work,Friedrich Bessel,astronomy,1915,2,1915_2
In which field is Alfred Kinsey known to have worked?,biology,field_of_work,Alfred Kinsey,biology,1916,1,1916_1
What is the main area of expertise for Mesrop Mashtots?,linguistics,field_of_work,Mesrop Mashtots,linguistics,1917,4,1917_4
What field does James Franck work in?,physics,field_of_work,James Franck,physics,1918,0,1918_0
Which discipline is Elinor Ostrom famous for working in?,economics,field_of_work,Elinor Ostrom,economics,1919,3,1919_3
Which discipline is Edward Victor Appleton famous for working in?,physics,field_of_work,Edward Victor Appleton,physics,1920,3,1920_3
What is the main area of expertise for John Dalton?,chemistry,field_of_work,John Dalton,chemistry,1921,4,1921_4
What area of study is John Dalton associated with?,physics,field_of_work,John Dalton,physics,1922,2,1922_2
What area of study is Dmitri Mendeleev associated with?,chemistry,field_of_work,Dmitri Mendeleev,chemistry,1923,2,1923_2
What field does Dmitri Mendeleev work in?,physics,field_of_work,Dmitri Mendeleev,physics,1924,0,1924_0
What field does Paul McCartney work in?,musician,field_of_work,Paul McCartney,musician,1925,0,1925_0
What field does Charles Babbage work in?,mathematics,field_of_work,Charles Babbage,mathematics,1926,0,1926_0
What is the main area of expertise for Nicolaus Copernicus?,mathematics,field_of_work,Nicolaus Copernicus,mathematics,1927,4,1927_4
Which discipline is Aryabhata famous for working in?,astronomy,field_of_work,Aryabhata,astronomy,1928,3,1928_3
Which discipline is Clyde Tombaugh famous for working in?,astronomer,field_of_work,Clyde Tombaugh,astronomer,1929,3,1929_3
What area of study is Willis Lamb associated with?,physics,field_of_work,Willis Lamb,physics,1930,2,1930_2
What is the main area of expertise for Archimedes?,geometry,field_of_work,Archimedes,geometry,1931,4,1931_4
What field does Anaxagoras work in?,astronomy,field_of_work,Anaxagoras,astronomy,1932,0,1932_0
What field does Christiaan Huygens work in?,physics,field_of_work,Christiaan Huygens,physics,1933,0,1933_0
What is the main area of expertise for Michael Jackson?,musician,field_of_work,Michael Jackson,musician,1934,4,1934_4
In which field is Adam Smith known to have worked?,economics,field_of_work,Adam Smith,economics,1935,1,1935_1
Which discipline is Robert A. Millikan famous for working in?,physics,field_of_work,Robert A. Millikan,physics,1936,3,1936_3
Which discipline is Gerardus Mercator famous for working in?,geography,field_of_work,Gerardus Mercator,geography,1937,3,1937_3
Which discipline is Carl Linnaeus famous for working in?,medicine,field_of_work,Carl Linnaeus,medicine,1938,3,1938_3
What area of study is Charles Darwin associated with?,geology,field_of_work,Charles Darwin,geology,1939,2,1939_2
Which discipline is Frank Wilczek famous for working in?,physics,field_of_work,Frank Wilczek,physics,1940,3,1940_3
Which discipline is Andrey Kolmogorov famous for working in?,topology,field_of_work,Andrey Kolmogorov,topology,1941,3,1941_3
What is the main area of expertise for Johann Heinrich Lambert?,physics,field_of_work,Johann Heinrich Lambert,physics,1942,4,1942_4
What is the main area of expertise for Brahmagupta?,mathematics,field_of_work,Brahmagupta,mathematics,1943,4,1943_4
What field does Wilhelm Wien work in?,physics,field_of_work,Wilhelm Wien,physics,1944,0,1944_0
What is the main area of expertise for Hermann von Helmholtz?,psychology,field_of_work,Hermann von Helmholtz,psychology,1945,4,1945_4
What field does Leonhard Euler work in?,astronomy,field_of_work,Leonhard Euler,astronomy,1946,0,1946_0
In which field is Galileo Galilei known to have worked?,philosophy,field_of_work,Galileo Galilei,philosophy,1947,1,1947_1
What field does Gregor Mendel work in?,genetics,field_of_work,Gregor Mendel,genetics,1948,0,1948_0
Which discipline is Bruce Springsteen famous for working in?,musician,field_of_work,Bruce Springsteen,musician,1949,3,1949_3
In which field is Sofia Kovalevskaya known to have worked?,mathematics,field_of_work,Sofia Kovalevskaya,mathematics,1950,1,1950_1
Which discipline is Giordano Bruno famous for working in?,philosophy,field_of_work,Giordano Bruno,philosophy,1951,3,1951_3
In which field is Henri Becquerel known to have worked?,physics,field_of_work,Henri Becquerel,physics,1952,1,1952_1
What field does Kip S. Thorne work in?,physics,field_of_work,Kip S. Thorne,physics,1953,0,1953_0
What field does August Weismann work in?,biology,field_of_work,August Weismann,biology,1954,0,1954_0
What field does Paul Langevin work in?,physics,field_of_work,Paul Langevin,physics,1955,0,1955_0
In which field is John Cockcroft known to have worked?,physics,field_of_work,John Cockcroft,physics,1956,1,1956_1
In which field is Svante August Arrhenius known to have worked?,chemistry,field_of_work,Svante August Arrhenius,chemistry,1957,1,1957_1
What is the main area of expertise for Rococo?,architecture,field_of_work,Rococo,architecture,1958,4,1958_4
Where was Charles II of Spain born?,Madrid,place_of_birth,Charles II of Spain,Madrid,0,1,0_1
Which place is the birthplace of David Coulthard?,Scotland,place_of_birth,David Coulthard,Scotland,1,3,1_3
Which place is the birthplace of Christina Rossetti?,London,place_of_birth,Christina Rossetti,London,2,3,2_3
What is the birthplace of Kenny Rogers?,Houston,place_of_birth,Kenny Rogers,Houston,3,2,3_2
What is the birthplace of Husayn ibn Ali?,Medina,place_of_birth,Husayn ibn Ali,Medina,4,2,4_2
"What is the birthplace of William Thomson, 1st Baron Kelvin?",Belfast,place_of_birth,"William Thomson, 1st Baron Kelvin",Belfast,5,2,5_2
Which place is the birthplace of Alfred Adler?,Vienna,place_of_birth,Alfred Adler,Vienna,6,3,6_3
Where was Chus Lampreave born?,Madrid,place_of_birth,Chus Lampreave,Madrid,7,1,7_1
Where was Sergey Lavrov born?,Moscow,place_of_birth,Sergey Lavrov,Moscow,8,1,8_1
Where was Konrad Lorenz born?,Vienna,place_of_birth,Konrad Lorenz,Vienna,9,1,9_1
Which place is the birthplace of Lou Reed?,Brooklyn,place_of_birth,Lou Reed,Brooklyn,10,3,10_3
Which place is the birthplace of Leo V the Armenian?,Armenia,place_of_birth,Leo V the Armenian,Armenia,11,3,11_3
Which place is the birthplace of Marco Delvecchio?,Milan,place_of_birth,Marco Delvecchio,Milan,12,3,12_3
Where was Carl Orff born?,Munich,place_of_birth,Carl Orff,Munich,13,1,13_1
In which country was Pliny the Elder born?,Como,place_of_birth,Pliny the Elder,Como,14,4,14_4
In which city was Frederick William II of Prussia born?,Berlin,place_of_birth,Frederick William II of Prussia,Berlin,15,0,15_0
What is the birthplace of Boniface III?,Rome,place_of_birth,Boniface III,Rome,16,2,16_2
In which country was Claudio Abbado born?,Milan,place_of_birth,Claudio Abbado,Milan,17,4,17_4
What is the birthplace of Enrico Caruso?,Naples,place_of_birth,Enrico Caruso,Naples,18,2,18_2
Which place is the birthplace of Mehmed VI?,Istanbul,place_of_birth,Mehmed VI,Istanbul,19,3,19_3
In which country was Dennis Farina born?,Chicago,place_of_birth,Dennis Farina,Chicago,20,4,20_4
What is the birthplace of Mark Strong?,London,place_of_birth,Mark Strong,London,21,2,21_2
What is the birthplace of Edward I of England?,Westminster,place_of_birth,Edward I of England,Westminster,22,2,22_2
What is the birthplace of The Weeknd?,Toronto,place_of_birth,The Weeknd,Toronto,23,2,23_2
In which city was Larry King born?,Brooklyn,place_of_birth,Larry King,Brooklyn,24,0,24_0
Which place is the birthplace of Arthur Harden?,Manchester,place_of_birth,Arthur Harden,Manchester,25,3,25_3
Where was Marquis de Sade born?,Paris,place_of_birth,Marquis de Sade,Paris,26,1,26_1
Where was Zhang Ziyi born?,Beijing,place_of_birth,Zhang Ziyi,Beijing,27,1,27_1
What is the birthplace of Konrad Adenauer?,Cologne,place_of_birth,Konrad Adenauer,Cologne,28,2,28_2
In which country was Ferdinand de Saussure born?,Geneva,place_of_birth,Ferdinand de Saussure,Geneva,29,4,29_4
In which city was Vasili III of Russia born?,Moscow,place_of_birth,Vasili III of Russia,Moscow,30,0,30_0
Which place is the birthplace of Georges Duhamel?,Paris,place_of_birth,Georges Duhamel,Paris,31,3,31_3
What is the birthplace of Aisha?,Mecca,place_of_birth,Aisha,Mecca,32,2,32_2
In which country was Peter I of Serbia born?,Belgrade,place_of_birth,Peter I of Serbia,Belgrade,33,4,33_4
In which country was Bing Crosby born?,Tacoma,place_of_birth,Bing Crosby,Tacoma,34,4,34_4
Which entity has ownership of Ducati Motor Holding S.p.A.?,Audi,owned_by,Ducati Motor Holding S.p.A.,Audi,4803,4,4803_4
Who owns Lamborghini?,Audi,owned_by,Lamborghini,Audi,4804,0,4804_0
Who is the current owner of Eiffel Tower?,Paris,owned_by,Eiffel Tower,Paris,4805,2,4805_2
Which entity has ownership of Deutsche Bahn?,Germany,owned_by,Deutsche Bahn,Germany,4806,4,4806_4
Who owns Google?,Google,owned_by,Google,Google,4807,0,4807_0
Which entity has ownership of Lexus?,Toyota,owned_by,Lexus,Toyota,4808,4,4808_4
Which entity has ownership of YouTube?,Google,owned_by,YouTube,Google,4809,4,4809_4
Which entity has ownership of Compact Disc?,Sony,owned_by,Compact Disc,Sony,4810,4,4810_4
Who is the current owner of O'Hare International Airport?,Chicago,owned_by,O'Hare International Airport,Chicago,4811,2,4811_2
Who is the current owner of BBC One?,British Broadcasting Corporation,owned_by,BBC One,British Broadcasting Corporation,4812,2,4812_2
Which entity has ownership of Sony Interactive Entertainment?,Sony,owned_by,Sony Interactive Entertainment,Sony,4813,4,4813_4
Who is the current owner of Sony Pictures?,Sony,owned_by,Sony Pictures,Sony,4814,2,4814_2
Which entity has ownership of Gmail?,Google,owned_by,Gmail,Google,4815,4,4815_4
Who does Google Maps belong to?,Google,owned_by,Google Maps,Google,4816,3,4816_3
Which entity has ownership of DVD?,Sony,owned_by,DVD,Sony,4817,4,4817_4
Who is the current owner of Parc des Princes?,Paris,owned_by,Parc des Princes,Paris,4818,2,4818_2
Who owns Google Street View?,Google,owned_by,Google Street View,Google,4819,0,4819_0
Who does Windows Media Player belong to?,Microsoft,owned_by,Windows Media Player,Microsoft,4820,3,4820_3
Which entity has ownership of San Siro Stadium?,Milan,owned_by,San Siro Stadium,Milan,4821,4,4821_4
Who is the current owner of Internet Movie Database?,Amazon,owned_by,Internet Movie Database,Amazon,4822,2,4822_2
Who owns Google AdSense?,Google,owned_by,Google AdSense,Google,4823,0,4823_0
Which entity has ownership of Amazon Kindle?,Amazon,owned_by,Amazon Kindle,Amazon,4824,4,4824_4
Which company or person owns Stadio Renzo Barbera?,Palermo,owned_by,Stadio Renzo Barbera,Palermo,4825,1,4825_1
Which entity has ownership of Flickr?,Yahoo,owned_by,Flickr,Yahoo,4826,4,4826_4
Which company or person owns Googleplex?,Google,owned_by,Googleplex,Google,4827,1,4827_1
Which company or person owns Google Earth?,Google,owned_by,Google Earth,Google,4828,1,4828_1
Who owns Daihatsu?,Toyota,owned_by,Daihatsu,Toyota,4829,0,4829_0
Who owns Arc de Triomphe?,France,owned_by,Arc de Triomphe,France,4830,0,4830_0
Who owns Palace of Fontainebleau?,France,owned_by,Palace of Fontainebleau,France,4831,0,4831_0
Who does Google Drive belong to?,Google,owned_by,Google Drive,Google,4832,3,4832_3
Who is the current owner of Google Books?,Google,owned_by,Google Books,Google,4833,2,4833_2
Who does Stadio Olimpico Grande Torino belong to?,Turin,owned_by,Stadio Olimpico Grande Torino,Turin,4834,3,4834_3
Who owns Qatar Airways?,Qatar,owned_by,Qatar Airways,Qatar,4835,0,4835_0
Which company or person owns The Night Watch?,Amsterdam,owned_by,The Night Watch,Amsterdam,4836,1,4836_1
Which company or person owns Blogger?,Google,owned_by,Blogger,Google,4837,1,4837_1
Which company or person owns Olympiastadion Berlin?,Berlin,owned_by,Olympiastadion Berlin,Berlin,4838,1,4838_1
Who does LOT Polish Airlines belong to?,Poland,owned_by,LOT Polish Airlines,Poland,4839,3,4839_3
Which entity has ownership of Stadio Luigi Ferraris?,Genoa,owned_by,Stadio Luigi Ferraris,Genoa,4840,4,4840_4
Who is the current owner of Google Translate?,Google,owned_by,Google Translate,Google,4841,2,4841_2
Who does The Shard belong to?,Qatar,owned_by,The Shard,Qatar,4842,3,4842_3
Which company or person owns Stade de France?,France,owned_by,Stade de France,France,4843,1,4843_1
Who does Arena Lviv belong to?,Lviv,owned_by,Arena Lviv,Lviv,4844,3,4844_3
Which company or person owns LinkedIn?,Microsoft,owned_by,LinkedIn,Microsoft,4845,1,4845_1
Which entity has ownership of Tumblr?,Yahoo,owned_by,Tumblr,Yahoo,4846,4,4846_4
Which entity has ownership of Stadio San Paolo?,Naples,owned_by,Stadio San Paolo,Naples,4847,4,4847_4
Which entity has ownership of Stadio delle Alpi?,Turin,owned_by,Stadio delle Alpi,Turin,4848,4,4848_4
Which entity has ownership of Dubai International Airport?,Emirates of Dubai,owned_by,Dubai International Airport,Emirates of Dubai,4849,4,4849_4
Who is the current owner of Google Scholar?,Google,owned_by,Google Scholar,Google,4850,2,4850_2
Which entity has ownership of Mona Lisa?,France,owned_by,Mona Lisa,France,4851,4,4851_4
Who is the current owner of Box Office Mojo?,Amazon,owned_by,Box Office Mojo,Amazon,4852,2,4852_2
What language was The Hunchback of Notre Dame first produced in?,French,language_of_work_or_name,The Hunchback of Notre Dame,French,1682,4,1682_4
What is the original language of The Lion King?,English,language_of_work_or_name,The Lion King,English,1683,0,1683_0
Which language was used for The Intouchables's original work?,French,language_of_work_or_name,The Intouchables,French,1684,3,1684_3
In which language was Adventure Time originally written?,English,language_of_work_or_name,Adventure Time,English,1685,1,1685_1
What is the original language of Burnt by the Sun?,Russian,language_of_work_or_name,Burnt by the Sun,Russian,1686,0,1686_0
Which language was used for The Pianist's original work?,English,language_of_work_or_name,The Pianist,English,1687,3,1687_3
What is the original language of The Count of Monte Cristo?,French,language_of_work_or_name,The Count of Monte Cristo,French,1688,0,1688_0
What is the original language of Slumdog Millionaire?,English,language_of_work_or_name,Slumdog Millionaire,English,1689,0,1689_0
Which language was used for Nature's original work?,English,language_of_work_or_name,Nature,English,1690,3,1690_3
What language is The Godfather originally in?,English,language_of_work_or_name,The Godfather,English,1691,2,1691_2
What language is Ghostbusters originally in?,English,language_of_work_or_name,Ghostbusters,English,1692,2,1692_2
What language was The Three Musketeers first produced in?,French,language_of_work_or_name,The Three Musketeers,French,1693,4,1693_4
What language was Dutch Wikipedia first produced in?,Dutch,language_of_work_or_name,Dutch Wikipedia,Dutch,1694,4,1694_4
What is the original language of Charlie Hebdo?,French,language_of_work_or_name,Charlie Hebdo,French,1695,0,1695_0
In which language was Pulp Fiction originally written?,English,language_of_work_or_name,Pulp Fiction,English,1696,1,1696_1
"What language was The Good, the Bad and the Ugly first produced in?",Italian,language_of_work_or_name,"The Good, the Bad and the Ugly",Italian,1697,4,1697_4
What is the original language of The Fast and the Furious?,English,language_of_work_or_name,The Fast and the Furious,English,1698,0,1698_0
In which language was The Magic Flute originally written?,German,language_of_work_or_name,The Magic Flute,German,1699,1,1699_1
What is the original language of iCarly?,English,language_of_work_or_name,iCarly,English,1700,0,1700_0
Which language was used for Great Soviet Encyclopedia's original work?,Russian,language_of_work_or_name,Great Soviet Encyclopedia,Russian,1701,3,1701_3
What language was Puss in Boots first produced in?,Italian,language_of_work_or_name,Puss in Boots,Italian,1702,4,1702_4
What language is Finnish Wikipedia originally in?,Finnish,language_of_work_or_name,Finnish Wikipedia,Finnish,1703,2,1703_2
In which language was Tom and Jerry originally written?,English,language_of_work_or_name,Tom and Jerry,English,1704,1,1704_1
What language was The Jungle Book first produced in?,English,language_of_work_or_name,The Jungle Book,English,1705,4,1705_4
In which language was Greek Wikipedia originally written?,Greek,language_of_work_or_name,Greek Wikipedia,Greek,1706,1,1706_1
In which language was Meddle originally written?,English,language_of_work_or_name,Meddle,English,3379,1,3379_1
What language is Git originally in?,English,language_of_work_or_name,Git,English,3380,2,3380_2
What language was Aeneid first produced in?,Latin,language_of_work_or_name,Aeneid,Latin,3381,4,3381_4
What is the original language of Russian Wikipedia?,Russian,language_of_work_or_name,Russian Wikipedia,Russian,3382,0,3382_0
In which language was Star Trek Into Darkness originally written?,English,language_of_work_or_name,Star Trek Into Darkness,English,3383,1,3383_1
Which language was used for Charlie Hebdo's original work?,French,language_of_work_or_name,Charlie Hebdo,French,3384,3,3384_3
Which language was used for The Washington Post's original work?,English,language_of_work_or_name,The Washington Post,English,3385,3,3385_3
What language was Playboy first produced in?,English,language_of_work_or_name,Playboy,English,3386,4,3386_4
What language was New Horizons first produced in?,English,language_of_work_or_name,New Horizons,English,3387,4,3387_4
In which language was Aida originally written?,Italian,language_of_work_or_name,Aida,Italian,3388,1,3388_1
Which language was used for Science's original work?,English,language_of_work_or_name,Science,English,3389,3,3389_3
Which language was used for Silver Linings Playbook's original work?,English,language_of_work_or_name,Silver Linings Playbook,English,3390,3,3390_3
What language is Newsweek originally in?,English,language_of_work_or_name,Newsweek,English,3391,2,3391_2
Which language was used for First Blood's original work?,English,language_of_work_or_name,First Blood,English,3392,3,3392_3
What language is The Little Prince originally in?,French,language_of_work_or_name,The Little Prince,French,3393,2,3393_2
What language was Siri first produced in?,English,language_of_work_or_name,Siri,English,3394,4,3394_4
What language is Danish Wikipedia originally in?,Danish,language_of_work_or_name,Danish Wikipedia,Danish,3395,2,3395_2
Which language was used for Le Monde's original work?,French,language_of_work_or_name,Le Monde,French,3396,3,3396_3
What is the original language of Le Figaro?,French,language_of_work_or_name,Le Figaro,French,3397,0,3397_0
In which language was Czech Wikipedia originally written?,Czech,language_of_work_or_name,Czech Wikipedia,Czech,3398,1,3398_1
What language was The Guardian first produced in?,English,language_of_work_or_name,The Guardian,English,3399,4,3399_4
In which language was Croatian Wikipedia originally written?,Croatian,language_of_work_or_name,Croatian Wikipedia,Croatian,3400,1,3400_1
What language is Treaty of Utrecht originally in?,English,language_of_work_or_name,Treaty of Utrecht,English,3401,2,3401_2
What is the original language of Pulp Fiction?,English,language_of_work_or_name,Pulp Fiction,English,3402,0,3402_0
In which language was Wilhelmus originally written?,Dutch,language_of_work_or_name,Wilhelmus,Dutch,3403,1,3403_1
What language was Swedish Wikipedia first produced in?,Swedish,language_of_work_or_name,Swedish Wikipedia,Swedish,3404,4,3404_4
What language was Polish Wikipedia first produced in?,Polish,language_of_work_or_name,Polish Wikipedia,Polish,3405,4,3405_4
Which language was used for Estonian Wikipedia's original work?,Estonian,language_of_work_or_name,Estonian Wikipedia,Estonian,3406,3,3406_3
In which language was Abbey Road originally written?,English,language_of_work_or_name,Abbey Road,English,3407,1,3407_1
What language was Catalan Wikipedia first produced in?,Catalan,language_of_work_or_name,Catalan Wikipedia,Catalan,3408,4,3408_4
What language was Vietnamese Wikipedia first produced in?,Vietnamese,language_of_work_or_name,Vietnamese Wikipedia,Vietnamese,3409,4,3409_4
Which language was used for The Magic Flute's original work?,German,language_of_work_or_name,The Magic Flute,German,3410,3,3410_3
What language was Korean Wikipedia first produced in?,Korean,language_of_work_or_name,Korean Wikipedia,Korean,3411,4,3411_4
What is the original language of Pinterest?,French,language_of_work_or_name,Pinterest,French,3412,0,3412_0
Which language was used for Oliver Twist's original work?,English,language_of_work_or_name,Oliver Twist,English,3413,3,3413_3
In which language was Alice's Adventures in Wonderland originally written?,English,language_of_work_or_name,Alice's Adventures in Wonderland,English,3414,1,3414_1
In which language was Pride and Prejudice originally written?,English,language_of_work_or_name,Pride and Prejudice,English,3415,1,3415_1
What is the original language of Time?,English,language_of_work_or_name,Time,English,3416,0,3416_0
What language is The Great Gatsby originally in?,English,language_of_work_or_name,The Great Gatsby,English,3417,2,3417_2
What is the original language of LibreOffice?,English,language_of_work_or_name,LibreOffice,English,3418,0,3418_0
What language is Pinterest originally in?,Spanish,language_of_work_or_name,Pinterest,Spanish,3419,2,3419_2
Which language was used for Amar Sonar Bangla's original work?,Bengali,language_of_work_or_name,Amar Sonar Bangla,Bengali,3420,3,3420_3
In which language was LibreOffice originally written?,Finnish,language_of_work_or_name,LibreOffice,Finnish,3421,1,3421_1
What language was German Wikipedia first produced in?,German,language_of_work_or_name,German Wikipedia,German,3422,4,3422_4
Which language was used for Treaty of Versailles's original work?,French,language_of_work_or_name,Treaty of Versailles,French,3423,3,3423_3
In which language was Eugene Onegin originally written?,Russian,language_of_work_or_name,Eugene Onegin,Russian,3424,1,3424_1
In which language was Ukrainian Wikipedia originally written?,Ukrainian,language_of_work_or_name,Ukrainian Wikipedia,Ukrainian,3425,1,3425_1
Which language was used for 1984's original work?,English,language_of_work_or_name,1984,English,3426,3,3426_3
In which language was The Adventures of Tom Sawyer originally written?,English,language_of_work_or_name,The Adventures of Tom Sawyer,English,3427,1,3427_1
In which language was Terminator Genisys originally written?,English,language_of_work_or_name,Terminator Genisys,English,3428,1,3428_1
Which language was used for Nature's original work?,English,language_of_work_or_name,Nature,English,3429,3,3429_3
What is the original language of The Decameron?,Italian,language_of_work_or_name,The Decameron,Italian,3430,0,3430_0
In which language was Pinterest originally written?,Finnish,language_of_work_or_name,Pinterest,Finnish,3431,1,3431_1
What language was The Economist first produced in?,English,language_of_work_or_name,The Economist,English,3432,4,3432_4
"What is the original language of Du gamla, du fria?",Swedish,language_of_work_or_name,"Du gamla, du fria",Swedish,3433,0,3433_0
What language is The Adventures of Pinocchio originally in?,Italian,language_of_work_or_name,The Adventures of Pinocchio,Italian,3434,2,3434_2
What language was Moby-Dick first produced in?,English,language_of_work_or_name,Moby-Dick,English,3435,4,3435_4
What language is Pinterest originally in?,Italian,language_of_work_or_name,Pinterest,Italian,3436,2,3436_2
What is the original language of The Marriage of Figaro?,Italian,language_of_work_or_name,The Marriage of Figaro,Italian,3437,0,3437_0
What language is Maastricht Treaty originally in?,French,language_of_work_or_name,Maastricht Treaty,French,3438,2,3438_2
What language was Please Please Me first produced in?,English,language_of_work_or_name,Please Please Me,English,3439,4,3439_4
What language was Bulgarian Wikipedia first produced in?,Bulgarian,language_of_work_or_name,Bulgarian Wikipedia,Bulgarian,3440,4,3440_4
In which language was The Pirate Bay originally written?,Spanish,language_of_work_or_name,The Pirate Bay,Spanish,3441,1,3441_1
What is the original language of Turkish Wikipedia?,Turkish,language_of_work_or_name,Turkish Wikipedia,Turkish,3442,0,3442_0
What is the original language of Hungarian Wikipedia?,Hungarian,language_of_work_or_name,Hungarian Wikipedia,Hungarian,3443,0,3443_0
What language is Anna Karenina originally in?,Russian,language_of_work_or_name,Anna Karenina,Russian,3444,2,3444_2
What language was Serbian Wikipedia first produced in?,Serbian,language_of_work_or_name,Serbian Wikipedia,Serbian,3445,4,3445_4
What language was Italian Wikipedia first produced in?,Italian,language_of_work_or_name,Italian Wikipedia,Italian,3446,4,3446_4
What language is Spanish Wikipedia originally in?,Spanish,language_of_work_or_name,Spanish Wikipedia,Spanish,3447,2,3447_2
What language is Finnish Wikipedia originally in?,Finnish,language_of_work_or_name,Finnish Wikipedia,Finnish,3448,2,3448_2
In which language was Simple English Wikipedia originally written?,English,language_of_work_or_name,Simple English Wikipedia,English,3449,1,3449_1
Which language was used for Inglourious Basterds's original work?,English,language_of_work_or_name,Inglourious Basterds,English,3450,3,3450_3
What is the original language of Pinterest?,English,language_of_work_or_name,Pinterest,English,3451,0,3451_0
What language is Alexander originally in?,English,language_of_work_or_name,Alexander,English,3452,2,3452_2
What language was The Imitation Game first produced in?,English,language_of_work_or_name,The Imitation Game,English,3453,4,3453_4
What language is Don Giovanni originally in?,Italian,language_of_work_or_name,Don Giovanni,Italian,3454,2,3454_2
Which language was used for Off the Wall's original work?,English,language_of_work_or_name,Off the Wall,English,3455,3,3455_3
In which language was Internet Archive originally written?,English,language_of_work_or_name,Internet Archive,English,3456,1,3456_1
What language is Bohemian Rhapsody originally in?,English,language_of_work_or_name,Bohemian Rhapsody,English,3457,2,3457_2
What language was French Wikipedia first produced in?,French,language_of_work_or_name,French Wikipedia,French,3458,4,3458_4
Which language was used for Los Angeles Times's original work?,English,language_of_work_or_name,Los Angeles Times,English,3459,3,3459_3
What is the original language of Apache HTTP Server?,English,language_of_work_or_name,Apache HTTP Server,English,3460,0,3460_0
In which language was RIA Novosti originally written?,Russian,language_of_work_or_name,RIA Novosti,Russian,3461,1,3461_1
