language,subject,relation,object,fact_index,total_docs,count_subject,count_relation,count_object,cooc_subject_relation,ppmi_subject_relation,cooc_relation_object,ppmi_relation_object,cooc_subject_object,ppmi_subject_object,cooc_total_pairs,cooc_num_pairs,cooc_coverage_ratio,cooc_unseen_keywords_count,cooc_unseen_keywords_ratio,cooc_avg_pmi,cooc_max_pmi,cooc_min_pmi,cooc_std_pmi
en,President of the French Republic,applies_to_jurisdiction,France,en_5960_0,364868892,2327,0,4371971,0,0.0,0,0.0,1585,5.828962142827255,3,1,0.3333333333333333,1,0.3333333333333333,5.828962142827255,5.828962142827255,5.828962142827255,0.0
en,Prime Minister of Canada,applies_to_jurisdiction,Canada,en_5961_2,364868892,7854,0,6681798,0,0.0,0,0.0,7854,5.770997975950187,3,1,0.3333333333333333,1,0.3333333333333333,5.770997975950187,5.770997975950187,5.770997975950187,0.0
en,Australian Labor Party,applies_to_jurisdiction,Australia,en_5962_4,364868892,5706,0,6118940,0,0.0,0,0.0,4156,5.440668499214501,3,1,0.3333333333333333,1,0.3333333333333333,5.440668499214501,5.440668499214501,5.440668499214501,0.0
en,President of Mexico,applies_to_jurisdiction,Mexico,en_5963_4,364868892,6363,0,3105381,0,0.0,0,0.0,6363,6.876464060681174,3,1,0.3333333333333333,1,0.3333333333333333,6.876464060681174,6.876464060681174,6.876464060681174,0.0
en,Chancellor of Germany,applies_to_jurisdiction,Germany,en_5964_1,364868892,6664,0,4308131,0,0.0,0,0.0,6664,6.404172225146575,3,1,0.3333333333333333,1,0.3333333333333333,6.404172225146575,6.404172225146575,6.404172225146575,0.0
en,Basic Law for the Federal Republic of Germany,applies_to_jurisdiction,Germany,en_5965_2,364868892,161,0,4308131,0,0.0,0,0.0,161,6.404172225146575,3,1,0.3333333333333333,1,0.3333333333333333,6.404172225146575,6.404172225146575,6.404172225146575,0.0
en,Parliament of Canada,applies_to_jurisdiction,Canada,en_5966_0,364868892,3091,0,6681798,0,0.0,0,0.0,3091,5.770997975950187,3,1,0.3333333333333333,1,0.3333333333333333,5.770997975950187,5.770997975950187,5.770997975950187,0.0
en,Lok Sabha,applies_to_jurisdiction,India,en_5967_0,364868892,100462,0,6800584,0,0.0,0,0.0,46697,4.6403275734985545,3,1,0.3333333333333333,1,0.3333333333333333,4.6403275734985545,4.6403275734985545,4.6403275734985545,0.0
en,Knesset,applies_to_jurisdiction,Israel,en_5968_4,364868892,42348,0,2058649,0,0.0,0,0.0,36001,7.235279618332995,3,1,0.3333333333333333,1,0.3333333333333333,7.235279618332995,7.235279618332995,7.235279618332995,0.0
en,Prime Minister of Japan,applies_to_jurisdiction,Japan,en_5969_2,364868892,3710,0,3807916,0,0.0,0,0.0,3710,6.582232690475259,3,1,0.3333333333333333,1,0.3333333333333333,6.582232690475259,6.582232690475259,6.582232690475259,0.0
en,President of Ireland,applies_to_jurisdiction,Ireland,en_5970_4,364868892,5144,0,2464199,0,0.0,0,0.0,5144,7.210115576925981,3,1,0.3333333333333333,1,0.3333333333333333,7.210115576925981,7.210115576925981,7.210115576925981,0.0
en,Australian dollar,applies_to_jurisdiction,Australia,en_5971_1,364868892,43242,0,6118940,0,0.0,0,0.0,18208,4.650091803469405,3,1,0.3333333333333333,1,0.3333333333333333,4.650091803469405,4.650091803469405,4.650091803469405,0.0
en,President of Pakistan,applies_to_jurisdiction,Pakistan,en_5972_3,364868892,5111,0,1164026,0,0.0,0,0.0,5111,8.292111061581533,3,1,0.3333333333333333,1,0.3333333333333333,8.292111061581533,8.292111061581533,8.292111061581533,0.0
en,President of Russia,applies_to_jurisdiction,Russia,en_5973_0,364868892,8398,0,2521305,0,0.0,0,0.0,8398,7.177063694339061,3,1,0.3333333333333333,1,0.3333333333333333,7.177063694339061,7.177063694339061,7.177063694339061,0.0
en,Federal Chancellor of Austria,applies_to_jurisdiction,Austria,en_5974_3,364868892,128,0,923026,0,0.0,0,0.0,128,8.626791152906554,3,1,0.3333333333333333,1,0.3333333333333333,8.626791152906554,8.626791152906554,8.626791152906554,0.0
en,Parliament of Sweden,applies_to_jurisdiction,Sweden,en_5975_0,364868892,110,0,1251811,0,0.0,0,0.0,110,8.18721758581525,3,1,0.3333333333333333,1,0.3333333333333333,8.18721758581525,8.18721758581525,8.18721758581525,0.0
en,flag of Spain,applies_to_jurisdiction,Spain,en_5976_1,364868892,561,0,2413989,0,0.0,0,0.0,561,7.239815242540753,3,1,0.3333333333333333,1,0.3333333333333333,7.239815242540753,7.239815242540753,7.239815242540753,0.0
en,flag of France,applies_to_jurisdiction,France,en_5977_3,364868892,737,0,4371971,0,0.0,0,0.0,737,6.3829505132058335,3,1,0.3333333333333333,1,0.3333333333333333,6.3829505132058335,6.3829505132058335,6.3829505132058335,0.0
en,President of Ukraine,applies_to_jurisdiction,Ukraine,en_5978_2,364868892,8563,0,771271,0,0.0,0,0.0,8563,8.88592457331673,3,1,0.3333333333333333,1,0.3333333333333333,8.88592457331673,8.88592457331673,8.88592457331673,0.0
en,Prime Minister of France,applies_to_jurisdiction,France,en_5979_3,364868892,1549,0,4371971,0,0.0,0,0.0,1549,6.3829505132058335,3,1,0.3333333333333333,1,0.3333333333333333,6.3829505132058335,6.3829505132058335,6.3829505132058335,0.0
en,flag of Denmark,applies_to_jurisdiction,Denmark,en_5980_3,364868892,319,0,859650,0,0.0,0,0.0,319,8.729413042527282,3,1,0.3333333333333333,1,0.3333333333333333,8.729413042527282,8.729413042527282,8.729413042527282,0.0
en,Bundestag of Germany,applies_to_jurisdiction,Germany,en_5981_0,364868892,17,0,4308131,0,0.0,0,0.0,17,6.404172225146575,3,1,0.3333333333333333,1,0.3333333333333333,6.404172225146575,6.404172225146575,6.404172225146575,0.0
en,flag of Ireland,applies_to_jurisdiction,Ireland,en_5982_0,364868892,493,0,2464199,0,0.0,0,0.0,493,7.210115576925981,3,1,0.3333333333333333,1,0.3333333333333333,7.210115576925981,7.210115576925981,7.210115576925981,0.0
en,President of Austria,applies_to_jurisdiction,Austria,en_5983_3,364868892,882,0,923026,0,0.0,0,0.0,882,8.626791152906554,3,1,0.3333333333333333,1,0.3333333333333333,8.626791152906554,8.626791152906554,8.626791152906554,0.0
en,Prime Minister of Pakistan,applies_to_jurisdiction,Pakistan,en_5984_3,364868892,6232,0,1164026,0,0.0,0,0.0,6232,8.292111061581533,3,1,0.3333333333333333,1,0.3333333333333333,8.292111061581533,8.292111061581533,8.292111061581533,0.0
en,president of Germany,applies_to_jurisdiction,Germany,en_5985_4,364868892,1486,0,4308131,0,0.0,0,0.0,1486,6.404172225146575,3,1,0.3333333333333333,1,0.3333333333333333,6.404172225146575,6.404172225146575,6.404172225146575,0.0
en,Prime Minister of Sweden,applies_to_jurisdiction,Sweden,en_5986_0,364868892,950,0,1251811,0,0.0,0,0.0,950,8.18721758581525,3,1,0.3333333333333333,1,0.3333333333333333,8.18721758581525,8.18721758581525,8.18721758581525,0.0
en,French National Assembly,applies_to_jurisdiction,France,en_5987_4,364868892,2924,0,4371971,0,0.0,0,0.0,1980,5.820507632220369,3,1,0.3333333333333333,1,0.3333333333333333,5.820507632220369,5.820507632220369,5.820507632220369,0.0
en,flag of Switzerland,applies_to_jurisdiction,Switzerland,en_5988_3,364868892,169,0,1349669,0,0.0,0,0.0,169,8.07862870816091,3,1,0.3333333333333333,1,0.3333333333333333,8.07862870816091,8.07862870816091,8.07862870816091,0.0
en,Prime Minister of Russia,applies_to_jurisdiction,Russia,en_5989_3,364868892,1307,0,2521305,0,0.0,0,0.0,1307,7.177063694339061,3,1,0.3333333333333333,1,0.3333333333333333,7.177063694339061,7.177063694339061,7.177063694339061,0.0
en,flag of Singapore,applies_to_jurisdiction,Singapore,en_5990_3,364868892,142,0,1857857,0,0.0,0,0.0,142,7.617594883438011,3,1,0.3333333333333333,1,0.3333333333333333,7.617594883438011,7.617594883438011,7.617594883438011,0.0
en,Senate,applies_to_jurisdiction,France,en_5991_2,364868892,1748532,0,4371971,0,0.0,0,0.0,54750,1.3858090890101429,3,1,0.3333333333333333,1,0.3333333333333333,1.3858090890101429,1.3858090890101429,1.3858090890101429,0.0
en,Prime Minister of Ukraine,applies_to_jurisdiction,Ukraine,en_5992_3,364868892,1913,0,771271,0,0.0,0,0.0,1913,8.88592457331673,3,1,0.3333333333333333,1,0.3333333333333333,8.88592457331673,8.88592457331673,8.88592457331673,0.0
en,flag of Russia,applies_to_jurisdiction,Russia,en_5993_1,364868892,352,0,2521305,0,0.0,0,0.0,352,7.177063694339061,3,1,0.3333333333333333,1,0.3333333333333333,7.177063694339061,7.177063694339061,7.177063694339061,0.0
en,flag of Canada,applies_to_jurisdiction,Canada,en_5994_2,364868892,784,0,6681798,0,0.0,0,0.0,784,5.770997975950187,3,1,0.3333333333333333,1,0.3333333333333333,5.770997975950187,5.770997975950187,5.770997975950187,0.0
en,President of Romania,applies_to_jurisdiction,Romania,en_5995_2,364868892,1149,0,501862,0,0.0,0,0.0,1149,9.50587172729002,3,1,0.3333333333333333,1,0.3333333333333333,9.50587172729002,9.50587172729002,9.50587172729002,0.0
en,flag of the Netherlands,applies_to_jurisdiction,Netherlands,en_5996_4,364868892,256,0,1488163,0,0.0,0,0.0,256,7.937701789665774,3,1,0.3333333333333333,1,0.3333333333333333,7.937701789665774,7.937701789665774,7.937701789665774,0.0
en,Prime Minister of Malaysia,applies_to_jurisdiction,Malaysia,en_5997_4,364868892,3298,0,1175462,0,0.0,0,0.0,3298,8.278006443903474,3,1,0.3333333333333333,1,0.3333333333333333,8.278006443903474,8.278006443903474,8.278006443903474,0.0
en,flag of Jamaica,applies_to_jurisdiction,Jamaica,en_5998_3,364868892,102,0,416352,0,0.0,0,0.0,102,9.775358685354709,3,1,0.3333333333333333,1,0.3333333333333333,9.775358685354709,9.775358685354709,9.775358685354709,0.0
en,flag of Argentina,applies_to_jurisdiction,Argentina,en_5999_3,364868892,352,0,724709,0,0.0,0,0.0,352,8.975760628559186,3,1,0.3333333333333333,1,0.3333333333333333,8.975760628559186,8.975760628559186,8.975760628559186,0.0
en,flag of Norway,applies_to_jurisdiction,Norway,en_6000_1,364868892,207,0,916418,0,0.0,0,0.0,207,8.637156643609785,3,1,0.3333333333333333,1,0.3333333333333333,8.637156643609785,8.637156643609785,8.637156643609785,0.0
en,Congress of Deputies,applies_to_jurisdiction,Spain,en_6001_3,364868892,1063,0,2413989,0,0.0,0,0.0,713,6.663647627453536,3,1,0.3333333333333333,1,0.3333333333333333,6.663647627453536,6.663647627453536,6.663647627453536,0.0
en,Emperor of Japan,applies_to_jurisdiction,Japan,en_6002_1,364868892,4797,0,3807916,0,0.0,0,0.0,4797,6.582232690475259,3,1,0.3333333333333333,1,0.3333333333333333,6.582232690475259,6.582232690475259,6.582232690475259,0.0
en,flag of Lithuania,applies_to_jurisdiction,Lithuania,en_6003_0,364868892,89,0,289599,0,0.0,0,0.0,89,10.29910581877141,3,1,0.3333333333333333,1,0.3333333333333333,10.29910581877141,10.29910581877141,10.29910581877141,0.0
en,flag of Bulgaria,applies_to_jurisdiction,Bulgaria,en_6004_4,364868892,72,0,395356,0,0.0,0,0.0,72,9.850010120063768,3,1,0.3333333333333333,1,0.3333333333333333,9.850010120063768,9.850010120063768,9.850010120063768,0.0
en,President of Iraq,applies_to_jurisdiction,Iraq,en_6005_1,364868892,1544,0,1119021,0,0.0,0,0.0,1544,8.348997233848676,3,1,0.3333333333333333,1,0.3333333333333333,8.348997233848676,8.348997233848676,8.348997233848676,0.0
en,flag of Turkey,applies_to_jurisdiction,Turkey,en_6006_0,364868892,204,0,2008584,0,0.0,0,0.0,204,7.505055547732604,3,1,0.3333333333333333,1,0.3333333333333333,7.505055547732604,7.505055547732604,7.505055547732604,0.0
en,flag of Malaysia,applies_to_jurisdiction,Malaysia,en_6007_1,364868892,114,0,1175462,0,0.0,0,0.0,114,8.278006443903474,3,1,0.3333333333333333,1,0.3333333333333333,8.278006443903474,8.278006443903474,8.278006443903474,0.0
en,flag of Belarus,applies_to_jurisdiction,Belarus,en_6008_2,364868892,80,0,181869,0,0.0,0,0.0,80,10.970262786329513,3,1,0.3333333333333333,1,0.3333333333333333,10.970262786329513,10.970262786329513,10.970262786329513,0.0
en,flag of Cuba,applies_to_jurisdiction,Cuba,en_6009_0,364868892,121,0,492994,0,0.0,0,0.0,121,9.531592351160471,3,1,0.3333333333333333,1,0.3333333333333333,9.531592351160471,9.531592351160471,9.531592351160471,0.0
en,flag of Vietnam,applies_to_jurisdiction,Vietnam,en_6010_1,364868892,145,0,1167682,0,0.0,0,0.0,145,8.287586912424022,3,1,0.3333333333333333,1,0.3333333333333333,8.287586912424022,8.287586912424022,8.287586912424022,0.0
en,flag of Bolivia,applies_to_jurisdiction,Bolivia,en_6011_4,364868892,76,0,209642,0,0.0,0,0.0,76,10.76523466193192,3,1,0.3333333333333333,1,0.3333333333333333,10.76523466193192,10.76523466193192,10.76523466193192,0.0
en,flag of India,applies_to_jurisdiction,India,en_6012_0,364868892,977,0,6800584,0,0.0,0,0.0,977,5.745575701527325,3,1,0.3333333333333333,1,0.3333333333333333,5.745575701527325,5.745575701527325,5.745575701527325,0.0
en,Macanese pataca,applies_to_jurisdiction,Macau,en_6014_4,364868892,197,0,140431,0,0.0,0,0.0,147,10.920921520624532,3,1,0.3333333333333333,1,0.3333333333333333,10.920921520624532,10.920921520624532,10.920921520624532,0.0
en,flag of Monaco,applies_to_jurisdiction,Monaco,en_6015_3,364868892,80,0,261822,0,0.0,0,0.0,80,10.444576112435234,3,1,0.3333333333333333,1,0.3333333333333333,10.444576112435234,10.444576112435234,10.444576112435234,0.0
en,flag of Somalia,applies_to_jurisdiction,Somalia,en_6016_1,364868892,44,0,176729,0,0.0,0,0.0,44,11.01162364396281,3,1,0.3333333333333333,1,0.3333333333333333,11.01162364396281,11.01162364396281,11.01162364396281,0.0
en,President of Israel,applies_to_jurisdiction,Israel,en_6017_0,364868892,2647,0,2058649,0,0.0,0,0.0,2647,7.469536473423814,3,1,0.3333333333333333,1,0.3333333333333333,7.469536473423814,7.469536473423814,7.469536473423814,0.0
en,flag of Sweden,applies_to_jurisdiction,Sweden,en_6018_4,364868892,171,0,1251811,0,0.0,0,0.0,171,8.18721758581525,3,1,0.3333333333333333,1,0.3333333333333333,8.18721758581525,8.18721758581525,8.18721758581525,0.0
en,flag of Taiwan,applies_to_jurisdiction,Taiwan,en_6019_2,364868892,110,0,756994,0,0.0,0,0.0,110,8.912880574171666,3,1,0.3333333333333333,1,0.3333333333333333,8.912880574171666,8.912880574171666,8.912880574171666,0.0
en,flag of Australia,applies_to_jurisdiction,Australia,en_6020_1,364868892,377,0,6118940,0,0.0,0,0.0,377,5.897952591892009,3,1,0.3333333333333333,1,0.3333333333333333,5.897952591892009,5.897952591892009,5.897952591892009,0.0
en,flag of Ukraine,applies_to_jurisdiction,Ukraine,en_6021_1,364868892,290,0,771271,0,0.0,0,0.0,290,8.88592457331673,3,1,0.3333333333333333,1,0.3333333333333333,8.88592457331673,8.88592457331673,8.88592457331673,0.0
en,President of Belarus,applies_to_jurisdiction,Belarus,en_6022_2,364868892,1350,0,181869,0,0.0,0,0.0,1350,10.970262786329513,3,1,0.3333333333333333,1,0.3333333333333333,10.970262786329513,10.970262786329513,10.970262786329513,0.0
en,flag of Haiti,applies_to_jurisdiction,Haiti,en_6023_1,364868892,81,0,284084,0,0.0,0,0.0,81,10.326844860247418,3,1,0.3333333333333333,1,0.3333333333333333,10.326844860247418,10.326844860247418,10.326844860247418,0.0
en,Mexican coat of arms,applies_to_jurisdiction,Mexico,en_6024_4,364868892,225,0,3105381,0,0.0,0,0.0,181,6.5625287565473425,3,1,0.3333333333333333,1,0.3333333333333333,6.5625287565473425,6.5625287565473425,6.5625287565473425,0.0
en,flag of Finland,applies_to_jurisdiction,Finland,en_6025_4,364868892,178,0,747654,0,0.0,0,0.0,178,8.930791666675452,3,1,0.3333333333333333,1,0.3333333333333333,8.930791666675452,8.930791666675452,8.930791666675452,0.0
en,flag of Croatia,applies_to_jurisdiction,Croatia,en_6026_3,364868892,107,0,428340,0,0.0,0,0.0,107,9.734406031694014,3,1,0.3333333333333333,1,0.3333333333333333,9.734406031694014,9.734406031694014,9.734406031694014,0.0
en,President of Finland,applies_to_jurisdiction,Finland,en_6027_3,364868892,1523,0,747654,0,0.0,0,0.0,1523,8.930791666675452,3,1,0.3333333333333333,1,0.3333333333333333,8.930791666675452,8.930791666675452,8.930791666675452,0.0
en,flag of Albania,applies_to_jurisdiction,Albania,en_6028_1,364868892,127,0,133441,0,0.0,0,0.0,127,11.416960434083897,3,1,0.3333333333333333,1,0.3333333333333333,11.416960434083897,11.416960434083897,11.416960434083897,0.0
en,national flag of Italy,applies_to_jurisdiction,Italy,en_6029_3,364868892,60,0,3149717,0,0.0,0,0.0,60,6.8560121353793795,3,1,0.3333333333333333,1,0.3333333333333333,6.8560121353793795,6.8560121353793795,6.8560121353793795,0.0
en,flag of Germany,applies_to_jurisdiction,Germany,en_6030_3,364868892,411,0,4308131,0,0.0,0,0.0,411,6.404172225146575,3,1,0.3333333333333333,1,0.3333333333333333,6.404172225146575,6.404172225146575,6.404172225146575,0.0
en,flag of Libya,applies_to_jurisdiction,Libya,en_6031_0,364868892,135,0,292070,0,0.0,0,0.0,135,10.286848260294152,3,1,0.3333333333333333,1,0.3333333333333333,10.286848260294152,10.286848260294152,10.286848260294152,0.0
en,flag of the Philippines,applies_to_jurisdiction,Philippines,en_6032_4,364868892,203,0,1205121,0,0.0,0,0.0,203,8.242056337299797,3,1,0.3333333333333333,1,0.3333333333333333,8.242056337299797,8.242056337299797,8.242056337299797,0.0
en,.de,applies_to_jurisdiction,Germany,en_6033_1,364868892,9872212,0,4308131,0,0.0,0,0.0,502098,2.1068397327539805,3,1,0.3333333333333333,1,0.3333333333333333,2.1068397327539805,2.1068397327539805,2.1068397327539805,0.0
en,President of Iran,applies_to_jurisdiction,Iran,en_6034_2,364868892,3935,0,1059613,0,0.0,0,0.0,3935,8.427696895794167,3,1,0.3333333333333333,1,0.3333333333333333,8.427696895794167,8.427696895794167,8.427696895794167,0.0
en,flag of Pakistan,applies_to_jurisdiction,Pakistan,en_6035_0,364868892,378,0,1164026,0,0.0,0,0.0,378,8.292111061581533,3,1,0.3333333333333333,1,0.3333333333333333,8.292111061581533,8.292111061581533,8.292111061581533,0.0
en,flag of Portugal,applies_to_jurisdiction,Portugal,en_6036_2,364868892,187,0,832011,0,0.0,0,0.0,187,8.77655983716879,3,1,0.3333333333333333,1,0.3333333333333333,8.77655983716879,8.77655983716879,8.77655983716879,0.0
en,flag of Greece,applies_to_jurisdiction,Greece,en_6037_0,364868892,272,0,1166079,0,0.0,0,0.0,272,8.28956881246798,3,1,0.3333333333333333,1,0.3333333333333333,8.28956881246798,8.28956881246798,8.28956881246798,0.0
en,flag of Mexico,applies_to_jurisdiction,Mexico,en_6038_3,364868892,446,0,3105381,0,0.0,0,0.0,446,6.876464060681174,3,1,0.3333333333333333,1,0.3333333333333333,6.876464060681174,6.876464060681174,6.876464060681174,0.0
en,flag of Japan,applies_to_jurisdiction,Japan,en_6039_2,364868892,471,0,3807916,0,0.0,0,0.0,471,6.582232690475259,3,1,0.3333333333333333,1,0.3333333333333333,6.582232690475259,6.582232690475259,6.582232690475259,0.0
es,Presidente de la República Francesa,applies_to_jurisdiction,Francia,es_5960_0,832115984,30354,0,21970124,0,0.0,0,0.0,20000,4.6412830690996225,3,1,0.3333333333333333,1,0.3333333333333333,4.6412830690996225,4.6412830690996225,4.6412830690996225,0.0
es,primer ministro de Canadá,applies_to_jurisdiction,Canadá,es_5961_2,832115984,63020,0,8832382,0,0.0,0,0.0,63020,6.557838251420885,3,1,0.3333333333333333,1,0.3333333333333333,6.557838251420885,6.557838251420885,6.557838251420885,0.0
es,Partido Laborista Australiano,applies_to_jurisdiction,Australia,es_5962_4,832115984,1320,0,9270926,0,0.0,0,0.0,1044,6.149511158158812,3,1,0.3333333333333333,1,0.3333333333333333,6.149511158158812,6.149511158158812,6.149511158158812,0.0
es,presidente de México,applies_to_jurisdiction,México,es_5963_4,832115984,636156,0,50767870,0,0.0,0,0.0,636156,4.034796994374066,3,1,0.3333333333333333,1,0.3333333333333333,4.034796994374066,4.034796994374066,4.034796994374066,0.0
es,canciller de Alemania,applies_to_jurisdiction,Alemania,es_5964_1,832115984,41968,0,17786194,0,0.0,0,0.0,41968,5.547954899667533,3,1,0.3333333333333333,1,0.3333333333333333,5.547954899667533,5.547954899667533,5.547954899667533,0.0
es,Ley Fundamental para la República Federal de Alemania,applies_to_jurisdiction,Alemania,es_5965_2,832115984,352,0,17786194,0,0.0,0,0.0,352,5.547954899667533,3,1,0.3333333333333333,1,0.3333333333333333,5.547954899667533,5.547954899667533,5.547954899667533,0.0
es,Parlamento de Canadá,applies_to_jurisdiction,Canadá,es_5966_0,832115984,7840,0,8832382,0,0.0,0,0.0,7840,6.557838251420885,3,1,0.3333333333333333,1,0.3333333333333333,6.557838251420885,6.557838251420885,6.557838251420885,0.0
es,Lok Sabha,applies_to_jurisdiction,India,es_5967_0,832115984,4200,0,12229280,0,0.0,0,0.0,3324,5.750904313130588,3,1,0.3333333333333333,1,0.3333333333333333,5.750904313130588,5.750904313130588,5.750904313130588,0.0
es,Knéset,applies_to_jurisdiction,Israel,es_5968_4,832115984,11978,0,6841438,0,0.0,0,0.0,11282,6.839977029323722,3,1,0.3333333333333333,1,0.3333333333333333,6.839977029323722,6.839977029323722,6.839977029323722,0.0
es,primer ministro de Japón,applies_to_jurisdiction,Japón,es_5969_2,832115984,40330,0,11877342,0,0.0,0,0.0,40330,6.130500711250074,3,1,0.3333333333333333,1,0.3333333333333333,6.130500711250074,6.130500711250074,6.130500711250074,0.0
es,presidente de Irlanda,applies_to_jurisdiction,Irlanda,es_5970_4,832115984,5710,0,4167646,0,0.0,0,0.0,5710,7.641408081109421,3,1,0.3333333333333333,1,0.3333333333333333,7.641408081109421,7.641408081109421,7.641408081109421,0.0
es,dólar australiano,applies_to_jurisdiction,Australia,es_5971_1,832115984,279604,0,9270926,0,0.0,0,0.0,28478,3.1924621108604483,3,1,0.3333333333333333,1,0.3333333333333333,3.1924621108604483,3.1924621108604483,3.1924621108604483,0.0
es,Presidente de Pakistán,applies_to_jurisdiction,Pakistán,es_5972_3,832115984,6856,0,1459576,0,0.0,0,0.0,6856,9.155091487555769,3,1,0.3333333333333333,1,0.3333333333333333,9.155091487555769,9.155091487555769,9.155091487555769,0.0
es,presidente de Rusia,applies_to_jurisdiction,Rusia,es_5973_0,832115984,141824,0,12358466,0,0.0,0,0.0,141824,6.073213047272279,3,1,0.3333333333333333,1,0.3333333333333333,6.073213047272279,6.073213047272279,6.073213047272279,0.0
es,Canciller de Austria,applies_to_jurisdiction,Austria,es_5974_3,832115984,4240,0,3570462,0,0.0,0,0.0,4240,7.864530057475771,3,1,0.3333333333333333,1,0.3333333333333333,7.864530057475771,7.864530057475771,7.864530057475771,0.0
es,Parlamento de Suecia,applies_to_jurisdiction,Suecia,es_5975_0,832115984,2878,0,4872800,0,0.0,0,0.0,2878,7.415889811827437,3,1,0.3333333333333333,1,0.3333333333333333,7.415889811827437,7.415889811827437,7.415889811827437,0.0
es,bandera de España,applies_to_jurisdiction,España,es_5976_1,832115984,164594,0,88298990,0,0.0,0,0.0,164594,3.236315790642744,3,1,0.3333333333333333,1,0.3333333333333333,3.236315790642744,3.236315790642744,3.236315790642744,0.0
es,bandera de Francia,applies_to_jurisdiction,Francia,es_5977_3,832115984,12282,0,21970124,0,0.0,0,0.0,12282,5.2431697140786,3,1,0.3333333333333333,1,0.3333333333333333,5.2431697140786,5.2431697140786,5.2431697140786,0.0
es,Presidente de Ucrania,applies_to_jurisdiction,Ucrania,es_5978_2,832115984,53582,0,4342322,0,0.0,0,0.0,53582,7.582174110015071,3,1,0.3333333333333333,1,0.3333333333333333,7.582174110015071,7.582174110015071,7.582174110015071,0.0
es,primer ministro de Francia,applies_to_jurisdiction,Francia,es_5979_3,832115984,15738,0,21970124,0,0.0,0,0.0,15738,5.2431697140786,3,1,0.3333333333333333,1,0.3333333333333333,5.2431697140786,5.2431697140786,5.2431697140786,0.0
es,bandera de Dinamarca,applies_to_jurisdiction,Dinamarca,es_5980_3,832115984,2194,0,3195990,0,0.0,0,0.0,2194,8.02437792716742,3,1,0.3333333333333333,1,0.3333333333333333,8.02437792716742,8.02437792716742,8.02437792716742,0.0
es,Bundestag,applies_to_jurisdiction,Alemania,es_5981_0,832115984,71654,0,17786194,0,0.0,0,0.0,56266,5.199171060750682,3,1,0.3333333333333333,1,0.3333333333333333,5.199171060750682,5.199171060750682,5.199171060750682,0.0
es,Bandera de Irlanda,applies_to_jurisdiction,Irlanda,es_5982_0,832115984,3194,0,4167646,0,0.0,0,0.0,3194,7.641408081109421,3,1,0.3333333333333333,1,0.3333333333333333,7.641408081109421,7.641408081109421,7.641408081109421,0.0
es,presidente de Austria,applies_to_jurisdiction,Austria,es_5983_3,832115984,5864,0,3570462,0,0.0,0,0.0,5864,7.864530057475771,3,1,0.3333333333333333,1,0.3333333333333333,7.864530057475771,7.864530057475771,7.864530057475771,0.0
es,Primer ministro de Pakistán,applies_to_jurisdiction,Pakistán,es_5984_3,832115984,7480,0,1459576,0,0.0,0,0.0,7480,9.155091487555769,3,1,0.3333333333333333,1,0.3333333333333333,9.155091487555769,9.155091487555769,9.155091487555769,0.0
es,presidente de Alemania,applies_to_jurisdiction,Alemania,es_5985_4,832115984,13862,0,17786194,0,0.0,0,0.0,13862,5.547954899667533,3,1,0.3333333333333333,1,0.3333333333333333,5.547954899667533,5.547954899667533,5.547954899667533,0.0
es,primer ministro de Suecia,applies_to_jurisdiction,Suecia,es_5986_0,832115984,4758,0,4872800,0,0.0,0,0.0,4758,7.415889811827437,3,1,0.3333333333333333,1,0.3333333333333333,7.415889811827437,7.415889811827437,7.415889811827437,0.0
es,Asamblea Nacional de Francia,applies_to_jurisdiction,Francia,es_5987_4,832115984,6140,0,21970124,0,0.0,0,0.0,6140,5.2431697140786,3,1,0.3333333333333333,1,0.3333333333333333,5.2431697140786,5.2431697140786,5.2431697140786,0.0
es,Bandera de Suiza,applies_to_jurisdiction,Suiza,es_5988_3,832115984,2460,0,6266180,0,0.0,0,0.0,2460,7.053054608726186,3,1,0.3333333333333333,1,0.3333333333333333,7.053054608726186,7.053054608726186,7.053054608726186,0.0
es,Presidente del Gobierno de Rusia,applies_to_jurisdiction,Rusia,es_5989_3,832115984,474,0,12358466,0,0.0,0,0.0,474,6.073213047272279,3,1,0.3333333333333333,1,0.3333333333333333,6.073213047272279,6.073213047272279,6.073213047272279,0.0
es,Bandera de Singapur,applies_to_jurisdiction,Singapur,es_5990_3,832115984,2024,0,2659052,0,0.0,0,0.0,2024,8.289728830774363,3,1,0.3333333333333333,1,0.3333333333333333,8.289728830774363,8.289728830774363,8.289728830774363,0.0
es,Senado de Francia,applies_to_jurisdiction,Francia,es_5991_2,832115984,2868,0,21970124,0,0.0,0,0.0,2868,5.2431697140786,3,1,0.3333333333333333,1,0.3333333333333333,5.2431697140786,5.2431697140786,5.2431697140786,0.0
es,Primer ministro de Ucrania,applies_to_jurisdiction,Ucrania,es_5992_3,832115984,7994,0,4342322,0,0.0,0,0.0,7994,7.582174110015071,3,1,0.3333333333333333,1,0.3333333333333333,7.582174110015071,7.582174110015071,7.582174110015071,0.0
es,bandera de Rusia,applies_to_jurisdiction,Rusia,es_5993_1,832115984,4960,0,12358466,0,0.0,0,0.0,4960,6.073213047272279,3,1,0.3333333333333333,1,0.3333333333333333,6.073213047272279,6.073213047272279,6.073213047272279,0.0
es,Bandera de Canadá,applies_to_jurisdiction,Canadá,es_5994_2,832115984,5176,0,8832382,0,0.0,0,0.0,5176,6.557838251420885,3,1,0.3333333333333333,1,0.3333333333333333,6.557838251420885,6.557838251420885,6.557838251420885,0.0
es,Presidente de Rumania,applies_to_jurisdiction,Rumania,es_5995_2,832115984,2632,0,1317156,0,0.0,0,0.0,2632,9.30321459718097,3,1,0.3333333333333333,1,0.3333333333333333,9.30321459718097,9.30321459718097,9.30321459718097,0.0
es,Bandera de los Países Bajos,applies_to_jurisdiction,Países Bajos,es_5996_4,832115984,1008,0,1942970,0,0.0,0,0.0,1008,8.742377195881206,3,1,0.3333333333333333,1,0.3333333333333333,8.742377195881206,8.742377195881206,8.742377195881206,0.0
es,Primer ministro de Malasia,applies_to_jurisdiction,Malasia,es_5997_4,832115984,10364,0,2027364,0,0.0,0,0.0,10364,8.681035682803897,3,1,0.3333333333333333,1,0.3333333333333333,8.681035682803897,8.681035682803897,8.681035682803897,0.0
es,Bandera de Jamaica,applies_to_jurisdiction,Jamaica,es_5998_3,832115984,2362,0,1921126,0,0.0,0,0.0,2362,8.758688677884576,3,1,0.3333333333333333,1,0.3333333333333333,8.758688677884576,8.758688677884576,8.758688677884576,0.0
es,bandera de la Argentina,applies_to_jurisdiction,Argentina,es_5999_3,832115984,1414,0,42122122,0,0.0,0,0.0,1414,4.304134609157136,3,1,0.3333333333333333,1,0.3333333333333333,4.304134609157136,4.304134609157136,4.304134609157136,0.0
es,Bandera de Noruega,applies_to_jurisdiction,Noruega,es_6000_1,832115984,2124,0,3640982,0,0.0,0,0.0,2124,7.836313212843703,3,1,0.3333333333333333,1,0.3333333333333333,7.836313212843703,7.836313212843703,7.836313212843703,0.0
es,Congreso de los Diputados,applies_to_jurisdiction,España,es_6001_3,832115984,1239722,0,88298990,0,0.0,0,0.0,698020,2.4076394281355085,3,1,0.3333333333333333,1,0.3333333333333333,2.4076394281355085,2.4076394281355085,2.4076394281355085,0.0
es,Emperador de Japón,applies_to_jurisdiction,Japón,es_6002_1,832115984,18394,0,11877342,0,0.0,0,0.0,18394,6.130500711250074,3,1,0.3333333333333333,1,0.3333333333333333,6.130500711250074,6.130500711250074,6.130500711250074,0.0
es,Bandera de Lituania,applies_to_jurisdiction,Lituania,es_6003_0,832115984,480,0,1336174,0,0.0,0,0.0,480,9.282532929873359,3,1,0.3333333333333333,1,0.3333333333333333,9.282532929873359,9.282532929873359,9.282532929873359,0.0
es,Bandera de Bulgaría,applies_to_jurisdiction,Bulgaria,es_6004_4,832115984,2,0,1717586,0,0.0,0,0.0,0,0.0,3,0,0.0,1,0.3333333333333333,,,,
es,Presidente de Irak,applies_to_jurisdiction,Irak,es_6005_1,832115984,7294,0,2314824,0,0.0,0,0.0,7294,8.48973831426048,3,1,0.3333333333333333,1,0.3333333333333333,8.48973831426048,8.48973831426048,8.48973831426048,0.0
es,Bandera de Turquía,applies_to_jurisdiction,Turquía,es_6006_0,832115984,2414,0,3787920,0,0.0,0,0.0,2414,7.779234959621373,3,1,0.3333333333333333,1,0.3333333333333333,7.779234959621373,7.779234959621373,7.779234959621373,0.0
es,Bandera de Malasia,applies_to_jurisdiction,Malasia,es_6007_1,832115984,1086,0,2027364,0,0.0,0,0.0,1086,8.681035682803897,3,1,0.3333333333333333,1,0.3333333333333333,8.681035682803897,8.681035682803897,8.681035682803897,0.0
es,bandera de Bielorrusia,applies_to_jurisdiction,Bielorrusia,es_6008_2,832115984,350,0,659016,0,0.0,0,0.0,350,10.302255423943713,3,1,0.3333333333333333,1,0.3333333333333333,10.302255423943713,10.302255423943713,10.302255423943713,0.0
es,Bandera de Cuba,applies_to_jurisdiction,Cuba,es_6009_0,832115984,8448,0,13837304,0,0.0,0,0.0,8448,5.9101498445338265,3,1,0.3333333333333333,1,0.3333333333333333,5.9101498445338265,5.9101498445338265,5.9101498445338265,0.0
es,Bandera de Vietnam,applies_to_jurisdiction,Vietnam,es_6010_1,832115984,910,0,2907838,0,0.0,0,0.0,910,8.160693924561809,3,1,0.3333333333333333,1,0.3333333333333333,8.160693924561809,8.160693924561809,8.160693924561809,0.0
es,Bandera de Bolivia,applies_to_jurisdiction,Bolivia,es_6011_4,832115984,5094,0,10405090,0,0.0,0,0.0,5094,6.321423282593544,3,1,0.3333333333333333,1,0.3333333333333333,6.321423282593544,6.321423282593544,6.321423282593544,0.0
es,bandera de la India,applies_to_jurisdiction,India,es_6012_0,832115984,1912,0,12229280,0,0.0,0,0.0,1912,6.0883732589137285,3,1,0.3333333333333333,1,0.3333333333333333,6.0883732589137285,6.0883732589137285,6.0883732589137285,0.0
es,pataca macaense,applies_to_jurisdiction,Macao,es_6014_4,832115984,338,0,375714,0,0.0,0,0.0,60,8.618945200334936,3,1,0.3333333333333333,1,0.3333333333333333,8.618945200334936,8.618945200334936,8.618945200334936,0.0
es,Bandera de Mónaco,applies_to_jurisdiction,Mónaco,es_6015_3,832115984,348,0,1174848,0,0.0,0,0.0,348,9.468166706129924,3,1,0.3333333333333333,1,0.3333333333333333,9.468166706129924,9.468166706129924,9.468166706129924,0.0
es,Bandera de Somalia,applies_to_jurisdiction,Somalia,es_6016_1,832115984,282,0,560294,0,0.0,0,0.0,282,10.536384872934168,3,1,0.3333333333333333,1,0.3333333333333333,10.536384872934168,10.536384872934168,10.536384872934168,0.0
es,Presidente de Israel,applies_to_jurisdiction,Israel,es_6017_0,832115984,27860,0,6841438,0,0.0,0,0.0,27860,6.9263412246972464,3,1,0.3333333333333333,1,0.3333333333333333,6.9263412246972464,6.9263412246972464,6.9263412246972464,0.0
es,bandera de Suecia,applies_to_jurisdiction,Suecia,es_6018_4,832115984,2746,0,4872800,0,0.0,0,0.0,2746,7.415889811827437,3,1,0.3333333333333333,1,0.3333333333333333,7.415889811827437,7.415889811827437,7.415889811827437,0.0
es,Bandera de la República Taiwán,applies_to_jurisdiction,República de China,es_6019_2,832115984,0,0,68534,0,0.0,0,0.0,0,0.0,3,0,0.0,2,0.6666666666666666,,,,
es,Bandera de Australia,applies_to_jurisdiction,Australia,es_6020_1,832115984,4046,0,9270926,0,0.0,0,0.0,4046,6.487927375834743,3,1,0.3333333333333333,1,0.3333333333333333,6.487927375834743,6.487927375834743,6.487927375834743,0.0
es,Bandera de Ucrania,applies_to_jurisdiction,Ucrania,es_6021_1,832115984,1710,0,4342322,0,0.0,0,0.0,1710,7.582174110015071,3,1,0.3333333333333333,1,0.3333333333333333,7.582174110015071,7.582174110015071,7.582174110015071,0.0
es,Presidente de Bielorrusia,applies_to_jurisdiction,Bielorrusia,es_6022_2,832115984,6182,0,659016,0,0.0,0,0.0,6182,10.302255423943713,3,1,0.3333333333333333,1,0.3333333333333333,10.302255423943713,10.302255423943713,10.302255423943713,0.0
es,Bandera de Haití,applies_to_jurisdiction,Haití,es_6023_1,832115984,1286,0,1522718,0,0.0,0,0.0,1286,9.093992034934754,3,1,0.3333333333333333,1,0.3333333333333333,9.093992034934754,9.093992034934754,9.093992034934754,0.0
es,Escudo Nacional de México,applies_to_jurisdiction,México,es_6024_4,832115984,1476,0,50767870,0,0.0,0,0.0,1476,4.034796994374066,3,1,0.3333333333333333,1,0.3333333333333333,4.034796994374066,4.034796994374066,4.034796994374066,0.0
es,Bandera de Finlandia,applies_to_jurisdiction,Finlandia,es_6025_4,832115984,1586,0,2263230,0,0.0,0,0.0,1586,8.522257615900344,3,1,0.3333333333333333,1,0.3333333333333333,8.522257615900344,8.522257615900344,8.522257615900344,0.0
es,Bandera de Croacia,applies_to_jurisdiction,Croacia,es_6026_3,832115984,1286,0,1650192,0,0.0,0,0.0,1286,8.978006929416097,3,1,0.3333333333333333,1,0.3333333333333333,8.978006929416097,8.978006929416097,8.978006929416097,0.0
es,presidente de Finlandia,applies_to_jurisdiction,Finlandia,es_6027_3,832115984,4502,0,2263230,0,0.0,0,0.0,4502,8.522257615900344,3,1,0.3333333333333333,1,0.3333333333333333,8.522257615900344,8.522257615900344,8.522257615900344,0.0
es,Bandera de Albania,applies_to_jurisdiction,Albania,es_6028_1,832115984,1272,0,872080,0,0.0,0,0.0,1272,9.89810842997469,3,1,0.3333333333333333,1,0.3333333333333333,9.89810842997469,9.89810842997469,9.89810842997469,0.0
es,Bandera de Italia,applies_to_jurisdiction,Italia,es_6029_3,832115984,8950,0,18529044,0,0.0,0,0.0,8950,5.488924278570461,3,1,0.3333333333333333,1,0.3333333333333333,5.488924278570461,5.488924278570461,5.488924278570461,0.0
es,bandera de Alemania,applies_to_jurisdiction,Alemania,es_6030_3,832115984,7652,0,17786194,0,0.0,0,0.0,7652,5.547954899667533,3,1,0.3333333333333333,1,0.3333333333333333,5.547954899667533,5.547954899667533,5.547954899667533,0.0
es,bandera de Libia,applies_to_jurisdiction,Libia,es_6031_0,832115984,674,0,1296044,0,0.0,0,0.0,674,9.326526123583374,3,1,0.3333333333333333,1,0.3333333333333333,9.326526123583374,9.326526123583374,9.326526123583374,0.0
es,Bandera de Filipinas,applies_to_jurisdiction,Filipinas,es_6032_4,832115984,1106,0,3774780,0,0.0,0,0.0,1106,7.784248256965772,3,1,0.3333333333333333,1,0.3333333333333333,7.784248256965772,7.784248256965772,7.784248256965772,0.0
es,.de,applies_to_jurisdiction,Alemania,es_6033_1,832115984,814416646,0,17786194,0,0.0,0,0.0,17730404,0.026485165031161644,3,1,0.3333333333333333,1,0.3333333333333333,0.026485165031161644,0.026485165031161644,0.026485165031161644,0.0
es,Presidente de Irán,applies_to_jurisdiction,Irán,es_6034_2,832115984,54954,0,7271608,0,0.0,0,0.0,54954,6.838366392965412,3,1,0.3333333333333333,1,0.3333333333333333,6.838366392965412,6.838366392965412,6.838366392965412,0.0
es,Bandera de Pakistán,applies_to_jurisdiction,Pakistán,es_6035_0,832115984,526,0,1459576,0,0.0,0,0.0,526,9.155091487555769,3,1,0.3333333333333333,1,0.3333333333333333,9.155091487555769,9.155091487555769,9.155091487555769,0.0
es,bandera de Portugal,applies_to_jurisdiction,Portugal,es_6036_2,832115984,3738,0,9169108,0,0.0,0,0.0,3738,6.503859430678796,3,1,0.3333333333333333,1,0.3333333333333333,6.503859430678796,6.503859430678796,6.503859430678796,0.0
es,Bandera de Grecia,applies_to_jurisdiction,Grecia,es_6037_0,832115984,2308,0,5791674,0,0.0,0,0.0,2308,7.1666604226386905,3,1,0.3333333333333333,1,0.3333333333333333,7.1666604226386905,7.1666604226386905,7.1666604226386905,0.0
es,Bandera de México,applies_to_jurisdiction,México,es_6038_3,832115984,47122,0,50767870,0,0.0,0,0.0,47122,4.034796994374066,3,1,0.3333333333333333,1,0.3333333333333333,4.034796994374066,4.034796994374066,4.034796994374066,0.0
es,bandera de Japón,applies_to_jurisdiction,Japón,es_6039_2,832115984,10824,0,11877342,0,0.0,0,0.0,10824,6.130500711250074,3,1,0.3333333333333333,1,0.3333333333333333,6.130500711250074,6.130500711250074,6.130500711250074,0.0
es,Azerbaiyán,capital,Bakú,es_6152_3,832115984,423954,42058182,133326,61974,1.532153491832972,28690,2.08998796110318,64688,9.895273043718623,3,3,1.0,0,0.0,4.505804832218258,9.895273043718623,1.532153491832972,3.8177279915202793
es,Nebraska,capital,Lincoln,es_6153_4,832115984,378974,42058182,1288382,55828,1.5432881415070683,163990,1.3324455747526298,38784,6.046515046495272,3,3,1.0,0,0.0,2.9740829209183235,6.046515046495272,1.3324455747526298,2.174242093496316
es,Hampshire,capital,Winchester,es_6154_0,832115984,410266,42058182,186436,52854,1.3498512023921545,16654,0.8215864057610538,6062,6.043266514790413,3,3,1.0,0,0.0,2.7382347076478735,6.043266514790413,0.8215864057610538,2.346940186499269
es,Alejandría,capital,Alejandría,es_6155_0,832115984,521204,42058182,521204,98956,1.9093371707649918,98956,1.9093371707649918,521204,10.640720760282312,3,3,1.0,0,0.0,4.8197983672707645,10.640720760282312,1.9093371707649918,4.11601369685909
es,Reino de Italia,capital,Florencia,es_6156_0,832115984,21588,42058182,2533160,7814,2.840229804964438,425192,1.7315743908960979,2738,5.380667376902281,3,3,1.0,0,0.0,3.3174905242542727,5.380667376902281,1.7315743908960979,1.527482296845077
es,Gran Ducado de Finlandia,capital,Helsinki,es_6157_1,832115984,1408,42058182,560312,658,3.208838391851348,112638,1.9917894690014448,666,9.456285274104708,3,3,1.0,0,0.0,4.8856377116525005,9.456285274104708,1.9917894690014448,3.269904827897927
es,Telingana,capital,Hyderabad,es_6158_3,832115984,50,42058182,216238,18,2.832395048420991,31960,1.5480454766697402,22,10.725524271649407,3,3,1.0,0,0.0,5.03532159891338,10.725524271649407,1.5480454766697402,4.057601368478967
es,Australia Meridional,capital,Adelaida,es_6159_1,832115984,28884,42058182,283278,3348,1.1974271221080943,51386,1.843554932645443,6926,9.46017409809209,3,3,1.0,0,0.0,4.167052050948542,9.46017409809209,1.1974271221080943,3.7520861789459
es,Reino de Escocia,capital,Edimburgo,es_6160_1,832115984,2760,42058182,663194,752,2.4304625367655097,117788,1.8130878499464707,880,8.644045123459959,3,3,1.0,0,0.0,4.295865170057313,8.644045123459959,1.8130878499464707,3.0849407942844653
es,Segunda República Polaca,capital,Varsovia,es_6161_3,832115984,1628,42058182,667028,692,3.072069480123881,139660,2.0504977915392217,768,9.200899109654962,3,3,1.0,0,0.0,4.774488793772688,9.200899109654962,2.0504977915392217,3.157608102360729
es,Canterbury,capital,Christchurch,es_6162_1,832115984,196152,42058182,116590,24470,1.3034401978231058,17148,1.5409944111791658,13850,8.977110699221491,3,3,1.0,0,0.0,3.9405151027412537,8.977110699221491,1.3034401978231058,3.5627311062286555
es,Reino de Francia,capital,París,es_6163_3,832115984,16020,42058182,10491248,4200,2.374913322010816,1847410,1.8007159186068031,5078,4.651984573044266,3,3,1.0,0,0.0,2.9425379378872947,4.651984573044266,1.8007159186068031,1.2312815852750325
es,Alberta,capital,Edmonton,es_6164_4,832115984,381566,42058182,301098,43458,1.1720872993954239,66374,2.1247832368997233,37012,8.066468168531623,3,3,1.0,0,0.0,3.78777956827559,8.066468168531623,1.1720872993954239,3.050386805068607
es,Alemania,capital,Berlín,es_6165_1,832115984,17786194,42058182,4137660,2860392,1.6698531885323522,752952,1.8481409383469845,1448100,4.033301031422971,3,3,1.0,0,0.0,2.5170983861007694,4.033301031422971,1.6698531885323522,1.0745850289592482
es,Indiana,capital,Indianápolis,es_6166_0,832115984,1485804,42058182,233796,219466,1.5471517793194052,21376,0.8551398076821064,37862,6.502969285342673,3,3,1.0,0,0.0,2.968420290781395,6.502969285342673,0.8551398076821064,2.5152200153515984
es,Segundo Imperio francés,capital,París,es_6167_4,832115984,5090,42058182,10491248,1492,2.535908116045584,1847410,1.8007159186068031,2380,5.212822337925081,3,3,1.0,0,0.0,3.1831487908591556,5.212822337925081,1.8007159186068031,1.4662441639640824
es,Cambridgeshire,capital,Cambridge,es_6168_1,832115984,30144,42058182,1857818,4308,1.499545521684828,245898,1.3888489668456465,9484,7.13872834332211,3,3,1.0,0,0.0,3.3423742772841947,7.13872834332211,1.3888489668456465,2.684808072327862
es,Reino de Sicilia,capital,Nápoles,es_6169_4,832115984,5396,42058182,1163180,1652,2.5986495752245813,212026,1.8505649615693602,2366,8.293126178219419,3,3,1.0,0,0.0,4.247446905004453,8.293126178219419,1.8505649615693602,2.876983169176559
es,Indre y Loira,capital,Tours,es_6170_0,832115984,3528,42058182,2709542,236,0.40433444055772416,350996,1.357803721145058,1130,6.620064022918682,3,3,1.0,0,0.0,2.7940673948738213,6.620064022918682,0.40433444055772416,2.7332475879575826
es,Apulia,capital,Bari,es_6171_0,832115984,82060,42058182,441510,15472,1.8993067824503473,109752,2.298127352216665,14468,8.376309150496857,3,3,1.0,0,0.0,4.19124776172129,8.376309150496857,1.8993067824503473,2.963760964560878
es,Provincia de Flandes Oriental,capital,Gante,es_6172_3,832115984,1168,42058182,216262,548,3.214533760833913,42110,1.9457808297789876,672,11.112281592553709,3,3,1.0,0,0.0,5.424198727722203,11.112281592553709,1.9457808297789876,4.0552968249691626
es,Dinamarca,capital,Copenhague,es_6173_2,832115984,3195990,42058182,898590,668080,2.0481561178751795,203382,2.1628552313189617,282114,6.352993182230321,3,3,1.0,0,0.0,3.521334843808154,6.352993182230321,2.0481561178751795,2.00283227469219
es,Míchigan,capital,Lansing,es_6174_1,832115984,49608,42058182,78796,5018,1.0009378180159725,11494,1.529084796467293,1860,8.629176348413107,3,3,1.0,0,0.0,3.719732987632124,8.629176348413107,1.0009378180159725,3.4781901799881663
es,Dinastía ayubí,capital,El Cairo,es_6175_0,832115984,728,42058182,710664,370,3.3299130570710194,169340,2.237081412165681,320,9.007534752174388,3,3,1.0,0,0.0,4.858176407137029,9.007534752174388,2.237081412165681,2.9677658552829493
es,califato ortodoxo,capital,Medina,es_6176_3,832115984,608,42058182,6083324,354,3.5260042733928154,933626,1.6023830355270732,302,6.0862582025359195,3,3,1.0,0,0.0,3.7382151704852693,6.0862582025359195,1.6023830355270732,1.8366743908421803
es,Shogunato Tokugawa,capital,Edo,es_6177_0,832115984,8308,42058182,1211170,2232,2.4101620477379435,252218,2.042668005649305,3268,8.078146212528964,3,3,1.0,0,0.0,4.1769920886387375,8.078146212528964,2.042668005649305,2.762609345226833
es,Unión Soviética,capital,Moscú,es_6178_3,832115984,1079582,42058182,2987312,262624,2.2669240774979795,554546,1.8768573567676357,229432,5.887458600617091,3,3,1.0,0,0.0,3.3437466782942358,5.887458600617091,1.8768573567676357,1.8057114515671115
es,Reino de Rumania,capital,Bucarest,es_6179_4,832115984,1216,42058182,485750,556,3.1773397960333254,159632,2.7008621256717915,478,9.39529421497557,3,3,1.0,0,0.0,5.091165378893562,9.39529421497557,2.7008621256717915,3.049688674906865
es,Tasmania,capital,Hobart,es_6180_2,832115984,180424,42058182,95916,28238,1.630644794338477,12896,1.4114783906629769,22840,10.100968813232157,3,3,1.0,0,0.0,4.38103066607787,10.100968813232157,1.4114783906629769,4.045596600715245
es,Condado de Limerick,capital,Limerick,es_6181_1,832115984,1738,42058182,61496,398,2.1797384904826522,10960,1.8180814614754022,1738,13.724004437559946,3,3,1.0,0,0.0,5.907274796506001,13.724004437559946,1.8180814614754022,5.529234164128947
es,Califato fatimí,capital,El Cairo,es_6182_3,832115984,2106,42058182,710664,1130,3.4081435730302365,169340,2.237081412165681,780,8.760441890209616,3,3,1.0,0,0.0,4.801888958468511,8.760441890209616,2.237081412165681,2.839654043623303
es,Región de Auckland,capital,Auckland,es_6183_3,832115984,1350,42058182,343588,218,1.6757668695921366,50400,1.5371422251532985,1350,11.241889265811091,3,3,1.0,0,0.0,4.818266120185509,11.241889265811091,1.5371422251532985,4.5425400336356585
es,Nuevo Hampshire,capital,Concord,es_6184_2,832115984,34244,42058182,226978,4062,1.2307371504645657,23572,1.0389198430926525,932,6.64063898024277,3,3,1.0,0,0.0,2.9700986579333293,6.64063898024277,1.0389198430926525,2.5966450358268673
es,Óblast de Odesa,capital,Odesa,es_6185_4,832115984,1136,42058182,43044,136,1.2440419584990607,8758,2.009187440527374,1136,14.238684860007156,3,3,1.0,0,0.0,5.830638086344531,14.238684860007156,1.2440419584990607,5.9535871435206165
es,Australia,capital,Canberra,es_6186_2,832115984,9270926,42058182,145728,1429392,1.6090144101807722,34280,2.218487149616643,84128,5.695307226316166,3,3,1.0,0,0.0,3.1742695953711944,5.695307226316166,1.6090144101807722,1.7999235738422052
es,Imperio otomano,capital,Estambul,es_6187_2,832115984,176128,42058182,1195250,56332,2.6617285552421257,205720,1.7677677949834416,32904,7.02303901747434,3,3,1.0,0,0.0,3.8175117892333024,7.02303901747434,1.7677677949834416,2.2958433553513724
es,Sudoeste de Inglaterra,capital,Brístol,es_6188_4,832115984,10366,42058182,10948,1084,1.0489035997225757,1146,1.050337846145352,86,9.30052274763828,3,3,1.0,0,0.0,3.7999213978354027,9.30052274763828,1.0489035997225757,3.88951255912234
es,Texas,capital,Austin,es_6189_2,832115984,5834494,42058182,1620340,830136,1.4931383096018433,211562,1.3691820917422435,521616,5.520796737862269,3,3,1.0,0,0.0,2.7943723797354516,5.520796737862269,1.3691820917422435,1.928537204105214
es,Imperio latino,capital,Constantinopla,es_6190_3,832115984,4556,42058182,282644,2140,3.216169286333801,79196,2.470839635326215,3002,10.921739074542842,3,3,1.0,0,0.0,5.536249332067619,10.921739074542842,2.470839635326215,3.8202533857408945
es,Hungría,capital,Budapest,es_6191_3,832115984,1872460,42058182,1020554,293882,1.6347002400585509,223004,2.1121152088156596,271472,6.885228709931272,3,3,1.0,0,0.0,3.5440147196018272,6.885228709931272,1.6347002400585509,2.3706207991407715
es,Rusia,capital,Moscú,es_6192_4,832115984,12358466,42058182,2987312,2167562,1.794971722922327,554546,1.8768573567676357,1594098,5.167105448494168,3,3,1.0,0,0.0,2.9463115093947105,5.167105448494168,1.794971722922327,1.5706942423045989
es,Véneto,capital,Venecia,es_6193_1,832115984,118122,42058182,2369480,16514,1.4678100632022761,434268,1.8584133066846635,48320,7.166485008434518,3,3,1.0,0,0.0,3.4975694594404856,7.166485008434518,1.4678100632022761,2.599211252501083
es,Worcestershire,capital,Worcester,es_6194_2,832115984,38530,42058182,103824,2650,0.4444083155444152,15056,1.5205966987988055,3578,9.539672046507699,3,3,1.0,0,0.0,3.8348923536169734,9.539672046507699,0.4444083155444152,4.0577439435706735
es,Reino de Sicilia,capital,Palermo,es_6195_0,832115984,5396,42058182,2361448,1652,2.5986495752245813,686246,2.523452209673527,1176,6.26296676611534,3,3,1.0,0,0.0,3.7950228503378156,6.26296676611534,2.523452209673527,1.7453698823867159
es,Pensilvania,capital,Harrisburg,es_6196_2,832115984,591710,42058182,62590,65390,1.1285778880641688,8774,1.4717006719413925,13270,8.219914833588936,3,3,1.0,0,0.0,3.6067311311981656,8.219914833588936,1.1285778880641688,3.265019776888217
es,Estados Pontificios,capital,Roma,es_6197_0,832115984,25980,42058182,9484296,8020,2.6105989477604425,1599228,1.7381611842278224,15732,5.731400792676591,3,3,1.0,0,0.0,3.360053641554952,5.731400792676591,1.7381611842278224,1.7142058212009792
es,Condado de Galway,capital,Galway,es_6198_0,832115984,11700,42058182,115022,1148,0.9570122540709622,18980,1.7069683056175478,11700,12.820659087641511,3,3,1.0,0,0.0,5.161546549110007,12.820659087641511,0.9570122540709622,5.424457710421734
es,Imperio austríaco,capital,Viena,es_6199_3,832115984,10578,42058182,1974546,3590,2.7473151054224796,404152,2.01777515098572,4466,7.475108119215973,3,3,1.0,0,0.0,4.080066125208057,7.475108119215973,2.01777515098572,2.419061766069348
es,Indias Orientales Neerlandesas,capital,Yakarta,es_6200_1,832115984,2506,42058182,203694,674,2.4117603186134016,48868,2.246884718109468,294,8.904667076784873,3,3,1.0,0,0.0,4.521104037835914,8.904667076784873,2.246884718109468,3.100377899357857
es,Israel,capital,Jerusalén,es_6201_3,832115984,6841438,42058182,1901444,935114,1.4352408002651402,323922,1.7529491473419783,864728,5.789564084163465,3,3,1.0,0,0.0,2.992584677256861,5.789564084163465,1.4352408002651402,1.9820116044808764
es,Prefectura de Aichi,capital,Nagoya,es_6202_3,832115984,7360,42058182,131778,1070,1.5242312670975375,18496,1.4735019086150756,2822,11.24147160169972,3,3,1.0,0,0.0,4.746401592470778,11.24147160169972,1.4735019086150756,4.592754742384426
es,Leicestershire,capital,Leicester,es_6203_0,832115984,21914,42058182,487740,2958,1.4171673483383593,89940,1.867248731917815,4136,8.330911867094693,3,3,1.0,0,0.0,3.871775982450289,8.330911867094693,1.4171673483383593,3.1584345216424095
es,Condado de King,capital,Seattle,es_6204_0,832115984,6166,42058182,1493912,618,0.9876700905506028,224666,1.5730847839482782,3286,8.213543244601361,3,3,1.0,0,0.0,3.5914327063667475,8.213543244601361,0.9876700905506028,3.277052228406507
es,Ducado de Atenas,capital,Atenas,es_6205_2,832115984,1196,42058182,1775356,466,2.946510707209579,312124,1.7984090884427604,1196,8.872532473963036,3,3,1.0,0,0.0,4.539150756538458,8.872532473963036,1.7984090884427604,3.099804527539969
es,Reino de los Países Bajos,capital,Ámsterdam,es_6206_4,832115984,34980,42058182,817028,8280,2.2274986203310765,141328,1.774988037298593,2614,6.249984152062834,3,3,1.0,0,0.0,3.417490269897501,6.249984152062834,1.774988037298593,2.01137724810922
es,Albania,capital,Tirana,es_6207_2,832115984,872080,42058182,144800,212930,2.272244977874414,27754,1.9230322519632137,40350,8.054687406169265,3,3,1.0,0,0.0,4.0833215453356315,8.054687406169265,1.9230322519632137,2.8117962802487115
es,Génova,capital,Génova,es_6208_3,832115984,702244,42058182,702244,142308,2.0033706106166265,142308,2.0033706106166265,702244,10.210596523287135,3,3,1.0,0,0.0,4.739112581506796,10.210596523287135,2.0033706106166265,3.868923398386179
es,República de China,capital,Taipéi,es_6209_0,832115984,68534,42058182,87670,13574,1.9703522623624783,12918,1.543625714126662,3876,9.068234346408147,3,3,1.0,0,0.0,4.194070774299096,9.068234346408147,1.543625714126662,3.450954146560867
es,Checoslovaquia,capital,Praga,es_6210_3,832115984,272058,42058182,1454952,62892,2.1933604044931814,329184,2.1623207988007396,57766,6.924047514891648,3,3,1.0,0,0.0,3.759909572728523,6.924047514891648,2.1623207988007396,2.237419280042315
es,Dubái,capital,Dubái,es_6211_3,832115984,384872,42058182,384872,55912,1.5231773768785142,55912,1.5231773768785142,384872,11.078190199453415,3,3,1.0,0,0.0,4.708181651070148,11.078190199453415,1.5231773768785142,4.504276240778084
es,Dakota del Norte,capital,Bismarck,es_6212_0,832115984,90344,42058182,134140,12640,1.4688939094461628,29694,2.130830082739435,3950,8.08332517666383,3,3,1.0,0,0.0,3.89434972294981,8.08332517666383,1.4688939094461628,2.9743544272376683
es,Andalucía,capital,Sevilla,es_6213_0,832115984,9381664,42058182,19524928,1239576,1.3863291320826792,3774752,1.9354627765101458,2457728,3.4808769254550813,3,3,1.0,0,0.0,2.267556278015969,3.4808769254550813,1.3863291320826792,0.8867533234547619
es,Maharastra,capital,Bombay,es_6214_3,832115984,17308,42058182,378926,1742,0.993703739930377,58824,1.6188868981699818,6596,9.708877060529996,3,3,1.0,0,0.0,4.107155899543452,9.708877060529996,0.993703739930377,3.969229435664639
es,Karnataka,capital,Bangalore,es_6215_3,832115984,90214,42058182,355406,13816,1.5993148870029623,61988,1.786919061745824,24456,9.309937998561008,3,3,1.0,0,0.0,4.232057315769931,9.309937998561008,1.5993148870029623,3.59142061057481
es,Indonesia,capital,Yakarta,es_6216_3,832115984,3373450,42058182,203694,621376,1.8656398828953287,48868,2.246884718109468,123958,7.229863940533394,3,3,1.0,0,0.0,3.7807961805127306,7.229863940533394,1.8656398828953287,2.443820535691991
es,República Social Italiana,capital,Roma,es_6217_4,832115984,3670,42058182,9484296,1150,2.632180034854566,1599228,1.7381611842278224,1738,5.376748151152748,3,3,1.0,0,0.0,3.2490297900783793,5.376748151152748,1.7381611842278224,1.5481615967244808
es,Imperio Habsburgo,capital,Viena,es_6218_1,832115984,1982,42058182,1974546,796,2.9902096101105644,404152,2.01777515098572,746,7.309410416503587,3,3,1.0,0,0.0,4.10579839253329,7.309410416503587,2.01777515098572,2.299819513848663
es,Portugal,capital,Lisboa,es_6219_2,832115984,9169108,42058182,2955380,1637074,1.8206643829223625,771074,2.367923821436033,1085052,5.058279971969449,3,3,1.0,0,0.0,3.0822893921092813,5.058279971969449,1.8206643829223625,1.4149858190179068
es,Islas Baleares,capital,Palma de Mallorca,es_6220_2,832115984,1364876,42058182,1804100,203914,1.5635890836796857,386268,2.082720997321002,157914,5.737802611131875,3,3,1.0,0,0.0,3.1280375640441878,5.737802611131875,1.5635890836796857,1.8575126175777243
es,Bolonia,capital,Bolonia,es_6221_2,832115984,890868,42058182,890868,222600,2.305568146118337,222600,2.305568146118337,890868,9.867357232934086,3,3,1.0,0,0.0,4.826164508390254,9.867357232934086,2.305568146118337,3.5646615607932315
es,Cuba,capital,La Habana,es_6222_1,832115984,13837304,42058182,4551144,2929298,2.0663902272135934,996872,2.1155771795004163,3188316,5.396715234698451,3,3,1.0,0,0.0,3.192894213804154,5.396715234698451,2.0663902272135934,1.5584661600797336
es,provincia de Toledo,capital,Toledo,es_6223_1,832115984,231800,42058182,8198066,29266,1.3207431509740553,1937710,2.2253953034991807,231800,6.66535721666716,3,3,1.0,0,0.0,3.403831890380132,6.66535721666716,1.3207431509740553,2.335631173762368
es,Siena,capital,Siena,es_6224_2,832115984,532264,42058182,532264,84910,1.6581906223772238,84910,1.6581906223772238,532264,10.610426924244182,3,3,1.0,0,0.0,4.64226938966621,10.610426924244182,1.6581906223772238,4.220124663889671
es,Condado de Honolulu,capital,Honolulu,es_6225_4,832115984,742,42058182,190312,124,1.7252471705194754,26892,1.4832086638659492,742,12.094202383566834,3,3,1.0,0,0.0,5.100886072650753,12.094202383566834,1.4832086638659492,4.946008520552672
es,Imperio romano,capital,Constantinopla,es_6226_1,832115984,863550,42058182,282644,223422,2.355817776421721,79196,2.470839635326215,50576,7.429827977122346,3,3,1.0,0,0.0,4.085495129623427,7.429827977122346,2.355817776421721,2.3652666027535005
es,Connecticut,capital,Hartford,es_6227_4,832115984,592074,42058182,154712,70888,1.2441620675036478,16884,1.1104697747098873,48208,8.774550796378064,3,3,1.0,0,0.0,3.709727546197199,8.774550796378064,1.1104697747098873,3.581786735133515
es,Escocia,capital,Edimburgo,es_6228_2,832115984,2006472,42058182,663194,334270,1.7207510002359026,117788,1.8130878499464707,206272,7.011096841659359,3,3,1.0,0,0.0,3.514978563947244,7.011096841659359,1.7207510002359026,2.4724163325605395
es,Provincia de Ankara,capital,Ankara,es_6229_0,832115984,1218,42058182,382132,240,1.9629184144555898,86828,2.168487419944475,1218,11.088497841206683,3,3,1.0,0,0.0,5.07330122520225,11.088497841206683,1.9629184144555898,4.254214177408703
es,Lacio,capital,Roma,es_6230_2,832115984,341124,42058182,9484296,38364,1.1538550315519942,1599228,1.7381611842278224,77496,4.316997623700974,3,3,1.0,0,0.0,2.4030046131602636,4.316997623700974,1.1538550315519942,1.374258673688649
es,República Popular de Polonia,capital,Varsovia,es_6231_2,832115984,2696,42058182,667028,928,2.7677024506991175,139660,2.0504977915392217,1420,9.35989202641024,3,3,1.0,0,0.0,4.7260307562161925,9.35989202641024,2.0504977915392217,3.289690799485919
es,Cantón de Basilea-Ciudad,capital,Basilea,es_6232_2,832115984,686,42058182,487216,96,1.4692239713017474,114390,2.2157256620374617,686,10.738007404635262,3,3,1.0,0,0.0,4.80765234599149,10.738007404635262,1.4692239713017474,4.204453950653929
es,California,capital,Sacramento,es_6233_3,832115984,10794528,42058182,1362946,1251234,1.1974496011000209,198560,1.527244758833172,187370,3.4056460464390024,3,3,1.0,0,0.0,2.043446802124065,3.4056460464390024,1.1974496011000209,0.9725846312533075
es,Salzburgo,capital,Salzburgo,es_6234_4,832115984,287164,42058182,287164,38552,1.4093289494417511,38552,1.4093289494417511,287164,11.500694017634196,3,3,1.0,0,0.0,4.7731173055059,11.500694017634196,1.4093289494417511,4.757115114098616
es,Prefectura de Kioto,capital,Kioto,es_6235_4,832115984,2922,42058182,293204,522,1.8214917705197897,51098,1.7857601809665233,2922,11.470664130850972,3,3,1.0,0,0.0,5.0259720274457615,11.470664130850972,1.7857601809665233,4.5571088361952405
es,Florencia,capital,Florencia,es_6236_4,832115984,2533160,42058182,2533160,425192,1.7315743908960979,425192,1.7315743908960979,2533160,8.35970261761702,3,3,1.0,0,0.0,3.9409504664697383,8.35970261761702,1.7315743908960979,3.1245296104588864
es,Irak,capital,Bagdad,es_6237_1,832115984,2314824,42058182,516124,446832,1.9332281432990777,158852,2.6062917727787083,240722,7.389388594338485,3,3,1.0,0,0.0,3.9763028368054236,7.389388594338485,1.9332281432990777,2.4290079529907334
es,Campania,capital,Nápoles,es_6238_3,832115984,174298,42058182,1163180,41108,2.2222613097907806,212026,1.8505649615693602,54212,7.7976945748327635,3,3,1.0,0,0.0,3.956840282064301,7.7976945748327635,1.8505649615693602,2.7201299990415566
es,Japón,capital,Tokio,es_6239_3,832115984,11877342,42058182,3168268,1614662,1.427418321308027,663128,2.0499911382531004,1149606,4.667945831435011,3,3,1.0,0,0.0,2.7151184303320464,4.667945831435011,1.427418321308027,1.404053743504536
es,Miami-Dade,capital,Miami,es_6240_3,832115984,194860,42058182,7065124,19778,1.0058567155453484,1132576,1.665219218873458,194860,6.879925939837809,3,3,1.0,0,0.0,3.1836672914188724,6.879925939837809,1.0058567155453484,2.627474798446552
es,Kermán,capital,Kermán,es_6241_1,832115984,2708,42058182,2708,970,2.825155150252897,970,2.825155150252897,2708,18.229197367110842,3,3,1.0,0,0.0,7.959835889205546,18.229197367110842,2.825155150252897,7.261535139482741
es,Alpes Marítimos,capital,Niza,es_6242_0,832115984,18976,42058182,890148,2752,1.5207026969094979,107664,1.2588169431519902,6298,8.277313438866402,3,3,1.0,0,0.0,3.685611026309297,8.277313438866402,1.2588169431519902,3.2485837243448454
es,Estonia,capital,Tallin,es_6243_1,832115984,1881928,42058182,106440,645572,2.7627647151313814,27216,2.338812772507206,57044,7.888536026419799,3,3,1.0,0,0.0,4.330037838019462,7.888536026419799,2.338812772507206,2.5221836874753407
es,Australia Occidental,capital,Perth,es_6244_2,832115984,84780,42058182,452608,11818,1.4635881743851338,88636,1.954028833262708,27570,9.223682132249502,3,3,1.0,0,0.0,4.213766379965781,9.223682132249502,1.4635881743851338,3.548199063722843
es,Óblast de Leópolis,capital,Leópolis,es_6245_0,832115984,884,42058182,14180,94,1.0730125290396093,1790,1.3205001967781438,884,15.840639478558959,3,3,1.0,0,0.0,6.078050734792238,15.840639478558959,1.0730125290396093,6.903932056992892
es,Nueva Gales del Sur,capital,Sídney,es_6246_4,832115984,189728,42058182,270778,18908,0.9794623047222505,35260,1.3653200880256706,27880,8.818828247116544,3,3,1.0,0,0.0,3.7212035466214886,8.818828247116544,0.9794623047222505,3.608005427523351
es,Condado de Riverside,capital,Riverside,es_6247_2,832115984,11792,42058182,350252,742,0.3160808042791371,32740,0.8870591749582205,11792,11.214175627529139,3,3,1.0,0,0.0,4.139105202255499,11.214175627529139,0.3160808042791371,5.008257861897164
es,Venezuela,capital,Caracas,es_6248_3,832115984,23445566,42058182,6161632,4317608,1.8653152998128217,1316462,2.0796795941889177,4109516,4.56505358794429,3,3,1.0,0,0.0,2.836682827315343,4.56505358794429,1.8653152998128217,1.2252719772425098
es,Manitoba,capital,Winnipeg,es_6249_4,832115984,89806,42058182,164328,16700,1.8793625038284405,30666,1.8844598156614774,22034,10.278910179491998,3,3,1.0,0,0.0,4.680910832993972,10.278910179491998,1.8793625038284405,3.9583838459815244
es,Reino de Italia,capital,Turín,es_6250_0,832115984,21588,42058182,762982,7814,2.840229804964438,126150,1.7098174211546704,2214,6.805417429144994,3,3,1.0,0,0.0,3.785154885088034,6.805417429144994,1.7098174211546704,2.1849404897529334
es,Lombardía,capital,Milán,es_6251_4,832115984,227108,42058182,2637848,36146,1.6548556192645085,418132,1.6489951652006698,67684,6.554787596478106,3,3,1.0,0,0.0,3.2862127936477616,6.554787596478106,1.6489951652006698,2.311232646230654
es,Irán,capital,Teherán,es_6252_4,832115984,7271608,42058182,595740,1013682,1.4636569469149185,127602,2.083294348692146,463744,6.477012179220127,3,3,1.0,0,0.0,3.3413211582757305,6.477012179220127,1.4636569469149185,2.2316520430006994
es,Reino de Gran Bretaña,capital,Londres,es_6253_3,832115984,5306,42058182,13425458,1508,2.491337989793372,2485646,1.873047681997854,1834,4.421110384269971,3,3,1.0,0,0.0,2.9284986853537323,4.421110384269971,1.873047681997854,1.0851998246051844
es,Libia,capital,Trípoli,es_6254_1,832115984,1296044,42058182,177278,263890,2.0102201254690337,66918,2.900778959075163,117432,8.732338206784537,3,3,1.0,0,0.0,4.547779097109578,8.732338206784537,2.0102201254690337,2.9811826474070364
es,Principado de Moscú,capital,Moscú,es_6255_3,832115984,1700,42058182,2987312,936,3.445371925311744,554546,1.8768573567676357,1700,8.121792898294064,3,3,1.0,0,0.0,4.4813407267911485,8.121792898294064,1.8768573567676357,2.65263749221839
es,Territorio de la Capital Australiana,capital,Canberra,es_6256_1,832115984,9512,42058182,145728,9512,4.306326236753404,34280,2.218487149616643,4372,11.357835500475463,3,3,1.0,0,0.0,5.960882962281836,11.357835500475463,2.218487149616643,3.910250677222624
es,Francia de Vichy,capital,París,es_6257_2,832115984,9360,42058182,10491248,2556,2.433705543229631,1847410,1.8007159186068031,3396,4.8468543497751035,3,3,1.0,0,0.0,3.0270919372038456,4.8468543497751035,1.8007159186068031,1.3124583535933398
es,Bajo Rin,capital,Estrasburgo,es_6258_1,832115984,8782,42058182,513438,1500,1.7567392030101052,82200,1.6633464607736217,2282,8.718128098411789,3,3,1.0,0,0.0,4.046071254065172,8.718128098411789,1.6633464607736217,3.30386308419706
es,Provincia de Vilna,capital,Vilna,es_6259_0,832115984,292,42058182,67878,98,2.7312115219885946,16048,2.225775690781608,292,13.581552954101861,3,3,1.0,0,0.0,6.179513388957354,13.581552954101861,2.225775690781608,5.238098168727556
es,Región de Bruselas-Capital,capital,Bruselas,es_6260_4,832115984,4126,42058182,3554534,4126,4.306326236753404,658974,1.8749592516123355,4126,7.870980386680456,3,3,1.0,0,0.0,4.684088625015399,7.870980386680456,1.8749592516123355,2.462396621117315
es,Saskatchewan,capital,Regina,es_6261_3,832115984,78618,42058182,1014088,16926,2.0907076456744296,124868,1.2846190946108986,9084,6.566997918470859,3,3,1.0,0,0.0,3.314108219585396,6.566997918470859,1.2846190946108986,2.3235623846262867
es,Teherán,capital,Teherán,es_6262_2,832115984,595740,42058182,595740,127602,2.083294348692146,127602,2.083294348692146,595740,10.447886086487266,3,3,1.0,0,0.0,4.871491594623852,10.447886086487266,2.083294348692146,3.9431063597679312
es,Emilia-Romaña,capital,Bolonia,es_6263_4,832115984,61314,42058182,890868,7210,1.218180875140482,222600,2.305568146118337,13266,7.658874137730363,3,3,1.0,0,0.0,3.727541052996394,7.658874137730363,1.218180875140482,2.8150947451923174
es,Irlanda,capital,Dublín,es_6264_2,832115984,4167646,42058182,798256,762568,1.8560313934568158,152136,1.9148363240053174,343464,6.42471548106033,3,3,1.0,0,0.0,3.398527732840821,6.42471548106033,1.8560313934568158,2.1399725419686426
es,Uruguay,capital,Montevideo,es_6265_3,832115984,11042468,42058182,3308980,2330198,2.0617880380621556,749094,2.1631583365810734,1895448,5.431802381024099,3,3,1.0,0,0.0,3.2189162518891092,5.431802381024099,2.0617880380621556,1.5652939552991276
es,Imperio aqueménida,capital,Babilonia,es_6266_4,832115984,5478,42058182,702934,2406,3.119313613224102,195088,2.4570620383577473,1574,8.409965953165365,3,3,1.0,0,0.0,4.6621138682490715,8.409965953165365,2.4570620383577473,2.66388697519393
es,Perú,capital,Lima,es_6267_1,832115984,16322350,42058182,12966814,2017852,1.2903697218938128,2638694,2.009398151021541,4503584,4.1461853718134565,3,3,1.0,0,0.0,2.4819844149096038,4.1461853718134565,1.2903697218938128,1.2128270250928193
es,Sri Lanka,capital,Colombo,es_6268_1,832115984,1005550,42058182,670784,190560,1.9066586401400274,110742,1.7076804418741638,56374,6.119909566370683,3,3,1.0,0,0.0,3.2447495494616247,6.119909566370683,1.7076804418741638,2.0346673639640547
es,Reino de Irak,capital,Bagdad,es_6269_4,832115984,450,42058182,516124,152,2.740472558979952,158852,2.6062917727787083,216,9.595957509040193,3,3,1.0,0,0.0,4.980907280266284,9.595957509040193,2.6062917727787083,3.2637930470978063
es,Estados Confederados de América,capital,Montgomery,es_6270_0,832115984,6048,42058182,354596,1986,2.699733720060705,38524,1.1039793877495911,482,7.547039566168837,3,3,1.0,0,0.0,3.783584224659711,7.547039566168837,1.1039793877495911,2.7397451284042953
es,Reino de Serbia,capital,Belgrado,es_6271_3,832115984,3024,42058182,334482,1234,3.0132104916817486,75900,2.166569452542783,1086,9.803206304868315,3,3,1.0,0,0.0,4.994328749697615,9.803206304868315,2.166569452542783,3.417911425393873
es,Waterford,capital,Waterford,es_6272_2,832115984,54264,42058182,54264,5760,1.0704715556103932,5760,1.0704715556103932,54264,13.904501613213153,3,3,1.0,0,0.0,5.348481574811313,13.904501613213153,1.0704715556103932,6.050019789121926
es,Serbia y Montenegro,capital,Belgrado,es_6273_2,832115984,44122,42058182,334482,7390,1.7284743181031614,75900,2.166569452542783,5620,8.30778418870956,3,3,1.0,0,0.0,4.067609319785168,8.30778418870956,1.7284743181031614,3.003586081780511
es,Ucrania,capital,Kiev,es_6274_1,832115984,4342322,42058182,1749200,1283248,2.5476595374516267,705490,2.9963285217554674,1091956,6.902393581000505,3,3,1.0,0,0.0,4.148793880069199,6.902393581000505,2.5476595374516267,1.9556856340928601
es,Bosnia y Herzegovina,capital,Sarajevo,es_6275_3,832115984,147974,42058182,187900,21658,1.5339544586599023,41604,2.1311553174826128,18128,9.083551813711432,3,3,1.0,0,0.0,4.249553863284649,9.083551813711432,1.5339544586599023,3.426836671041521
es,Armenia,capital,Ereván,es_6276_4,832115984,2055396,42058182,43788,703214,2.7589455591473273,12222,2.46527106613481,35738,8.368147788419595,3,3,1.0,0,0.0,4.530788137900577,8.368147788419595,2.46527106613481,2.716070444905669
es,califato abasí,capital,Damasco,es_6277_2,832115984,3416,42058182,725006,1882,3.44628488986145,157002,2.09911623941069,924,8.27823276342126,3,3,1.0,0,0.0,4.607877964231133,8.27823276342126,2.09911623941069,2.652966152208106
es,Jalisco,capital,Guadalajara,es_6278_2,832115984,4268508,42058182,9434718,816058,1.9193379517586115,2348484,2.3000766045529635,1723026,5.153874012924975,3,3,1.0,0,0.0,3.12442952307885,5.153874012924975,1.9193379517586115,1.4434274449974993
es,Bangladés,capital,Daca,es_6279_4,832115984,72144,42058182,364956,11478,1.6543181011831511,74820,2.0200995681681886,5202,7.361105265967904,3,3,1.0,0,0.0,3.6785076451064143,7.361105265967904,1.6543181011831511,2.6082680010917154
es,Alabama,capital,Montgomery,es_6280_4,832115984,959878,42058182,354596,101322,1.0624226449385819,38524,1.1039793877495911,41586,6.667711431864474,3,3,1.0,0,0.0,2.944704488184216,6.667711431864474,1.0624226449385819,2.6326181224194323
es,Illinois,capital,Springfield,es_6281_0,832115984,1244422,42058182,560942,141832,1.1731054051840915,94554,1.73768502542747,29564,5.139226792410758,3,3,1.0,0,0.0,2.6833390743407732,5.139226792410758,1.1731054051840915,1.7518040034440283
es,Lincolnshire,capital,Lincoln,es_6282_3,832115984,41734,42058182,1288382,6998,1.73011760394448,163990,1.3324455747526298,3968,5.940341139634903,3,3,1.0,0,0.0,3.0009681061106708,5.940341139634903,1.3324455747526298,2.08478154464802
es,Imperio español,capital,Madrid,es_6283_0,832115984,166000,42058182,64420860,45626,2.44307107954056,9149282,1.490528752205545,44250,1.7837509247961734,3,3,1.0,0,0.0,1.9057835855140928,2.44307107954056,1.490528752205545,0.3983325236136453
es,Norte-Paso de Calais,capital,Lille,es_6284_2,832115984,15786,42058182,343018,1172,0.554725057288606,54918,1.663392943982125,3228,8.954351461284325,3,3,1.0,0,0.0,3.724156487518352,8.954351461284325,0.554725057288606,3.725899508257615
es,Wisconsin,capital,Madison,es_6285_2,832115984,799312,42058182,1136678,99266,1.2969390524498403,125110,1.1227716270061523,115262,6.721975408182849,3,3,1.0,0,0.0,3.047228695879614,6.721975408182849,1.1227716270061523,2.599410974651629
es,Sicilia,capital,Palermo,es_6286_4,832115984,1086798,42058182,2361448,191102,1.7986572032227033,686246,2.523452209673527,106142,5.104952781973784,3,3,1.0,0,0.0,3.1423540649566717,5.104952781973784,1.7986572032227033,1.4189614144088922
es,Reino de Irlanda,capital,Dublín,es_6287_2,832115984,1570,42058182,798256,534,2.750473324661968,152136,1.9148363240053174,490,8.34580651978408,3,3,1.0,0,0.0,4.337038722817122,8.34580651978408,1.9148363240053174,2.855081637678813
es,Filipinas,capital,Manila,es_6288_0,832115984,3774780,42058182,646166,1028950,2.431106551086336,131800,2.0127717663101867,258982,6.465195246083947,3,3,1.0,0,0.0,3.6363578544934896,6.465195246083947,2.0127717663101867,2.007567639223089
es,República de Venecia,capital,Venecia,es_6289_1,832115984,20632,42058182,2369480,5514,2.4026137309743802,434268,1.8584133066846635,20632,8.45607033765327,3,3,1.0,0,0.0,4.239032458437438,8.45607033765327,1.8584133066846635,2.990161074981875
es,Gobernación de Alepo,capital,Alepo,es_6290_4,832115984,1070,42058182,257316,256,2.2429311554648943,49590,1.9309062000680546,1070,11.659027749099657,3,3,1.0,0,0.0,5.277621701544202,11.659027749099657,1.9309062000680546,4.514133157911243
es,Colorado,capital,Denver,es_6291_4,832115984,3132026,42058182,1147474,462714,1.5474227030263255,141768,1.289468600019433,247342,5.83966231064145,3,3,1.0,0,0.0,2.892184537895736,5.83966231064145,1.289468600019433,2.0868403541298264
es,Grecia,capital,Atenas,es_6292_0,832115984,5791674,42058182,1775356,1048514,1.8406919627894276,312124,1.7984090884427604,640126,5.69497988809592,3,3,1.0,0,0.0,3.1113603131093694,5.69497988809592,1.7984090884427604,1.8269764715792078
es,Estado Independiente de Croacia,capital,Zagreb,es_6293_0,832115984,2298,42058182,279990,866,2.8983863688340152,51972,1.8767574186780716,1004,10.34257408612644,3,3,1.0,0,0.0,5.039239291212842,10.34257408612644,1.8767574186780716,3.7731464666469128
es,Países Bajos,capital,Ámsterdam,es_6294_4,832115984,1942970,42058182,817028,253600,1.3686892618629032,141328,1.774988037298593,157556,6.367856370386944,3,3,1.0,0,0.0,3.1705112231828134,6.367856370386944,1.3686892618629032,2.2669409147560486
es,Arizona,capital,Phoenix,es_6295_0,832115984,1944284,42058182,1728740,222638,1.179859028059006,186282,1.092165512542002,265518,6.038562520337271,3,3,1.0,0,0.0,2.770195686979426,6.038562520337271,1.092165512542002,2.3113616270085076
es,Italia,capital,Roma,es_6296_0,832115984,18529044,42058182,9484296,2786558,1.5730938762465259,1599228,1.7381611842278224,2378648,3.4935253821725034,3,3,1.0,0,0.0,2.2682601475489506,3.4935253821725034,1.5730938762465259,0.8690101554542312
es,Reino de Yugoslavia,capital,Belgrado,es_6297_0,832115984,4116,42058182,334482,1678,3.0118259702992582,75900,2.166569452542783,1508,9.832033787659721,3,3,1.0,0,0.0,5.003476403500588,9.832033787659721,2.166569452542783,3.4316992345183484
es,Reino Unido,capital,Londres,es_6298_3,832115984,12874608,42058182,13425458,1891826,1.5396490388342172,2485646,1.873047681997854,2656686,3.6769125419170745,3,3,1.0,0,0.0,2.3632030875830488,3.6769125419170745,1.5396490388342172,0.9388514478236307
es,República Popular de Albania,capital,Tirana,es_6299_1,832115984,808,42058182,144800,308,2.9149012946965103,27754,1.9230322519632137,274,10.92832791403664,3,3,1.0,0,0.0,5.255420486898788,10.92832791403664,1.9230322519632137,4.031737430036833
es,Serbia,capital,Belgrado,es_6300_0,832115984,1275200,42058182,334482,179920,1.4810301736533862,75900,2.166569452542783,128314,7.96766729959914,3,3,1.0,0,0.0,3.87175564193177,7.96766729959914,1.4810301736533862,2.909737703675556
es,Reino de Libia,capital,Trípoli,es_6301_3,832115984,618,42058182,177278,298,3.2540317293111904,66918,2.900778959075163,280,11.054375394773395,3,3,1.0,0,0.0,5.73639536105325,11.054375394773395,2.900778959075163,3.7631441295105383
es,Canadá,capital,Ottawa,es_6302_1,832115984,8832382,42058182,458804,1278938,1.5184699941591524,84702,1.8689162077346144,206330,5.404913883799115,3,3,1.0,0,0.0,2.930766695230961,5.404913883799115,1.5184699941591524,1.7553264407087972
es,prefectura de Kanagawa,capital,Yokohama,es_6303_4,832115984,9446,42058182,205888,1702,1.833853738288801,23392,1.1685536120531026,2594,10.116184114134233,3,3,1.0,0,0.0,4.372863821492046,10.116184114134233,1.1685536120531026,4.070213102725619
es,Bohemia Central,capital,Praga,es_6304_4,832115984,7204,42058182,1454952,1492,2.0347755911023655,329184,2.1623207988007396,4384,8.443118880130633,3,3,1.0,0,0.0,4.213405090011246,8.443118880130633,2.0347755911023655,2.9913125329578754
es,Francia,capital,París,es_6305_0,832115984,21970124,42058182,10491248,3536088,1.671009307928146,1847410,1.8007159186068031,3346930,3.5948936912316634,3,3,1.0,0,0.0,2.3555396392555377,3.5948936912316634,1.671009307928146,0.8779539854402649
es,Bulgaria,capital,Sofía,es_6306_0,832115984,1717586,42058182,3212264,401370,2.2089485928090773,402858,1.3110790812234867,115618,4.124105945278152,3,3,1.0,0,0.0,2.5480445397702387,4.124105945278152,1.3110790812234867,1.1731779008054493
es,Devon,capital,Exeter,es_6307_0,832115984,248028,42058182,135364,22742,0.8592542802823461,18774,1.4562901005058972,11720,8.182266289007355,3,3,1.0,0,0.0,3.4992702232651993,8.182266289007355,0.8592542802823461,3.320336534798331
es,Macedonia Central,capital,Salónica,es_6308_3,832115984,6838,42058182,91912,1616,2.225179012071804,19090,2.0388901079015667,1706,11.141287003427596,3,3,1.0,0,0.0,5.135118707800323,11.141287003427596,2.0388901079015667,4.247683218375472
es,Emirato de Sicilia,capital,Palermo,es_6309_3,832115984,234,42058182,2361448,132,3.4803556365284525,686246,2.523452209673527,104,7.2910440527849305,3,3,1.0,0,0.0,4.431617299662303,7.2910440527849305,2.523452209673527,2.059313325591281
es,Guyana,capital,Georgetown,es_6310_3,832115984,533748,42058182,250378,95004,1.8162276402452298,44730,1.8215330978632578,19976,6.958641986555189,3,3,1.0,0,0.0,3.5321342415545587,6.958641986555189,1.8162276402452298,2.422907830394725
es,Reino de Hungría,capital,Budapest,es_6311_3,832115984,7964,42058182,1020554,3172,2.9782257867368793,223004,2.1121152088156596,2112,7.756404914097786,3,3,1.0,0,0.0,4.282248636550109,7.756404914097786,2.1121152088156596,2.4819156934264455
es,Sajonia,capital,Dresde,es_6312_2,832115984,236398,42058182,159312,41086,1.7818271931659106,30782,1.9346301724919202,17660,8.608053394063385,3,3,1.0,0,0.0,4.108170253240405,8.608053394063385,1.7818271931659106,3.18250932425132
es,dinastía Ming,capital,Nankín,es_6313_3,832115984,46460,42058182,22218,12512,2.4136495003645857,6082,2.4372150028914152,984,9.631581027436122,3,3,1.0,0,0.0,4.8274818435640405,9.631581027436122,2.4136495003645857,3.3970247334579544
es,Provincia de La Meca,capital,La Meca,es_6314_4,832115984,346,42058182,419324,116,2.729679004244251,84876,2.0016894038363597,346,10.954503511082393,3,3,1.0,0,0.0,5.228623973054335,10.954503511082393,2.0016894038363597,4.059701514280889
es,Eyalato de Egipto,capital,El Cairo,es_6315_1,832115984,48,42058182,710664,24,3.3063262367534034,169340,2.237081412165681,18,8.778363798206879,3,3,1.0,0,0.0,4.773923815708654,8.778363798206879,2.237081412165681,2.8650160911473304
es,Zarato de Polonia,capital,Varsovia,es_6316_3,832115984,808,42058182,667028,238,2.542932517309552,139660,2.0504977915392217,580,9.806519200463192,3,3,1.0,0,0.0,4.799983169770655,9.806519200463192,2.0504977915392217,3.545859111673132
es,Irlanda del Norte,capital,Belfast,es_6317_3,832115984,454930,42058182,312196,69586,1.5975506463182279,60694,1.9434999925723557,72042,8.721382426551614,3,3,1.0,0,0.0,4.087477688480733,8.721382426551614,1.5975506463182279,3.2797078201856373
es,España,capital,Madrid,es_6318_2,832115984,88298990,42058182,64420860,9706142,1.120899172791987,9149282,1.490528752205545,24178720,1.8225257418407466,3,3,1.0,0,0.0,1.4779845556127595,1.8225257418407466,1.120899172791987,0.2865751539008017
es,Francia metropolitana,capital,París,es_6319_4,832115984,10948,42058182,10491248,2458,2.151215717761109,1847410,1.8007159186068031,3016,4.44956741459654,3,3,1.0,0,0.0,2.800499683654818,4.44956741459654,1.8007159186068031,1.1748136911092935
es,Tartaristán,capital,Kazán,es_6320_2,832115984,6276,42058182,113340,2820,3.1521760470714617,21308,1.895136220317665,3316,11.921510463216602,3,3,1.0,0,0.0,5.656274243535243,11.921510463216602,1.895136220317665,4.459815089426667
es,Provincia de Brest,capital,Brest,es_6321_2,832115984,666,42058182,174948,156,2.21235008854439,35812,2.017915061427854,666,12.215642744421046,3,3,1.0,0,0.0,5.481969298131097,12.215642744421046,2.017915061427854,4.762087763848627
es,Mandato británico de Palestina,capital,Jerusalén,es_6322_1,832115984,6644,42058182,1901444,1830,2.446117811962432,323922,1.7529491473419783,3472,7.837260245495814,3,3,1.0,0,0.0,4.012109068266741,7.837260245495814,1.7529491473419783,2.719553498388494
es,Palermo,capital,Palermo,es_6323_3,832115984,2361448,42058182,2361448,686246,2.523452209673527,686246,2.523452209673527,2361448,8.460969054227244,3,3,1.0,0,0.0,4.502624491191432,8.460969054227244,2.523452209673527,2.7989722827955235
es,Reino de Baviera,capital,Múnich,es_6324_0,832115984,2010,42058182,996778,634,2.6416854808265198,119926,1.2511984793922106,560,7.861599920299853,3,3,1.0,0,0.0,3.918161293506195,7.861599920299853,1.2511984793922106,2.8456276024520655
es,Tamil Nadu,capital,Chennai,es_6325_0,832115984,113292,42058182,324746,18384,1.6828028546587808,55056,1.7459861834056782,23452,9.050994037256867,3,3,1.0,0,0.0,4.159927691773775,9.050994037256867,1.6828028546587808,3.4586023699558064
es,Bielorrusia,capital,Minsk,es_6326_4,832115984,659016,42058182,208510,129926,1.9637029074715229,39552,1.908032214203546,55992,8.405431466194836,3,3,1.0,0,0.0,4.092388862623301,8.405431466194836,1.908032214203546,3.0498663557265995
es,Gloucestershire,capital,Gloucester,es_6327_4,832115984,36208,42058182,82446,7440,2.023392273481905,10088,1.275516916836692,3372,9.876415462116096,3,3,1.0,0,0.0,4.391774884144898,9.876415462116096,1.275516916836692,3.8902263078485535
es,cantón Vaud,capital,Lausana,es_6328_2,832115984,474,42058182,170314,98,2.0322928319703526,30044,1.8032780141047984,180,10.857481732654522,3,3,1.0,0,0.0,4.8976841929098915,10.857481732654522,1.8032780141047984,4.21525024822648
es,Unión Europea,capital,Estrasburgo,es_6329_4,832115984,7410512,42058182,513438,1155860,1.6257196798793092,82200,1.6633464607736217,76730,4.068740183096354,3,3,1.0,0,0.0,2.4526021079164284,4.068740183096354,1.6257196798793092,1.1428854279687075
es,Uttar Pradesh,capital,Lucknow,es_6330_2,832115984,58556,42058182,30844,11430,1.9493346347928218,6928,2.151847198832208,5010,11.172572641058066,3,3,1.0,0,0.0,5.091251491561032,11.172572641058066,1.9493346347928218,4.300938116825088
es,República Srpska,capital,Sarajevo,es_6331_2,832115984,6532,42058182,187900,2022,2.6145844430947234,41604,2.1311553174826128,2698,10.83696940687763,3,3,1.0,0,0.0,5.194236389151656,10.83696940687763,2.1311553174826128,3.994892811400884
es,Sarajevo,capital,Sarajevo,es_6332_0,832115984,187900,42058182,187900,41604,2.1311553174826128,41604,2.1311553174826128,187900,12.112603849491057,3,3,1.0,0,0.0,5.4583048281520945,12.112603849491057,2.1311553174826128,4.705299962031788
es,República Soviética Húngara,capital,Budapest,es_6333_4,832115984,1074,42058182,1020554,486,3.1623604623737718,223004,2.1121152088156596,506,8.585503597168733,3,3,1.0,0,0.0,4.619993089452722,8.585503597168733,2.1121152088156596,2.8366305085740855
es,Reino de Afganistán,capital,Kabul,es_6334_2,832115984,286,42058182,244422,108,2.9013424021384826,71896,2.5409355036219092,84,9.965640856771733,3,3,1.0,0,0.0,5.135972920844042,9.965640856771733,2.5409355036219092,3.4182590658228955
es,Lublin,capital,Lublin,es_6335_0,832115984,83268,42058182,83268,14790,1.8131861166613308,14790,1.8131861166613308,83268,13.286734838607336,3,3,1.0,0,0.0,5.6377023573099985,13.286734838607336,1.8131861166613308,5.40868273704151
es,Virginia,capital,Richmond,es_6336_3,832115984,3284850,42058182,483774,371754,1.162918914784792,59968,1.2942577649262699,80328,5.394454955725385,3,3,1.0,0,0.0,2.617210545145482,5.394454955725385,1.162918914784792,1.9645402109165566
es,Reino de Inglaterra,capital,Winchester,es_6337_3,832115984,8176,42058182,186436,1890,2.193317274924217,16654,0.8215864057610538,296,7.336162335761787,3,3,1.0,0,0.0,3.4503553388156862,7.336162335761787,0.8215864057610538,2.8041675422473413
es,Provincia de Medina,capital,Medina,es_6338_3,832115984,308,42058182,6083324,110,2.820899409583162,933626,1.6023830355270732,308,7.095780976654426,3,3,1.0,0,0.0,3.839687807254887,7.095780976654426,1.6023830355270732,2.35553286035502
es,municipio de Estocolmo,capital,Estocolmo,es_6339_0,832115984,738,42058182,1132110,140,1.9081322476379738,240572,2.0718527373520677,738,9.521626678788618,3,3,1.0,0,0.0,4.500537221259553,9.521626678788618,1.9081322476379738,3.551075480758864
es,República Socialista Soviética de Azerbaiyán,capital,Bakú,es_6340_2,832115984,910,42058182,133326,368,3.000165457724358,28690,2.08998796110318,532,11.833170467794718,3,3,1.0,0,0.0,5.6411079622074185,11.833170467794718,2.08998796110318,4.3941881558610225
es,Reino de Grecia,capital,Atenas,es_6341_4,832115984,2660,42058182,1775356,822,2.6121102900465347,312124,1.7984090884427604,638,6.812734557339353,3,3,1.0,0,0.0,3.741084645276216,6.812734557339353,1.7984090884427604,2.1972410424713633
es,Corea del Sur,capital,Seúl,es_6342_3,832115984,2385834,42058182,734150,361234,1.5828381625208157,121676,1.7132960066425593,309172,7.19848196035542,3,3,1.0,0,0.0,3.4982053765062653,7.19848196035542,1.5828381625208157,2.6170326593313025
es,Orden de Malta,capital,Roma,es_6343_2,832115984,46240,42058182,9484296,8772,1.908162556038956,1599228,1.7381611842278224,11620,4.462568802972774,3,3,1.0,0,0.0,2.702964181079851,4.462568802972774,1.7381611842278224,1.2461624922522798
es,Cumbria,capital,Carlisle,es_6344_3,832115984,50740,42058182,119960,3602,0.490072803708378,12024,0.9877616289136655,4620,9.302856726281853,3,3,1.0,0,0.0,3.593563719634632,9.302856726281853,0.490072803708378,4.0421894659946105
es,Baja Sajonia,capital,Hannover,es_6345_3,832115984,66648,42058182,316102,8730,1.3738182127302037,38990,1.2871121332954212,11874,8.873423188171524,3,3,1.0,0,0.0,3.8447845113990495,8.873423188171524,1.2871121332954212,3.5559606945898365
es,Reino de Inglaterra,capital,Westminster,es_6346_2,832115984,8176,42058182,343462,1890,2.193317274924217,61520,1.8253031544023675,744,7.784397755656022,3,3,1.0,0,0.0,3.9343393949942023,7.784397755656022,1.8253031544023675,2.7265448995144452
es,Turín,capital,Turín,es_6347_2,832115984,762982,42058182,762982,126150,1.7098174211546704,126150,1.7098174211546704,762982,10.090919894336078,3,3,1.0,0,0.0,4.503518245548473,10.090919894336078,1.7098174211546704,3.950889595070612
es,Carolina del Norte,capital,Raleigh,es_6348_0,832115984,679514,42058182,271370,74200,1.111314053624524,34460,1.3290596040409315,41752,7.557721613957166,3,3,1.0,0,0.0,3.332698423874207,7.557721613957166,1.111314053624524,2.9888647787786837
es,Territorio del Norte,capital,Darwin,es_6349_1,832115984,27510,42058182,1086680,8224,2.564282266743709,127864,1.2190811082931277,5416,7.236057160326847,3,3,1.0,0,0.0,3.673140178454561,7.236057160326847,1.2190811082931277,2.5785234281088902
es,Reino de Hanóver,capital,Hannover,es_6350_0,832115984,232,42058182,316102,62,2.4025415520127065,38990,1.2871121332954212,78,9.789599976677533,3,3,1.0,0,0.0,4.49308455399522,9.789599976677533,1.2871121332954212,3.772784331151083
es,Hordaland,capital,Bergen,es_6351_3,832115984,12548,42058182,312998,3062,2.2714149904095886,47470,1.5852607530036087,7218,10.578629091672878,3,3,1.0,0,0.0,4.811768278362025,10.578629091672878,1.5852607530036087,4.087396452466434
es,Dakota del Sur,capital,Pierre,es_6352_2,832115984,88690,42058182,2727044,11872,1.405117787288431,347698,1.3348949325298631,2348,3.014035710512781,3,3,1.0,0,0.0,1.9180161434436915,3.014035710512781,1.3348949325298631,0.7755329268235901
es,Alsacia,capital,Estrasburgo,es_6353_2,832115984,173482,42058182,513438,39208,2.160760213100904,82200,1.6633464607736217,28934,8.078430549123695,3,3,1.0,0,0.0,3.967512407666073,8.078430549123695,1.6633464607736217,2.9139424707859414
es,Ontario,capital,Toronto,es_6354_0,832115984,811900,42058182,2558356,120430,1.553219014915723,418954,1.695972958638934,205680,6.364523260090652,3,3,1.0,0,0.0,3.2045717445484363,6.364523260090652,1.553219014915723,2.2351830435925217
es,Massachusetts,capital,Boston,es_6355_0,832115984,1268918,42058182,3334252,155078,1.2737933337570133,518794,1.6221967902347887,280700,5.786779801811507,3,3,1.0,0,0.0,2.8942566419344367,5.786779801811507,1.2737933337570133,2.050262408398876
es,Reino de Bulgaria,capital,Sofía,es_6356_1,832115984,1566,42058182,3212264,580,2.8733668294772974,402858,1.3110790812234867,324,5.744031861298215,3,3,1.0,0,0.0,3.309492590666333,5.744031861298215,1.3110790812234867,1.8358325717545887
es,Nápoles,capital,Nápoles,es_6357_3,832115984,1163180,42058182,1163180,212026,1.8505649615693602,212026,1.8505649615693602,1163180,9.482566452827898,3,3,1.0,0,0.0,4.394565458655539,9.482566452827898,1.8505649615693602,3.59776000566317
es,Rumania,capital,Bucarest,es_6358_1,832115984,1317156,42058182,485750,332620,2.3208468362604004,159632,2.7008621256717915,105252,7.09684824903416,3,3,1.0,0,0.0,4.039519070322117,7.09684824903416,2.3208468362604004,2.167417693216153
es,Suiza,capital,Berna,es_6359_0,832115984,6266180,42058182,441550,1077640,1.7666153311913395,85450,1.9369018195229053,152268,5.517090577462325,3,3,1.0,0,0.0,3.0735359093921897,5.517090577462325,1.7666153311913395,1.7292520413775399
es,Austria,capital,Viena,es_6360_1,832115984,3570462,42058182,1974546,519084,1.5242553974448123,404152,2.01777515098572,503990,5.894476093201189,3,3,1.0,0,0.0,3.1455022138772404,5.894476093201189,1.5242553974448123,1.9542319000377597
es,Eslovaquia,capital,Bratislava,es_6361_2,832115984,1135518,42058182,278046,285332,2.31368912065601,88344,2.6522067148976953,63516,7.387158628222835,3,3,1.0,0,0.0,4.117684821258847,7.387158628222835,2.31368912065601,2.3159940660863083
es,Inglaterra,capital,Londres,es_6362_4,832115984,9261204,42058182,13425458,1338318,1.5155474318641837,2485646,1.873047681997854,2020492,3.7572482973770875,3,3,1.0,0,0.0,2.381947803746375,3.7572482973770875,1.5155474318641837,0.9833752057911127
es,Egipto,capital,El Cairo,es_6363_1,832115984,4272980,42058182,710664,736322,1.7694923848049295,169340,2.237081412165681,390498,6.741545797589993,3,3,1.0,0,0.0,3.5827065315202007,6.741545797589993,1.7694923848049295,2.2417789076646697
es,Uusimaa,capital,Helsinki,es_6364_1,832115984,9606,42058182,560312,1072,1.1426953339737629,112638,1.9917894690014448,7436,10.166929487352812,3,3,1.0,0,0.0,4.433804763442673,10.166929487352812,1.1426953339737629,4.068724578002865
es,Lancashire,capital,Preston,es_6365_0,832115984,76852,42058182,397962,9258,1.2530158993288334,44010,1.1295988341583971,5972,7.344141502227003,3,3,1.0,0,0.0,3.2422520785714113,7.344141502227003,1.1295988341583971,2.9009114172293073
es,Prefectura de Hiroshima,capital,Hiroshima,es_6366_1,832115984,5060,42058182,374774,670,1.3894218525168658,62524,1.7227873509033218,5060,11.116548046955678,3,3,1.0,0,0.0,4.742919083458622,11.116548046955678,1.3894218525168658,4.508890681170927
es,Sacro Imperio Romano Germánico,capital,Viena,es_6367_2,832115984,49592,42058182,1974546,15724,2.6491870965319904,404152,2.01777515098572,8288,6.138108342475884,3,3,1.0,0,0.0,3.6016901966645314,6.138108342475884,2.01777515098572,1.8119479424173046
es,Reino Unido de Gran Bretaña e Irlanda,capital,Londres,es_6368_2,832115984,40520,42058182,13425458,7564,1.8849133310146646,2485646,1.873047681997854,14268,4.447890367681923,3,3,1.0,0,0.0,2.735283793564814,4.447890367681923,1.873047681997854,1.2110054105820514
es,Alemania nazi,capital,Berlín,es_6369_0,832115984,279752,42058182,4137660,58746,2.054740318815863,752952,1.8481409383469845,45872,5.043362989966043,3,3,1.0,0,0.0,2.98208141570963,5.043362989966043,1.8481409383469845,1.4599845027212395
es,Siracusa,capital,Siracusa,es_6370_3,832115984,154954,42058182,154954,26604,1.7642013206080376,26604,1.7642013206080376,154954,12.390728918952009,3,3,1.0,0,0.0,5.3063771867226945,12.390728918952009,1.7642013206080376,5.009393150170013
es,República Socialista Federativa Soviética de Rusia,capital,Moscú,es_6371_3,832115984,3250,42058182,2987312,1130,2.7822092912527743,554546,1.8768573567676357,1550,7.053621395652485,3,3,1.0,0,0.0,3.904229347890965,7.053621395652485,1.8768573567676357,2.2574200959202106
es,Wyoming,capital,Cheyenne,es_6372_0,832115984,334246,42058182,126230,47812,1.5008606021196402,11672,0.8713951062236478,7640,7.2353202453712875,3,3,1.0,0,0.0,3.202525317904859,7.2353202453712875,0.8713951062236478,2.8631722381396147
es,República Socialista Soviética de Ucrania,capital,Kiev,es_6373_0,832115984,3052,42058182,1749200,1216,2.9787145033624585,705490,2.9963285217554674,1364,7.732034250019548,3,3,1.0,0,0.0,4.569025758379158,7.732034250019548,2.9787145033624585,2.2365963131587394
es,Imperio bizantino,capital,Constantinopla,es_6374_3,832115984,77262,42058182,282644,29162,2.900656879722318,79196,2.470839635326215,29640,10.141369268694124,3,3,1.0,0,0.0,5.170955261247552,10.141369268694124,2.470839635326215,3.518991074153772
es,califato Omeya,capital,Damasco,es_6375_2,832115984,11536,42058182,725006,5486,3.2340096943608585,157002,2.09911623941069,2960,8.202101992901182,3,3,1.0,0,0.0,4.5117426422242435,8.202101992901182,2.09911623941069,2.6502905364467395
es,Tailandia,capital,Bangkok,es_6376_3,832115984,3731684,42058182,1515744,957100,2.343240986974779,386496,2.3348255134608134,627934,6.529472721636254,3,3,1.0,0,0.0,3.7358464073572826,6.529472721636254,2.3348255134608134,1.9753950985262925
es,Andhra Pradesh,capital,Hyderabad,es_6377_3,832115984,62062,42058182,216238,8618,1.4580410506409174,31960,1.5480454766697402,11436,9.469821178195064,3,3,1.0,0,0.0,4.158635901835241,9.469821178195064,1.4580410506409174,3.7557548712202737
es,Noruega,capital,Oslo,es_6378_0,832115984,3640982,42058182,797190,680846,1.8873990464735366,155720,1.950356873515379,268628,6.266999289367669,3,3,1.0,0,0.0,3.3682517364521947,6.266999289367669,1.8873990464735366,2.0498851925000654
es,Renania-Palatinado,capital,Maguncia,es_6379_4,832115984,28756,42058182,58604,4220,1.537778131972152,9980,1.7524388186647133,2520,10.281130502384004,3,3,1.0,0,0.0,4.52378248434029,10.281130502384004,1.537778131972152,4.0720029431273534
es,Turquía,capital,Ankara,es_6380_4,832115984,3787920,42058182,382132,559964,1.5483263596335861,86828,2.168487419944475,258542,7.215562549141624,3,3,1.0,0,0.0,3.6441254429065615,7.215562549141624,1.5483263596335861,2.53804678023948
es,Gobernación de la campiña de Damasco,capital,Damasco,es_6381_2,832115984,76,42058182,725006,20,2.3803268181971804,157002,2.09911623941069,76,10.164575981625692,3,3,1.0,0,0.0,4.881339679744521,10.164575981625692,2.09911623941069,3.73757579308136
es,Suabia,capital,Augsburgo,es_6382_3,832115984,26818,42058182,74662,5246,1.9524142997608784,9798,1.3765112782956566,1238,9.007004425901995,3,3,1.0,0,0.0,4.111976667986177,9.007004425901995,1.3765112782956566,3.4692831762587466
es,Ocupación de Japón,capital,Tokio,es_6383_3,832115984,1268,42058182,3168268,290,2.177896296628931,663128,2.0499911382531004,424,6.45652786935856,3,3,1.0,0,0.0,3.5614717680801973,6.45652786935856,2.0499911382531004,2.0477796601110176
es,Rhode Island,capital,Providence,es_6384_1,832115984,249572,42058182,202122,32718,1.3750266188249909,24454,1.2592422508409635,40684,9.390419906544011,3,3,1.0,0,0.0,4.008229592069989,9.390419906544011,1.2592422508409635,3.8060768025952787
es,Idaho,capital,Boise,es_6385_0,832115984,306368,42058182,80664,54416,1.8131634367414793,13138,1.68814695893452,29608,9.961365392237134,3,3,1.0,0,0.0,4.487558595971044,9.961365392237134,1.68814695893452,3.8709023850662554
es,Croacia,capital,Zagreb,es_6386_2,832115984,1650192,42058182,279990,187700,1.1701929000892612,51972,1.8767574186780716,125300,7.818018042648625,3,3,1.0,0,0.0,3.621656120471986,7.818018042648625,1.1701929000892612,2.9812635342700666
es,Condado de Cork,capital,Cork,es_6387_3,832115984,6158,42058182,253228,1512,2.280322508929659,32636,1.3504254517967729,6158,11.682131980567474,3,3,1.0,0,0.0,5.104293313764635,11.682131980567474,1.3504254517967729,4.666701067426612
es,Venecia,capital,Venecia,es_6388_4,832115984,2369480,42058182,2369480,434268,1.8584133066846635,434268,1.8584133066846635,2369480,8.45607033765327,3,3,1.0,0,0.0,4.057632317007532,8.45607033765327,1.8584133066846635,3.1101653510273364
es,Reino de Wessex,capital,Winchester,es_6389_0,832115984,1342,42058182,186436,292,2.1059818394332375,16654,0.8215864057610538,186,9.272878305978306,3,3,1.0,0,0.0,4.066815517057532,9.272878305978306,0.8215864057610538,3.718398869508994
es,Imperio romano,capital,Roma,es_6390_3,832115984,863550,42058182,9484296,223422,2.355817776421721,1599228,1.7381611842278224,311286,4.9830611125571425,3,3,1.0,0,0.0,3.0256800244022286,4.9830611125571425,1.7381611842278224,1.4068594953939149
es,Argelia,capital,Argel,es_6391_1,832115984,1170292,42058182,248660,219908,1.894429688489307,63306,2.3325659322945675,79920,7.836226316405173,3,3,1.0,0,0.0,4.021073979063016,7.836226316405173,1.894429688489307,2.7036433886984725
es,Columbia Británica,capital,Victoria,es_6392_0,832115984,214954,42058182,24396640,25656,1.2396664436053417,2918214,1.242801357564903,28598,2.181988462239004,3,3,1.0,0,0.0,1.5548187544697496,2.181988462239004,1.2396664436053417,0.44347780002980414
es,Bengala Occidental,capital,Calcuta,es_6393_4,832115984,27646,42058182,391238,6012,2.1051723939015696,55710,1.4942879552874513,9234,9.472479293957115,3,3,1.0,0,0.0,4.357313214382045,9.472479293957115,1.4942879552874513,3.6255563219605125
es,Reino de Bohemia,capital,Praga,es_6394_3,832115984,4180,42058182,1454952,2038,3.2699773459509722,329184,2.1623207988007396,2772,8.567093578245352,3,3,1.0,0,0.0,4.666463907665688,8.567093578245352,2.1623207988007396,2.7949847497337093
es,Óblast de Moscú,capital,Moscú,es_6395_4,832115984,2032,42058182,2987312,614,2.579736395351417,554546,1.8768573567676357,2032,8.121792898294064,3,3,1.0,0,0.0,4.192795550137705,8.121792898294064,1.8768573567676357,2.793000161962627
es,Líbano,capital,Beirut,es_6396_1,832115984,1148860,42058182,363886,215158,1.8895916234273422,83342,2.1799553168094477,146000,8.182919641896767,3,3,1.0,0,0.0,4.0841555273778525,8.182919641896767,1.8895916234273422,2.900687070156499
es,Letonia,capital,Riga,es_6397_0,832115984,1592626,42058182,844168,558370,2.794212057377696,376564,3.14169117792701,388296,7.908860009731762,3,3,1.0,0,0.0,4.614921081678823,7.908860009731762,2.794212057377696,2.33348247348769
es,Imperio del Japón,capital,Tokio,es_6398_4,832115984,6306,42058182,3168268,1666,2.385989467435617,663128,2.0499911382531004,1070,5.477832071539943,3,3,1.0,0,0.0,3.304604225742887,5.477832071539943,2.0499911382531004,1.5428141325975608
es,Gales,capital,Cardiff,es_6399_2,832115984,1286622,42058182,361006,158980,1.2896551621799743,51990,1.5106094818611684,78036,7.127241478155014,3,3,1.0,0,0.0,3.309168707398719,7.127241478155014,1.2896551621799743,2.701291662018923
es,Sultanato de Delhi,capital,Delhi,es_6400_1,832115984,1676,42058182,1020332,986,3.5409636394319635,218812,2.0850513429865445,1676,9.67160216247892,3,3,1.0,0,0.0,5.099205714965809,9.67160216247892,2.0850513429865445,3.2873522383683524
es,República Democrática de Afganistán,capital,Kabul,es_6401_0,832115984,1036,42058182,244422,378,2.8517603732879224,71896,2.5409355036219092,428,10.457853469485956,3,3,1.0,0,0.0,5.283516448798596,10.457853469485956,2.5409355036219092,3.661008579398354
es,Polonia,capital,Varsovia,es_6402_1,832115984,4457774,42058182,667028,1054890,2.2270953278920236,139660,2.0504977915392217,301680,6.399589077133196,3,3,1.0,0,0.0,3.559060732188147,6.399589077133196,2.0504977915392217,2.0098503478764553
es,Dinastía Kayar,capital,Teherán,es_6403_1,832115984,650,42058182,595740,316,3.2658110770146895,127602,2.083294348692146,356,9.579323609537846,3,3,1.0,0,0.0,4.976143011748227,9.579323609537846,2.083294348692146,3.2905460706991843
es,califato abasí,capital,Bagdad,es_6404_3,832115984,3416,42058182,516124,1882,3.44628488986145,158852,2.6062917727787083,1862,9.779396296032065,3,3,1.0,0,0.0,5.277324319557407,9.779396296032065,2.6062917727787083,3.201862600654543
es,Sindh,capital,Karachi,es_6405_4,832115984,17210,42058182,182888,4440,2.351710721063306,45522,2.300001668118146,5936,10.615924398638267,3,3,1.0,0,0.0,5.089212262606573,10.615924398638267,2.300001668118146,3.908032645075109
es,Akershus,capital,Oslo,es_6406_1,832115984,15640,42058182,797190,4192,2.4067963460961392,155720,1.950356873515379,11340,9.563825430848043,3,3,1.0,0,0.0,4.640326216819854,9.563825430848043,1.950356873515379,3.4864229644851945
es,Yemen del Sur,capital,Adén,es_6407_4,832115984,6790,42058182,45962,2932,3.094799765755121,15188,2.708816563741908,1462,11.928587170875597,3,3,1.0,0,0.0,5.910734500124209,11.928587170875597,2.708816563741908,4.258181054019138
es,Nueva Aquitania,capital,Burdeos,es_6408_0,832115984,14582,42058182,1527948,2152,1.5458876131136077,140084,0.8590948808929664,2838,6.727803263639225,3,3,1.0,0,0.0,3.0442619192152662,6.727803263639225,0.8590948808929664,2.6197046514595588
es,Noroeste de Inglaterra,capital,Mánchester,es_6409_3,832115984,21368,42058182,134476,3564,1.7224435976402155,15732,1.2107515160206495,1462,8.725783534327501,3,3,1.0,0,0.0,3.8863262159961223,8.725783534327501,1.2107515160206495,3.428383248564975
es,República Popular China,capital,Pekín,es_6410_4,832115984,270122,42058182,1387992,57706,2.0795083287501264,267756,1.932317793132963,31990,6.1497233218121234,3,3,1.0,0,0.0,3.3871831478984045,6.1497233218121234,1.932317793132963,1.9543349120709836
es,Imperio Antiguo de Egipto,capital,Menfis,es_6411_0,832115984,2142,42058182,43520,670,2.6296007573482827,13096,2.5737739070898553,508,12.146760376570047,3,3,1.0,0,0.0,5.783378347002729,12.146760376570047,2.5737739070898553,4.499648304772841
es,Bermudas,capital,Hamilton,es_6412_1,832115984,679584,42058182,1645448,47420,0.4652419183091853,132884,0.6760851134837543,11556,3.1042225144629594,3,3,1.0,0,0.0,1.4151831820852996,3.1042225144629594,0.4652419183091853,1.1974289437448702
es,Alto Garona,capital,Toulouse,es_6413_1,832115984,8056,42058182,787684,1198,1.5568904615354044,164232,2.044444524103996,2758,8.498510718789177,3,3,1.0,0,0.0,4.033281901476193,8.498510718789177,1.5568904615354044,3.1636612265120423
es,República Árabe Unida,capital,El Cairo,es_6414_3,832115984,6206,42058182,710664,2614,3.058921681020118,169340,2.237081412165681,2032,8.582638002729169,3,3,1.0,0,0.0,4.626213698638323,8.582638002729169,2.237081412165681,2.8176615969485805
es,Herefordshire,capital,Hereford,es_6415_2,832115984,12060,42058182,58610,1672,1.4557430820468393,6950,1.2302642823655772,2402,11.465428322717965,3,3,1.0,0,0.0,4.717145229043461,11.465428322717965,1.2302642823655772,4.772644529437621
es,Gironda,capital,Burdeos,es_6416_4,832115984,136426,42058182,1527948,55094,2.9981747341531744,140084,0.8590948808929664,7638,4.9302654872841165,3,3,1.0,0,0.0,2.9291783674434186,4.9302654872841165,0.8590948808929664,1.6627643450090739
es,Milán,capital,Milán,es_6417_2,832115984,2637848,42058182,2637848,418132,1.6489951652006698,418132,1.6489951652006698,2637848,8.301279386402276,3,3,1.0,0,0.0,3.8664232389345385,8.301279386402276,1.6489951652006698,3.1359168554612844
es,Finlandia,capital,Helsinki,es_6418_4,832115984,2263230,42058182,560312,404546,1.8223186939393075,112638,1.9917894690014448,195518,7.003328657997033,3,3,1.0,0,0.0,3.605812273645929,7.003328657997033,1.8223186939393075,2.4034029031563686
es,Siria,capital,Damasco,es_6419_2,832115984,3338602,42058182,725006,580634,1.7827830780329519,157002,2.09911623941069,392178,7.074912376003995,3,3,1.0,0,0.0,3.6522705644825457,7.074912376003995,1.7827830780329519,2.4236163605554313
es,Comunidad Valenciana,capital,Valencia,es_6420_3,832115984,2596740,42058182,22631460,440210,1.745888489725323,3571742,1.6426963562427286,1037818,3.8772349605746528,3,3,1.0,0,0.0,2.421939935514235,3.8772349605746528,1.6426963562427286,1.0299109545902092
es,República Socialista Soviética de Bielorrusia,capital,Minsk,es_6421_2,832115984,1046,42058182,208510,390,2.882989414256073,39552,1.908032214203546,388,10.531698046171792,3,3,1.0,0,0.0,5.107573224877137,10.531698046171792,1.908032214203546,3.8560327577465894
es,República de Génova,capital,Génova,es_6422_3,832115984,5686,42058182,702244,1888,2.7157709024377175,142308,2.0033706106166265,5686,10.210596523287135,3,3,1.0,0,0.0,4.97657934544716,10.210596523287135,2.0033706106166265,3.712418834793083
es,Bélgica,capital,Bruselas,es_6423_3,832115984,3925412,42058182,3554534,598444,1.592770310619096,658974,1.8749592516123355,578978,5.109716738447611,3,3,1.0,0,0.0,2.8591487668930142,5.109716738447611,1.592770310619096,1.595556286596256
es,Distrito de Tirana,capital,Tirana,es_6424_0,832115984,190,42058182,144800,62,2.690666938809331,27754,1.9230322519632137,190,12.488507313827908,3,3,1.0,0,0.0,5.700735501533484,12.488507313827908,1.9230322519632137,4.80989954052725
es,Liguria,capital,Génova,es_6425_2,832115984,135834,42058182,702244,26186,1.9313492025241006,142308,2.0033706106166265,25072,7.772900874005863,3,3,1.0,0,0.0,3.9025402290488636,7.772900874005863,1.9313492025241006,2.7369161980021577
es,Aquitania,capital,Burdeos,es_6426_0,832115984,186222,42058182,1527948,34316,1.8662560177406826,140084,0.8590948808929664,26910,6.2982361509779015,3,3,1.0,0,0.0,3.0078623498705164,6.2982361509779015,0.8590948808929664,2.3626980625483363
es,Imperio austrohúngaro,capital,Viena,es_6427_3,832115984,50532,42058182,1974546,14122,2.4670733772903457,404152,2.01777515098572,13200,6.7824604916777655,3,3,1.0,0,0.0,3.755769673317944,6.7824604916777655,2.01777515098572,2.14803944819423
es,Roma,capital,Roma,es_6428_1,832115984,9484296,42058182,9484296,1599228,1.7381611842278224,1599228,1.7381611842278224,9484296,6.455100132068924,3,3,1.0,0,0.0,3.310474166841523,6.455100132068924,1.7381611842278224,2.2235863443075874
es,provincia de Estocolmo,capital,Estocolmo,es_6429_4,832115984,8894,42058182,1132110,546,0.280466688321748,240572,2.0718527373520677,8894,9.521626678788618,3,3,1.0,0,0.0,3.957982034820811,9.521626678788618,0.280466688321748,4.00148908011579
es,Reino de Egipto,capital,El Cairo,es_6430_1,832115984,2660,42058182,710664,708,2.396721256447849,169340,2.237081412165681,526,7.8551097563894725,3,3,1.0,0,0.0,4.162970808334334,7.8551097563894725,2.237081412165681,2.611549824501393
es,Tennessee,capital,Nashville,es_6431_3,832115984,678202,42058182,432632,77678,1.1801891587368103,59776,1.450824122593437,89938,7.9947162054621135,3,3,1.0,0,0.0,3.541909828930787,7.9947162054621135,1.1801891587368103,3.1505474964492493
es,prefectura de Saga,capital,Saga,es_6432_0,832115984,1456,42058182,6035772,174,1.2414750924034357,267316,0.0,1456,7.107102511965252,3,2,0.6666666666666666,0,0.0,4.174288802184344,7.107102511965252,1.2414750924034357,2.932813709780908
es,Suecia,capital,Estocolmo,es_6433_1,832115984,4872800,42058182,1132110,1018014,2.0473326290961347,240572,2.0718527373520677,471272,6.151507542456677,3,3,1.0,0,0.0,3.4235643029682934,6.151507542456677,2.0473326290961347,1.9289731374196664
es,Argelia francesa,capital,Argel,es_6434_2,832115984,5396,42058182,248660,1682,2.62461359406028,63306,2.3325659322945675,1426,9.788478098655004,3,3,1.0,0,0.0,4.915219208336617,9.788478098655004,2.3325659322945675,3.447976422796043
es,Ohio,capital,Columbus,es_6435_0,832115984,1407674,42058182,500744,176270,1.3088718379507562,56934,1.1696153747527531,115580,7.092146104649807,3,3,1.0,0,0.0,3.1902111057844387,7.092146104649807,1.1696153747527531,2.7596703477243394
es,Carolina del Sur,capital,Columbia,es_6436_0,832115984,340858,42058182,2141818,38476,1.1591861211206849,270078,1.3189383745711927,32044,5.190760238012108,3,3,1.0,0,0.0,2.556294911234662,5.190760238012108,1.1591861211206849,1.8639896037111858
es,Jamaica,capital,Kingston,es_6437_1,832115984,1921126,42058182,650592,442692,2.18874930075039,105424,1.68077649134409,102452,6.091883743445871,3,3,1.0,0,0.0,3.320469845180117,6.091883743445871,1.68077649134409,1.9706277071700564
es,Rus de Kiev,capital,Kiev,es_6438_0,832115984,6848,42058182,1749200,2900,3.0666964352545536,705490,2.9963285217554674,6848,8.893945567829906,3,3,1.0,0,0.0,4.985656841613309,8.893945567829906,2.9963285217554674,2.7637267697098626
es,Altos Alpes,capital,Gap,es_6439_1,832115984,6888,42058182,713518,732,1.0721566476406021,91082,1.3366142875332316,1010,7.417889241298811,3,3,1.0,0,0.0,3.275553392157548,7.417889241298811,1.0721566476406021,2.931062853429912
es,Reino de Inglaterra,capital,Londres,es_6440_2,832115984,8176,42058182,13425458,1890,2.193317274924217,2485646,1.873047681997854,2640,4.322884154211806,3,3,1.0,0,0.0,2.7964163703779596,4.322884154211806,1.873047681997854,1.0872660129426368
es,Cataluña,capital,Barcelona,es_6441_3,832115984,8303818,42058182,40579100,1238788,1.5614807261337098,6021398,1.5537597530762448,3657278,3.1749713289932067,3,3,1.0,0,0.0,2.0967372694010535,3.1749713289932067,1.5537597530762448,0.7624331309715711
es,Comuna de París,capital,París,es_6442_3,832115984,45996,42058182,10491248,20578,3.145920604600307,1847410,1.8007159186068031,45996,6.3095264206928325,3,3,1.0,0,0.0,3.7520543146333143,6.3095264206928325,1.8007159186068031,1.8899544248048419
es,Piamonte,capital,Turín,es_6443_1,832115984,179684,42058182,762982,35386,1.9621148824813497,126150,1.7098174211546704,29722,7.49506104838192,3,3,1.0,0,0.0,3.7223311173393134,7.49506104838192,1.7098174211546704,2.669710577532895
es,República Checa,capital,Praga,es_6444_4,832115984,1378930,42058182,1454952,194672,1.4818943138579563,329184,2.1623207988007396,258700,6.745472000469363,3,3,1.0,0,0.0,3.4632290377093526,6.745472000469363,1.4818943138579563,2.3374607590707774
es,Nueva Escocia,capital,Halifax,es_6445_3,832115984,83698,42058182,144560,11422,1.4329483770963354,28938,1.9856949464844933,19940,10.421372765306018,3,3,1.0,0,0.0,4.6133386962956155,10.421372765306018,1.4329483770963354,4.113095104061477
es,Oxfordshire,capital,Oxford,es_6446_2,832115984,41904,42058182,3143522,5386,1.3465244069044793,367820,1.21101620957698,11658,6.202491303436497,3,3,1.0,0,0.0,2.920010639972652,6.202491303436497,1.21101620957698,2.321723511732361
es,Unión Europea,capital,Bruselas,es_6447_1,832115984,7410512,42058182,3554534,1155860,1.6257196798793092,658974,1.8749592516123355,810754,4.678743305006842,3,3,1.0,0,0.0,2.7264740788328283,4.678743305006842,1.6257196798793092,1.3842077010884783
es,República Federal Socialista de Yugoslavia,capital,Belgrado,es_6448_1,832115984,3532,42058182,334482,1292,2.855446963798862,75900,2.166569452542783,1098,9.595033052641758,3,3,1.0,0,0.0,4.872349822994468,9.595033052641758,2.166569452542783,3.3512625205109803
es,Raj británico,capital,Calcuta,es_6449_1,832115984,6712,42058182,391238,1968,2.5363137416528203,55710,1.4942879552874513,788,7.964047232692499,3,3,1.0,0,0.0,3.99821630987759,7.964047232692499,1.4942879552874513,2.836349251664753
es,dinastía Qing,capital,Pekín,es_6450_3,832115984,33218,42058182,1387992,9592,2.5142645869489026,267756,1.932317793132963,7660,7.1110926523082405,3,3,1.0,0,0.0,3.8525583441300353,7.1110926523082405,1.932317793132963,2.3163476848822406
es,Gran Ducado de Lituania,capital,Vilna,es_6451_1,832115984,4066,42058182,67878,2382,3.534889434772785,16048,2.225775690781608,998,11.55505445959439,3,3,1.0,0,0.0,5.771906528382928,11.55505445959439,2.225775690781608,4.124079266485487
es,Reino de Cerdeña,capital,Turín,es_6452_2,832115984,4866,42058182,762982,1984,3.0120019422018496,126150,1.7098174211546704,1248,8.127801508259898,3,3,1.0,0,0.0,4.283206957205473,8.127801508259898,1.7098174211546704,2.7700302739876026
es,Maryland,capital,Annapolis,es_6453_3,832115984,871758,42058182,53574,113694,1.367554658839028,10374,1.9377654954290842,19880,8.46842595853963,3,3,1.0,0,0.0,3.924582037602581,8.46842595853963,1.367554658839028,3.221404795315093
es,República de Weimar,capital,Berlín,es_6454_0,832115984,51634,42058182,4137660,13716,2.3938646805285706,752952,1.8481409383469845,19678,6.260087952766771,3,3,1.0,0,0.0,3.5006978572141088,6.260087952766771,1.8481409383469845,1.9638616508078781
es,Estados Confederados de América,capital,Richmond,es_6455_4,832115984,6048,42058182,483774,1986,2.699733720060705,59968,1.2942577649262699,808,7.844204739730239,3,3,1.0,0,0.0,3.9460654082390714,7.844204739730239,1.2942577649262699,2.815487921113505
es,Neustria,capital,París,es_6456_3,832115984,3904,42058182,10491248,1100,2.4788767076025393,1847410,1.8007159186068031,1166,4.566141156330443,3,3,1.0,0,0.0,2.9485779275132615,4.566141156330443,1.8007159186068031,1.1768201826246092
es,Baviera,capital,Múnich,es_6457_0,832115984,481906,42058182,996778,82322,1.7569244110198783,119926,1.2511984793922106,72202,6.966655631392117,3,3,1.0,0,0.0,3.324926173934735,6.966655631392117,1.2511984793922106,2.5833550227646214
es,Hawái,capital,Honolulu,es_6458_1,832115984,267484,42058182,190312,24370,0.8500517960341385,26892,1.4832086638659492,27118,8.792072472897724,3,3,1.0,0,0.0,3.7084443109326037,8.792072472897724,0.8500517960341385,3.6039495345767807
es,ocupación aliada en Alemania,capital,Berlín,es_6459_3,832115984,232,42058182,4137660,86,2.8746099963279295,752952,1.8481409383469845,136,6.881307566623559,3,3,1.0,0,0.0,3.8680195004328244,6.881307566623559,1.8481409383469845,2.1715337757959152
es,Queensland,capital,Brisbane,es_6460_4,832115984,287500,42058182,524312,36770,1.3393653623502375,97826,1.884190529240304,50432,8.120992739821979,3,3,1.0,0,0.0,3.78151621047084,8.120992739821979,1.3393653623502375,3.0765241238786833
es,Bohemia,capital,Praga,es_6461_0,832115984,1053364,42058182,1454952,182358,1.776167574016521,329184,2.1623207988007396,83920,5.509823691633185,3,3,1.0,0,0.0,3.1494373548168153,5.509823691633185,1.776167574016521,1.6764737442073396
es,Emirato Islámico de Afganistán,capital,Kabul,es_6462_2,832115984,1914,42058182,244422,730,2.9157037760347575,71896,2.5409355036219092,978,10.76451031123757,3,3,1.0,0,0.0,5.4070498636314115,10.76451031123757,2.5409355036219092,3.7913849404714113
es,Gobernación de Homs,capital,Damasco,es_6463_2,832115984,724,42058182,725006,198,2.4358369697498077,157002,2.09911623941069,384,9.249692595263644,3,3,1.0,0,0.0,4.594881934808047,9.249692595263644,2.09911623941069,3.2943175242709812
es,Virginia Occidental,capital,Charleston,es_6464_1,832115984,80798,42058182,259302,11476,1.490626527710804,29804,1.1852707761376198,6238,7.952771458050501,3,3,1.0,0,0.0,3.542889587299642,7.952771458050501,1.1852707761376198,3.1207482136220186
es,Kenia,capital,Nairobi,es_6465_3,832115984,1243054,42058182,434504,194230,1.6282752223846273,122808,2.483361322641944,134070,7.690368843085459,3,3,1.0,0,0.0,3.934001796037343,7.690368843085459,1.6282752223846273,2.678993978321595
es,República Federal de Alemania,capital,Bonn,es_6466_0,832115984,92398,42058182,308060,22022,2.2374101105392605,61170,1.9740110499039538,7014,7.679805259776652,3,3,1.0,0,0.0,3.9637421400732884,7.679805259776652,1.9740110499039538,2.6298527967043466
es,Eslovenia,capital,Liubliana,es_6467_0,832115984,1057168,42058182,67378,214554,2.005534278813045,18908,2.473045401387369,35764,8.70666665794422,3,3,1.0,0,0.0,4.395082112714878,8.70666665794422,2.005534278813045,3.054719041137069
es,Otago,capital,Dunedin,es_6468_0,832115984,32550,42058182,36670,3080,0.904670949395307,4274,1.2053847838141862,6880,12.22771967173591,3,3,1.0,0,0.0,4.779258468315135,12.22771967173591,0.904670949395307,5.268288015835952
es,Jiangsu,capital,Nankín,es_6469_2,832115984,226872,42058182,22218,15574,0.4416591072234295,6082,2.4372150028914152,1992,8.361250947401281,3,3,1.0,0,0.0,3.7467083525053755,8.361250947401281,0.4416591072234295,3.363139738722859
es,Nueva Jersey,capital,Trenton,es_6470_4,832115984,803658,42058182,80976,95470,1.232863914051738,10180,1.3145694187077392,12710,7.344456879999152,3,3,1.0,0,0.0,3.2972967375862097,7.344456879999152,1.232863914051738,2.861968770051452
es,Oregón,capital,Salem,es_6471_1,832115984,345164,42058182,442966,32800,0.9108119549093572,73430,1.713571773338056,7116,5.275301266778561,3,3,1.0,0,0.0,2.633228331675325,5.275301266778561,0.9108119549093572,1.8967547508529212
es,Reino de Italia,capital,Roma,es_6472_0,832115984,21588,42058182,9484296,7814,2.840229804964438,1599228,1.7381611842278224,10110,5.3606535368866615,3,3,1.0,0,0.0,3.3130148420263072,5.3606535368866615,1.7381611842278224,1.5161919358973295
es,Schleswig-Holstein,capital,Kiel,es_6473_0,832115984,67540,42058182,149076,7954,1.2203365246637758,19004,1.3346532393520567,6096,8.97671353047213,3,3,1.0,0,0.0,3.8439010981626542,8.97671353047213,1.2203365246637758,3.6297465179419275
es,Lituania,capital,Vilna,es_6474_0,832115984,1336174,42058182,67878,381986,2.499810014029606,16048,2.225775690781608,32832,8.234691508896436,3,3,1.0,0,0.0,4.320092404569217,8.234691508896436,2.225775690781608,2.770299419831618
es,Misisipi,capital,Jackson,es_6475_3,832115984,91166,42058182,2895626,12932,1.4887757720569035,256950,0.812010518517956,8856,4.802996795829477,3,3,1.0,0,0.0,2.3679276954681123,4.802996795829477,0.812010518517956,1.7438795724381198
es,Imperio austrohúngaro,capital,Budapest,es_6476_0,832115984,50532,42058182,1020554,14122,2.4670733772903457,223004,2.1121152088156596,5190,6.387897462814828,3,3,1.0,0,0.0,3.6556953496402778,6.387897462814828,2.1121152088156596,1.9373857154712952
es,Provincia de Minsk,capital,Minsk,es_6477_4,832115984,1024,42058182,208510,238,2.201144000061347,39552,1.908032214203546,1024,11.962452340231605,3,3,1.0,0,0.0,5.3572095181655,11.962452340231605,1.908032214203546,4.672144631294002
es,Provincia de Cantón,capital,Cantón,es_6478_1,832115984,7466,42058182,1319614,1958,2.3753714930540286,213082,1.675690880277053,7466,9.300524832478168,3,3,1.0,0,0.0,4.450529068603083,9.300524832478168,1.675690880277053,3.4413400899628903
es,República romana,capital,Roma,es_6479_0,832115984,49570,42058182,9484296,12572,2.3270731551944657,1599228,1.7381611842278224,31012,5.778459443295021,3,3,1.0,0,0.0,3.28123126090577,5.778459443295021,1.7381611842278224,1.7820990944344812
es,Reino de Prusia,capital,Berlín,es_6480_3,832115984,10714,42058182,4137660,5392,3.3157214372156227,752952,1.8481409383469845,5072,6.57295516992056,3,3,1.0,0,0.0,3.9122725151610553,6.57295516992056,1.8481409383469845,1.9744825941949857
es,Afganistán,capital,Kabul,es_6481_4,832115984,1623956,42058182,244422,304382,1.890768643506139,71896,2.5409355036219092,141104,8.208513017555441,3,3,1.0,0,0.0,4.2134057215611636,8.208513017555441,1.890768643506139,2.837409730297246
es,Chile,capital,Santiago,es_6482_1,832115984,28896730,42058182,26001006,4587034,1.6510534985720788,4519888,1.782117722493635,7588546,3.071134429093717,3,3,1.0,0,0.0,2.168101883386477,3.071134429093717,1.6510534985720788,0.6407783244632597
es,Yugoslavia,capital,Belgrado,es_6483_1,832115984,507486,42058182,334482,125994,2.2963132458140105,75900,2.166569452542783,47302,7.8572454073121945,3,3,1.0,0,0.0,4.10670936855633,7.8572454073121945,2.166569452542783,2.6525583620947284
es,Mallorca,capital,Palma de Mallorca,es_6484_1,832115984,8479536,42058182,1804100,2175144,2.343451828202929,386268,2.082720997321002,1804100,6.616655498650276,3,3,1.0,0,0.0,3.680942774724736,6.616655498650276,2.082720997321002,2.0785895922647217
es,Norfolk,capital,Norwich,es_6485_3,832115984,251710,42058182,199190,25224,0.9874326836006514,20482,1.0246095173744763,12314,7.675032540489821,3,3,1.0,0,0.0,3.22902491382165,7.675032540489821,0.9874326836006514,3.1438387778357875
es,Voivodato de Mazovia,capital,Varsovia,es_6486_0,832115984,2672,42058182,667028,298,1.141790464741513,139660,2.0504977915392217,1128,9.040668653124795,3,3,1.0,0,0.0,4.077652303135177,9.040668653124795,1.141790464741513,3.5289361682280553
es,Flandes,capital,Bruselas,es_6487_3,832115984,408136,42058182,3554534,75510,1.872015888674274,658974,1.8749592516123355,57060,5.03248206830091,3,3,1.0,0,0.0,2.92648573619584,5.03248206830091,1.872015888674274,1.4891647723867123
fr,président de la République française,applies_to_jurisdiction,France,fr_5960_0,518193364,129765,0,94869599,0,0.0,0,0.0,97493,2.036942013864981,3,1,0.3333333333333333,1,0.3333333333333333,2.036942013864981,2.036942013864981,2.036942013864981,0.0
fr,Premier ministre du Canada,applies_to_jurisdiction,Canada,fr_5961_2,518193364,50459,0,14720385,0,0.0,0,0.0,50459,5.137603230893581,3,1,0.3333333333333333,1,0.3333333333333333,5.137603230893581,5.137603230893581,5.137603230893581,0.0
fr,Parti travailliste australien,applies_to_jurisdiction,Australie,fr_5962_4,518193364,1001,0,3067806,0,0.0,0,0.0,659,6.79704787290913,3,1,0.3333333333333333,1,0.3333333333333333,6.79704787290913,6.79704787290913,6.79704787290913,0.0
fr,président du Mexique,applies_to_jurisdiction,Mexique,fr_5963_4,518193364,8479,0,3060470,0,0.0,0,0.0,8479,7.403593503897517,3,1,0.3333333333333333,1,0.3333333333333333,7.403593503897517,7.403593503897517,7.403593503897517,0.0
fr,chancelier d'Allemagne,applies_to_jurisdiction,Allemagne,fr_5964_1,518193364,1372,0,7867182,0,0.0,0,0.0,576,4.789360006074596,3,1,0.3333333333333333,1,0.3333333333333333,4.789360006074596,4.789360006074596,4.789360006074596,0.0
fr,Loi fondamentale pour la République fédérale d'Allemagne,applies_to_jurisdiction,Allemagne,fr_5965_2,518193364,116,0,7867182,0,0.0,0,0.0,62,5.137715086064399,3,1,0.3333333333333333,1,0.3333333333333333,5.137715086064399,5.137715086064399,5.137715086064399,0.0
fr,Parlement du Canada,applies_to_jurisdiction,Canada,fr_5966_0,518193364,20475,0,14720385,0,0.0,0,0.0,20475,5.137603230893581,3,1,0.3333333333333333,1,0.3333333333333333,5.137603230893581,5.137603230893581,5.137603230893581,0.0
fr,Lok Sabha,applies_to_jurisdiction,Inde,fr_5967_0,518193364,3943,0,3748241,0,0.0,0,0.0,2266,6.311987164235509,3,1,0.3333333333333333,1,0.3333333333333333,6.311987164235509,6.311987164235509,6.311987164235509,0.0
fr,Knesset,applies_to_jurisdiction,Israël,fr_5968_4,518193364,80544,0,2850656,0,0.0,0,0.0,66564,7.231017785870408,3,1,0.3333333333333333,1,0.3333333333333333,7.231017785870408,7.231017785870408,7.231017785870408,0.0
fr,Premier ministre du Japon,applies_to_jurisdiction,Japon,fr_5969_2,518193364,7706,0,6530950,0,0.0,0,0.0,7706,6.310053866987515,3,1,0.3333333333333333,1,0.3333333333333333,6.310053866987515,6.310053866987515,6.310053866987515,0.0
fr,président d'Irlande,applies_to_jurisdiction,Irlande,fr_5970_4,518193364,403,0,1742978,0,0.0,0,0.0,205,7.240636441419162,3,1,0.3333333333333333,1,0.3333333333333333,7.240636441419162,7.240636441419162,7.240636441419162,0.0
fr,dollar australien,applies_to_jurisdiction,Australie,fr_5971_1,518193364,195091,0,3067806,0,0.0,0,0.0,9032,2.96718154845723,3,1,0.3333333333333333,1,0.3333333333333333,2.96718154845723,2.96718154845723,2.96718154845723,0.0
fr,président du Pakistan,applies_to_jurisdiction,Pakistan,fr_5972_3,518193364,2344,0,1281861,0,0.0,0,0.0,2344,8.659106899991666,3,1,0.3333333333333333,1,0.3333333333333333,8.659106899991666,8.659106899991666,8.659106899991666,0.0
fr,président de la Russie,applies_to_jurisdiction,Russie,fr_5973_0,518193364,10335,0,5708891,0,0.0,0,0.0,10335,6.50413621303119,3,1,0.3333333333333333,1,0.3333333333333333,6.50413621303119,6.50413621303119,6.50413621303119,0.0
fr,Chancelier de l'Autriche,applies_to_jurisdiction,Autriche,fr_5974_3,518193364,84,0,1840645,0,0.0,0,0.0,40,7.066745997322012,3,1,0.3333333333333333,1,0.3333333333333333,7.066745997322012,7.066745997322012,7.066745997322012,0.0
fr,Riksdag,applies_to_jurisdiction,Suède,fr_5975_0,518193364,3178,0,2847086,0,0.0,0,0.0,2626,7.232608449507665,3,1,0.3333333333333333,1,0.3333333333333333,7.232608449507665,7.232608449507665,7.232608449507665,0.0
fr,drapeau de l'Espagne,applies_to_jurisdiction,Espagne,fr_5976_1,518193364,1699,0,6663990,0,0.0,0,0.0,960,5.457380952845386,3,1,0.3333333333333333,1,0.3333333333333333,5.457380952845386,5.457380952845386,5.457380952845386,0.0
fr,drapeau de la France,applies_to_jurisdiction,France,fr_5977_3,518193364,11198,0,94869599,0,0.0,0,0.0,11198,2.449472786210937,3,1,0.3333333333333333,1,0.3333333333333333,2.449472786210937,2.449472786210937,2.449472786210937,0.0
fr,président de l'Ukraine,applies_to_jurisdiction,Ukraine,fr_5978_2,518193364,3870,0,1478227,0,0.0,0,0.0,2557,7.855597494298945,3,1,0.3333333333333333,1,0.3333333333333333,7.855597494298945,7.855597494298945,7.855597494298945,0.0
fr,Premier ministre français,applies_to_jurisdiction,France,fr_5979_3,518193364,67003,0,94869599,0,0.0,0,0.0,49719,2.0190443735072807,3,1,0.3333333333333333,1,0.3333333333333333,2.0190443735072807,2.0190443735072807,2.0190443735072807,0.0
fr,drapeau du Danemark,applies_to_jurisdiction,Danemark,fr_5980_3,518193364,649,0,1770753,0,0.0,0,0.0,649,8.192983743718608,3,1,0.3333333333333333,1,0.3333333333333333,8.192983743718608,8.192983743718608,8.192983743718608,0.0
fr,Bundestag,applies_to_jurisdiction,Allemagne,fr_5981_0,518193364,80709,0,7867182,0,0.0,0,0.0,45409,5.211748476902022,3,1,0.3333333333333333,1,0.3333333333333333,5.211748476902022,5.211748476902022,5.211748476902022,0.0
fr,drapeau de l'Irlande,applies_to_jurisdiction,Irlande,fr_5982_0,518193364,677,0,1742978,0,0.0,0,0.0,321,7.13920983398899,3,1,0.3333333333333333,1,0.3333333333333333,7.13920983398899,7.13920983398899,7.13920983398899,0.0
fr,président fédéral d'Autriche,applies_to_jurisdiction,Autriche,fr_5983_3,518193364,32,0,1840645,0,0.0,0,0.0,21,7.52945274799217,3,1,0.3333333333333333,1,0.3333333333333333,7.52945274799217,7.52945274799217,7.52945274799217,0.0
fr,Premier ministre du Pakistan,applies_to_jurisdiction,Pakistan,fr_5984_3,518193364,2862,0,1281861,0,0.0,0,0.0,2862,8.659106899991666,3,1,0.3333333333333333,1,0.3333333333333333,8.659106899991666,8.659106899991666,8.659106899991666,0.0
fr,président fédéral,applies_to_jurisdiction,Allemagne,fr_5985_4,518193364,14324,0,7867182,0,0.0,0,0.0,3977,4.192817814289783,3,1,0.3333333333333333,1,0.3333333333333333,4.192817814289783,4.192817814289783,4.192817814289783,0.0
fr,Premier ministre de Suède,applies_to_jurisdiction,Suède,fr_5986_0,518193364,487,0,2847086,0,0.0,0,0.0,487,7.507860657963297,3,1,0.3333333333333333,1,0.3333333333333333,7.507860657963297,7.507860657963297,7.507860657963297,0.0
fr,Assemblée nationale,applies_to_jurisdiction,France,fr_5987_4,518193364,448525,0,94869599,0,0.0,0,0.0,230403,1.488443887273448,3,1,0.3333333333333333,1,0.3333333333333333,1.488443887273448,1.488443887273448,1.488443887273448,0.0
fr,drapeau et armoiries de la Suisse,applies_to_jurisdiction,Suisse,fr_5988_3,518193364,39,0,12492366,0,0.0,0,0.0,39,5.374371892312057,3,1,0.3333333333333333,1,0.3333333333333333,5.374371892312057,5.374371892312057,5.374371892312057,0.0
fr,chef du gouvernement russe,applies_to_jurisdiction,Russie,fr_5989_3,518193364,1442,0,5708891,0,0.0,0,0.0,1219,6.2617631744105795,3,1,0.3333333333333333,1,0.3333333333333333,6.2617631744105795,6.2617631744105795,6.2617631744105795,0.0
fr,drapeau de Singapour,applies_to_jurisdiction,Singapour,fr_5990_3,518193364,288,0,1513770,0,0.0,0,0.0,288,8.419200709214559,3,1,0.3333333333333333,1,0.3333333333333333,8.419200709214559,8.419200709214559,8.419200709214559,0.0
fr,Sénat,applies_to_jurisdiction,France,fr_5991_2,518193364,2042193,0,94869599,0,0.0,0,0.0,995970,1.413527761937138,3,1,0.3333333333333333,1,0.3333333333333333,1.413527761937138,1.413527761937138,1.413527761937138,0.0
fr,Premier ministre de l'Ukraine,applies_to_jurisdiction,Ukraine,fr_5992_3,518193364,641,0,1478227,0,0.0,0,0.0,455,7.959021088556386,3,1,0.3333333333333333,1,0.3333333333333333,7.959021088556386,7.959021088556386,7.959021088556386,0.0
fr,drapeau de la Russie,applies_to_jurisdiction,Russie,fr_5993_1,518193364,1401,0,5708891,0,0.0,0,0.0,1401,6.50413621303119,3,1,0.3333333333333333,1,0.3333333333333333,6.50413621303119,6.50413621303119,6.50413621303119,0.0
fr,drapeau du Canada,applies_to_jurisdiction,Canada,fr_5994_2,518193364,5176,0,14720385,0,0.0,0,0.0,5176,5.137603230893581,3,1,0.3333333333333333,1,0.3333333333333333,5.137603230893581,5.137603230893581,5.137603230893581,0.0
fr,président de la Roumanie,applies_to_jurisdiction,Roumanie,fr_5995_2,518193364,2441,0,1493850,0,0.0,0,0.0,2441,8.438311438258955,3,1,0.3333333333333333,1,0.3333333333333333,8.438311438258955,8.438311438258955,8.438311438258955,0.0
fr,drapeau des Pays-Bas,applies_to_jurisdiction,Pays-Bas,fr_5996_4,518193364,875,0,3317487,0,0.0,0,0.0,875,7.2872559179941465,3,1,0.3333333333333333,1,0.3333333333333333,7.2872559179941465,7.2872559179941465,7.2872559179941465,0.0
fr,Premier ministre malaisien,applies_to_jurisdiction,Malaisie,fr_5997_4,518193364,8048,0,1213166,0,0.0,0,0.0,5333,8.144886782195467,3,1,0.3333333333333333,1,0.3333333333333333,8.144886782195467,8.144886782195467,8.144886782195467,0.0
fr,drapeau de la Jamaïque,applies_to_jurisdiction,Jamaïque,fr_5998_3,518193364,621,0,482865,0,0.0,0,0.0,621,10.067654930148665,3,1,0.3333333333333333,1,0.3333333333333333,10.067654930148665,10.067654930148665,10.067654930148665,0.0
fr,drapeau de l'Argentine,applies_to_jurisdiction,Argentine,fr_5999_3,518193364,468,0,1694070,0,0.0,0,0.0,240,7.293379117303536,3,1,0.3333333333333333,1,0.3333333333333333,7.293379117303536,7.293379117303536,7.293379117303536,0.0
fr,drapeau de la Norvège,applies_to_jurisdiction,Norvège,fr_6000_1,518193364,487,0,1687140,0,0.0,0,0.0,487,8.262767035826984,3,1,0.3333333333333333,1,0.3333333333333333,8.262767035826984,8.262767035826984,8.262767035826984,0.0
fr,Congrès des députés,applies_to_jurisdiction,Espagne,fr_6001_3,518193364,10182,0,6663990,0,0.0,0,0.0,5323,5.345250995082755,3,1,0.3333333333333333,1,0.3333333333333333,5.345250995082755,5.345250995082755,5.345250995082755,0.0
fr,Empereur du Japon,applies_to_jurisdiction,Japon,fr_6002_1,518193364,6188,0,6530950,0,0.0,0,0.0,6188,6.310053866987515,3,1,0.3333333333333333,1,0.3333333333333333,6.310053866987515,6.310053866987515,6.310053866987515,0.0
fr,drapeau de la Lituanie,applies_to_jurisdiction,Lituanie,fr_6003_0,518193364,184,0,679847,0,0.0,0,0.0,184,9.574064721646682,3,1,0.3333333333333333,1,0.3333333333333333,9.574064721646682,9.574064721646682,9.574064721646682,0.0
fr,drapeau de la Bulgarie,applies_to_jurisdiction,Bulgarie,fr_6004_4,518193364,226,0,1043486,0,0.0,0,0.0,226,8.955935485601715,3,1,0.3333333333333333,1,0.3333333333333333,8.955935485601715,8.955935485601715,8.955935485601715,0.0
fr,président de l'Irak,applies_to_jurisdiction,Irak,fr_6005_1,518193364,664,0,1291403,0,0.0,0,0.0,432,8.028255517369441,3,1,0.3333333333333333,1,0.3333333333333333,8.028255517369441,8.028255517369441,8.028255517369441,0.0
fr,drapeau de la Turquie,applies_to_jurisdiction,Turquie,fr_6006_0,518193364,1045,0,3127358,0,0.0,0,0.0,1045,7.372402350970133,3,1,0.3333333333333333,1,0.3333333333333333,7.372402350970133,7.372402350970133,7.372402350970133,0.0
fr,drapeau de la Malaisie,applies_to_jurisdiction,Malaisie,fr_6007_1,518193364,309,0,1213166,0,0.0,0,0.0,309,8.738569759318,3,1,0.3333333333333333,1,0.3333333333333333,8.738569759318,8.738569759318,8.738569759318,0.0
fr,drapeau de la Biélorussie,applies_to_jurisdiction,Biélorussie,fr_6008_2,518193364,143,0,390538,0,0.0,0,0.0,143,10.37381189326636,3,1,0.3333333333333333,1,0.3333333333333333,10.37381189326636,10.37381189326636,10.37381189326636,0.0
fr,drapeau de Cuba,applies_to_jurisdiction,Cuba,fr_6009_0,518193364,427,0,1299139,0,0.0,0,0.0,427,8.639790931543843,3,1,0.3333333333333333,1,0.3333333333333333,8.639790931543843,8.639790931543843,8.639790931543843,0.0
fr,drapeau du Viêt Nam,applies_to_jurisdiction,Viêt Nam,fr_6010_1,518193364,84,0,207532,0,0.0,0,0.0,84,11.28594101788621,3,1,0.3333333333333333,1,0.3333333333333333,11.28594101788621,11.28594101788621,11.28594101788621,0.0
fr,drapeau de la Bolivie,applies_to_jurisdiction,Bolivie,fr_6011_4,518193364,198,0,695831,0,0.0,0,0.0,198,9.540537871136754,3,1,0.3333333333333333,1,0.3333333333333333,9.540537871136754,9.540537871136754,9.540537871136754,0.0
fr,drapeau de l'Inde,applies_to_jurisdiction,Inde,fr_6012_0,518193364,582,0,3748241,0,0.0,0,0.0,360,6.418110766944201,3,1,0.3333333333333333,1,0.3333333333333333,6.418110766944201,6.418110766944201,6.418110766944201,0.0
fr,pataca,applies_to_jurisdiction,Macao,fr_6014_4,518193364,4829,0,400239,0,0.0,0,0.0,1254,8.393225956867253,3,1,0.3333333333333333,1,0.3333333333333333,8.393225956867253,8.393225956867253,8.393225956867253,0.0
fr,drapeau de Monaco,applies_to_jurisdiction,Monaco,fr_6015_3,518193364,252,0,2760975,0,0.0,0,0.0,252,7.552168905504394,3,1,0.3333333333333333,1,0.3333333333333333,7.552168905504394,7.552168905504394,7.552168905504394,0.0
fr,drapeau de la Somalie,applies_to_jurisdiction,Somalie,fr_6016_1,518193364,147,0,483964,0,0.0,0,0.0,147,10.064375089488482,3,1,0.3333333333333333,1,0.3333333333333333,10.064375089488482,10.064375089488482,10.064375089488482,0.0
fr,président de l'État d'Israël,applies_to_jurisdiction,Israël,fr_6017_0,518193364,803,0,2850656,0,0.0,0,0.0,509,6.84831844474326,3,1,0.3333333333333333,1,0.3333333333333333,6.84831844474326,6.84831844474326,6.84831844474326,0.0
fr,drapeau de la Suède,applies_to_jurisdiction,Suède,fr_6018_4,518193364,672,0,2847086,0,0.0,0,0.0,672,7.507860657963297,3,1,0.3333333333333333,1,0.3333333333333333,7.507860657963297,7.507860657963297,7.507860657963297,0.0
fr,drapeau de la République de Chine,applies_to_jurisdiction,Taïwan,fr_6019_2,518193364,326,0,537787,0,0.0,0,0.0,179,9.047327566970667,3,1,0.3333333333333333,1,0.3333333333333333,9.047327566970667,9.047327566970667,9.047327566970667,0.0
fr,drapeau de l'Australie,applies_to_jurisdiction,Australie,fr_6020_1,518193364,591,0,3067806,0,0.0,0,0.0,304,6.441052670003125,3,1,0.3333333333333333,1,0.3333333333333333,6.441052670003125,6.441052670003125,6.441052670003125,0.0
fr,drapeau de l'Ukraine,applies_to_jurisdiction,Ukraine,fr_6021_1,518193364,399,0,1478227,0,0.0,0,0.0,224,7.620588885924327,3,1,0.3333333333333333,1,0.3333333333333333,7.620588885924327,7.620588885924327,7.620588885924327,0.0
fr,président de la République de Biélorussie,applies_to_jurisdiction,Biélorussie,fr_6022_2,518193364,318,0,390538,0,0.0,0,0.0,318,10.37381189326636,3,1,0.3333333333333333,1,0.3333333333333333,10.37381189326636,10.37381189326636,10.37381189326636,0.0
fr,drapeau d'Haïti,applies_to_jurisdiction,Haïti,fr_6023_1,518193364,142,0,871719,0,0.0,0,0.0,105,8.779910068352402,3,1,0.3333333333333333,1,0.3333333333333333,8.779910068352402,8.779910068352402,8.779910068352402,0.0
fr,armoiries du Mexique,applies_to_jurisdiction,Mexique,fr_6024_4,518193364,163,0,3060470,0,0.0,0,0.0,163,7.403593503897517,3,1,0.3333333333333333,1,0.3333333333333333,7.403593503897517,7.403593503897517,7.403593503897517,0.0
fr,drapeau de la Finlande,applies_to_jurisdiction,Finlande,fr_6025_4,518193364,396,0,1402285,0,0.0,0,0.0,396,8.529567138140486,3,1,0.3333333333333333,1,0.3333333333333333,8.529567138140486,8.529567138140486,8.529567138140486,0.0
fr,drapeau de la Croatie,applies_to_jurisdiction,Croatie,fr_6026_3,518193364,442,0,1259059,0,0.0,0,0.0,442,8.685000840316306,3,1,0.3333333333333333,1,0.3333333333333333,8.685000840316306,8.685000840316306,8.685000840316306,0.0
fr,président de la République de Finlande,applies_to_jurisdiction,Finlande,fr_6027_3,518193364,560,0,1402285,0,0.0,0,0.0,560,8.529567138140486,3,1,0.3333333333333333,1,0.3333333333333333,8.529567138140486,8.529567138140486,8.529567138140486,0.0
fr,drapeau de l'Albanie,applies_to_jurisdiction,Albanie,fr_6028_1,518193364,255,0,463705,0,0.0,0,0.0,144,9.301639106715902,3,1,0.3333333333333333,1,0.3333333333333333,9.301639106715902,9.301639106715902,9.301639106715902,0.0
fr,drapeau de l'Italie,applies_to_jurisdiction,Italie,fr_6029_3,518193364,1362,0,7455944,0,0.0,0,0.0,653,5.058383899489626,3,1,0.3333333333333333,1,0.3333333333333333,5.058383899489626,5.058383899489626,5.058383899489626,0.0
fr,drapeau de l'Allemagne,applies_to_jurisdiction,Allemagne,fr_6030_3,518193364,1537,0,7867182,0,0.0,0,0.0,771,5.04618537102936,3,1,0.3333333333333333,1,0.3333333333333333,5.04618537102936,5.04618537102936,5.04618537102936,0.0
fr,drapeau de la Libye,applies_to_jurisdiction,Libye,fr_6031_0,518193364,323,0,1244845,0,0.0,0,0.0,323,8.70138061173829,3,1,0.3333333333333333,1,0.3333333333333333,8.70138061173829,8.70138061173829,8.70138061173829,0.0
fr,drapeau des Philippines,applies_to_jurisdiction,Philippines,fr_6032_4,518193364,288,0,1323207,0,0.0,0,0.0,288,8.613307958459432,3,1,0.3333333333333333,1,0.3333333333333333,8.613307958459432,8.613307958459432,8.613307958459432,0.0
fr,.de,applies_to_jurisdiction,Allemagne,fr_6033_1,518193364,490092179,0,7867182,0,0.0,0,0.0,7759356,0.06052737557610334,3,1,0.3333333333333333,1,0.3333333333333333,0.06052737557610334,0.06052737557610334,0.06052737557610334,0.0
fr,président de la République islamique d'Iran,applies_to_jurisdiction,Iran,fr_6034_2,518193364,1423,0,1224683,0,0.0,0,0.0,782,7.861243214225901,3,1,0.3333333333333333,1,0.3333333333333333,7.861243214225901,7.861243214225901,7.861243214225901,0.0
fr,drapeau du Pakistan,applies_to_jurisdiction,Pakistan,fr_6035_0,518193364,282,0,1281861,0,0.0,0,0.0,282,8.659106899991666,3,1,0.3333333333333333,1,0.3333333333333333,8.659106899991666,8.659106899991666,8.659106899991666,0.0
fr,drapeau du Portugal,applies_to_jurisdiction,Portugal,fr_6036_2,518193364,1550,0,3494869,0,0.0,0,0.0,1550,7.212108350891906,3,1,0.3333333333333333,1,0.3333333333333333,7.212108350891906,7.212108350891906,7.212108350891906,0.0
fr,drapeau de la Grèce,applies_to_jurisdiction,Grèce,fr_6037_0,518193364,642,0,3143768,0,0.0,0,0.0,642,7.364851974958615,3,1,0.3333333333333333,1,0.3333333333333333,7.364851974958615,7.364851974958615,7.364851974958615,0.0
fr,drapeau du Mexique,applies_to_jurisdiction,Mexique,fr_6038_3,518193364,1003,0,3060470,0,0.0,0,0.0,1003,7.403593503897517,3,1,0.3333333333333333,1,0.3333333333333333,7.403593503897517,7.403593503897517,7.403593503897517,0.0
fr,drapeau du Japon,applies_to_jurisdiction,Japon,fr_6039_2,518193364,2062,0,6530950,0,0.0,0,0.0,2062,6.310053866987515,3,1,0.3333333333333333,1,0.3333333333333333,6.310053866987515,6.310053866987515,6.310053866987515,0.0
he,נשיא צרפת,applies_to_jurisdiction,צרפת,he_5960_0,12334609,8438,0,188341,0,0.0,0,0.0,8438,6.033221078745871,3,1,0.3333333333333333,1,0.3333333333333333,6.033221078745871,6.033221078745871,6.033221078745871,0.0
he,ראש ממשלת קנדה,applies_to_jurisdiction,קנדה,he_5961_2,12334609,1659,0,82546,0,0.0,0,0.0,1659,7.223297961461318,3,1,0.3333333333333333,1,0.3333333333333333,7.223297961461318,7.223297961461318,7.223297961461318,0.0
he,מפלגת הלייבור האוסטרלית,applies_to_jurisdiction,אוסטרליה,he_5962_4,12334609,78,0,78322,0,0.0,0,0.0,73,7.203501002931946,3,1,0.3333333333333333,1,0.3333333333333333,7.203501002931946,7.203501002931946,7.203501002931946,0.0
he,נשיא מקסיקו,applies_to_jurisdiction,מקסיקו,he_5963_4,12334609,750,0,49560,0,0.0,0,0.0,750,7.959320080944704,3,1,0.3333333333333333,1,0.3333333333333333,7.959320080944704,7.959320080944704,7.959320080944704,0.0
he,קנצלר גרמניה,applies_to_jurisdiction,גרמניה,he_5964_1,12334609,669,0,200352,0,0.0,0,0.0,669,5.944031262091677,3,1,0.3333333333333333,1,0.3333333333333333,5.944031262091677,5.944031262091677,5.944031262091677,0.0
he,חוקת גרמניה,applies_to_jurisdiction,גרמניה,he_5965_2,12334609,62,0,200352,0,0.0,0,0.0,62,5.944031262091677,3,1,0.3333333333333333,1,0.3333333333333333,5.944031262091677,5.944031262091677,5.944031262091677,0.0
he,הפרלמנט של קנדה,applies_to_jurisdiction,קנדה,he_5966_0,12334609,51,0,82546,0,0.0,0,0.0,51,7.223297961461318,3,1,0.3333333333333333,1,0.3333333333333333,7.223297961461318,7.223297961461318,7.223297961461318,0.0
he,לוק סבהה,applies_to_jurisdiction,הודו,he_5967_0,12334609,26,0,146501,0,0.0,0,0.0,20,6.017146037920494,3,1,0.3333333333333333,1,0.3333333333333333,6.017146037920494,6.017146037920494,6.017146037920494,0.0
he,הכנסת,applies_to_jurisdiction,ישראל,he_5968_4,12334609,491647,0,2596927,0,0.0,0,0.0,294089,1.5064646019308665,3,1,0.3333333333333333,1,0.3333333333333333,1.5064646019308665,1.5064646019308665,1.5064646019308665,0.0
he,ראש ממשלת יפן,applies_to_jurisdiction,יפן,he_5969_2,12334609,1698,0,86311,0,0.0,0,0.0,1698,7.158951831450684,3,1,0.3333333333333333,1,0.3333333333333333,7.158951831450684,7.158951831450684,7.158951831450684,0.0
he,נשיא אירלנד,applies_to_jurisdiction,אירלנד,he_5970_4,12334609,156,0,36489,0,0.0,0,0.0,156,8.401034654766091,3,1,0.3333333333333333,1,0.3333333333333333,8.401034654766091,8.401034654766091,8.401034654766091,0.0
he,דולר אוסטרלי,applies_to_jurisdiction,אוסטרליה,he_5971_1,12334609,1896,0,78322,0,0.0,0,0.0,811,6.0738935182331915,3,1,0.3333333333333333,1,0.3333333333333333,6.0738935182331915,6.0738935182331915,6.0738935182331915,0.0
he,נשיא פקיסטן,applies_to_jurisdiction,פקיסטן,he_5972_3,12334609,217,0,17466,0,0.0,0,0.0,217,9.463947023128746,3,1,0.3333333333333333,1,0.3333333333333333,9.463947023128746,9.463947023128746,9.463947023128746,0.0
he,נשיא רוסיה,applies_to_jurisdiction,רוסיה,he_5973_0,12334609,9763,0,147123,0,0.0,0,0.0,9763,6.389545370232672,3,1,0.3333333333333333,1,0.3333333333333333,6.389545370232672,6.389545370232672,6.389545370232672,0.0
he,קנצלר אוסטריה,applies_to_jurisdiction,אוסטריה,he_5974_3,12334609,442,0,46910,0,0.0,0,0.0,442,8.038600767589324,3,1,0.3333333333333333,1,0.3333333333333333,8.038600767589324,8.038600767589324,8.038600767589324,0.0
he,ריקסדאג,applies_to_jurisdiction,שוודיה,he_5975_0,12334609,9,0,21800,0,0.0,0,0.0,9,9.144168133421017,3,1,0.3333333333333333,1,0.3333333333333333,9.144168133421017,9.144168133421017,9.144168133421017,0.0
he,דגל ספרד,applies_to_jurisdiction,ספרד,he_5976_1,12334609,166,0,137851,0,0.0,0,0.0,166,6.483458440538075,3,1,0.3333333333333333,1,0.3333333333333333,6.483458440538075,6.483458440538075,6.483458440538075,0.0
he,דגל צרפת,applies_to_jurisdiction,צרפת,he_5977_3,12334609,386,0,188341,0,0.0,0,0.0,386,6.033221078745871,3,1,0.3333333333333333,1,0.3333333333333333,6.033221078745871,6.033221078745871,6.033221078745871,0.0
he,נשיא אוקראינה,applies_to_jurisdiction,אוקראינה,he_5978_2,12334609,1685,0,41560,0,0.0,0,0.0,1685,8.213300614181094,3,1,0.3333333333333333,1,0.3333333333333333,8.213300614181094,8.213300614181094,8.213300614181094,0.0
he,ראש ממשלת צרפת,applies_to_jurisdiction,צרפת,he_5979_3,12334609,1324,0,188341,0,0.0,0,0.0,1324,6.033221078745871,3,1,0.3333333333333333,1,0.3333333333333333,6.033221078745871,6.033221078745871,6.033221078745871,0.0
he,דגל דנמרק,applies_to_jurisdiction,דנמרק,he_5980_3,12334609,74,0,30952,0,0.0,0,0.0,74,8.638463634529451,3,1,0.3333333333333333,1,0.3333333333333333,8.638463634529451,8.638463634529451,8.638463634529451,0.0
he,בונדסטאג,applies_to_jurisdiction,גרמניה,he_5981_0,12334609,110,0,200352,0,0.0,0,0.0,89,5.638404979533415,3,1,0.3333333333333333,1,0.3333333333333333,5.638404979533415,5.638404979533415,5.638404979533415,0.0
he,דגל אירלנד,applies_to_jurisdiction,אירלנד,he_5982_0,12334609,49,0,36489,0,0.0,0,0.0,49,8.401034654766091,3,1,0.3333333333333333,1,0.3333333333333333,8.401034654766091,8.401034654766091,8.401034654766091,0.0
he,נשיא אוסטריה,applies_to_jurisdiction,אוסטריה,he_5983_3,12334609,298,0,46910,0,0.0,0,0.0,298,8.038600767589324,3,1,0.3333333333333333,1,0.3333333333333333,8.038600767589324,8.038600767589324,8.038600767589324,0.0
he,ראש ממשלת פקיסטן,applies_to_jurisdiction,פקיסטן,he_5984_3,12334609,291,0,17466,0,0.0,0,0.0,291,9.463947023128746,3,1,0.3333333333333333,1,0.3333333333333333,9.463947023128746,9.463947023128746,9.463947023128746,0.0
he,נשיא גרמניה,applies_to_jurisdiction,גרמניה,he_5985_4,12334609,1067,0,200352,0,0.0,0,0.0,1067,5.944031262091677,3,1,0.3333333333333333,1,0.3333333333333333,5.944031262091677,5.944031262091677,5.944031262091677,0.0
he,ראש ממשלת שוודיה,applies_to_jurisdiction,שוודיה,he_5986_0,12334609,255,0,21800,0,0.0,0,0.0,255,9.144168133421017,3,1,0.3333333333333333,1,0.3333333333333333,9.144168133421017,9.144168133421017,9.144168133421017,0.0
he,האספה הלאומית,applies_to_jurisdiction,צרפת,he_5987_4,12334609,1022,0,188341,0,0.0,0,0.0,461,4.884664538237589,3,1,0.3333333333333333,1,0.3333333333333333,4.884664538237589,4.884664538237589,4.884664538237589,0.0
he,דגל שווייץ,applies_to_jurisdiction,שווייץ,he_5988_3,12334609,40,0,18822,0,0.0,0,0.0,40,9.35607633340791,3,1,0.3333333333333333,1,0.3333333333333333,9.35607633340791,9.35607633340791,9.35607633340791,0.0
he,ראש ממשלת רוסיה,applies_to_jurisdiction,רוסיה,he_5989_3,12334609,1066,0,147123,0,0.0,0,0.0,1066,6.389545370232672,3,1,0.3333333333333333,1,0.3333333333333333,6.389545370232672,6.389545370232672,6.389545370232672,0.0
he,דגל סינגפור,applies_to_jurisdiction,סינגפור,he_5990_3,12334609,32,0,25884,0,0.0,0,0.0,32,8.896435686091058,3,1,0.3333333333333333,1,0.3333333333333333,8.896435686091058,8.896435686091058,8.896435686091058,0.0
he,הסנאט הצרפתי,applies_to_jurisdiction,צרפת,he_5991_2,12334609,168,0,188341,0,0.0,0,0.0,126,5.618183579467028,3,1,0.3333333333333333,1,0.3333333333333333,5.618183579467028,5.618183579467028,5.618183579467028,0.0
he,ראש ממשלת אוקראינה,applies_to_jurisdiction,אוקראינה,he_5992_3,12334609,370,0,41560,0,0.0,0,0.0,370,8.213300614181094,3,1,0.3333333333333333,1,0.3333333333333333,8.213300614181094,8.213300614181094,8.213300614181094,0.0
he,דגל רוסיה,applies_to_jurisdiction,רוסיה,he_5993_1,12334609,191,0,147123,0,0.0,0,0.0,191,6.389545370232672,3,1,0.3333333333333333,1,0.3333333333333333,6.389545370232672,6.389545370232672,6.389545370232672,0.0
he,דגל קנדה,applies_to_jurisdiction,קנדה,he_5994_2,12334609,143,0,82546,0,0.0,0,0.0,143,7.223297961461318,3,1,0.3333333333333333,1,0.3333333333333333,7.223297961461318,7.223297961461318,7.223297961461318,0.0
he,נשיא רומניה,applies_to_jurisdiction,רומניה,he_5995_2,12334609,359,0,39436,0,0.0,0,0.0,359,8.288983042083135,3,1,0.3333333333333333,1,0.3333333333333333,8.288983042083135,8.288983042083135,8.288983042083135,0.0
he,דגל הולנד,applies_to_jurisdiction,הולנד,he_5996_4,12334609,68,0,70385,0,0.0,0,0.0,68,7.45322826472235,3,1,0.3333333333333333,1,0.3333333333333333,7.45322826472235,7.45322826472235,7.45322826472235,0.0
he,ראש ממשלת מלזיה,applies_to_jurisdiction,מלזיה,he_5997_4,12334609,338,0,14759,0,0.0,0,0.0,338,9.706901293902611,3,1,0.3333333333333333,1,0.3333333333333333,9.706901293902611,9.706901293902611,9.706901293902611,0.0
he,דגל ג'מייקה,applies_to_jurisdiction,ג'מייקה,he_5998_3,12334609,21,0,5463,0,0.0,0,0.0,21,11.140730940274674,3,1,0.3333333333333333,1,0.3333333333333333,11.140730940274674,11.140730940274674,11.140730940274674,0.0
he,דגל ארגנטינה,applies_to_jurisdiction,ארגנטינה,he_5999_3,12334609,89,0,43922,0,0.0,0,0.0,89,8.133552519080396,3,1,0.3333333333333333,1,0.3333333333333333,8.133552519080396,8.133552519080396,8.133552519080396,0.0
he,דגל נורווגיה,applies_to_jurisdiction,נורווגיה,he_6000_1,12334609,35,0,12440,0,0.0,0,0.0,35,9.953509782954702,3,1,0.3333333333333333,1,0.3333333333333333,9.953509782954702,9.953509782954702,9.953509782954702,0.0
he,קונגרס הנציגים (ספרד),applies_to_jurisdiction,ספרד,he_6001_3,12334609,1,0,137851,0,0.0,0,0.0,1,6.483458440538075,3,1,0.3333333333333333,1,0.3333333333333333,6.483458440538075,6.483458440538075,6.483458440538075,0.0
he,קיסר יפן,applies_to_jurisdiction,יפן,he_6002_1,12334609,564,0,86311,0,0.0,0,0.0,564,7.158951831450684,3,1,0.3333333333333333,1,0.3333333333333333,7.158951831450684,7.158951831450684,7.158951831450684,0.0
he,דגל ליטא,applies_to_jurisdiction,ליטא,he_6003_0,12334609,26,0,22276,0,0.0,0,0.0,26,9.113006070675656,3,1,0.3333333333333333,1,0.3333333333333333,9.113006070675656,9.113006070675656,9.113006070675656,0.0
he,דגל בולגריה,applies_to_jurisdiction,בולגריה,he_6004_4,12334609,24,0,25763,0,0.0,0,0.0,24,8.903195669026642,3,1,0.3333333333333333,1,0.3333333333333333,8.903195669026642,8.903195669026642,8.903195669026642,0.0
he,נשיא עיראק,applies_to_jurisdiction,עיראק,he_6005_1,12334609,579,0,36546,0,0.0,0,0.0,579,8.398782758167835,3,1,0.3333333333333333,1,0.3333333333333333,8.398782758167835,8.398782758167835,8.398782758167835,0.0
he,דגל טורקיה,applies_to_jurisdiction,טורקיה,he_6006_0,12334609,171,0,73139,0,0.0,0,0.0,171,7.397855366995558,3,1,0.3333333333333333,1,0.3333333333333333,7.397855366995558,7.397855366995558,7.397855366995558,0.0
he,דגל מלזיה,applies_to_jurisdiction,מלזיה,he_6007_1,12334609,12,0,14759,0,0.0,0,0.0,12,9.706901293902611,3,1,0.3333333333333333,1,0.3333333333333333,9.706901293902611,9.706901293902611,9.706901293902611,0.0
he,דגל בלארוס,applies_to_jurisdiction,בלארוס,he_6008_2,12334609,15,0,9778,0,0.0,0,0.0,15,10.30088495796453,3,1,0.3333333333333333,1,0.3333333333333333,10.30088495796453,10.30088495796453,10.30088495796453,0.0
he,דגל קובה,applies_to_jurisdiction,קובה,he_6009_0,12334609,38,0,24750,0,0.0,0,0.0,38,8.961067743230972,3,1,0.3333333333333333,1,0.3333333333333333,8.961067743230972,8.961067743230972,8.961067743230972,0.0
he,דגל וייטנאם,applies_to_jurisdiction,וייטנאם,he_6010_1,12334609,5,0,21535,0,0.0,0,0.0,5,9.161812944843447,3,1,0.3333333333333333,1,0.3333333333333333,9.161812944843447,9.161812944843447,9.161812944843447,0.0
he,דגל בוליביה,applies_to_jurisdiction,בוליביה,he_6011_4,12334609,13,0,9183,0,0.0,0,0.0,13,10.391458817724521,3,1,0.3333333333333333,1,0.3333333333333333,10.391458817724521,10.391458817724521,10.391458817724521,0.0
he,דגל הודו,applies_to_jurisdiction,הודו,he_6012_0,12334609,64,0,146501,0,0.0,0,0.0,64,6.395657661174224,3,1,0.3333333333333333,1,0.3333333333333333,6.395657661174224,6.395657661174224,6.395657661174224,0.0
he,פטקה,applies_to_jurisdiction,מקאו,he_6014_3,12334609,130,0,5516,0,0.0,0,0.0,18,8.274359094872546,3,1,0.3333333333333333,1,0.3333333333333333,8.274359094872546,8.274359094872546,8.274359094872546,0.0
he,דגל מונקו,applies_to_jurisdiction,מונקו,he_6015_1,12334609,10,0,5175,0,0.0,0,0.0,10,11.218865500698618,3,1,0.3333333333333333,1,0.3333333333333333,11.218865500698618,11.218865500698618,11.218865500698618,0.0
he,דגל סומליה,applies_to_jurisdiction,סומליה,he_6016_0,12334609,4,0,5146,0,0.0,0,0.0,4,11.226972906238869,3,1,0.3333333333333333,1,0.3333333333333333,11.226972906238869,11.226972906238869,11.226972906238869,0.0
he,נשיא מדינת ישראל,applies_to_jurisdiction,ישראל,he_6017_4,12334609,2915,0,2596927,0,0.0,0,0.0,2915,2.2478346184320217,3,1,0.3333333333333333,1,0.3333333333333333,2.2478346184320217,2.2478346184320217,2.2478346184320217,0.0
he,דגל שוודיה,applies_to_jurisdiction,שוודיה,he_6018_2,12334609,41,0,21800,0,0.0,0,0.0,41,9.144168133421017,3,1,0.3333333333333333,1,0.3333333333333333,9.144168133421017,9.144168133421017,9.144168133421017,0.0
he,דגל הרפובליקה הסינית,applies_to_jurisdiction,טאיוואן,he_6019_1,12334609,7,0,4506,0,0.0,0,0.0,3,10.196184628400792,3,1,0.3333333333333333,1,0.3333333333333333,10.196184628400792,10.196184628400792,10.196184628400792,0.0
he,דגל אוסטרליה,applies_to_jurisdiction,אוסטרליה,he_6020_1,12334609,113,0,78322,0,0.0,0,0.0,113,7.2990786629141775,3,1,0.3333333333333333,1,0.3333333333333333,7.2990786629141775,7.2990786629141775,7.2990786629141775,0.0
he,דגל אוקראינה,applies_to_jurisdiction,אוקראינה,he_6021_2,12334609,63,0,41560,0,0.0,0,0.0,63,8.213300614181094,3,1,0.3333333333333333,1,0.3333333333333333,8.213300614181094,8.213300614181094,8.213300614181094,0.0
he,נשיא בלארוס,applies_to_jurisdiction,בלארוס,he_6022_1,12334609,170,0,9778,0,0.0,0,0.0,170,10.30088495796453,3,1,0.3333333333333333,1,0.3333333333333333,10.30088495796453,10.30088495796453,10.30088495796453,0.0
he,דגל האיטי,applies_to_jurisdiction,האיטי,he_6023_4,12334609,10,0,14486,0,0.0,0,0.0,10,9.73383698800934,3,1,0.3333333333333333,1,0.3333333333333333,9.73383698800934,9.73383698800934,9.73383698800934,0.0
he,סמל מקסיקו,applies_to_jurisdiction,מקסיקו,he_6024_4,12334609,11,0,49560,0,0.0,0,0.0,11,7.959320080944704,3,1,0.3333333333333333,1,0.3333333333333333,7.959320080944704,7.959320080944704,7.959320080944704,0.0
he,דגל פינלנד,applies_to_jurisdiction,פינלנד,he_6025_3,12334609,27,0,22044,0,0.0,0,0.0,27,9.128110236140163,3,1,0.3333333333333333,1,0.3333333333333333,9.128110236140163,9.128110236140163,9.128110236140163,0.0
he,דגל קרואטיה,applies_to_jurisdiction,קרואטיה,he_6026_3,12334609,30,0,21853,0,0.0,0,0.0,30,9.140664920595409,3,1,0.3333333333333333,1,0.3333333333333333,9.140664920595409,9.140664920595409,9.140664920595409,0.0
he,נשיא פינלנד,applies_to_jurisdiction,פינלנד,he_6027_1,12334609,105,0,22044,0,0.0,0,0.0,105,9.128110236140163,3,1,0.3333333333333333,1,0.3333333333333333,9.128110236140163,9.128110236140163,9.128110236140163,0.0
he,דגל אלבניה,applies_to_jurisdiction,אלבניה,he_6028_3,12334609,50,0,10205,0,0.0,0,0.0,50,10.239220086052587,3,1,0.3333333333333333,1,0.3333333333333333,10.239220086052587,10.239220086052587,10.239220086052587,0.0
he,דגל איטליה,applies_to_jurisdiction,איטליה,he_6029_3,12334609,275,0,153684,0,0.0,0,0.0,275,6.326601199282717,3,1,0.3333333333333333,1,0.3333333333333333,6.326601199282717,6.326601199282717,6.326601199282717,0.0
he,דגל גרמניה,applies_to_jurisdiction,גרמניה,he_6030_0,12334609,305,0,200352,0,0.0,0,0.0,305,5.944031262091677,3,1,0.3333333333333333,1,0.3333333333333333,5.944031262091677,5.944031262091677,5.944031262091677,0.0
he,דגל לוב,applies_to_jurisdiction,לוב,he_6031_4,12334609,36,0,20481,0,0.0,0,0.0,36,9.234210110711283,3,1,0.3333333333333333,1,0.3333333333333333,9.234210110711283,9.234210110711283,9.234210110711283,0.0
he,דגל הפיליפינים,applies_to_jurisdiction,הפיליפינים,he_6032_1,12334609,17,0,12694,0,0.0,0,0.0,17,9.924349520689889,3,1,0.3333333333333333,1,0.3333333333333333,9.924349520689889,9.924349520689889,9.924349520689889,0.0
he,.de,applies_to_jurisdiction,גרמניה,he_6033_2,12334609,145659,0,200352,0,0.0,0,0.0,8451,1.8367022910624387,3,1,0.3333333333333333,1,0.3333333333333333,1.8367022910624387,1.8367022910624387,1.8367022910624387,0.0
he,נשיא איראן,applies_to_jurisdiction,איראן,he_6034_0,12334609,5627,0,96057,0,0.0,0,0.0,5627,7.004605516611458,3,1,0.3333333333333333,1,0.3333333333333333,7.004605516611458,7.004605516611458,7.004605516611458,0.0
he,דגל פקיסטן,applies_to_jurisdiction,פקיסטן,he_6035_2,12334609,22,0,17466,0,0.0,0,0.0,22,9.463947023128746,3,1,0.3333333333333333,1,0.3333333333333333,9.463947023128746,9.463947023128746,9.463947023128746,0.0
he,דגל פורטוגל,applies_to_jurisdiction,פורטוגל,he_6036_0,12334609,59,0,40431,0,0.0,0,0.0,59,8.25303438147947,3,1,0.3333333333333333,1,0.3333333333333333,8.25303438147947,8.25303438147947,8.25303438147947,0.0
he,דגל יוון,applies_to_jurisdiction,יוון,he_6037_3,12334609,146,0,79376,0,0.0,0,0.0,146,7.27979340607999,3,1,0.3333333333333333,1,0.3333333333333333,7.27979340607999,7.27979340607999,7.27979340607999,0.0
he,דגל מקסיקו,applies_to_jurisdiction,מקסיקו,he_6038_2,12334609,60,0,49560,0,0.0,0,0.0,60,7.959320080944704,3,1,0.3333333333333333,1,0.3333333333333333,7.959320080944704,7.959320080944704,7.959320080944704,0.0
he,דגל יפן,applies_to_jurisdiction,יפן,he_6039_3,12334609,104,0,86311,0,0.0,0,0.0,104,7.158951831450684,3,1,0.3333333333333333,1,0.3333333333333333,7.158951831450684,7.158951831450684,7.158951831450684,0.0
he,אזרבייג'ן,capital,באקו,he_6152_1,12334609,5745,14610,6346,32,2.2334489127483317,41,2.447460288982253,1000,8.402269949183642,3,3,1.0,0,0.0,4.3610597169714085,8.402269949183642,2.2334489127483317,2.8589025077223864
he,נברסקה,capital,לינקולן,he_6153_0,12334609,2643,14610,13186,17,2.441042221890577,63,2.012100647759877,294,6.701200917145616,3,3,1.0,0,0.0,3.7181145955986903,6.701200917145616,2.012100647759877,2.1166169106784074
he,המפשייר,capital,וינצ'סטר,he_6154_3,12334609,4455,14610,590,19,1.8482578873161084,3,2.1019314467537598,138,9.338952244092349,3,3,1.0,0,0.0,4.429713859387406,9.338952244092349,1.8482578873161084,3.4729002008009333
he,מחוז אלכסנדריה,capital,אלכסנדריה,he_6155_1,12334609,6,14610,6432,0,0.0,24,1.6554508998240347,6,10.90515695679374,3,2,0.6666666666666666,0,0.0,6.280303928308887,10.90515695679374,1.6554508998240347,4.624853028484852
he,ממלכת איטליה,capital,פירנצה,he_6156_4,12334609,531,14610,13400,1,0.6689720394776537,409,4.687551742991059,65,6.8160630299644716,3,3,1.0,0,0.0,4.057528937477728,6.8160630299644716,0.6689720394776537,2.548774668074997
he,הדוכסות הגדולה של פינלנד,capital,הלסינקי,he_6157_4,12334609,59,14610,7339,0,0.0,332,5.255211739746392,23,9.355759772785499,3,2,0.6666666666666666,0,0.0,7.305485756265945,9.355759772785499,5.255211739746392,2.050274016519553
he,טלנגאנה,capital,היידראבאד,he_6158_0,12334609,42,14610,362,1,4.329222667503047,4,3.2216942031986022,13,13.364485056251795,3,3,1.0,0,0.0,6.971800642317814,13.364485056251795,3.2216942031986022,4.542867327795443
he,אוסטרליה הדרומית,capital,אדלייד,he_6159_0,12334609,279,14610,2471,8,4.59741877845262,309,6.722123822857397,90,10.653061137144372,3,3,1.0,0,0.0,7.324201246151463,10.653061137144372,4.59741877845262,2.508595093118293
he,ממלכת סקוטלנד,capital,אדינבורו,he_6160_0,12334609,126,14610,6547,0,0.0,367,5.564558079536501,31,8.856506771271109,3,2,0.6666666666666666,0,0.0,7.210532425403805,8.856506771271109,5.564558079536501,1.645974345867304
he,הרפובליקה הפולנית השנייה,capital,ורשה,he_6161_3,12334609,347,14610,26058,0,0.0,403,3.706737380634726,110,7.229337770744018,3,2,0.6666666666666666,0,0.0,5.468037575689372,7.229337770744018,3.706737380634726,1.761300195054646
he,קנטרברי,capital,כרייסטצ'רץ',he_6162_3,12334609,1439,14610,388,296,7.440142579170459,4,3.1216272480946796,31,9.419641239432117,3,3,1.0,0,0.0,6.660470355565752,9.419641239432117,3.1216272480946796,2.629595867678284
he,ממלכת צרפת,capital,פריז,he_6163_3,12334609,400,14610,77658,2,2.0776839005070826,318,1.7895761133832064,145,5.847414616029922,3,3,1.0,0,0.0,3.23822487664007,5.847414616029922,1.7895761133832064,1.848721151923371
he,אלברטה,capital,אדמונטון,he_6164_3,12334609,2727,14610,1247,15,2.215331700975063,300,7.6661130309480185,246,9.801378418566975,3,3,1.0,0,0.0,6.560941050163353,9.801378418566975,2.215331700975063,3.1940653333649247
he,גרמניה,capital,ברלין,he_6165_2,12334609,200352,14610,72300,651,1.4558764375664517,266,1.6351144990571544,23318,4.3114796678696825,3,3,1.0,0,0.0,2.4674902014977627,4.3114796678696825,1.4558764375664517,1.3059490635140112
he,אינדיאנה,capital,אינדיאנפוליס,he_6166_3,12334609,14576,14610,1930,38,1.1381603599233419,13,2.507594676267457,359,7.298356305838226,3,3,1.0,0,0.0,3.648037114009675,7.298356305838226,1.1381603599233419,2.6410175107799017
he,הקיסרות השנייה,capital,פריז,he_6167_4,12334609,167,14610,77658,0,0.0,318,1.7895761133832064,102,6.600082765287155,3,2,0.6666666666666666,0,0.0,4.194829439335181,6.600082765287155,1.7895761133832064,2.4052533259519744
he,קיימברידג'שייר,capital,קיימברידג',he_6168_1,12334609,81,14610,8167,0,0.0,352,5.185381196552805,25,8.864624322496468,3,2,0.6666666666666666,0,0.0,7.025002759524636,8.864624322496468,5.185381196552805,1.8396215629718315
he,ממלכת סיציליה הנורמנית,capital,נאפולי,he_6169_3,12334609,30,14610,18613,0,0.0,387,4.133706862510945,11,7.924726687086175,3,2,0.6666666666666666,0,0.0,6.02921677479856,7.924726687086175,4.133706862510945,1.895509912287615
he,אנדר ולואר,capital,טור,he_6170_3,12334609,44,14610,96416,0,0.0,155,0.4406795379615817,11,4.999223690378205,3,2,0.6666666666666666,0,0.0,2.719951614169893,4.999223690378205,0.4406795379615817,2.2792720762083114
he,פוליה,capital,בארי,he_6171_2,12334609,1511,14610,38559,1,0.0,439,3.264837203475473,262,5.793563688003597,3,2,0.6666666666666666,0,0.0,4.529200445739535,5.793563688003597,3.264837203475473,1.264363242264062
he,פלנדריה המזרחית,capital,גנט,he_6172_4,12334609,15,14610,4444,0,0.0,11,1.0633286075300126,12,11.116637451696214,3,2,0.6666666666666666,0,0.0,6.089983029613113,11.116637451696214,1.0633286075300126,5.026654422083101
he,דנמרק,capital,קופנהגן,he_6173_2,12334609,30952,14610,8972,130,1.8261628898670454,377,5.148746898464199,3130,7.11919667126316,3,3,1.0,0,0.0,4.6980354865314675,7.11919667126316,1.8261628898670454,2.1842477324981417
he,מישיגן,capital,לאנסינג,he_6174_2,12334609,10996,14610,161,122,3.2275862363317405,4,4.39062321216719,59,8.68324362770694,3,3,1.0,0,0.0,5.433817692068623,8.68324362770694,3.2275862363317405,2.3462367648625926
he,השושלת האיובית,capital,קהיר,he_6175_1,12334609,181,14610,14925,0,0.0,347,4.294888631820538,46,7.7144814059069455,3,2,0.6666666666666666,0,0.0,6.004685018863742,7.7144814059069455,4.294888631820538,1.7097963870432036
he,חליפות ראשידון,capital,אל-מדינה,he_6176_3,12334609,9,14610,2734,0,0.0,5,0.6266706575631097,2,9.969486118924296,3,2,0.6666666666666666,0,0.0,5.298078388243703,9.969486118924296,0.6266706575631097,4.671407730680593
he,שוגונות טוקוגאווה,capital,אדו,he_6177_0,12334609,168,14610,3356,2,3.329222667503047,4,0.009013089841984121,86,10.877628979456182,3,3,1.0,0,0.0,4.738621578933738,10.877628979456182,0.009013089841984121,4.54763724789405
he,ברית המועצות,capital,מוסקבה,he_6178_0,12334609,39144,14610,47063,114,1.2979265370135085,491,3.138813637906552,4997,5.064245916585567,3,3,1.0,0,0.0,3.166995363835209,5.064245916585567,1.2979265370135085,1.537722574565441
he,ממלכת רומניה,capital,בוקרשט,he_6179_4,12334609,191,14610,14323,0,0.0,490,4.852131948206425,72,8.342658740301278,3,2,0.6666666666666666,0,0.0,6.597395344253852,8.342658740301278,4.852131948206425,1.7452633960474264
he,טסמניה,capital,הובארט,he_6180_4,12334609,937,14610,361,10,3.1715629475099827,11,4.685116682031934,96,11.773410884147467,3,3,1.0,0,0.0,6.5433635045631275,11.773410884147467,3.1715629475099827,3.7494673329549175
he,מחוז לימריק,capital,לימריק,he_6181_2,12334609,27,14610,369,0,0.0,0,0.0,27,15.028731641912271,3,1,0.3333333333333333,0,0.0,15.028731641912271,15.028731641912271,15.028731641912271,0.0
he,השושלת הפאטמית,capital,קהיר,he_6182_4,12334609,140,14610,14925,0,0.0,347,4.294888631820538,54,8.316369822151641,3,2,0.6666666666666666,0,0.0,6.30562922698609,8.316369822151641,4.294888631820538,2.0107405951655513
he,אוקלנד,capital,אוקלנד,he_6183_2,12334609,6050,14610,6050,325,5.503116571148305,325,5.503116571148305,6050,10.99348922092335,3,3,1.0,0,0.0,7.333240787739986,10.99348922092335,5.503116571148305,2.5881864879313916
he,ניו המפשייר,capital,קונקורד,he_6184_2,12334609,2355,14610,2401,8,1.5200287457816617,10,1.8140484969387531,58,6.9832586103696785,3,3,1.0,0,0.0,3.4391119510300308,6.9832586103696785,1.5200287457816617,2.5089630740871027
he,מחוז אודסה,capital,אודסה,he_6185_0,12334609,51,14610,6612,0,0.0,41,2.388221085607577,51,10.865337638680353,3,2,0.6666666666666666,0,0.0,6.6267793621439655,10.865337638680353,2.388221085607577,4.238558276536388
he,אוסטרליה,capital,קנברה,he_6186_4,12334609,78322,14610,1231,419,2.1752165389226685,38,4.7038525572409355,882,6.8180984619872405,3,3,1.0,0,0.0,4.565722519383615,6.8180984619872405,2.1752165389226685,1.8979634819807596
he,האימפריה העות'מאנית,capital,איסטנבול,he_6187_2,12334609,7183,14610,15588,29,1.7691502852256513,342,4.211244388998668,687,6.241855920438003,3,3,1.0,0,0.0,4.074083531554108,6.241855920438003,1.7691502852256513,1.8285483769785396
he,דרום-מערב אנגליה,capital,בריסטול,he_6188_0,12334609,178,14610,7180,0,0.0,316,5.215552709748497,33,8.31510120765431,3,2,0.6666666666666666,0,0.0,6.7653269587014035,8.31510120765431,5.215552709748497,1.5497742489529065
he,טקסס,capital,אוסטין,he_6189_3,12334609,24023,14610,11108,202,2.8276228669674546,55,2.063588341987621,1302,5.91128221325331,3,3,1.0,0,0.0,3.6008311407361284,5.91128221325331,2.063588341987621,1.663244882293271
he,האימפריה הלטינית,capital,קונסטנטינופול,he_6190_3,12334609,87,14610,2529,0,0.0,5,0.7391168635059312,59,11.691556879822542,3,2,0.6666666666666666,0,0.0,6.2153368716642365,11.691556879822542,0.7391168635059312,5.476220008158306
he,הונגריה,capital,בודפשט,he_6191_3,12334609,40521,14610,17319,153,1.672545775207999,446,4.442371979473171,6933,6.929022524666054,3,3,1.0,0,0.0,4.3479800931157415,6.929022524666054,1.672545775207999,2.14698537885968
he,רוסיה,capital,מוסקבה,he_6192_0,12334609,147123,14610,47063,487,1.4826547746241538,491,3.138813637906552,19440,5.113980302035867,3,3,1.0,0,0.0,3.245149571522191,5.113980302035867,1.4826547746241538,1.4843880376755538
he,ונטו,capital,ונציה,he_6193_2,12334609,3682,14610,26965,9,1.0451911803742133,506,3.985733251578195,730,6.502886976992219,3,3,1.0,0,0.0,3.8446038029815424,6.502886976992219,1.0451911803742133,2.230328674291655
he,ווסטרשייר,capital,ווסטר,he_6194_4,12334609,438,14610,427,0,0.0,1,0.9834478306613169,9,9.213254330193317,3,2,0.6666666666666666,0,0.0,5.098351080427317,9.213254330193317,0.9834478306613169,4.114903249766
he,ממלכת סיציליה הנורמנית,capital,פלרמו,he_6195_3,12334609,30,14610,3511,0,0.0,26,2.6443135275421445,9,10.041576772925707,3,2,0.6666666666666666,0,0.0,6.342945150233925,10.041576772925707,2.6443135275421445,3.698631622691781
he,פנסילבניה,capital,האריסברג,he_6196_2,12334609,10692,14610,58,149,3.5564644885008905,4,5.863559095154235,24,8.898946031323174,3,3,1.0,0,0.0,6.1063232049927665,8.898946031323174,3.5564644885008905,2.187803779839265
he,מדינת האפיפיור,capital,רומא,he_6197_3,12334609,474,14610,60571,0,0.0,305,2.0878659133484168,253,6.76411936438508,3,2,0.6666666666666666,0,0.0,4.425992638866749,6.76411936438508,2.0878659133484168,2.3381267255183316
he,מחוז גולוויי,capital,גולוויי,he_6198_3,12334609,29,14610,205,0,0.0,0,0.0,29,15.876728548467222,3,1,0.3333333333333333,0,0.0,15.876728548467222,15.876728548467222,15.876728548467222,0.0
he,האימפריה האוסטרית,capital,וינה,he_6199_2,12334609,793,14610,27071,2,1.0903630345778288,447,3.801210550369668,269,7.272033393729856,3,3,1.0,0,0.0,4.054535659559118,7.272033393729856,1.0903630345778288,2.530005575160402
he,איי הודו המזרחיים ההולנדים,capital,ג'קרטה,he_6200_2,12334609,32,14610,1786,0,0.0,315,7.218231743547864,11,11.213123901488743,3,2,0.6666666666666666,0,0.0,9.215677822518304,11.213123901488743,7.218231743547864,1.9974460789704396
he,ישראל,capital,ירושלים,he_6201_0,12334609,2596927,14610,771218,3651,0.2472420141760455,1004,0.1363044457594219,417154,1.3612759735602624,3,3,1.0,0,0.0,0.5816074778319099,1.3612759735602624,0.1363044457594219,0.5531660440561118
he,אאיצ'י,capital,נגויה,he_6202_1,12334609,74,14610,473,0,0.0,3,2.4208062176635683,21,12.853376331783084,3,2,0.6666666666666666,0,0.0,7.637091274723326,12.853376331783084,2.4208062176635683,5.216285057059757
he,לסטרשייר,capital,לסטר,he_6203_0,12334609,61,14610,11766,1,3.790802752718921,23,0.722765725425515,15,8.010025585104994,3,3,1.0,0,0.0,4.174531354416477,8.010025585104994,0.722765725425515,2.9873594578316727
he,מחוז קינג,capital,סיאטל,he_6204_3,12334609,36,14610,8395,0,0.0,43,2.112490235159513,16,9.350969036705964,3,2,0.6666666666666666,0,0.0,5.731729635932738,9.350969036705964,2.112490235159513,3.619239400773225
he,דוכסות אתונה,capital,אתונה,he_6205_2,12334609,11,14610,22045,1,6.262108471644511,510,4.287729670637555,11,9.128044791469557,3,3,1.0,0,0.0,6.559294311250542,9.128044791469557,4.287729670637555,1.9871926906544128
he,ממלכת ארצות השפלה,capital,אמסטרדם,he_6206_2,12334609,97,14610,30619,0,0.0,192,2.404363045487121,19,6.302083773713284,3,2,0.6666666666666666,0,0.0,4.3532234096002025,6.302083773713284,2.404363045487121,1.9488603641130815
he,אלבניה,capital,טירנה,he_6207_0,12334609,10205,14610,1321,35,1.5338345453066924,4,1.3541253390349797,746,9.414837155060997,3,3,1.0,0,0.0,4.100932346467556,9.414837155060997,1.3541253390349797,3.758214299885791
he,ג'נובה,capital,ג'נובה,he_6208_0,12334609,1791,14610,1791,304,7.162917981739431,304,7.162917981739431,1791,12.749659025986707,3,3,1.0,0,0.0,9.025164996488522,12.749659025986707,7.162917981739431,2.633614984746975
he,טאיוואן,capital,טאיפיי,he_6209_1,12334609,4506,14610,1760,28,2.3912634141039835,315,7.2393883951444264,438,9.412004395813755,3,3,1.0,0,0.0,6.347552068354055,9.412004395813755,2.3912634141039835,2.9347606385532226
he,צ'כוסלובקיה,capital,פראג,he_6210_3,12334609,5432,14610,29627,10,0.6362004209244378,615,4.13135776310202,1014,6.280157893324888,3,3,1.0,0,0.0,3.682572025783782,6.280157893324888,0.6362004209244378,2.325886277827791
he,דובאי,capital,דובאי,he_6211_1,12334609,13082,14610,13082,481,4.956137674957789,481,4.956137674957789,13082,9.880913148878607,3,3,1.0,0,0.0,6.597729499598063,9.880913148878607,4.956137674957789,2.321561422287069
he,דקוטה הצפונית,capital,ביסמרק,he_6212_0,12334609,419,14610,1563,4,3.0107336565824556,13,2.811877745423235,40,9.557228246161014,3,3,1.0,0,0.0,5.126613216055568,9.557228246161014,2.811877745423235,3.1339695889928425
he,אנדלוסיה,capital,סביליה,he_6213_1,12334609,2835,14610,14577,7,1.0597619925098203,396,4.519490492522975,648,7.59551941318926,3,3,1.0,0,0.0,4.391590632740685,7.59551941318926,1.0597619925098203,2.66974406340019
he,מהאראשטרה,capital,מומבאי,he_6214_2,12334609,153,14610,4039,1,2.4641522475891557,314,6.036378408470348,47,9.873627226254566,3,3,1.0,0,0.0,6.12471929410469,9.873627226254566,2.4641522475891557,3.0255504126162114
he,קרנאטקה,capital,בנגלור,he_6215_4,12334609,168,14610,1835,1,2.329222667503047,30,3.7868663381597507,49,10.93703672157854,3,3,1.0,0,0.0,5.684375242413779,10.93703672157854,2.329222667503047,3.7615617969736443
he,אינדונזיה,capital,ג'קרטה,he_6216_1,12334609,16225,14610,1786,87,2.1785527283566726,315,7.218231743547864,708,8.235366975160579,3,3,1.0,0,0.0,5.877383815688371,8.235366975160579,2.1785527283566726,2.6482263975858147
he,הרפובליקה הסוציאלית האיטלקית,capital,רומא,he_6217_1,12334609,95,14610,60571,0,0.0,305,2.0878659133484168,51,6.7724387722295765,3,2,0.6666666666666666,0,0.0,4.430152342788997,6.7724387722295765,2.0878659133484168,2.34228642944058
he,ממלכת הבסבורג,capital,וינה,he_6218_0,12334609,199,14610,27071,0,0.0,447,3.801210550369668,44,6.654555084970859,3,2,0.6666666666666666,0,0.0,5.227882817670263,6.654555084970859,3.801210550369668,1.4266722673005954
he,פורטוגל,capital,ליסבון,he_6219_1,12334609,40431,14610,15819,184,1.9419277798456227,462,4.6239183495968765,6431,6.95449097351725,3,3,1.0,0,0.0,4.5067790343199166,6.95449097351725,1.9419277798456227,2.0480460048585405
he,האיים הבלאריים,capital,פלמה דה מיורקה,he_6220_2,12334609,528,14610,2273,0,0.0,4,0.5711581214639594,179,10.845248337060623,3,2,0.6666666666666666,0,0.0,5.708203229262291,10.845248337060623,0.5711581214639594,5.137045107798332
he,בולוניה,capital,בולוניה,he_6221_2,12334609,8656,14610,8656,342,5.05990782134089,342,5.05990782134089,8656,10.476723864145853,3,3,1.0,0,0.0,6.865513168942544,10.476723864145853,5.05990782134089,2.5535115708716463
he,קובה,capital,הוואנה,he_6222_0,12334609,24750,14610,4170,65,1.1487669985685653,12,1.2806709226709374,2111,7.978946938246101,3,3,1.0,0,0.0,3.4694616198285346,7.978946938246101,1.1487669985685653,3.189142313022535
he,פרובינציית טולדו,capital,טולדו,he_6223_3,12334609,29,14610,6068,1,4.863559095154235,26,1.854974438175866,29,10.989203277725634,3,3,1.0,0,0.0,5.902578937018578,10.989203277725634,1.854974438175866,3.8007197386071083
he,סיינה,capital,סיינה,he_6224_3,12334609,6936,14610,6936,29,1.8196329021875444,29,1.8196329021875444,6936,10.796320464750833,3,3,1.0,0,0.0,4.811862089708641,10.796320464750833,1.8196329021875444,4.2316510987209615
he,מחוז הונולולו,capital,הונולולו,he_6225_0,12334609,5,14610,1321,1,7.399611995394445,9,2.524050340477292,5,13.18879389672584,3,3,1.0,0,0.0,7.704152077532527,13.18879389672584,2.524050340477292,4.359185495506987
he,האימפריה הרומית,capital,קונסטנטינופול,he_6226_0,12334609,12527,14610,2529,33,1.1531808745956103,5,0.7391168635059312,534,7.699799922952333,3,3,1.0,0,0.0,3.1973658870179578,7.699799922952333,0.7391168635059312,3.188186154882338
he,קונטיקט,capital,הרטפורד,he_6227_3,12334609,5008,14610,593,41,2.7890732479672726,11,3.969083414373101,205,9.733781605999493,3,3,1.0,0,0.0,5.497312756113288,9.733781605999493,2.7890732479672726,3.0341234028131177
he,סקוטלנד,capital,אדינבורו,he_6228_2,12334609,17407,14610,6547,51,1.3065854687879002,367,5.564558079536501,1559,7.398615633616531,3,3,1.0,0,0.0,4.756586393980311,7.398615633616531,1.3065854687879002,2.5518387574179884
he,אנקרה,capital,אנקרה,he_6229_3,12334609,7520,14610,7520,379,5.411077181887899,379,5.411077181887899,7520,10.679691701407668,3,3,1.0,0,0.0,7.1672820217278215,10.679691701407668,5.411077181887899,2.4836487028068883
he,לאציו,capital,רומא,he_6230_3,12334609,6998,14610,60571,10,0.27074123592932015,305,2.0878659133484168,3416,6.63523434896967,3,3,1.0,0,0.0,2.9979471660824686,6.63523434896967,0.27074123592932015,2.6767989666039544
he,הרפובליקה העממית הפולנית,capital,ורשה,he_6231_0,12334609,67,14610,26058,0,0.0,403,3.706737380634726,36,7.990605720782159,3,2,0.6666666666666666,0,0.0,5.848671550708442,7.990605720782159,3.706737380634726,2.1419341700737164
he,בזל-שטאדט,capital,בזל,he_6232_4,12334609,29,14610,10203,0,0.0,33,1.4492284182112627,29,10.23950285654367,3,2,0.6666666666666666,0,0.0,5.844365637377466,10.23950285654367,1.4492284182112627,4.3951372191662035
he,קליפורניה,capital,סקרמנטו,he_6233_4,12334609,52395,14610,6607,303,2.287572550751375,20,1.353688555791895,793,4.820464551295989,3,3,1.0,0,0.0,2.8205752192797533,4.820464551295989,1.353688555791895,1.4646280151730515
he,זלצבורג,capital,זלצבורג,he_6234_2,12334609,8809,14610,8809,65,2.6391453653282917,65,2.6391453653282917,8809,10.451446109990698,3,3,1.0,0,0.0,5.243245613549093,10.451446109990698,2.6391453653282917,3.6827538888130014
he,קיוטו,capital,קיוטו,he_6235_3,12334609,5343,14610,5343,26,2.038545506600124,26,2.038545506600124,5343,11.172774346149893,3,3,1.0,0,0.0,5.083288453116714,11.172774346149893,2.038545506600124,4.30591676890358
he,פירנצה,capital,פירנצה,he_6236_3,12334609,13400,14610,13400,409,4.687551742991059,409,4.687551742991059,13400,9.84626326774017,3,3,1.0,0,0.0,6.407122251240762,9.84626326774017,4.687551742991059,2.431839934223527
he,עיראק,capital,בגדאד,he_6237_1,12334609,36546,14610,4559,106,1.2920346550401745,31,2.5212347068039174,2471,7.515160359631855,3,3,1.0,0,0.0,3.7761432404919817,7.515160359631855,1.2920346550401745,2.6910865159794684
he,קמפניה,capital,נאפולי,he_6238_0,12334609,1103,14610,18613,0,0.0,387,4.133706862510945,479,8.168850434202193,3,2,0.6666666666666666,0,0.0,6.15127864835657,8.168850434202193,4.133706862510945,2.017571785845624
he,יפן,capital,טוקיו,he_6239_2,12334609,86311,14610,25491,420,2.038528791425946,537,4.152618017996244,8707,5.609211489182733,3,3,1.0,0,0.0,3.933452766201641,5.609211489182733,2.038528791425946,1.4659396958289395
he,מחוז מיאמי-דייד,capital,מיאמי,he_6240_3,12334609,73,14610,25358,1,3.5317155314017903,106,1.8193072015163825,73,8.926055304644043,3,3,1.0,0,0.0,4.759026012520739,8.926055304644043,1.8193072015163825,3.0283312691013475
he,מחוז כרמאן,capital,כרמאן,he_6241_4,12334609,18,14610,287,0,0.0,0,0.0,18,15.39130172129698,3,1,0.3333333333333333,0,0.0,15.39130172129698,15.39130172129698,15.39130172129698,0.0
he,האלפים הימיים,capital,ניס,he_6242_0,12334609,79,14610,11547,0,0.0,398,4.862934254293461,38,9.005124956707155,3,2,0.6666666666666666,0,0.0,6.934029605500308,9.005124956707155,4.862934254293461,2.071095351206847
he,אסטוניה,capital,טאלין,he_6243_3,12334609,11063,14610,3628,58,2.1460660455823244,323,6.23197170444721,1591,8.933512987948138,3,3,1.0,0,0.0,5.770516912659224,8.933512987948138,2.1460660455823244,2.7901092442777014
he,אוסטרליה המערבית,capital,פרת',he_6244_1,12334609,315,14610,1637,8,4.4223320718945285,10,2.366629578695016,82,10.937714027729319,3,3,1.0,0,0.0,5.908891892772954,10.937714027729319,2.366629578695016,3.6536070974592576
he,מחוז לבוב,capital,לבוב,he_6245_0,12334609,85,14610,8675,0,0.0,12,0.22385454864997784,85,10.473560605619681,3,2,0.6666666666666666,0,0.0,5.34870757713483,10.473560605619681,0.22385454864997784,5.124853028484852
he,ניו סאות' ויילס,capital,סידני,he_6246_4,12334609,1201,14610,20400,12,3.0764821552973296,157,2.699879307427214,351,7.465233900825374,3,3,1.0,0,0.0,4.4138651211833055,7.465233900825374,2.699879307427214,2.1631144211201145
he,מחוז ריברסייד,capital,ריברסייד,he_6247_3,12334609,28,14610,885,0,0.0,6,2.5169689460326037,28,13.766675003002309,3,2,0.6666666666666666,0,0.0,8.141821974517455,13.766675003002309,2.5169689460326037,5.624853028484853
he,ונצואלה,capital,קראקס,he_6248_4,12334609,12089,14610,1069,58,2.018113795822851,7,2.466848874618921,628,9.227375969557276,3,3,1.0,0,0.0,4.5707795466663494,9.227375969557276,2.018113795822851,3.297803155333962
he,מניטובה,capital,ויניפג,he_6249_1,12334609,713,14610,733,4,2.243781823837919,294,8.40354304698436,106,11.288701447958168,3,3,1.0,0,0.0,7.312008772926816,11.288701447958168,2.243781823837919,3.7723757373199756
he,ממלכת איטליה,capital,טורינו,he_6250_0,12334609,531,14610,8824,1,0.6689720394776537,316,4.918103762867528,70,7.5257065385220985,3,3,1.0,0,0.0,4.37092744695576,7.5257065385220985,0.6689720394776537,2.825863105686196
he,לומברדיה,capital,מילאנו,he_6251_4,12334609,1750,14610,29537,1,0.0,490,3.807942347156657,633,7.238895448553597,3,2,0.6666666666666666,0,0.0,5.523418897855127,7.238895448553597,3.807942347156657,1.7154765506984702
he,איראן,capital,טהראן,he_6252_2,12334609,96057,14610,7825,236,1.0525800082824393,308,5.0544515942693655,6356,6.7046338892526345,3,3,1.0,0,0.0,4.270555163934813,6.7046338892526345,1.0525800082824393,2.37308497929959
he,ממלכת בריטניה הגדולה,capital,לונדון,he_6253_1,12334609,234,14610,119995,0,0.0,1124,2.983351643777872,96,5.398191662385559,3,2,0.6666666666666666,0,0.0,4.190771653081716,5.398191662385559,2.983351643777872,1.2074200093038432
he,לוב,capital,טריפולי,he_6254_0,12334609,20481,14610,4512,56,1.2068964750780262,13,1.282428456024106,2489,8.376009273293525,3,3,1.0,0,0.0,3.6217780681318854,8.376009273293525,1.2068964750780262,3.361890542947121
he,נסיכות מוסקבה,capital,מוסקבה,he_6255_1,12334609,167,14610,47063,0,0.0,491,3.138813637906552,167,8.033902981282719,3,2,0.6666666666666666,0,0.0,5.586358309594635,8.033902981282719,3.138813637906552,2.4475446716880835
he,טריטוריית הבירה האוסטרלית,capital,קנברה,he_6256_1,12334609,211,14610,1231,49,7.615150745689831,38,4.7038525572409355,43,10.995759167483124,3,3,1.0,0,0.0,7.771587490137963,10.995759167483124,4.7038525572409355,2.571040844906006
he,צרפת של וישי,capital,פריז,he_6257_3,12334609,584,14610,77658,2,1.53171553140179,318,1.7895761133832064,124,5.07573346729657,3,3,1.0,0,0.0,2.7990083706938553,5.07573346729657,1.53171553140179,1.6133259422820565
he,ריין תחתון,capital,שטרסבורג,he_6258_4,12334609,23,14610,5389,0,0.0,24,1.9107007196132169,14,10.444199742583512,3,2,0.6666666666666666,0,0.0,6.177450231098365,10.444199742583512,1.9107007196132169,4.2667495114851475
he,מחוז וילנה,capital,וילנה,he_6259_1,12334609,89,14610,11247,0,0.0,37,1.4737408449015104,89,10.098956036963422,3,2,0.6666666666666666,0,0.0,5.786348440932466,10.098956036963422,1.4737408449015104,4.312607596030956
he,בריסל,capital,בריסל,he_6260_4,12334609,12060,14610,12060,158,3.4673785516714632,158,3.4673785516714632,12060,9.998266361185221,3,3,1.0,0,0.0,5.644341154842716,9.998266361185221,3.4673785516714632,3.0786900381838236
he,ססקצ'ואן,capital,רג'יינה,he_6261_0,12334609,352,14610,23,1,1.2621084716445101,0,0.0,11,14.032646691915655,3,2,0.6666666666666666,0,0.0,7.647377581780082,14.032646691915655,1.2621084716445101,6.385269110135573
he,מחוז טהראן,capital,טהראן,he_6262_3,12334609,36,14610,7825,0,0.0,308,5.0544515942693655,36,10.622333611265326,3,2,0.6666666666666666,0,0.0,7.838392602767346,10.622333611265326,5.0544515942693655,2.78394100849798
he,אמיליה-רומאניה,capital,בולוניה,he_6263_4,12334609,450,14610,8656,0,0.0,342,5.05990782134089,180,9.15479576925849,3,2,0.6666666666666666,0,0.0,7.1073517952996905,9.15479576925849,5.05990782134089,2.0474439739587997
he,אירלנד,capital,דבלין,he_6264_0,12334609,36489,14610,8809,176,2.025797715712528,387,5.212967308444248,3588,7.105236291703383,3,3,1.0,0,0.0,4.781333771953386,7.105236291703383,2.025797715712528,2.096012833005197
he,אורוגוואי,capital,מונטווידאו,he_6265_1,12334609,10122,14610,1053,26,1.1167730494141777,299,7.905252043454196,452,9.030891130353417,3,3,1.0,0,0.0,6.017638741073931,9.030891130353417,1.1167730494141777,3.495771658661794
he,הממלכה האחמנית,capital,בבל,he_6266_1,12334609,245,14610,42024,1,1.7849021512792367,124,1.3168105315139684,81,6.600494842700008,3,3,1.0,0,0.0,3.234069175164404,6.600494842700008,1.3168105315139684,2.3880806480526737
he,פרו,capital,לימה,he_6267_3,12334609,84885,14610,6959,305,1.60098350504077,29,1.8148567933360336,1908,5.3161677942135475,3,3,1.0,0,0.0,2.910669364196784,5.3161677942135475,1.60098350504077,1.7031837772186915
he,סרי לנקה,capital,קולומבו,he_6268_2,12334609,8207,14610,3079,24,1.303863353043509,294,6.332966283073355,1214,9.210875964224078,3,3,1.0,0,0.0,5.615901866780313,9.210875964224078,1.303863353043509,3.267603417509271
he,בית המלוכה העיראקי,capital,בגדאד,he_6269_4,12334609,30,14610,4559,0,0.0,31,2.5212347068039174,12,10.079778859220541,3,2,0.6666666666666666,0,0.0,6.30050678301223,10.079778859220541,2.5212347068039174,3.779272076208312
he,קונפדרציית המדינות של אמריקה,capital,מונטגומרי,he_6270_2,12334609,205,14610,3227,1,2.042059990776361,16,2.065562227794865,25,8.864606875755005,3,3,1.0,0,0.0,4.324076364775411,8.864606875755005,2.042059990776361,3.2106542510459017
he,ממלכת סרביה,capital,בלגרד,he_6271_4,12334609,170,14610,9404,2,3.3121491541441057,31,1.476677577015661,67,9.013848078639718,3,3,1.0,0,0.0,4.600891603266494,9.013848078639718,1.476677577015661,3.209140862989703
he,מחוז ווטרפורד,capital,ווטרפורד,he_6272_2,12334609,13,14610,400,0,0.0,1,1.0776839005070826,13,14.912352458197944,3,2,0.6666666666666666,0,0.0,7.995018179352513,14.912352458197944,1.0776839005070826,6.917334278845431
he,סרביה ומונטנגרו,capital,בלגרד,he_6273_3,12334609,884,14610,9404,2,0.9336375308903758,31,1.476677577015661,181,8.06909315201142,3,3,1.0,0,0.0,3.4931360866391525,8.06909315201142,0.9336375308903758,3.243276164726209
he,אוקראינה,capital,קייב,he_6274_2,12334609,41560,14610,16903,133,1.4339144919914228,412,4.363048914424771,5818,6.674616492241145,3,3,1.0,0,0.0,4.157193299552446,6.674616492241145,1.4339144919914228,2.1444535845581125
he,בוסניה והרצגובינה,capital,סרייבו,he_6275_3,12334609,2898,14610,1467,18,2.39062321216719,4,1.2028869346084174,289,9.711639295243028,3,3,1.0,0,0.0,4.435049814006212,9.711639295243028,1.2028869346084174,3.7624882530387214
he,ארמניה,capital,ירוואן,he_6276_3,12334609,8988,14610,838,35,1.7170386980468666,5,2.332661751469818,610,9.964283237543658,3,3,1.0,0,0.0,4.6713278956867805,9.964283237543658,1.7170386980468666,3.7511136234585845
he,בית עבאס,capital,דמשק,he_6277_0,12334609,543,14610,20134,0,0.0,30,0.3310844869436077,125,7.139838345883676,3,2,0.6666666666666666,0,0.0,3.7354614164136417,7.139838345883676,0.3310844869436077,3.404376929470034
he,חליסקו,capital,גוודלחרה,he_6278_2,12334609,245,14610,751,2,2.784902151279237,296,8.378324358396485,35,11.196184628400792,3,3,1.0,0,0.0,7.453137046025504,11.196184628400792,2.784902151279237,3.495654149532169
he,בנגלדש,capital,דאקה,he_6279_0,12334609,5453,14610,666,30,2.2155962457710525,6,2.9271242239317012,275,9.867283649194155,3,3,1.0,0,0.0,5.003334706298969,9.867283649194155,2.2155962457710525,3.4515762104913494
he,אלבמה,capital,מונטגומרי,he_6280_3,12334609,3796,14610,3227,13,1.53171553140179,16,2.065562227794865,203,7.675302425649793,3,3,1.0,0,0.0,3.757526728282149,7.675302425649793,1.53171553140179,2.7788454299073977
he,אילינוי,capital,ספרינגפילד,he_6281_1,12334609,7620,14610,1508,39,2.1113670267633715,14,2.970474299070747,142,7.251959771828002,3,3,1.0,0,0.0,4.11126703255404,7.251959771828002,2.1113670267633715,2.2483296745553116
he,לינקולנשייר,capital,לינקולן,he_6282_4,12334609,307,14610,13186,1,1.4594452449116277,63,2.012100647759877,26,6.307834154721735,3,3,1.0,0,0.0,3.2597933491310798,6.307834154721735,1.4594452449116277,2.1670673828907794
he,האימפריה הספרדית,capital,מדריד,he_6283_1,12334609,644,14610,68191,5,2.7125513070545524,441,2.448881214579665,119,5.062815811906332,3,3,1.0,0,0.0,3.40808277784685,5.062815811906332,2.448881214579665,1.1750139119523093
he,נור-פה דה קאלה,capital,ליל,he_6284_3,12334609,95,14610,108551,0,0.0,93,0.0,26,4.958779266850376,3,1,0.3333333333333333,0,0.0,4.958779266850376,4.958779266850376,4.958779266850376,0.0
he,ויסקונסין,capital,מדיסון,he_6285_0,12334609,5607,14610,7508,23,1.7920886918725059,35,1.9766101723958995,665,7.606192889064031,3,3,1.0,0,0.0,3.7916305844441456,7.606192889064031,1.7920886918725059,2.6983545882708926
he,סיציליה,capital,פלרמו,he_6286_1,12334609,7245,14610,3511,7,0.0,26,2.6443135275421445,1103,9.062989468239003,3,2,0.6666666666666666,0,0.0,5.853651497890574,9.062989468239003,2.6443135275421445,3.2093379703484293
he,ממלכת אירלנד,capital,דבלין,he_6287_2,12334609,64,14610,8809,0,0.0,387,5.212967308444248,14,8.258801032048302,3,2,0.6666666666666666,0,0.0,6.735884170246274,8.258801032048302,5.212967308444248,1.522916861802027
he,הפיליפינים,capital,מנילה,he_6288_0,12334609,12694,14610,3869,51,1.762106304970523,13,1.504234794979683,1390,8.447473674857541,3,3,1.0,0,0.0,3.904604924935916,8.447473674857541,1.504234794979683,3.2140179203168833
he,הרפובליקה של ונציה,capital,ונציה,he_6289_0,12334609,285,14610,26965,0,0.0,506,3.985733251578195,285,8.837408234574745,3,2,0.6666666666666666,0,0.0,6.41157074307647,8.837408234574745,3.985733251578195,2.425837491498275
he,מחוז חלב,capital,חלב,he_6290_1,12334609,95,14610,220865,1,3.1516844819508596,184,0.0,95,5.803403357500357,3,2,0.6666666666666666,0,0.0,4.477543919725608,5.803403357500357,3.1516844819508596,1.3258594377747486
he,קולורדו,capital,דנוור,he_6291_0,12334609,9437,14610,2766,46,2.0409894585508237,16,2.287954649131313,520,7.9408784320626316,3,3,1.0,0,0.0,4.08994084658159,7.9408784320626316,2.0409894585508237,2.7248899876010326
he,יוון,capital,אתונה,he_6292_1,12334609,79376,14610,22045,312,1.7305270672513775,510,4.287729670637555,9445,6.056964630852612,3,3,1.0,0,0.0,4.025073789580515,6.056964630852612,1.7305270672513775,1.7759986076994043
he,המדינה העצמאית של קרואטיה,capital,זאגרב,he_6293_2,12334609,53,14610,5656,0,0.0,305,5.508639117922657,15,9.269612384208589,3,2,0.6666666666666666,0,0.0,7.389125751065623,9.269612384208589,5.508639117922657,1.880486633142966
he,הולנד,capital,אמסטרדם,he_6294_3,12334609,70385,14610,30619,245,1.5551976460340595,192,2.404363045487121,9683,5.792327098329916,3,3,1.0,0,0.0,3.250629263283699,5.792327098329916,1.5551976460340595,1.8303809043322175
he,אריזונה,capital,פיניקס,he_6295_3,12334609,10655,14610,9826,50,1.9861533073864661,86,2.885416321232887,791,6.542111036024376,3,3,1.0,0,0.0,3.8045602215479093,6.542111036024376,1.9861533073864661,1.9702464885386988
he,איטליה,capital,רומא,he_6296_1,12334609,153684,14610,60571,519,1.5115233699497372,305,2.0878659133484168,20097,4.734954127163864,3,3,1.0,0,0.0,2.7781144701540064,4.734954127163864,1.5115233699497372,1.4035570916467106
he,ממלכת יוגוסלביה,capital,בלגרד,he_6297_4,12334609,353,14610,9404,0,0.0,31,1.476677577015661,101,8.551836933800262,3,2,0.6666666666666666,0,0.0,5.014257255407961,8.551836933800262,1.476677577015661,3.5375796783923006
he,הממלכה המאוחדת,capital,לונדון,he_6298_3,12334609,14449,14610,119995,72,2.0727830633908226,1124,2.983351643777872,3501,4.638463199343014,3,3,1.0,0,0.0,3.2315326355039034,4.638463199343014,2.0727830633908226,1.062033895722574
he,הרפובליקה העממית הסוציאליסטית של אלבניה,capital,טירנה,he_6299_2,12334609,4,14610,1321,0,0.0,4,1.3541253390349797,1,11.18879389672584,3,2,0.6666666666666666,0,0.0,6.27145961788041,11.18879389672584,1.3541253390349797,4.917334278845431
he,סרביה,capital,בלגרד,he_6300_1,12334609,17912,14610,9404,63,1.570181200929126,31,1.476677577015661,3230,7.885829461048337,3,3,1.0,0,0.0,3.6442294129977078,7.885829461048337,1.476677577015661,2.9995070659069474
he,ממלכת לוב,capital,טריפולי,he_6301_1,12334609,11,14610,4512,0,0.0,13,1.282428456024106,5,10.279153771823939,3,2,0.6666666666666666,0,0.0,5.780791113924023,10.279153771823939,1.282428456024106,4.498362657899916
he,קנדה,capital,אוטווה,he_6302_1,12334609,82546,14610,1919,738,2.9161064098308533,306,7.072788936779079,1283,6.64246442035562,3,3,1.0,0,0.0,5.543786588988517,7.072788936779079,2.9161064098308533,1.8663372578953163
he,קנאגווה,capital,יוקוהמה,he_6303_3,12334609,70,14610,890,1,3.592257073336841,1,0.0,19,11.877191618617527,3,2,0.6666666666666666,0,0.0,7.734724345977184,11.877191618617527,3.592257073336841,4.142467272640343
he,מחוז מרכז בוהמיה,capital,פראג,he_6304_1,12334609,0,14610,29627,0,0.0,615,4.13135776310202,0,0.0,3,1,0.3333333333333333,1,0.3333333333333333,4.13135776310202,4.13135776310202,4.13135776310202,0.0
he,צרפת,capital,פריז,he_6305_2,12334609,188341,14610,77658,518,1.2153608087415648,318,1.7895761133832064,22739,4.261255335893829,3,3,1.0,0,0.0,2.4220640860062,4.261255335893829,1.2153608087415648,1.3214636189388866
he,בולגריה,capital,סופיה,he_6306_3,12334609,25763,14610,26923,146,2.2583516702157986,416,3.7054282520612953,4378,6.282700351845984,3,3,1.0,0,0.0,4.08216009137436,6.282700351845984,2.2583516702157986,1.6643899256481949
he,דבון,capital,אקסטר,he_6307_0,12334609,1625,14610,1023,8,2.055316087478628,4,1.7229496605364787,48,8.476356716145316,3,3,1.0,0,0.0,4.084874154720141,8.476356716145316,1.7229496605364787,3.108210221967581
he,מרכז מקדוניה,capital,סלוניקי,he_6308_4,12334609,74,14610,11116,0,0.0,322,4.612106849195862,51,9.578830505114652,3,2,0.6666666666666666,0,0.0,7.095468677155257,9.578830505114652,4.612106849195862,2.483361827959395
he,אמירות סיציליה,capital,פלרמו,he_6309_3,12334609,8,14610,3511,0,0.0,26,2.6443135275421445,5,11.100470461979276,3,2,0.6666666666666666,0,0.0,6.87239199476071,11.100470461979276,2.6443135275421445,4.228078467218566
he,גיאנה,capital,ג'ורג'טאון,he_6310_0,12334609,2169,14610,1714,11,2.0981573712468307,25,3.622244885944032,53,7.458163370751094,3,3,1.0,0,0.0,4.392855209313986,7.458163370751094,2.0981573712468307,2.2550382526753556
he,ממלכת הונגריה,capital,בודפשט,he_6311_1,12334609,477,14610,17319,2,1.8236946342762956,446,4.442371979473171,108,7.3331826834016836,3,3,1.0,0,0.0,4.533083099050383,7.3331826834016836,1.8236946342762956,2.2501534793986955
he,סקסוניה,capital,דרזדן,he_6312_3,12334609,2508,14610,4191,7,1.2365733795373726,328,6.046013288769272,392,8.845518053155217,3,3,1.0,0,0.0,5.3760349071539535,8.845518053155217,1.2365733795373726,3.142256411712052
he,שושלת מינג,capital,נאנג'ינג,he_6313_4,12334609,1209,14610,915,15,3.388832156641202,8,2.8839121571104025,115,10.324472236496515,3,3,1.0,0,0.0,5.532405516749374,10.324472236496515,2.8839121571104025,3.3947669175131545
he,מחוז מכה,capital,מכה,he_6314_0,12334609,21,14610,129108,0,0.0,245,0.6799591568148463,21,6.577989775503136,3,2,0.6666666666666666,0,0.0,3.6289744661589913,6.577989775503136,0.6799591568148463,2.9490153093441447
he,איילט מצרים,capital,קהיר,he_6315_2,12334609,9,14610,14925,0,0.0,347,4.294888631820538,3,8.105802836211982,3,2,0.6666666666666666,0,0.0,6.20034573401626,8.105802836211982,4.294888631820538,1.9054571021957218
he,פולין הקונגרסאית,capital,ורשה,he_6316_2,12334609,379,14610,26058,1,1.1554860521107158,403,3.706737380634726,164,7.678267876244611,3,3,1.0,0,0.0,4.180163769663351,7.678267876244611,1.1554860521107158,2.683874076862821
he,צפון אירלנד,capital,בלפסט,he_6317_1,12334609,4527,14610,1474,12,1.162162999755124,5,1.5179473760740998,530,9.93619679708032,3,3,1.0,0,0.0,4.2054357243031815,9.93619679708032,1.162162999755124,4.05486230637996
he,ספרד,capital,מדריד,he_6318_3,12334609,137851,14610,68191,430,1.3969827324366746,441,2.448881214579665,19611,4.6855402018366314,3,3,1.0,0,0.0,2.8438013829509905,4.6855402018366314,1.3969827324366746,1.3712826141794865
he,צרפת המטרופוליטנית,capital,פריז,he_6319_0,12334609,64,14610,77658,1,3.7215400902818074,318,1.7895761133832064,22,5.770793334427009,3,3,1.0,0,0.0,3.760636512697341,5.770793334427009,1.7895761133832064,1.6255602189128942
he,טטרסטן,capital,קאזאן,he_6320_0,12334609,286,14610,4420,3,3.146631254224574,166,4.986748867349938,148,10.495960022544434,3,3,1.0,0,0.0,6.209780048039648,10.495960022544434,3.146631254224574,3.1225003109599982
he,ברסט,capital,ברסט,he_6321_0,12334609,3181,14610,3181,6,0.6712379344634501,6,0.6712379344634501,3181,11.920943991433155,3,3,1.0,0,0.0,4.421139953453352,11.920943991433155,0.6712379344634501,5.30316229282577
he,פלשתינה (א״י),capital,ירושלים,he_6322_2,12334609,126,14610,771218,0,0.0,1004,0.1363044457594219,26,1.722589244140686,3,2,0.6666666666666666,0,0.0,0.9294468449500539,1.722589244140686,0.1363044457594219,0.793142399190632
he,פלרמו,capital,פלרמו,he_6323_4,12334609,3511,14610,3511,26,2.6443135275421445,26,2.6443135275421445,3511,11.778542367091912,3,3,1.0,0,0.0,5.6890564740587335,11.778542367091912,2.6443135275421445,4.30591676890358
he,ממלכת בוואריה,capital,מינכן,he_6324_1,12334609,136,14610,38362,1,2.634077249031468,456,3.3270397877823052,38,6.48928300350167,3,3,1.0,0,0.0,4.150133346771814,6.48928300350167,2.634077249031468,1.6780474978304505
he,טאמיל נאדו,capital,צ'נאי,he_6325_0,12334609,539,14610,961,3,2.232361128250458,7,2.620502391565661,115,11.419164615390788,3,3,1.0,0,0.0,5.424009378402302,11.419164615390788,2.232361128250458,4.242175396874017
he,בלארוס,capital,מינסק,he_6326_0,12334609,9778,14610,5268,25,1.1100725900483948,298,5.577668980487455,1127,8.076117127880238,3,3,1.0,0,0.0,4.921286232805362,8.076117127880238,1.1100725900483948,2.881501097154657
he,גלוסטרשייר,capital,גלוסטר,he_6327_0,12334609,187,14610,647,0,0.0,1,0.3839181882892998,31,11.625888596479399,3,2,0.6666666666666666,0,0.0,6.00490339238435,11.625888596479399,0.3839181882892998,5.620985204095049
he,וו,capital,לוזאן,he_6328_3,12334609,46399,14610,1727,80,0.5416620931674633,8,1.967487722752883,56,3.1077051104996416,3,3,1.0,0,0.0,1.8722849754733293,3.1077051104996416,0.5416620931674633,1.0497434175444933
he,האיחוד האירופי,capital,שטרסבורג,he_6329_0,12334609,56116,14610,5389,267,2.00611146642418,24,1.9107007196132169,190,2.9541378293686873,3,3,1.0,0,0.0,2.290316671802028,2.9541378293686873,1.9107007196132169,0.47100580292009925
he,אוטר פרדש,capital,לאקנאו,he_6330_4,12334609,218,14610,91,2,2.953355765504881,0,0.0,18,13.450154684439358,3,2,0.6666666666666666,0,0.0,8.20175522497212,13.450154684439358,2.953355765504881,5.2483994594672385
he,רפובליקה סרפסקה,capital,סרייבו,he_6331_1,12334609,127,14610,1467,0,0.0,4,1.2028869346084174,43,11.47513556022921,3,2,0.6666666666666666,0,0.0,6.339011247418814,11.47513556022921,1.2028869346084174,5.136124312810396
he,סרייבו,capital,סרייבו,he_6332_0,12334609,1467,14610,1467,4,1.2028869346084174,4,1.2028869346084174,1467,13.037555492299278,3,3,1.0,0,0.0,5.147776453838705,13.037555492299278,1.2028869346084174,5.57891626015895
he,הרפובליקה הסובייטית ההונגרית,capital,בודפשט,he_6333_3,12334609,31,14610,17319,0,0.0,446,4.442371979473171,17,8.609407168107191,3,2,0.6666666666666666,0,0.0,6.525889573790181,8.609407168107191,4.442371979473171,2.0835175943170103
he,ממלכת אפגניסטן,capital,קאבול,he_6334_4,12334609,3,14610,1342,0,0.0,9,2.501296135523936,1,11.581077191051328,3,2,0.6666666666666666,0,0.0,7.0411866632876325,11.581077191051328,2.501296135523936,4.539890527763696
he,לובלסקי,capital,לובלין,he_6335_1,12334609,641,14610,6874,1,0.3973595436630663,67,3.0406951443672825,90,7.9769470613113045,3,3,1.0,0,0.0,3.8050005831138844,7.9769470613113045,0.3973595436630663,3.141194978262834
he,וירג'יניה,capital,ריצ'מונד,he_6336_1,12334609,12909,14610,2240,72,2.235375466054654,12,2.177219574057997,372,7.309994816466267,3,3,1.0,0,0.0,3.9075299521929723,7.309994816466267,2.177219574057997,2.406023121446702
he,ממלכת אנגליה,capital,וינצ'סטר,he_6337_1,12334609,768,14610,590,0,0.0,3,2.1019314467537598,18,8.936600004444621,3,2,0.6666666666666666,0,0.0,5.51926572559919,8.936600004444621,2.1019314467537598,3.4173342788454306
he,מחוז אל-מדינה,capital,אל-מדינה,he_6338_3,12334609,7,14610,2734,0,0.0,5,0.6266706575631097,7,12.139411120366608,3,2,0.6666666666666666,0,0.0,6.383040888964859,12.139411120366608,0.6266706575631097,5.756370231401749
he,עיריית סטוקהולם,capital,סטוקהולם,he_6339_0,12334609,17,14610,3143,0,0.0,306,6.361001376175708,17,11.938282091173917,3,2,0.6666666666666666,0,0.0,9.149641733674812,11.938282091173917,6.361001376175708,2.7886403574991045
he,הרפובליקה הסובייטית הסוציאליסטית האזרית,capital,באקו,he_6340_3,12334609,25,14610,6346,0,0.0,41,2.447460288982253,15,10.187611247888825,3,2,0.6666666666666666,0,0.0,6.317535768435539,10.187611247888825,2.447460288982253,3.8700754794532854
he,ממלכת יוון,capital,אתונה,he_6341_1,12334609,205,14610,22045,0,0.0,510,4.287729670637555,55,7.229924405488772,3,2,0.6666666666666666,0,0.0,5.758827038063163,7.229924405488772,4.287729670637555,1.4710973674256085
he,קוריאה הדרומית,capital,סיאול,he_6342_2,12334609,7388,14610,10362,89,3.346305370265767,488,5.313262559594613,1982,8.318966875926638,3,3,1.0,0,0.0,5.6595116019290055,8.318966875926638,3.346305370265767,2.044791254538952
he,המסדר הריבוני הצבאי של מלטה,capital,רומא,he_6343_0,12334609,18,14610,60571,0,0.0,305,2.0878659133484168,4,5.499944037146717,3,2,0.6666666666666666,0,0.0,3.7939049752475666,5.499944037146717,2.0878659133484168,1.7060390618991501
he,קאמבריה,capital,קרליסל,he_6344_0,12334609,177,14610,51,0,0.0,2,5.049114748310312,1,10.416177755918175,3,2,0.6666666666666666,0,0.0,7.732646252114243,10.416177755918175,5.049114748310312,2.683531503803932
he,סקסוניה התחתונה,capital,הנובר,he_6345_1,12334609,434,14610,3083,0,0.0,322,6.462337794289249,122,10.135275578983899,3,2,0.6666666666666666,0,0.0,8.298806686636574,10.135275578983899,6.462337794289249,1.836468892347325
he,ממלכת אנגליה,capital,וסטמינסטר,he_6346_2,12334609,768,14610,1962,0,0.0,9,1.953355765504881,78,9.318539039894521,3,2,0.6666666666666666,0,0.0,5.635947402699701,9.318539039894521,1.953355765504881,3.68259163719482
he,טורינו,capital,טורינו,he_6347_1,12334609,8824,14610,8824,316,4.918103762867528,316,4.918103762867528,8824,10.448991572381285,3,3,1.0,0,0.0,6.761733032705447,10.448991572381285,4.918103762867528,2.607285517392792
he,קרוליינה הצפונית,capital,ראלי,he_6348_2,12334609,1809,14610,14442,10,2.2224914925479284,147,3.103229507922519,61,4.84798636571866,3,3,1.0,0,0.0,3.3912357887297024,4.84798636571866,2.2224914925479284,1.0910290389046295
he,הטריטוריה הצפונית,capital,דרווין,he_6349_2,12334609,361,14610,7744,12,4.810647564115793,22,1.2621084716445101,88,8.6009220024482,3,3,1.0,0,0.0,4.891226012736168,8.6009220024482,1.2621084716445101,2.996599814763769
he,ממלכת הנובר,capital,הנובר,he_6350_0,12334609,120,14610,3083,0,0.0,322,6.462337794289249,120,11.966089473865493,3,2,0.6666666666666666,0,0.0,9.214213634077371,11.966089473865493,6.462337794289249,2.751875839788122
he,הורדלנד,capital,ברגן,he_6351_0,12334609,23,14610,5848,0,0.0,297,5.4221316151301355,7,9.326274018020822,3,2,0.6666666666666666,0,0.0,7.374202816575479,9.326274018020822,5.4221316151301355,1.9520712014453432
he,דקוטה הדרומית,capital,פיר,he_6352_0,12334609,567,14610,9878,4,2.5743351653395785,24,1.036499337624519,21,5.531317892430756,3,3,1.0,0,0.0,3.047384131798284,5.531317892430756,1.036499337624519,1.865239922665597
he,אלזס,capital,שטרסבורג,he_6353_0,12334609,2893,14610,5389,11,1.682621100989505,24,1.9107007196132169,681,9.073567156665392,3,3,1.0,0,0.0,4.222296325756038,9.073567156665392,1.682621100989505,3.4316299901778295
he,אונטריו,capital,טורונטו,he_6354_1,12334609,4128,14610,21445,32,2.7103128348585535,405,3.9949644925308756,1077,7.229430231570703,3,3,1.0,0,0.0,4.644902519653377,7.229430231570703,2.7103128348585535,1.9013013246443458
he,מסצ'וסטס,capital,בוסטון,he_6355_3,12334609,9876,14610,28815,65,2.4741967821674797,168,2.299325113786522,1697,6.200735977098504,3,3,1.0,0,0.0,3.658085957684168,6.200735977098504,2.299325113786522,1.79934189191889
he,ממלכת בולגריה,capital,סופיה,he_6356_4,12334609,318,14610,26923,1,1.4086571349974517,416,3.7054282520612953,156,7.8121763551889565,3,3,1.0,0,0.0,4.308753914082568,7.8121763551889565,1.4086571349974517,2.64880677433954
he,נאפולי,capital,נאפולי,he_6357_1,12334609,18613,14610,18613,387,4.133706862510945,387,4.133706862510945,18613,9.372185664057396,3,3,1.0,0,0.0,5.879866463026429,9.372185664057396,4.133706862510945,2.4694425891169822
he,רומניה,capital,בוקרשט,he_6358_3,12334609,39436,14610,14323,213,2.189024104618113,490,4.852131948206425,6238,7.089804798379335,3,3,1.0,0,0.0,4.7103202837346245,7.089804798379335,2.189024104618113,2.0032466586720132
he,שווייץ,capital,ברן,he_6359_0,12334609,18822,14610,8675,83,1.896447207063973,30,1.5457826435373403,732,5.789128129338966,3,3,1.0,0,0.0,3.0771193266467596,5.789128129338966,1.5457826435373403,1.9230158984328658
he,אוסטריה,capital,וינה,he_6360_0,12334609,46910,14610,27071,155,1.4800566151727013,447,3.801210550369668,8945,6.441005973433138,3,3,1.0,0,0.0,3.907424379658502,6.441005973433138,1.4800566151727013,2.0266911731449215
he,סלובקיה,capital,ברטיסלאבה,he_6361_1,12334609,14451,14610,1410,48,1.48762088169483,78,5.545462861857899,483,8.191726870214152,3,3,1.0,0,0.0,5.074936871255627,8.191726870214152,1.48762088169483,2.757088477264782
he,אנגליה,capital,לונדון,he_6362_2,12334609,93787,14610,119995,262,1.2378627504599413,1124,2.983351643777872,16035,4.1354302732175,3,3,1.0,0,0.0,2.7855482224851045,4.1354302732175,1.2378627504599413,1.1911672237323039
he,מצרים,capital,קהיר,he_6363_4,12334609,177223,14610,14925,310,0.5624581721209501,347,4.294888631820538,7498,5.127849123786134,3,3,1.0,0,0.0,3.328398642575874,5.127849123786134,0.5624581721209501,1.9851575604754392
he,אוסימה,capital,הלסינקי,he_6364_2,12334609,17,14610,7339,1,5.634077249031468,332,5.255211739746392,6,9.212340525561144,3,3,1.0,0,0.0,6.700543171446334,9.212340525561144,5.255211739746392,1.7828309378878446
he,לנקשייר,capital,פרסטון,he_6365_3,12334609,489,14610,2564,4,2.7878494353295737,8,1.3973595436630664,50,8.942193636176418,3,3,1.0,0,0.0,4.375800871723019,8.942193636176418,1.3973595436630664,3.2784470606417653
he,הירושימה,capital,הירושימה,he_6366_3,12334609,4595,14610,4595,12,1.1406534448265666,12,1.1406534448265666,4595,11.39035950179627,3,3,1.0,0,0.0,4.557222130483134,11.39035950179627,1.1406534448265666,4.831757772034738
he,האימפריה הרומית הקדושה,capital,וינה,he_6367_4,12334609,2952,14610,27071,8,1.1940630842214113,447,3.801210550369668,422,6.025370269524,3,3,1.0,0,0.0,3.67354796803836,6.025370269524,1.1940630842214113,1.9744375706995196
he,הממלכה המאוחדת של בריטניה הגדולה ואירלנד,capital,לונדון,he_6368_0,12334609,247,14610,119995,0,0.0,1124,2.983351643777872,90,5.227079745992804,3,2,0.6666666666666666,0,0.0,4.105215694885338,5.227079745992804,2.983351643777872,1.121864051107466
he,גרמניה הנאצית,capital,ברלין,he_6369_1,12334609,14007,14610,72300,35,1.0769627332634284,266,1.6351144990571544,1681,4.355744256519648,3,3,1.0,0,0.0,2.355940496280077,4.355744256519648,1.0769627332634284,1.4323162262610187
he,סירקוזה,capital,סירקוזה,he_6370_1,12334609,1449,14610,1449,4,1.220698210724878,4,1.220698210724878,1449,13.05536676841574,3,3,1.0,0,0.0,5.165587729955165,13.05536676841574,1.220698210724878,5.578916260158951
he,רוסיה הסובייטית,capital,מוסקבה,he_6371_1,12334609,1351,14610,47063,12,2.906690631677279,491,3.138813637906552,310,5.910215427231273,3,3,1.0,0,0.0,3.9852398989383677,5.910215427231273,2.906690631677279,1.364457978075333
he,ויומינג,capital,שאיין,he_6372_3,12334609,1080,14610,610,6,2.2296869939521327,5,2.790802752718921,36,9.396652619913901,3,3,1.0,0,0.0,4.805714122194985,9.396652619913901,2.2296869939521327,3.2543560490581767
he,הרפובליקה הסובייטית הסוציאליסטית האוקראינית,capital,קייב,he_6373_4,12334609,77,14610,16903,0,0.0,412,4.363048914424771,23,7.7679923602945244,3,2,0.6666666666666666,0,0.0,6.065520637359647,7.7679923602945244,4.363048914424771,1.702471722934877
he,האימפריה הביזנטית,capital,קונסטנטינופול,he_6374_3,12334609,2528,14610,2529,10,1.7396874369920667,5,0.7391168635059312,625,10.235788957681777,3,3,1.0,0,0.0,4.238197752726592,10.235788957681777,0.7391168635059312,4.260564169563184
he,בית אומיה,capital,דמשק,he_6375_4,12334609,595,14610,20134,0,0.0,30,0.3310844869436077,141,7.181667943229438,3,2,0.6666666666666666,0,0.0,3.7563762150865228,7.181667943229438,0.3310844869436077,3.425291728142915
he,תאילנד,capital,בנגקוק,he_6376_2,12334609,39754,14610,14223,171,1.8605801956658083,508,4.914286598606422,7560,7.365628579131655,3,3,1.0,0,0.0,4.713498457801295,7.365628579131655,1.8605801956658083,2.251906797093072
he,אנדרה פרדש,capital,היידראבאד,he_6377_3,12334609,153,14610,362,1,2.4641522475891557,4,3.2216942031986022,21,12.191292340975572,3,3,1.0,0,0.0,5.95904626392111,12.191292340975572,2.4641522475891557,4.417701953681929
he,נורווגיה,capital,אוסלו,he_6378_0,12334609,12440,14610,36674,53,1.8467616798270416,400,3.2029262724328182,1466,5.308709163464801,3,3,1.0,0,0.0,3.4527990385748866,5.308709163464801,1.8467616798270416,1.4243354928553105
he,ריינלנד-פפאלץ,capital,מיינץ,he_6379_1,12334609,324,14610,3741,0,0.0,9,1.0222568411732933,49,8.961860238652426,3,2,0.6666666666666666,0,0.0,4.992058539912859,8.961860238652426,1.0222568411732933,3.969801698739566
he,טורקיה,capital,אנקרה,he_6380_4,12334609,73139,14610,7520,269,1.6346491718613216,379,5.411077181887899,4253,6.575603560056322,3,3,1.0,0,0.0,4.5404433046018475,6.575603560056322,1.6346491718613216,2.1089902920219847
he,ריף דמשק,capital,דמשק,he_6381_0,12334609,105,14610,20134,2,4.007294572615685,30,0.3310844869436077,105,9.25886244902595,3,3,1.0,0,0.0,4.53241383619508,9.25886244902595,0.3310844869436077,3.6636154743456553
he,שוואביה,capital,אאוגסבורג,he_6382_4,12334609,259,14610,762,0,0.0,0,0.0,10,9.287681267680155,3,1,0.3333333333333333,0,0.0,9.287681267680155,9.287681267680155,9.287681267680155,0.0
he,יפן בתקופת הכיבוש האמריקאי,capital,טוקיו,he_6383_4,12334609,17,14610,25491,0,0.0,537,4.152618017996244,8,7.831045456451353,3,2,0.6666666666666666,0,0.0,5.991831737223798,7.831045456451353,4.152618017996244,1.8392137192275544
he,רוד איילנד,capital,פרובידנס,he_6384_0,12334609,1849,14610,871,8,1.8690105808776114,7,2.762366103740547,178,10.412883660936005,3,3,1.0,0,0.0,5.0147534485180545,10.412883660936005,1.8690105808776114,3.834438539101653
he,איידהו,capital,בויסי,he_6385_3,12334609,1732,14610,137,14,2.7706717976126867,3,4.208470508042437,61,11.630690687848302,3,3,1.0,0,0.0,6.203277664501141,11.630690687848302,2.7706717976126867,3.8823897603947612
he,קרואטיה,capital,זאגרב,he_6386_1,12334609,21853,14610,5656,61,1.236733700467434,305,5.508639117922657,2021,7.655952122165745,3,3,1.0,0,0.0,4.8004416468519455,7.655952122165745,1.236733700467434,2.668051602435874
he,מחוז קורק,capital,קורק,he_6387_0,12334609,71,14610,1880,0,0.0,2,0.0,71,12.679691701407668,3,1,0.3333333333333333,0,0.0,12.679691701407668,12.679691701407668,12.679691701407668,0.0
he,ונציה,capital,ונציה,he_6388_2,12334609,26965,14610,26965,506,3.985733251578195,506,3.985733251578195,26965,8.837408234574745,3,3,1.0,0,0.0,5.602958245910378,8.837408234574745,3.985733251578195,2.2871015203933256
he,ממלכת וסקס,capital,וינצ'סטר,he_6389_4,12334609,86,14610,590,0,0.0,3,2.1019314467537598,12,11.510335249742523,3,2,0.6666666666666666,0,0.0,6.806133348248141,11.510335249742523,2.1019314467537598,4.704201901494382
he,האימפריה הרומית,capital,רומא,he_6390_0,12334609,12527,14610,60571,33,1.1531808745956103,305,2.0878659133484168,3280,5.736595803049825,3,3,1.0,0,0.0,2.9925475303312843,5.736595803049825,1.1531808745956103,1.9775000586050206
he,אלג'יריה,capital,אלג'יר,he_6391_2,12334609,8835,14610,4630,27,1.3674131730062964,302,5.783148351459287,764,7.847826578421839,3,3,1.0,0,0.0,4.999462700962474,7.847826578421839,1.3674131730062964,2.7030306294192976
he,קולומביה הבריטית,capital,ויקטוריה,he_6392_4,12334609,2857,14610,37255,302,6.479659508670514,426,3.2711032680378422,769,6.4776166725283195,3,3,1.0,0,0.0,5.409459816412226,6.479659508670514,3.2711032680378422,1.5120466459463875
he,מערב בנגל,capital,קולקטה,he_6393_3,12334609,221,14610,804,2,2.9336375308903757,294,8.270160743939243,56,11.924609319459911,3,3,1.0,0,0.0,7.70946919809651,11.924609319459911,2.9336375308903757,3.6918987601592357
he,ממלכת בוהמיה,capital,פראג,he_6394_4,12334609,109,14610,29627,0,0.0,615,4.13135776310202,68,8.020862237039692,3,2,0.6666666666666666,0,0.0,6.076110000070856,8.020862237039692,4.13135776310202,1.944752236968836
he,מחוז מוסקבה,capital,מוסקבה,he_6395_0,12334609,202,14610,47063,3,3.648291108251169,491,3.138813637906552,202,8.033902981282719,3,3,1.0,0,0.0,4.940335909146813,8.033902981282719,3.138813637906552,2.197348363452311
he,לבנון,capital,ביירות,he_6396_2,12334609,101496,14610,9656,204,0.762902086503345,108,3.2392176316902543,4637,5.866911352842214,3,3,1.0,0,0.0,3.2896770236786046,5.866911352842214,0.762902086503345,2.0840085189202298
he,לטביה,capital,ריגה,he_6397_4,12334609,12965,14610,5676,47,1.6137943562187878,73,3.440705775101273,2257,8.563405891363296,3,3,1.0,0,0.0,4.539302007561119,8.563405891363296,1.6137943562187878,2.9415937158661265
he,האימפריה היפנית,capital,טוקיו,he_6398_1,12334609,863,14610,25491,3,1.5532858418240085,537,4.152618017996244,130,6.187659361551192,3,3,1.0,0,0.0,3.9645210737904812,6.187659361551192,1.5532858418240085,1.8966443745734711
he,ויילס,capital,קארדיף,he_6399_1,12334609,6074,14610,1373,26,1.8535486152554397,296,7.507877545763656,184,8.08822350071512,3,3,1.0,0,0.0,5.816549887244739,8.08822350071512,1.8535486152554397,2.812262987725808
he,סולטנות דלהי,capital,דלהי,he_6400_2,12334609,44,14610,10103,0,0.0,347,4.857835810683548,44,10.253712515796149,3,2,0.6666666666666666,0,0.0,7.555774163239849,10.253712515796149,4.857835810683548,2.6979383525563003
he,הרפובליקה הדמוקרטית של אפגניסטן,capital,קאבול,he_6401_2,12334609,7,14610,1342,0,0.0,9,2.501296135523936,4,12.35868476971488,3,2,0.6666666666666666,0,0.0,7.429990452619409,12.35868476971488,2.501296135523936,4.928694317095473
he,פולין,capital,ורשה,he_6402_1,12334609,74335,14610,26058,206,1.2262865865439825,403,3.706737380634726,9639,5.939683645069144,3,3,1.0,0,0.0,3.6242358707492843,5.939683645069144,1.2262865865439825,1.9251204000751823
he,השושלת הקאג'ארית,capital,טהראן,he_6403_0,12334609,44,14610,7825,0,0.0,308,5.0544515942693655,9,8.33282699407034,3,2,0.6666666666666666,0,0.0,6.693639294169852,8.33282699407034,5.0544515942693655,1.639187699900487
he,בית עבאס,capital,בגדאד,he_6404_0,12334609,543,14610,4559,0,0.0,31,2.5212347068039174,127,9.305583253075707,3,2,0.6666666666666666,0,0.0,5.9134089799398115,9.305583253075707,2.5212347068039174,3.3921742731358946
he,סינד,capital,קראצ'י,he_6405_2,12334609,230,14610,931,3,3.4610125400585883,298,8.078071253185175,44,11.307512858106795,3,3,1.0,0,0.0,7.615532217116853,11.307512858106795,3.4610125400585883,3.219973973000187
he,אקרסהוס,capital,אוסלו,he_6406_4,12334609,60,14610,36674,0,0.0,400,3.2029262724328182,56,8.29420296679804,3,2,0.6666666666666666,0,0.0,5.748564619615429,8.29420296679804,3.2029262724328182,2.5456383471826105
he,דרום תימן,capital,עדן,he_6407_3,12334609,308,14610,172646,0,0.0,296,0.5335360724029126,113,4.71214368618511,3,2,0.6666666666666666,0,0.0,2.6228398792940113,4.71214368618511,0.5335360724029126,2.089303806891099
he,אקיטן החדשה,capital,בורדו,he_6408_2,12334609,58,14610,21800,0,0.0,20,0.0,25,7.9300433280681695,3,1,0.3333333333333333,0,0.0,7.9300433280681695,7.9300433280681695,7.9300433280681695,0.0
he,צפון-מערב אנגליה,capital,מנצ'סטר,he_6409_3,12334609,106,14610,35522,2,3.9936196357186082,392,3.2198247426175426,57,7.544753015794738,3,3,1.0,0,0.0,4.919399131376963,7.544753015794738,3.2198247426175426,1.8830917658588224
he,הרפובליקה העממית של סין,capital,בייג'ינג,he_6410_2,12334609,3861,14610,12923,38,3.054708764783535,332,4.438926119825016,655,7.339147503651907,3,3,1.0,0,0.0,4.9442607960868195,7.339147503651907,3.054708764783535,1.7852406332767334
he,הממלכה הישנה של מצרים,capital,ממפיס,he_6411_2,12334609,1,14610,8886,0,0.0,21,0.9965390870505637,1,10.438890221962664,3,2,0.6666666666666666,0,0.0,5.717714654506614,10.438890221962664,0.9965390870505637,4.721175567456051
he,ברמודה,capital,המילטון,he_6412_1,12334609,4117,14610,11905,15,1.6210529525690567,320,4.504188185011473,90,4.501404010823377,3,3,1.0,0,0.0,3.5422150494679685,4.504188185011473,1.6210529525690567,1.3584672219888723
he,גארון עילית,capital,טולוז,he_6413_4,12334609,16,14610,4987,0,0.0,15,1.3444741982252117,8,10.272252160307554,3,2,0.6666666666666666,0,0.0,5.808363179266383,10.272252160307554,1.3444741982252117,4.463888981041171
he,הרפובליקה הערבית המאוחדת,capital,קהיר,he_6414_3,12334609,229,14610,14925,1,1.8823363021848634,347,4.294888631820538,49,7.466271392951403,3,3,1.0,0,0.0,4.5478321089856015,7.466271392951403,1.8823363021848634,2.2866377174727885
he,הרפורדשייר,capital,הרפורד,he_6415_1,12334609,43,14610,491,0,0.0,2,1.7819608759671142,9,12.36028968039819,3,2,0.6666666666666666,0,0.0,7.0711252781826515,12.36028968039819,1.7819608759671142,5.289164402215538
he,ז'ירונד,capital,בורדו,he_6416_0,12334609,70,14610,21800,0,0.0,20,0.0,34,8.10234795772639,3,1,0.3333333333333333,0,0.0,8.10234795772639,8.10234795772639,8.10234795772639,0.0
he,מילאנו,capital,מילאנו,he_6417_4,12334609,29537,14610,29537,490,3.807942347156657,490,3.807942347156657,29537,8.705972965844946,3,3,1.0,0,0.0,5.440619220052753,8.705972965844946,3.807942347156657,2.3089537766225536
he,פינלנד,capital,הלסינקי,he_6418_4,12334609,22044,14610,7339,100,1.9372978682240263,332,5.255211739746392,2231,7.410217252501963,3,3,1.0,0,0.0,4.86757562015746,7.410217252501963,1.9372978682240263,2.2510601898673985
he,סוריה,capital,דמשק,he_6419_3,12334609,79183,14610,20134,155,0.7247613883312768,30,0.3310844869436077,10136,6.293160150941991,3,3,1.0,0,0.0,2.449668675405625,6.293160150941991,0.3310844869436077,2.7225068616457246
he,ולנסיה,capital,ולנסיה,he_6420_2,12334609,17669,14610,17669,74,1.822060685360613,74,1.822060685360613,17669,9.447275877422523,3,3,1.0,0,0.0,4.363799082714583,9.447275877422523,1.822060685360613,3.5945609135424395
he,הרפובליקה הסובייטית הסוציאליסטית הבלארוסית,capital,מינסק,he_6421_3,12334609,54,14610,5268,1,3.9666525881183388,298,5.577668980487455,28,10.245636437610289,3,3,1.0,0,0.0,6.596652668738694,10.245636437610289,3.9666525881183388,2.662724840363941
he,הרפובליקה של ג'נובה,capital,ג'נובה,he_6422_2,12334609,72,14610,1791,1,3.551615088839495,304,7.162917981739431,72,12.749659025986707,3,3,1.0,0,0.0,7.821397365521878,12.749659025986707,3.551615088839495,3.783842790213192
he,בלגיה,capital,בריסל,he_6423_2,12334609,40730,14610,12060,153,1.665123739083682,158,3.4673785516714632,4150,6.703357788416093,3,3,1.0,0,0.0,3.945286693057079,6.703357788416093,1.665123739083682,2.0844260165435
he,מחוז טירנה,capital,טירנה,he_6424_2,12334609,3,14610,1321,0,0.0,4,1.3541253390349797,3,13.18879389672584,3,2,0.6666666666666666,0,0.0,7.27145961788041,13.18879389672584,1.3541253390349797,5.917334278845431
he,ליגוריה,capital,ג'נובה,he_6425_1,12334609,704,14610,1791,0,0.0,304,7.162917981739431,148,10.49968077297836,3,2,0.6666666666666666,0,0.0,8.831299377358896,10.49968077297836,7.162917981739431,1.6683813956194644
he,אקיטן,capital,בורדו,he_6426_1,12334609,297,14610,21800,0,0.0,20,0.0,107,7.671315999021398,3,1,0.3333333333333333,0,0.0,7.671315999021398,7.671315999021398,7.671315999021398,0.0
ja,共和国大統領,applies_to_jurisdiction,フランス,ja_5960_0,174675768,12244,0,6159866,0,0.0,0,0.0,5110,3.5649569522014675,3,1,0.3333333333333333,1,0.3333333333333333,3.5649569522014675,3.5649569522014675,3.5649569522014675,0.0
ja,カナダ首相,applies_to_jurisdiction,カナダ,ja_5961_2,174675768,3890,0,1911168,0,0.0,0,0.0,3890,6.514081070107087,3,1,0.3333333333333333,1,0.3333333333333333,6.514081070107087,6.514081070107087,6.514081070107087,0.0
ja,オーストラリア労働党,applies_to_jurisdiction,オーストラリア,ja_5962_4,174675768,432,0,2108642,0,0.0,0,0.0,432,6.3722214944392,3,1,0.3333333333333333,1,0.3333333333333333,6.3722214944392,6.3722214944392,6.3722214944392,0.0
ja,メキシコの大統領,applies_to_jurisdiction,メキシコ,ja_5963_4,174675768,890,0,1166602,0,0.0,0,0.0,890,7.2262232205860615,3,1,0.3333333333333333,1,0.3333333333333333,7.2262232205860615,7.2262232205860615,7.2262232205860615,0.0
ja,ドイツの首相,applies_to_jurisdiction,ドイツ,ja_5964_1,174675768,3652,0,5081430,0,0.0,0,0.0,3652,5.103301120358416,3,1,0.3333333333333333,1,0.3333333333333333,5.103301120358416,5.103301120358416,5.103301120358416,0.0
ja,ドイツ連邦共和国基本法,applies_to_jurisdiction,ドイツ,ja_5965_2,174675768,1066,0,5081430,0,0.0,0,0.0,1066,5.103301120358416,3,1,0.3333333333333333,1,0.3333333333333333,5.103301120358416,5.103301120358416,5.103301120358416,0.0
ja,カナダ議会,applies_to_jurisdiction,カナダ,ja_5966_0,174675768,1008,0,1911168,0,0.0,0,0.0,1008,6.514081070107087,3,1,0.3333333333333333,1,0.3333333333333333,6.514081070107087,6.514081070107087,6.514081070107087,0.0
ja,ローク・サバー,applies_to_jurisdiction,インド,ja_5967_0,174675768,306,0,2885888,0,0.0,0,0.0,302,5.900537259235963,3,1,0.3333333333333333,1,0.3333333333333333,5.900537259235963,5.900537259235963,5.900537259235963,0.0
ja,クネセト,applies_to_jurisdiction,イスラエル,ja_5968_4,174675768,1080,0,687306,0,0.0,0,0.0,1036,7.929503904938477,3,1,0.3333333333333333,1,0.3333333333333333,7.929503904938477,7.929503904938477,7.929503904938477,0.0
ja,内閣総理大臣,applies_to_jurisdiction,日本,ja_5969_2,174675768,216996,0,59929948,0,0.0,0,0.0,192100,1.3675195262178215,3,1,0.3333333333333333,1,0.3333333333333333,1.3675195262178215,1.3675195262178215,1.3675195262178215,0.0
ja,アイルランドの大統領,applies_to_jurisdiction,アイルランド,ja_5970_4,174675768,152,0,531704,0,0.0,0,0.0,152,8.359840448237021,3,1,0.3333333333333333,1,0.3333333333333333,8.359840448237021,8.359840448237021,8.359840448237021,0.0
ja,オーストラリア・ドル,applies_to_jurisdiction,オーストラリア,ja_5971_1,174675768,30024,0,2108642,0,0.0,0,0.0,30024,6.3722214944392,3,1,0.3333333333333333,1,0.3333333333333333,6.3722214944392,6.3722214944392,6.3722214944392,0.0
ja,パキスタンの大統領,applies_to_jurisdiction,パキスタン,ja_5972_3,174675768,320,0,306876,0,0.0,0,0.0,320,9.152807947402211,3,1,0.3333333333333333,1,0.3333333333333333,9.152807947402211,9.152807947402211,9.152807947402211,0.0
ja,ロシア連邦大統領,applies_to_jurisdiction,ロシア,ja_5973_0,174675768,2328,0,2667966,0,0.0,0,0.0,2328,6.032795391944925,3,1,0.3333333333333333,1,0.3333333333333333,6.032795391944925,6.032795391944925,6.032795391944925,0.0
ja,連邦首相 (オーストリア),applies_to_jurisdiction,オーストリア,ja_5974_3,174675768,16,0,593408,0,0.0,0,0.0,16,8.201439391498791,3,1,0.3333333333333333,1,0.3333333333333333,8.201439391498791,8.201439391498791,8.201439391498791,0.0
ja,リクスダーゲン,applies_to_jurisdiction,スウェーデン,ja_5975_0,174675768,68,0,952342,0,0.0,0,0.0,58,7.289502162383601,3,1,0.3333333333333333,1,0.3333333333333333,7.289502162383601,7.289502162383601,7.289502162383601,0.0
ja,スペインの国旗,applies_to_jurisdiction,スペイン,ja_5976_1,174675768,928,0,2579244,0,0.0,0,0.0,928,6.081587412679482,3,1,0.3333333333333333,1,0.3333333333333333,6.081587412679482,6.081587412679482,6.081587412679482,0.0
ja,フランスの国旗,applies_to_jurisdiction,フランス,ja_5977_3,174675768,3300,0,6159866,0,0.0,0,0.0,3300,4.8256367059034755,3,1,0.3333333333333333,1,0.3333333333333333,4.8256367059034755,4.8256367059034755,4.8256367059034755,0.0
ja,ウクライナの大統領,applies_to_jurisdiction,ウクライナ,ja_5978_2,174675768,1526,0,461120,0,0.0,0,0.0,1526,8.565321527443153,3,1,0.3333333333333333,1,0.3333333333333333,8.565321527443153,8.565321527443153,8.565321527443153,0.0
ja,フランスの首相,applies_to_jurisdiction,フランス,ja_5979_3,174675768,950,0,6159866,0,0.0,0,0.0,950,4.8256367059034755,3,1,0.3333333333333333,1,0.3333333333333333,4.8256367059034755,4.8256367059034755,4.8256367059034755,0.0
ja,デンマークの国旗,applies_to_jurisdiction,デンマーク,ja_5980_3,174675768,488,0,682736,0,0.0,0,0.0,488,7.999135942289395,3,1,0.3333333333333333,1,0.3333333333333333,7.999135942289395,7.999135942289395,7.999135942289395,0.0
ja,ドイツ連邦議会,applies_to_jurisdiction,ドイツ,ja_5981_0,174675768,7470,0,5081430,0,0.0,0,0.0,7470,5.103301120358416,3,1,0.3333333333333333,1,0.3333333333333333,5.103301120358416,5.103301120358416,5.103301120358416,0.0
ja,アイルランドの国旗,applies_to_jurisdiction,アイルランド,ja_5982_0,174675768,488,0,531704,0,0.0,0,0.0,488,8.359840448237021,3,1,0.3333333333333333,1,0.3333333333333333,8.359840448237021,8.359840448237021,8.359840448237021,0.0
ja,連邦大統領,applies_to_jurisdiction,オーストリア,ja_5983_3,174675768,6436,0,593408,0,0.0,0,0.0,920,5.39498083171972,3,1,0.3333333333333333,1,0.3333333333333333,5.39498083171972,5.39498083171972,5.39498083171972,0.0
ja,パキスタンの首相,applies_to_jurisdiction,パキスタン,ja_5984_3,174675768,262,0,306876,0,0.0,0,0.0,262,9.152807947402211,3,1,0.3333333333333333,1,0.3333333333333333,9.152807947402211,9.152807947402211,9.152807947402211,0.0
ja,連邦大統領,applies_to_jurisdiction,ドイツ,ja_5985_4,174675768,6436,0,5081430,0,0.0,0,0.0,3232,4.109563992386764,3,1,0.3333333333333333,1,0.3333333333333333,4.109563992386764,4.109563992386764,4.109563992386764,0.0
ja,スウェーデンの首相,applies_to_jurisdiction,スウェーデン,ja_5986_0,174675768,304,0,952342,0,0.0,0,0.0,304,7.518984008506369,3,1,0.3333333333333333,1,0.3333333333333333,7.518984008506369,7.518984008506369,7.518984008506369,0.0
ja,国民議会,applies_to_jurisdiction,フランス,ja_5987_4,174675768,21262,0,6159866,0,0.0,0,0.0,13666,4.187950428148212,3,1,0.3333333333333333,1,0.3333333333333333,4.187950428148212,4.187950428148212,4.187950428148212,0.0
ja,スイスの国旗,applies_to_jurisdiction,スイス,ja_5988_3,174675768,1410,0,2018254,0,0.0,0,0.0,1410,6.435427922185457,3,1,0.3333333333333333,1,0.3333333333333333,6.435427922185457,6.435427922185457,6.435427922185457,0.0
ja,ロシアの首相,applies_to_jurisdiction,ロシア,ja_5989_3,174675768,792,0,2667966,0,0.0,0,0.0,792,6.032795391944925,3,1,0.3333333333333333,1,0.3333333333333333,6.032795391944925,6.032795391944925,6.032795391944925,0.0
ja,シンガポールの国旗,applies_to_jurisdiction,シンガポール,ja_5990_3,174675768,202,0,1239458,0,0.0,0,0.0,202,7.138826287773662,3,1,0.3333333333333333,1,0.3333333333333333,7.138826287773662,7.138826287773662,7.138826287773662,0.0
ja,元老院,applies_to_jurisdiction,フランス,ja_5991_2,174675768,29682,0,6159866,0,0.0,0,0.0,8348,2.9955509061835306,3,1,0.3333333333333333,1,0.3333333333333333,2.9955509061835306,2.9955509061835306,2.9955509061835306,0.0
ja,ウクライナの首相,applies_to_jurisdiction,ウクライナ,ja_5992_3,174675768,286,0,461120,0,0.0,0,0.0,286,8.565321527443153,3,1,0.3333333333333333,1,0.3333333333333333,8.565321527443153,8.565321527443153,8.565321527443153,0.0
ja,ロシアの国旗,applies_to_jurisdiction,ロシア,ja_5993_1,174675768,1218,0,2667966,0,0.0,0,0.0,1218,6.032795391944925,3,1,0.3333333333333333,1,0.3333333333333333,6.032795391944925,6.032795391944925,6.032795391944925,0.0
ja,カナダの国旗,applies_to_jurisdiction,カナダ,ja_5994_2,174675768,2432,0,1911168,0,0.0,0,0.0,2432,6.514081070107087,3,1,0.3333333333333333,1,0.3333333333333333,6.514081070107087,6.514081070107087,6.514081070107087,0.0
ja,ルーマニアの大統領,applies_to_jurisdiction,ルーマニア,ja_5995_2,174675768,106,0,243302,0,0.0,0,0.0,106,9.487715588448818,3,1,0.3333333333333333,1,0.3333333333333333,9.487715588448818,9.487715588448818,9.487715588448818,0.0
ja,オランダの国旗,applies_to_jurisdiction,オランダ,ja_5996_4,174675768,718,0,1389182,0,0.0,0,0.0,718,6.974300050610018,3,1,0.3333333333333333,1,0.3333333333333333,6.974300050610018,6.974300050610018,6.974300050610018,0.0
ja,マレーシアの首相,applies_to_jurisdiction,マレーシア,ja_5997_4,174675768,770,0,794488,0,0.0,0,0.0,770,7.780438338892685,3,1,0.3333333333333333,1,0.3333333333333333,7.780438338892685,7.780438338892685,7.780438338892685,0.0
ja,ジャマイカの国旗,applies_to_jurisdiction,ジャマイカ,ja_5998_3,174675768,406,0,143584,0,0.0,0,0.0,406,10.248568773828918,3,1,0.3333333333333333,1,0.3333333333333333,10.248568773828918,10.248568773828918,10.248568773828918,0.0
ja,アルゼンチンの国旗,applies_to_jurisdiction,アルゼンチン,ja_5999_3,174675768,534,0,605164,0,0.0,0,0.0,534,8.173137601013233,3,1,0.3333333333333333,1,0.3333333333333333,8.173137601013233,8.173137601013233,8.173137601013233,0.0
ja,ノルウェーの国旗,applies_to_jurisdiction,ノルウェー,ja_6000_1,174675768,476,0,443098,0,0.0,0,0.0,476,8.622837953085247,3,1,0.3333333333333333,1,0.3333333333333333,8.622837953085247,8.622837953085247,8.622837953085247,0.0
ja,代議院,applies_to_jurisdiction,スペイン,ja_6001_3,174675768,1292,0,2579244,0,0.0,0,0.0,386,4.338654095253639,3,1,0.3333333333333333,1,0.3333333333333333,4.338654095253639,4.338654095253639,4.338654095253639,0.0
ja,天皇,applies_to_jurisdiction,日本,ja_6002_1,174675768,1671176,0,59929948,0,0.0,0,0.0,1399220,1.2870895932053745,3,1,0.3333333333333333,1,0.3333333333333333,1.2870895932053745,1.2870895932053745,1.2870895932053745,0.0
ja,リトアニアの国旗,applies_to_jurisdiction,リトアニア,ja_6003_0,174675768,154,0,118568,0,0.0,0,0.0,154,10.524749070752744,3,1,0.3333333333333333,1,0.3333333333333333,10.524749070752744,10.524749070752744,10.524749070752744,0.0
ja,ブルガリアの国旗,applies_to_jurisdiction,ブルガリア,ja_6004_4,174675768,136,0,198386,0,0.0,0,0.0,136,9.782153549013156,3,1,0.3333333333333333,1,0.3333333333333333,9.782153549013156,9.782153549013156,9.782153549013156,0.0
ja,イラクの大統領,applies_to_jurisdiction,イラク,ja_6005_1,174675768,394,0,543340,0,0.0,0,0.0,394,8.328608507774849,3,1,0.3333333333333333,1,0.3333333333333333,8.328608507774849,8.328608507774849,8.328608507774849,0.0
ja,トルコの国旗,applies_to_jurisdiction,トルコ,ja_6006_0,174675768,836,0,1014672,0,0.0,0,0.0,836,7.427522231926756,3,1,0.3333333333333333,1,0.3333333333333333,7.427522231926756,7.427522231926756,7.427522231926756,0.0
ja,マレーシアの国旗,applies_to_jurisdiction,マレーシア,ja_6007_1,174675768,338,0,794488,0,0.0,0,0.0,338,7.780438338892685,3,1,0.3333333333333333,1,0.3333333333333333,7.780438338892685,7.780438338892685,7.780438338892685,0.0
ja,ベラルーシの国旗,applies_to_jurisdiction,ベラルーシ,ja_6008_2,174675768,74,0,98526,0,0.0,0,0.0,74,10.791887375733333,3,1,0.3333333333333333,1,0.3333333333333333,10.791887375733333,10.791887375733333,10.791887375733333,0.0
ja,キューバの国旗,applies_to_jurisdiction,キューバ,ja_6009_0,174675768,318,0,259160,0,0.0,0,0.0,318,9.396620705150143,3,1,0.3333333333333333,1,0.3333333333333333,9.396620705150143,9.396620705150143,9.396620705150143,0.0
ja,ベトナムの国旗,applies_to_jurisdiction,ベトナム,ja_6010_1,174675768,458,0,1501074,0,0.0,0,0.0,458,6.862540572437365,3,1,0.3333333333333333,1,0.3333333333333333,6.862540572437365,6.862540572437365,6.862540572437365,0.0
ja,ボリビアの国旗,applies_to_jurisdiction,ボリビア,ja_6011_4,174675768,122,0,135188,0,0.0,0,0.0,122,10.335496671987077,3,1,0.3333333333333333,1,0.3333333333333333,10.335496671987077,10.335496671987077,10.335496671987077,0.0
ja,インドの国旗,applies_to_jurisdiction,インド,ja_6012_0,174675768,816,0,2885888,0,0.0,0,0.0,816,5.919520362603536,3,1,0.3333333333333333,1,0.3333333333333333,5.919520362603536,5.919520362603536,5.919520362603536,0.0
ja,マカオ・パタカ,applies_to_jurisdiction,マカオ,ja_6014_4,174675768,1010,0,273118,0,0.0,0,0.0,1010,9.320939369179523,3,1,0.3333333333333333,1,0.3333333333333333,9.320939369179523,9.320939369179523,9.320939369179523,0.0
ja,モナコの国旗,applies_to_jurisdiction,モナコ,ja_6015_3,174675768,172,0,199304,0,0.0,0,0.0,172,9.775493102937872,3,1,0.3333333333333333,1,0.3333333333333333,9.775493102937872,9.775493102937872,9.775493102937872,0.0
ja,ソマリアの国旗,applies_to_jurisdiction,ソマリア,ja_6016_1,174675768,66,0,79188,0,0.0,0,0.0,66,11.107110039370172,3,1,0.3333333333333333,1,0.3333333333333333,11.107110039370172,11.107110039370172,11.107110039370172,0.0
ja,イスラエルの大統領,applies_to_jurisdiction,イスラエル,ja_6017_0,174675768,512,0,687306,0,0.0,0,0.0,512,7.989511214302754,3,1,0.3333333333333333,1,0.3333333333333333,7.989511214302754,7.989511214302754,7.989511214302754,0.0
ja,スウェーデンの国旗,applies_to_jurisdiction,スウェーデン,ja_6018_4,174675768,1150,0,952342,0,0.0,0,0.0,1150,7.518984008506369,3,1,0.3333333333333333,1,0.3333333333333333,7.518984008506369,7.518984008506369,7.518984008506369,0.0
ja,中華民国の国旗,applies_to_jurisdiction,中華民国,ja_6019_2,174675768,692,0,90282,0,0.0,0,0.0,692,10.91795348432281,3,1,0.3333333333333333,1,0.3333333333333333,10.91795348432281,10.91795348432281,10.91795348432281,0.0
ja,オーストラリアの国旗,applies_to_jurisdiction,オーストラリア,ja_6020_1,174675768,834,0,2108642,0,0.0,0,0.0,834,6.3722214944392,3,1,0.3333333333333333,1,0.3333333333333333,6.3722214944392,6.3722214944392,6.3722214944392,0.0
ja,ウクライナの国旗,applies_to_jurisdiction,ウクライナ,ja_6021_1,174675768,356,0,461120,0,0.0,0,0.0,356,8.565321527443153,3,1,0.3333333333333333,1,0.3333333333333333,8.565321527443153,8.565321527443153,8.565321527443153,0.0
ja,ベラルーシの大統領,applies_to_jurisdiction,ベラルーシ,ja_6022_2,174675768,228,0,98526,0,0.0,0,0.0,228,10.791887375733333,3,1,0.3333333333333333,1,0.3333333333333333,10.791887375733333,10.791887375733333,10.791887375733333,0.0
ja,ハイチの国旗,applies_to_jurisdiction,ハイチ,ja_6023_1,174675768,82,0,85522,0,0.0,0,0.0,82,10.996096270931753,3,1,0.3333333333333333,1,0.3333333333333333,10.996096270931753,10.996096270931753,10.996096270931753,0.0
ja,メキシコの国章,applies_to_jurisdiction,メキシコ,ja_6024_4,174675768,46,0,1166602,0,0.0,0,0.0,46,7.2262232205860615,3,1,0.3333333333333333,1,0.3333333333333333,7.2262232205860615,7.2262232205860615,7.2262232205860615,0.0
ja,フィンランドの国旗,applies_to_jurisdiction,フィンランド,ja_6025_4,174675768,576,0,567500,0,0.0,0,0.0,576,8.265843375664899,3,1,0.3333333333333333,1,0.3333333333333333,8.265843375664899,8.265843375664899,8.265843375664899,0.0
ja,クロアチアの国旗,applies_to_jurisdiction,クロアチア,ja_6026_3,174675768,226,0,211002,0,0.0,0,0.0,226,9.693207094366288,3,1,0.3333333333333333,1,0.3333333333333333,9.693207094366288,9.693207094366288,9.693207094366288,0.0
ja,フィンランドの大統領,applies_to_jurisdiction,フィンランド,ja_6027_3,174675768,170,0,567500,0,0.0,0,0.0,170,8.265843375664899,3,1,0.3333333333333333,1,0.3333333333333333,8.265843375664899,8.265843375664899,8.265843375664899,0.0
ja,アルバニアの国旗,applies_to_jurisdiction,アルバニア,ja_6028_1,174675768,180,0,67774,0,0.0,0,0.0,180,11.331659941586803,3,1,0.3333333333333333,1,0.3333333333333333,11.331659941586803,11.331659941586803,11.331659941586803,0.0
ja,イタリアの国旗,applies_to_jurisdiction,イタリア,ja_6029_3,174675768,3796,0,5203048,0,0.0,0,0.0,3796,5.069178656421444,3,1,0.3333333333333333,1,0.3333333333333333,5.069178656421444,5.069178656421444,5.069178656421444,0.0
ja,ドイツの国旗,applies_to_jurisdiction,ドイツ,ja_6030_3,174675768,1698,0,5081430,0,0.0,0,0.0,1698,5.103301120358416,3,1,0.3333333333333333,1,0.3333333333333333,5.103301120358416,5.103301120358416,5.103301120358416,0.0
ja,リビアの国旗,applies_to_jurisdiction,リビア,ja_6031_0,174675768,174,0,113004,0,0.0,0,0.0,174,10.594089927480836,3,1,0.3333333333333333,1,0.3333333333333333,10.594089927480836,10.594089927480836,10.594089927480836,0.0
ja,フィリピンの国旗,applies_to_jurisdiction,フィリピン,ja_6032_4,174675768,566,0,1063852,0,0.0,0,0.0,566,7.359238211926032,3,1,0.3333333333333333,1,0.3333333333333333,7.359238211926032,7.359238211926032,7.359238211926032,0.0
ja,.de,applies_to_jurisdiction,ドイツ,ja_6033_1,174675768,4821078,0,5081430,0,0.0,0,0.0,348616,1.3136560388350254,3,1,0.3333333333333333,1,0.3333333333333333,1.3136560388350254,1.3136560388350254,1.3136560388350254,0.0
ja,イランの大統領,applies_to_jurisdiction,イラン,ja_6034_2,174675768,1682,0,574648,0,0.0,0,0.0,1682,8.247785262720285,3,1,0.3333333333333333,1,0.3333333333333333,8.247785262720285,8.247785262720285,8.247785262720285,0.0
ja,パキスタンの国旗,applies_to_jurisdiction,パキスタン,ja_6035_0,174675768,210,0,306876,0,0.0,0,0.0,210,9.152807947402211,3,1,0.3333333333333333,1,0.3333333333333333,9.152807947402211,9.152807947402211,9.152807947402211,0.0
ja,ポルトガルの国旗,applies_to_jurisdiction,ポルトガル,ja_6036_2,174675768,350,0,793608,0,0.0,0,0.0,350,7.7820371991201815,3,1,0.3333333333333333,1,0.3333333333333333,7.7820371991201815,7.7820371991201815,7.7820371991201815,0.0
ja,ギリシャの国旗,applies_to_jurisdiction,ギリシャ,ja_6037_0,174675768,378,0,1073636,0,0.0,0,0.0,378,7.346030720831105,3,1,0.3333333333333333,1,0.3333333333333333,7.346030720831105,7.346030720831105,7.346030720831105,0.0
ja,メキシコの国旗,applies_to_jurisdiction,メキシコ,ja_6038_3,174675768,670,0,1166602,0,0.0,0,0.0,670,7.2262232205860615,3,1,0.3333333333333333,1,0.3333333333333333,7.2262232205860615,7.2262232205860615,7.2262232205860615,0.0
ja,日本の国旗,applies_to_jurisdiction,日本,ja_6039_2,174675768,21828,0,59929948,0,0.0,0,0.0,21828,1.5433304561820569,3,1,0.3333333333333333,1,0.3333333333333333,1.5433304561820569,1.5433304561820569,1.5433304561820569,0.0
ko,프랑스의 대통령,applies_to_jurisdiction,프랑스,ko_5960_0,15602947,69,0,373066,0,0.0,0,0.0,49,4.8924292366532605,3,1,0.3333333333333333,1,0.3333333333333333,4.8924292366532605,4.8924292366532605,4.8924292366532605,0.0
ko,캐나다의 총리,applies_to_jurisdiction,캐나다,ko_5961_2,15602947,28,0,325933,0,0.0,0,0.0,16,4.773744381781084,3,1,0.3333333333333333,1,0.3333333333333333,4.773744381781084,4.773744381781084,4.773744381781084,0.0
ko,오스트레일리아 노동당,applies_to_jurisdiction,오스트레일리아,ko_5962_4,15602947,22,0,26952,0,0.0,0,0.0,22,9.17721049432785,3,1,0.3333333333333333,1,0.3333333333333333,9.17721049432785,9.17721049432785,9.17721049432785,0.0
ko,멕시코의 대통령,applies_to_jurisdiction,멕시코,ko_5963_4,15602947,11,0,113355,0,0.0,0,0.0,10,6.9673231806357565,3,1,0.3333333333333333,1,0.3333333333333333,6.9673231806357565,6.9673231806357565,6.9673231806357565,0.0
ko,독일의 총리,applies_to_jurisdiction,독일,ko_5964_1,15602947,33,0,366157,0,0.0,0,0.0,26,5.069257954994531,3,1,0.3333333333333333,1,0.3333333333333333,5.069257954994531,5.069257954994531,5.069257954994531,0.0
ko,독일연방공화국 기본법,applies_to_jurisdiction,독일,ko_5965_2,15602947,26,0,366157,0,0.0,0,0.0,24,5.297735138791956,3,1,0.3333333333333333,1,0.3333333333333333,5.297735138791956,5.297735138791956,5.297735138791956,0.0
ko,캐나다 의회,applies_to_jurisdiction,캐나다,ko_5966_0,15602947,93,0,325933,0,0.0,0,0.0,93,5.581099303838688,3,1,0.3333333333333333,1,0.3333333333333333,5.581099303838688,5.581099303838688,5.581099303838688,0.0
ko,로크 사바,applies_to_jurisdiction,인도,ko_5967_0,15602947,12,0,235940,0,0.0,0,0.0,12,6.047254706933836,3,1,0.3333333333333333,1,0.3333333333333333,6.047254706933836,6.047254706933836,6.047254706933836,0.0
ko,크네셋,applies_to_jurisdiction,이스라엘,ko_5968_4,15602947,49,0,93741,0,0.0,0,0.0,46,7.287774754718372,3,1,0.3333333333333333,1,0.3333333333333333,7.287774754718372,7.287774754718372,7.287774754718372,0.0
ko,일본의 내각총리대신,applies_to_jurisdiction,일본,ko_5969_2,15602947,35,0,1153645,0,0.0,0,0.0,30,3.535154871082843,3,1,0.3333333333333333,1,0.3333333333333333,3.535154871082843,3.535154871082843,3.535154871082843,0.0
ko,우아크타런,applies_to_jurisdiction,아일랜드,ko_5970_4,15602947,1,0,95828,0,0.0,0,0.0,1,7.347155569026473,3,1,0.3333333333333333,1,0.3333333333333333,7.347155569026473,7.347155569026473,7.347155569026473,0.0
ko,오스트레일리아 달러,applies_to_jurisdiction,오스트레일리아,ko_5971_1,15602947,225,0,26952,0,0.0,0,0.0,225,9.17721049432785,3,1,0.3333333333333333,1,0.3333333333333333,9.17721049432785,9.17721049432785,9.17721049432785,0.0
ko,파키스탄의 대통령,applies_to_jurisdiction,파키스탄,ko_5972_3,15602947,10,0,29222,0,0.0,0,0.0,10,9.060547906044196,3,1,0.3333333333333333,1,0.3333333333333333,9.060547906044196,9.060547906044196,9.060547906044196,0.0
ko,러시아의 대통령,applies_to_jurisdiction,러시아,ko_5973_0,15602947,75,0,251058,0,0.0,0,0.0,59,5.611478394451396,3,1,0.3333333333333333,1,0.3333333333333333,5.611478394451396,5.611478394451396,5.611478394451396,0.0
ko,오스트리아의 총리,applies_to_jurisdiction,오스트리아,ko_5974_3,15602947,9,0,60508,0,0.0,0,0.0,5,7.162480021977546,3,1,0.3333333333333333,1,0.3333333333333333,7.162480021977546,7.162480021977546,7.162480021977546,0.0
ko,스웨덴 의회,applies_to_jurisdiction,스웨덴,ko_5975_0,15602947,345,0,76894,0,0.0,0,0.0,345,7.664731798086981,3,1,0.3333333333333333,1,0.3333333333333333,7.664731798086981,7.664731798086981,7.664731798086981,0.0
ko,스페인의 국기,applies_to_jurisdiction,스페인,ko_5976_1,15602947,6,0,157111,0,0.0,0,0.0,5,6.370856133880523,3,1,0.3333333333333333,1,0.3333333333333333,6.370856133880523,6.370856133880523,6.370856133880523,0.0
ko,프랑스의 국기,applies_to_jurisdiction,프랑스,ko_5977_3,15602947,56,0,373066,0,0.0,0,0.0,48,5.163851427979774,3,1,0.3333333333333333,1,0.3333333333333333,5.163851427979774,5.163851427979774,5.163851427979774,0.0
ko,우크라이나의 대통령,applies_to_jurisdiction,우크라이나,ko_5978_2,15602947,34,0,36759,0,0.0,0,0.0,31,8.596238777272216,3,1,0.3333333333333333,1,0.3333333333333333,8.596238777272216,8.596238777272216,8.596238777272216,0.0
ko,프랑스의 총리,applies_to_jurisdiction,프랑스,ko_5979_3,15602947,13,0,373066,0,0.0,0,0.0,11,5.145235749812426,3,1,0.3333333333333333,1,0.3333333333333333,5.145235749812426,5.145235749812426,5.145235749812426,0.0
ko,덴마크의 국기,applies_to_jurisdiction,덴마크,ko_5980_3,15602947,7,0,49186,0,0.0,0,0.0,6,8.086962672397133,3,1,0.3333333333333333,1,0.3333333333333333,8.086962672397133,8.086962672397133,8.086962672397133,0.0
ko,독일 연방의회,applies_to_jurisdiction,독일,ko_5981_0,15602947,189,0,366157,0,0.0,0,0.0,189,5.413212356211893,3,1,0.3333333333333333,1,0.3333333333333333,5.413212356211893,5.413212356211893,5.413212356211893,0.0
ko,아일랜드의 국기,applies_to_jurisdiction,아일랜드,ko_5982_0,15602947,7,0,95828,0,0.0,0,0.0,4,6.539800646968869,3,1,0.3333333333333333,1,0.3333333333333333,6.539800646968869,6.539800646968869,6.539800646968869,0.0
ko,오스트리아의 대통령,applies_to_jurisdiction,오스트리아,ko_5983_3,15602947,7,0,60508,0,0.0,0,0.0,4,7.203122006474892,3,1,0.3333333333333333,1,0.3333333333333333,7.203122006474892,7.203122006474892,7.203122006474892,0.0
ko,파키스탄의 총리,applies_to_jurisdiction,파키스탄,ko_5984_3,15602947,5,0,29222,0,0.0,0,0.0,3,8.32358231187799,3,1,0.3333333333333333,1,0.3333333333333333,8.32358231187799,8.32358231187799,8.32358231187799,0.0
ko,독일의 대통령,applies_to_jurisdiction,독일,ko_5985_4,15602947,28,0,366157,0,0.0,0,0.0,27,5.360744936317757,3,1,0.3333333333333333,1,0.3333333333333333,5.360744936317757,5.360744936317757,5.360744936317757,0.0
ko,스웨덴의 총리,applies_to_jurisdiction,스웨덴,ko_5986_0,15602947,21,0,76894,0,0.0,0,0.0,19,7.5203418887518065,3,1,0.3333333333333333,1,0.3333333333333333,7.5203418887518065,7.5203418887518065,7.5203418887518065,0.0
ko,프랑스 국민의회,applies_to_jurisdiction,프랑스,ko_5987_4,15602947,38,0,373066,0,0.0,0,0.0,38,5.386243849316221,3,1,0.3333333333333333,1,0.3333333333333333,5.386243849316221,5.386243849316221,5.386243849316221,0.0
ko,스위스의 국기,applies_to_jurisdiction,스위스,ko_5988_3,15602947,7,0,109607,0,0.0,0,0.0,5,6.667907967555066,3,1,0.3333333333333333,1,0.3333333333333333,6.667907967555066,6.667907967555066,6.667907967555066,0.0
ko,러시아의 총리,applies_to_jurisdiction,러시아,ko_5989_3,15602947,8,0,251058,0,0.0,0,0.0,7,5.7650089576430394,3,1,0.3333333333333333,1,0.3333333333333333,5.7650089576430394,5.7650089576430394,5.7650089576430394,0.0
ko,싱가포르의 국기,applies_to_jurisdiction,싱가포르,ko_5990_3,15602947,2,0,346655,0,0.0,0,0.0,2,5.4921741635341785,3,1,0.3333333333333333,1,0.3333333333333333,5.4921741635341785,5.4921741635341785,5.4921741635341785,0.0
ko,프랑스 상원,applies_to_jurisdiction,프랑스,ko_5991_2,15602947,91,0,373066,0,0.0,0,0.0,91,5.386243849316221,3,1,0.3333333333333333,1,0.3333333333333333,5.386243849316221,5.386243849316221,5.386243849316221,0.0
ko,우크라이나의 총리,applies_to_jurisdiction,우크라이나,ko_5992_3,15602947,11,0,36759,0,0.0,0,0.0,10,8.592001784385745,3,1,0.3333333333333333,1,0.3333333333333333,8.592001784385745,8.592001784385745,8.592001784385745,0.0
ko,러시아의 국기,applies_to_jurisdiction,러시아,ko_5993_1,15602947,16,0,251058,0,0.0,0,0.0,16,5.957654035585436,3,1,0.3333333333333333,1,0.3333333333333333,5.957654035585436,5.957654035585436,5.957654035585436,0.0
ko,캐나다의 국기,applies_to_jurisdiction,캐나다,ko_5994_2,15602947,26,0,325933,0,0.0,0,0.0,20,5.2025876805849585,3,1,0.3333333333333333,1,0.3333333333333333,5.2025876805849585,5.2025876805849585,5.2025876805849585,0.0
ko,루마니아의 대통령,applies_to_jurisdiction,루마니아,ko_5995_2,15602947,4,0,21875,0,0.0,0,0.0,2,8.478319810955192,3,1,0.3333333333333333,1,0.3333333333333333,8.478319810955192,8.478319810955192,8.478319810955192,0.0
ko,네덜란드의 국기,applies_to_jurisdiction,네덜란드,ko_5996_4,15602947,9,0,91068,0,0.0,0,0.0,6,6.835696126625209,3,1,0.3333333333333333,1,0.3333333333333333,6.835696126625209,6.835696126625209,6.835696126625209,0.0
ko,말레이시아의 총리,applies_to_jurisdiction,말레이시아,ko_5997_4,15602947,6,0,192349,0,0.0,0,0.0,3,5.341948403761897,3,1,0.3333333333333333,1,0.3333333333333333,5.341948403761897,5.341948403761897,5.341948403761897,0.0
ko,자메이카의 국기,applies_to_jurisdiction,자메이카,ko_5998_3,15602947,3,0,9759,0,0.0,0,0.0,3,10.64279759968732,3,1,0.3333333333333333,1,0.3333333333333333,10.64279759968732,10.64279759968732,10.64279759968732,0.0
ko,아르헨티나의 국기,applies_to_jurisdiction,아르헨티나,ko_5999_3,15602947,22,0,42692,0,0.0,0,0.0,6,6.63916795961457,3,1,0.3333333333333333,1,0.3333333333333333,6.63916795961457,6.63916795961457,6.63916795961457,0.0
ko,노르웨이의 국기,applies_to_jurisdiction,노르웨이,ko_6000_1,15602947,4,0,44489,0,0.0,0,0.0,4,8.454154157151233,3,1,0.3333333333333333,1,0.3333333333333333,8.454154157151233,8.454154157151233,8.454154157151233,0.0
ko,스페인 하원,applies_to_jurisdiction,스페인,ko_6001_3,15602947,9,0,157111,0,0.0,0,0.0,9,6.633890539714318,3,1,0.3333333333333333,1,0.3333333333333333,6.633890539714318,6.633890539714318,6.633890539714318,0.0
ko,일본 천황,applies_to_jurisdiction,일본,ko_6002_1,15602947,580,0,1153645,0,0.0,0,0.0,580,3.757547292419291,3,1,0.3333333333333333,1,0.3333333333333333,3.757547292419291,3.757547292419291,3.757547292419291,0.0
ko,리투아니아의 국기,applies_to_jurisdiction,리투아니아,ko_6003_0,15602947,3,0,11975,0,0.0,0,0.0,2,9.762614671217547,3,1,0.3333333333333333,1,0.3333333333333333,9.762614671217547,9.762614671217547,9.762614671217547,0.0
ko,불가리아의 국기,applies_to_jurisdiction,불가리아,ko_6004_4,15602947,2,0,17149,0,0.0,0,0.0,2,9.829478376114526,3,1,0.3333333333333333,1,0.3333333333333333,9.829478376114526,9.829478376114526,9.829478376114526,0.0
ko,이라크의 대통령,applies_to_jurisdiction,이라크,ko_6005_1,15602947,3,0,45381,0,0.0,0,0.0,2,7.840551927090184,3,1,0.3333333333333333,1,0.3333333333333333,7.840551927090184,7.840551927090184,7.840551927090184,0.0
ko,터키의 국기,applies_to_jurisdiction,터키,ko_6006_0,15602947,21,0,74816,0,0.0,0,0.0,17,7.399401411389531,3,1,0.3333333333333333,1,0.3333333333333333,7.399401411389531,7.399401411389531,7.399401411389531,0.0
ko,말레이시아의 국기,applies_to_jurisdiction,말레이시아,ko_6007_1,15602947,7,0,192349,0,0.0,0,0.0,6,6.1195559824254495,3,1,0.3333333333333333,1,0.3333333333333333,6.1195559824254495,6.1195559824254495,6.1195559824254495,0.0
ko,벨라루스의 국기,applies_to_jurisdiction,벨라루스,ko_6008_2,15602947,2,0,10852,0,0.0,0,0.0,2,10.489641875167742,3,1,0.3333333333333333,1,0.3333333333333333,10.489641875167742,10.489641875167742,10.489641875167742,0.0
ko,쿠바의 국기,applies_to_jurisdiction,쿠바,ko_6009_0,15602947,5,0,24611,0,0.0,0,0.0,4,8.98637145409805,3,1,0.3333333333333333,1,0.3333333333333333,8.98637145409805,8.98637145409805,8.98637145409805,0.0
ko,베트남의 국기,applies_to_jurisdiction,베트남,ko_6010_1,15602947,10,0,313274,0,0.0,0,0.0,8,5.316321599114149,3,1,0.3333333333333333,1,0.3333333333333333,5.316321599114149,5.316321599114149,5.316321599114149,0.0
ko,볼리비아의 국기,applies_to_jurisdiction,볼리비아,ko_6011_4,15602947,2,0,17209,0,0.0,0,0.0,2,9.824439561838542,3,1,0.3333333333333333,1,0.3333333333333333,9.824439561838542,9.824439561838542,9.824439561838542,0.0
ko,인도의 국기,applies_to_jurisdiction,인도,ko_6012_0,15602947,20,0,235940,0,0.0,0,0.0,17,5.812789453296813,3,1,0.3333333333333333,1,0.3333333333333333,5.812789453296813,5.812789453296813,5.812789453296813,0.0
ko,마카오 파타카,applies_to_jurisdiction,마카오,ko_6014_4,15602947,108,0,554153,0,0.0,0,0.0,108,4.815390377917613,3,1,0.3333333333333333,1,0.3333333333333333,4.815390377917613,4.815390377917613,4.815390377917613,0.0
ko,모나코의 국기,applies_to_jurisdiction,모나코,ko_6015_3,15602947,0,0,13671,0,0.0,0,0.0,0,0.0,3,0,0.0,2,0.6666666666666666,,,,
ko,소말리아의 국기,applies_to_jurisdiction,소말리아,ko_6016_1,15602947,3,0,7864,0,0.0,0,0.0,2,10.369305100387871,3,1,0.3333333333333333,1,0.3333333333333333,10.369305100387871,10.369305100387871,10.369305100387871,0.0
ko,이스라엘의 대통령,applies_to_jurisdiction,이스라엘,ko_6017_0,15602947,10,0,93741,0,0.0,0,0.0,7,6.864349469946808,3,1,0.3333333333333333,1,0.3333333333333333,6.864349469946808,6.864349469946808,6.864349469946808,0.0
ko,스웨덴의 국기,applies_to_jurisdiction,스웨덴,ko_6018_4,15602947,4,0,76894,0,0.0,0,0.0,4,7.664731798086981,3,1,0.3333333333333333,1,0.3333333333333333,7.664731798086981,7.664731798086981,7.664731798086981,0.0
ko,중화민국의 국기,applies_to_jurisdiction,중화민국,ko_6019_2,15602947,20,0,6070,0,0.0,0,0.0,18,11.175831312861513,3,1,0.3333333333333333,1,0.3333333333333333,11.175831312861513,11.175831312861513,11.175831312861513,0.0
ko,오스트레일리아의 국기,applies_to_jurisdiction,오스트레일리아,ko_6020_1,15602947,5,0,26952,0,0.0,0,0.0,4,8.855282399440489,3,1,0.3333333333333333,1,0.3333333333333333,8.855282399440489,8.855282399440489,8.855282399440489,0.0
ko,우크라이나의 국기,applies_to_jurisdiction,우크라이나,ko_6021_1,15602947,6,0,36759,0,0.0,0,0.0,6,8.72950530813568,3,1,0.3333333333333333,1,0.3333333333333333,8.72950530813568,8.72950530813568,8.72950530813568,0.0
ko,벨라루스의 대통령,applies_to_jurisdiction,벨라루스,ko_6022_2,15602947,3,0,10852,0,0.0,0,0.0,3,10.489641875167742,3,1,0.3333333333333333,1,0.3333333333333333,10.489641875167742,10.489641875167742,10.489641875167742,0.0
ko,아이티의 국기,applies_to_jurisdiction,아이티,ko_6023_1,15602947,1,0,12787,0,0.0,0,0.0,1,10.252924999395704,3,1,0.3333333333333333,1,0.3333333333333333,10.252924999395704,10.252924999395704,10.252924999395704,0.0
ko,멕시코의 국장,applies_to_jurisdiction,멕시코,ko_6024_4,15602947,4,0,113355,0,0.0,0,0.0,3,6.689789205106848,3,1,0.3333333333333333,1,0.3333333333333333,6.689789205106848,6.689789205106848,6.689789205106848,0.0
ko,핀란드의 국기,applies_to_jurisdiction,핀란드,ko_6025_4,15602947,10,0,38019,0,0.0,0,0.0,9,8.52887914865523,3,1,0.3333333333333333,1,0.3333333333333333,8.52887914865523,8.52887914865523,8.52887914865523,0.0
ko,크로아티아의 국기,applies_to_jurisdiction,크로아티아,ko_6026_3,15602947,4,0,20444,0,0.0,0,0.0,3,9.160887832170554,3,1,0.3333333333333333,1,0.3333333333333333,9.160887832170554,9.160887832170554,9.160887832170554,0.0
ko,핀란드의 대통령,applies_to_jurisdiction,핀란드,ko_6027_3,15602947,13,0,38019,0,0.0,0,0.0,11,8.439874142596485,3,1,0.3333333333333333,1,0.3333333333333333,8.439874142596485,8.439874142596485,8.439874142596485,0.0
ko,알바니아의 국기,applies_to_jurisdiction,알바니아,ko_6028_1,15602947,3,0,8783,0,0.0,0,0.0,3,10.794817119032722,3,1,0.3333333333333333,1,0.3333333333333333,10.794817119032722,10.794817119032722,10.794817119032722,0.0
ko,이탈리아의 국기,applies_to_jurisdiction,이탈리아,ko_6029_3,15602947,20,0,239990,0,0.0,0,0.0,15,5.607662941445903,3,1,0.3333333333333333,1,0.3333333333333333,5.607662941445903,5.607662941445903,5.607662941445903,0.0
ko,독일의 국기,applies_to_jurisdiction,독일,ko_6030_3,15602947,20,0,366157,0,0.0,0,0.0,17,5.178747102574869,3,1,0.3333333333333333,1,0.3333333333333333,5.178747102574869,5.178747102574869,5.178747102574869,0.0
ko,리비아의 국기,applies_to_jurisdiction,리비아,ko_6031_0,15602947,6,0,16356,0,0.0,0,0.0,6,9.897782859923241,3,1,0.3333333333333333,1,0.3333333333333333,9.897782859923241,9.897782859923241,9.897782859923241,0.0
ko,필리핀의 국기,applies_to_jurisdiction,필리핀,ko_6032_4,15602947,10,0,481765,0,0.0,0,0.0,8,4.695417051856192,3,1,0.3333333333333333,1,0.3333333333333333,4.695417051856192,4.695417051856192,4.695417051856192,0.0
ko,.de,applies_to_jurisdiction,독일,ko_6033_1,15602947,304046,0,366157,0,0.0,0,0.0,18300,1.3588383001405495,3,1,0.3333333333333333,1,0.3333333333333333,1.3588383001405495,1.3588383001405495,1.3588383001405495,0.0
ko,이란의 대통령,applies_to_jurisdiction,이란,ko_6034_2,15602947,34,0,263780,0,0.0,0,0.0,28,5.606231631317989,3,1,0.3333333333333333,1,0.3333333333333333,5.606231631317989,5.606231631317989,5.606231631317989,0.0
ko,파키스탄의 국기,applies_to_jurisdiction,파키스탄,ko_6035_0,15602947,5,0,29222,0,0.0,0,0.0,5,9.060547906044196,3,1,0.3333333333333333,1,0.3333333333333333,9.060547906044196,9.060547906044196,9.060547906044196,0.0
ko,포르투갈의 국기,applies_to_jurisdiction,포르투갈,ko_6036_2,15602947,4,0,39155,0,0.0,0,0.0,3,8.223368780629569,3,1,0.3333333333333333,1,0.3333333333333333,8.223368780629569,8.223368780629569,8.223368780629569,0.0
ko,그리스의 국기,applies_to_jurisdiction,그리스,ko_6037_0,15602947,9,0,97407,0,0.0,0,0.0,8,7.153652373427353,3,1,0.3333333333333333,1,0.3333333333333333,7.153652373427353,7.153652373427353,7.153652373427353,0.0
ko,멕시코의 국기,applies_to_jurisdiction,멕시코,ko_6038_3,15602947,5,0,113355,0,0.0,0,0.0,4,6.7828986094983295,3,1,0.3333333333333333,1,0.3333333333333333,6.7828986094983295,6.7828986094983295,6.7828986094983295,0.0
ko,일본의 국기,applies_to_jurisdiction,일본,ko_6039_2,15602947,1064,0,1153645,0,0.0,0,0.0,1057,3.7480245183007845,3,1,0.3333333333333333,1,0.3333333333333333,3.7480245183007845,3.7480245183007845,3.7480245183007845,0.0
ko,아제르바이잔,capital,바쿠,ko_6152_3,15602947,8859,36855,2000,112,2.420169249681418,21,2.1522756075955978,773,9.410927384857258,3,3,1.0,0,0.0,4.661124080711424,9.410927384857258,2.1522756075955978,3.3603983218187605
ko,네브래스카주,capital,링컨,ko_6153_4,15602947,389,36855,15377,1,0.12211612449273222,102,1.489681366006465,28,6.190557339077065,3,3,1.0,0,0.0,2.6007849431920875,6.190557339077065,0.12211612449273222,2.599026492508616
ko,햄프셔주,capital,윈체스터,ko_6154_0,15602947,61,36855,1398,0,0.0,18,2.4465188255458,4,9.515429224511285,3,2,0.6666666666666666,0,0.0,5.980974025028543,9.515429224511285,2.4465188255458,3.5344551994827427
ko,알렉산드리아주,capital,알렉산드리아,ko_6155_0,15602947,2,36855,5744,0,0.0,41,1.5954544402739566,1,10.407475173626556,3,2,0.6666666666666666,0,0.0,6.001464806950256,10.407475173626556,1.5954544402739566,4.4060103666763
ko,이탈리아 왕국,capital,피렌체,ko_6156_0,15602947,340,36855,16310,3,1.9013140340623786,361,3.2281283347668484,30,6.399345705321178,3,3,1.0,0,0.0,3.842929358050135,6.399345705321178,1.9013140340623786,1.887071355758165
ko,핀란드 대공국,capital,헬싱키,ko_6157_1,15602947,30,36855,7616,0,0.0,93,2.3700835172790122,16,10.093606848533145,3,2,0.6666666666666666,0,0.0,6.231845182906079,10.093606848533145,2.3700835172790122,3.861761665627067
ko,텔랑가나주,capital,하이데라바드,ko_6158_3,15602947,50,36855,1714,0,0.0,25,2.6264472651411492,17,11.595770464812722,3,2,0.6666666666666666,0,0.0,7.111108864976935,11.595770464812722,2.6264472651411492,4.484661599835786
ko,사우스오스트레일리아주,capital,애들레이드,ko_6159_1,15602947,136,36855,4911,1,1.6382796282285848,328,4.821493366901699,79,10.849832007181062,3,3,1.0,0,0.0,5.769868334103781,10.849832007181062,1.6382796282285848,3.8199245731085605
ko,스코틀랜드 왕국,capital,에든버러,ko_6160_1,15602947,38,36855,6662,0,0.0,344,4.450267585506671,7,8.753002977389276,3,2,0.6666666666666666,0,0.0,6.601635281447973,8.753002977389276,4.450267585506671,2.1513676959413024
ko,폴란드 제2공화국,capital,바르샤바,ko_6161_3,15602947,62,36855,8715,0,0.0,53,1.364377975029076,22,9.311265566686982,3,2,0.6666666666666666,0,0.0,5.337821770858029,9.311265566686982,1.364377975029076,3.973443795828953
ko,캔터베리 지방,capital,크라이스트처치,ko_6162_1,15602947,7,36855,3537,0,0.0,293,5.132188820200253,6,11.88461228241224,3,2,0.6666666666666666,0,0.0,8.508400551306247,11.88461228241224,5.132188820200253,3.3762117311059936
ko,프랑스 왕국,capital,파리,ko_6163_3,15602947,183,36855,135231,2,2.2100426311948818,1038,1.7002668142375768,68,5.422011826816676,3,3,1.0,0,0.0,3.1107737574163785,5.422011826816676,1.7002668142375768,1.6474897887336628
ko,앨버타주,capital,에드먼턴,ko_6164_4,15602947,433,36855,2034,1,0.0,287,5.900545432297112,41,9.504540033483467,3,2,0.6666666666666666,0,0.0,7.70254273289029,9.504540033483467,5.900545432297112,1.8019973005931775
ko,독일,capital,베를린,ko_6165_1,15602947,366157,36855,52811,2004,1.2123064114364175,326,1.38591978441411,25501,4.362927718716387,3,3,1.0,0,0.0,2.3203846381889712,4.362927718716387,1.2123064114364175,1.4460341346079375
ko,인디애나주,capital,인디애나폴리스,ko_6166_0,15602947,1431,36855,2898,10,1.5648626076396188,28,2.032255511979599,118,8.794308420527852,3,3,1.0,0,0.0,4.130475513382357,8.794308420527852,1.5648626076396188,3.3033434649444438
ko,프랑스 제2제국,capital,파리,ko_6167_4,15602947,35,36855,135231,0,0.0,1038,1.7002668142375768,21,6.113283229684173,3,2,0.6666666666666666,0,0.0,3.906775021960875,6.113283229684173,1.7002668142375768,2.2065082077232985
ko,케임브리지셔주,capital,케임브리지,ko_6168_1,15602947,9,36855,9975,0,0.0,350,3.8928524553141823,5,9.763217174897587,3,2,0.6666666666666666,0,0.0,6.828034815105885,9.763217174897587,3.8928524553141823,2.9351823597917024
ko,시칠리아 왕국,capital,나폴리,ko_6169_4,15602947,68,36855,12094,1,2.638279628228585,316,3.4675193540044753,40,9.567776597435078,3,3,1.0,0,0.0,5.224525193222713,9.567776597435078,2.638279628228585,3.0897447791951715
ko,앵드르에루아르주,capital,투르,ko_6170_0,15602947,5,36855,3838,0,0.0,29,1.677584468411116,0,0.0,3,1,0.3333333333333333,0,0.0,1.677584468411116,1.677584468411116,1.677584468411116,0.0
ko,풀리아주,capital,바리,ko_6171_0,15602947,34,36855,5577,1,3.638279628228585,303,4.5236428973112375,10,9.684506905445993,3,3,1.0,0,0.0,5.948809810328605,9.684506905445993,3.638279628228585,2.6661509858985286
ko,오스트플란데런주,capital,헨트,ko_6172_3,15602947,5,36855,455,0,0.0,5,2.2179478292802277,2,13.743664377476186,3,2,0.6666666666666666,0,0.0,7.980806103378207,13.743664377476186,2.2179478292802277,5.7628582740979795
ko,덴마크,capital,코펜하겐,ko_6173_2,15602947,49186,36855,9408,316,1.4435631039400008,70,1.6553531415875262,4069,7.100141313970927,3,3,1.0,0,0.0,3.3996858531661514,7.100141313970927,1.4435631039400008,2.6180452909326073
ko,미시간주,capital,랜싱,ko_6174_1,15602947,2280,36855,925,17,1.6583872016771597,25,3.5162891038499744,54,8.642075045157299,3,3,1.0,0,0.0,4.605583783561477,8.642075045157299,1.6583872016771597,2.9532915138004814
ko,아이유브 왕조,capital,카이로,ko_6175_0,15602947,48,36855,9065,1,3.140779968757768,400,4.223507354622129,10,8.486189496984293,3,3,1.0,0,0.0,5.28349227345473,8.486189496984293,3.140779968757768,2.3073833343173455
ko,정통 칼리파국,capital,메디나,ko_6176_3,15602947,3,36855,2649,0,0.0,25,1.9983665308840266,1,10.93912057835883,3,2,0.6666666666666666,0,0.0,6.468743554621429,10.93912057835883,1.9983665308840266,4.470377023737401
ko,에도 막부,capital,에도,ko_6177_0,15602947,812,36855,79197,0,0.0,380,1.022439916529983,812,7.622157046169718,3,2,0.6666666666666666,0,0.0,4.322298481349851,7.622157046169718,1.022439916529983,3.2998585648198677
ko,소련,capital,모스크바,ko_6178_3,15602947,40423,36855,31781,202,1.0810651771260682,587,2.967082262747582,3916,5.571714582107258,3,3,1.0,0,0.0,3.2066206739936356,5.571714582107258,1.0810651771260682,1.841107820029595
ko,루마니아 왕국,capital,부쿠레슈티,ko_6179_4,15602947,88,36855,3098,0,0.0,34,2.2160838819396953,11,9.298193778660039,3,2,0.6666666666666666,0,0.0,5.757138830299867,9.298193778660039,2.2160838819396953,3.541054948360172
ko,태즈메이니아주,capital,호바트,ko_6180_2,15602947,40,36855,1521,1,3.403814374591562,40,3.4768661266417897,7,10.809937596895352,3,3,1.0,0,0.0,5.896872699376234,10.809937596895352,3.403814374591562,3.474189512682088
ko,리머릭주,capital,리머릭,ko_6181_1,15602947,2,36855,377,0,0.0,2,1.16732175621026,0,0.0,3,1,0.3333333333333333,0,0.0,1.16732175621026,1.16732175621026,1.16732175621026,0.0
ko,파티마 왕조,capital,카이로,ko_6182_3,15602947,93,36855,9065,0,0.0,400,4.223507354622129,26,8.910504809851147,3,2,0.6666666666666666,0,0.0,6.567006082236638,8.910504809851147,4.223507354622129,2.3434987276145094
ko,오클랜드 지방,capital,오클랜드,ko_6183_3,15602947,17,36855,18673,0,0.0,421,3.254752783748336,17,9.706649098652623,3,2,0.6666666666666666,0,0.0,6.480700941200479,9.706649098652623,3.254752783748336,3.225948157452143
ko,뉴햄프셔주,capital,콩코드,ko_6184_2,15602947,672,36855,4400,4,1.3334250467001638,30,1.5293452566754209,11,5.859141594896123,3,3,1.0,0,0.0,2.9073039660905686,5.859141594896123,1.3334250467001638,2.088796339568713
ko,오데사주,capital,오데사,ko_6185_4,15602947,11,36855,1663,0,0.0,15,1.9330606118001736,4,11.73631113552504,3,2,0.6666666666666666,0,0.0,6.8346858736626075,11.73631113552504,1.9330606118001736,4.901625261862433
ko,오스트레일리아,capital,캔버라,ko_6186_2,15602947,26952,36855,3070,251,1.979181310307939,209,4.849078661302265,453,6.416554794116544,3,3,1.0,0,0.0,4.414938255242249,6.416554794116544,1.979181310307939,1.8373766222220917
ko,오스만 제국,capital,이스탄불,ko_6187_2,15602947,1694,36855,17334,11,1.458955928784023,220,2.425785193717812,329,7.449723832566879,3,3,1.0,0,0.0,3.778154985022905,7.449723832566879,1.458955928784023,2.626023998186186
ko,사우스웨스트잉글랜드,capital,브리스틀,ko_6188_4,15602947,15,36855,1048,0,0.0,285,6.847137576993578,5,12.276929705191002,3,2,0.6666666666666666,0,0.0,9.56203364109229,12.276929705191002,6.847137576993578,2.7148960640987116
ko,텍사스주,capital,오스틴,ko_6189_2,15602947,7370,36855,12092,51,1.5507189074679877,120,2.0708678014597353,495,6.43738575480644,3,3,1.0,0,0.0,3.352990821244721,6.43738575480644,1.5507189074679877,2.191309775395545
ko,라틴 제국,capital,콘스탄티노폴리스,ko_6190_3,15602947,47,36855,700,0,0.0,6,1.8594938583677516,18,13.059440245381953,3,2,0.6666666666666666,0,0.0,7.459467051874853,13.059440245381953,1.8594938583677516,5.5999731935071
ko,헝가리,capital,부다페스트,ko_6191_3,15602947,38301,36855,13749,294,1.7003203748295213,100,1.6225595881581802,7385,7.7735639025205225,3,3,1.0,0,0.0,3.6988146218360747,7.7735639025205225,1.6225595881581802,2.8814577283399174
ko,러시아,capital,모스크바,ko_6192_4,15602947,251058,36855,31781,1563,1.3981833606144167,587,2.967082262747582,17568,5.102439474749239,3,3,1.0,0,0.0,3.1559016993704128,5.102439474749239,1.3981833606144167,1.5181387561772752
ko,베네토주,capital,베네치아,ko_6193_1,15602947,126,36855,136418,1,1.7484625459790077,552,0.7765924350430792,45,5.352213889065352,3,3,1.0,0,0.0,2.6257562900291465,5.352213889065352,0.7765924350430792,1.968300647367225
ko,우스터셔주,capital,우스터,ko_6194_2,15602947,15,36855,1161,0,0.0,9,1.71451521405567,1,9.807272354975522,3,2,0.6666666666666666,0,0.0,5.760893784515596,9.807272354975522,1.71451521405567,4.046378570459926
ko,시칠리아 왕국,capital,팔레르모,ko_6195_0,15602947,68,36855,2722,1,2.638279628228585,64,3.3152911179749296,12,9.982363515416429,3,3,1.0,0,0.0,5.311978087206648,9.982363515416429,2.638279628228585,3.3140067567158877
ko,펜실베이니아주,capital,해리스버그,ko_6196_2,15602947,2259,36855,742,9,0.7541989155281522,21,3.5827845156368814,39,8.503973494297968,3,3,1.0,0,0.0,4.280318975154334,8.503973494297968,0.7541989155281522,3.2020480162022813
ko,교황령,capital,로마,ko_6197_0,15602947,418,36855,99776,4,2.0183833373980415,522,1.1472432533510242,277,6.695293028720128,3,3,1.0,0,0.0,3.2869732064897312,6.695293028720128,1.1472432533510242,2.4361450790767565
ko,골웨이주,capital,골웨이,ko_6198_0,15602947,5,36855,867,0,0.0,8,1.9658542862570891,1,11.81349892934041,3,2,0.6666666666666666,0,0.0,6.88967660779875,11.81349892934041,1.9658542862570891,4.92382232154166
ko,오스트리아 제국,capital,빈,ko_6199_3,15602947,242,36855,209976,0,0.0,703,0.503258435078894,82,4.654139061320532,3,2,0.6666666666666666,0,0.0,2.578698748199713,4.654139061320532,0.503258435078894,2.0754403131208186
ko,네덜란드령 동인도,capital,자카르타,ko_6200_1,15602947,117,36855,21351,0,0.0,455,3.173449183214022,11,6.102366085152539,3,2,0.6666666666666666,0,0.0,4.63790763418328,6.102366085152539,3.173449183214022,1.4644584509692586
ko,이스라엘,capital,예루살렘,ko_6201_3,15602947,93741,36855,21478,630,1.5085579231931623,102,1.007595773978914,9843,6.2532329845446375,3,3,1.0,0,0.0,2.9231288939055715,6.2532329845446375,1.007595773978914,2.363603986797086
ko,아이치현,capital,나고야시,ko_6202_3,15602947,3254,36855,646,2,0.0,1,0.0,245,10.828564256085725,3,1,0.3333333333333333,0,0.0,10.828564256085725,10.828564256085725,10.828564256085725,0.0
ko,레스터셔주,capital,레스터,ko_6203_0,15602947,9,36855,6536,0,0.0,26,0.7519899194743329,0,0.0,3,1,0.3333333333333333,0,0.0,0.7519899194743329,0.7519899194743329,0.7519899194743329,0.0
ko,킹 군,capital,시애틀,ko_6204_0,15602947,20,36855,27457,0,0.0,458,2.820059875322219,11,8.287932348945892,3,2,0.6666666666666666,0,0.0,5.5539961121340555,8.287932348945892,2.820059875322219,2.7339362368118367
ko,아테네 공국,capital,아테네,ko_6205_2,15602947,12,36855,15452,0,0.0,100,1.4540926970217176,12,9.979809245217677,3,2,0.6666666666666666,0,0.0,5.716950971119697,9.979809245217677,1.4540926970217176,4.2628582740979795
ko,네덜란드 왕국,capital,암스테르담,ko_6206_4,15602947,75,36855,18114,1,2.496923778983043,168,1.9732423500229033,22,7.9811105933562425,3,3,1.0,0,0.0,4.150425574120729,7.9811105933562425,1.9732423500229033,2.7171273246090832
ko,알바니아,capital,티라나,ko_6207_2,15602947,8783,36855,732,64,1.6252443810620387,7,2.017397553252486,452,10.099296243163867,3,3,1.0,0,0.0,4.580646059159464,10.099296243163867,1.6252443810620387,3.905557656952771
ko,제노바도,capital,제노바,ko_6208_3,15602947,5,36855,4483,0,0.0,327,4.948640510926318,3,11.028100829232713,3,2,0.6666666666666666,0,0.0,7.988370670079515,11.028100829232713,4.948640510926318,3.0397301591531973
ko,중화민국,capital,타이베이시,ko_6209_0,15602947,6070,36855,539,31,1.112457978722755,5,1.973529101613781,89,8.729426374520456,3,3,1.0,0,0.0,3.9384711516189967,8.729426374520456,1.112457978722755,3.4059066174861847
ko,체코슬로바키아,capital,프라하,ko_6210_3,15602947,2011,36855,17713,7,0.5594000252311765,99,1.242578132104221,289,6.984022566190622,3,3,1.0,0,0.0,2.9286669078420062,6.984022566190622,0.5594000252311765,2.881101087917923
ko,두바이 토후국,capital,두바이,ko_6211_3,15602947,13,36855,25285,0,0.0,543,3.184556699268639,13,9.26932104943496,3,2,0.6666666666666666,0,0.0,6.2269388743518,9.26932104943496,3.184556699268639,3.042382175083161
ko,노스다코타주,capital,비즈마크,ko_6212_0,15602947,206,36855,128,0,0.0,3,3.31070497020008,15,13.115705275874907,3,2,0.6666666666666666,0,0.0,8.213205123037493,13.115705275874907,3.31070497020008,4.902500152837414
ko,안달루시아 지방,capital,세비야,ko_6213_0,15602947,161,36855,7333,3,2.9797880920854634,301,4.119174322198144,47,9.278799356972145,3,3,1.0,0,0.0,5.459253923751917,9.278799356972145,2.9797880920854634,2.7405894417889645
ko,마하라슈트라주,capital,뭄바이,ko_6214_3,15602947,192,36855,7596,7,3.948134890815372,101,2.4929297620812214,47,8.973917368256592,3,3,1.0,0,0.0,5.138327340384396,8.973917368256592,2.4929297620812214,2.7764748198759786
ko,카르나타카주,capital,벵갈루루,ko_6215_3,15602947,71,36855,2478,2,3.5759953499742423,39,2.736184216200571,11,9.93003923444162,3,3,1.0,0,0.0,5.414072933538812,9.93003923444162,2.736184216200571,3.2116231003725524
ko,인도네시아,capital,자카르타,ko_6216_3,15602947,104969,36855,21351,791,1.6736725530484073,455,3.173449183214022,9321,6.019964412038335,3,3,1.0,0,0.0,3.622362049433588,6.019964412038335,1.6736725530484073,1.8025362320858962
ko,이탈리아 사회공화국,capital,로마,ko_6217_4,15602947,25,36855,99776,0,0.0,522,1.1472432533510242,12,6.230016305698254,3,2,0.6666666666666666,0,0.0,3.688629779524639,6.230016305698254,1.1472432533510242,2.541386526173615
ko,합스부르크 군주국,capital,빈,ko_6218_1,15602947,44,36855,209976,1,3.2663108508416268,703,0.503258435078894,16,4.756018675339745,3,3,1.0,0,0.0,2.841862653753422,4.756018675339745,0.503258435078894,1.7619325789776887
ko,포르투갈,capital,리스본,ko_6219_2,15602947,39155,36855,10169,254,1.4575182287098953,105,2.128097793294432,4596,7.492679168703911,3,3,1.0,0,0.0,3.692765063569413,7.492679168703911,1.4575182287098953,2.700855375976246
ko,발레아레스 제도,capital,팔마데마요르카,ko_6220_2,15602947,214,36855,1462,1,0.9842754830777773,5,0.5339429684138493,6,8.22508312581718,3,3,1.0,0,0.0,3.247767192436269,8.22508312581718,0.5339429684138493,3.524292389398332
ko,볼로냐현,capital,볼로냐,ko_6221_2,15602947,6,36855,9060,0,0.0,310,3.8565715398195644,4,10.165057371794854,3,2,0.6666666666666666,0,0.0,7.010814455807209,10.165057371794854,3.8565715398195644,3.154242915987645
ko,쿠바,capital,아바나,ko_6222_1,15602947,24611,36855,2531,153,1.3961146537073814,300,5.649069367864121,1506,8.559313811546657,3,3,1.0,0,0.0,5.201499277706053,8.559313811546657,1.3961146537073814,2.9414389656448083
ko,톨레도주,capital,톨레도,ko_6223_1,15602947,2,36855,2479,0,0.0,21,1.8425173361709624,2,12.619772651362885,3,2,0.6666666666666666,0,0.0,7.231144993766923,12.619772651362885,1.8425173361709624,5.388627657595961
ko,시에나도,capital,시에나,ko_6224_2,15602947,18,36855,4724,0,0.0,14,0.3273041421393712,9,10.68952195805245,3,2,0.6666666666666666,0,0.0,5.5084130500959105,10.68952195805245,0.3273041421393712,5.181108907956539
ko,호놀룰루군,capital,호놀룰루,ko_6225_4,15602947,0,36855,8775,0,0.0,47,1.1811479110772762,0,0.0,3,1,0.3333333333333333,1,0.3333333333333333,1.1811479110772762,1.1811479110772762,1.1811479110772762,0.0
ko,로마 제국,capital,콘스탄티노폴리스,ko_6226_1,15602947,4222,36855,700,21,1.0743490289105286,6,1.8594938583677516,127,9.389077919042288,3,3,1.0,0,0.0,4.1076402687735225,9.389077919042288,1.0743490289105286,3.748270787182021
ko,코네티컷주,capital,하트퍼드,ko_6227_4,15602947,968,36855,812,19,3.054806745647915,13,2.76084627043484,20,8.633044147877198,3,3,1.0,0,0.0,4.816232387986651,8.633044147877198,2.76084627043484,2.7015603143462554
ko,스코틀랜드,capital,에든버러,ko_6228_2,15602947,22938,36855,6662,134,1.3063796743808918,344,4.450267585506671,1450,7.209960768121748,3,3,1.0,0,0.0,4.322202676003104,7.209960768121748,1.3063796743808918,2.4118275088098984
ko,앙카라주,capital,앙카라,ko_6229_0,15602947,5,36855,2865,0,0.0,59,3.1240660951964982,3,11.674030189639135,3,2,0.6666666666666666,0,0.0,7.399048142417817,11.674030189639135,3.1240660951964982,4.274982047221318
ko,라치오주,capital,로마,ko_6230_2,15602947,65,36855,99776,3,4.288337157171626,522,1.1472432533510242,43,6.692806936425466,3,3,1.0,0,0.0,4.0427957823160385,6.692806936425466,1.1472432533510242,2.270614757554001
ko,폴란드 인민공화국,capital,바르샤바,ko_6231_2,15602947,22,36855,8715,1,4.266310850841627,53,1.364377975029076,13,10.047038357940355,3,3,1.0,0,0.0,5.225909061270353,10.047038357940355,1.364377975029076,3.6090413662853065
ko,바젤슈타트주,capital,바젤,ko_6232_2,15602947,5,36855,5761,0,0.0,60,2.140529522608213,4,11.081283570083015,3,2,0.6666666666666666,0,0.0,6.610906546345614,11.081283570083015,2.140529522608213,4.4703770237374005
ko,캘리포니아주,capital,새크라멘토,ko_6233_3,15602947,19953,36855,4782,189,2.0036668373903774,67,2.568433245225069,307,5.649693581798539,3,3,1.0,0,0.0,3.407264554804662,5.649693581798539,2.0036668373903774,1.6023121272467808
ko,잘츠부르크주,capital,잘츠부르크,ko_6234_4,15602947,71,36855,8081,0,0.0,40,1.0673524464087418,42,10.157567392766142,3,2,0.6666666666666666,0,0.0,5.612459919587442,10.157567392766142,1.0673524464087418,4.5451074731787005
ko,교토부,capital,교토시,ko_6235_4,15602947,2019,36855,936,1,0.0,3,0.44034025061667575,276,11.154049749312898,3,2,0.6666666666666666,0,0.0,5.797194999964787,11.154049749312898,0.44034025061667575,5.356854749348112
ko,피렌체현,capital,피렌체,ko_6236_4,15602947,14,36855,16310,0,0.0,361,3.2281283347668484,12,9.679453624513913,3,2,0.6666666666666666,0,0.0,6.453790979640381,9.679453624513913,3.2281283347668484,3.225662644873532
ko,이라크,capital,바그다드,ko_6237_1,15602947,45381,36855,3496,326,1.6046698440717342,51,2.6266783419498214,2169,7.736839295983016,3,3,1.0,0,0.0,3.989395827334857,7.736839295983016,1.6046698440717342,2.682489484970887
ko,캄파니아주,capital,나폴리,ko_6238_3,15602947,73,36855,12094,2,3.535917910598907,316,3.4675193540044753,43,9.569751539620137,3,3,1.0,0,0.0,5.524396268074507,9.569751539620137,3.4675193540044753,2.8606344337579577
ko,일본,capital,도쿄도,ko_6239_3,15602947,1153645,36855,9879,3880,0.5098154915230977,50,1.0994493619371453,6798,3.2182926416444593,3,3,1.0,0,0.0,1.6091858317015675,3.2182926416444593,0.5098154915230977,1.1629948608766663
ko,마이애미데이드 군,capital,마이애미,ko_6240_3,15602947,9,36855,21372,0,0.0,435,3.1071797583922396,4,8.34195590418452,3,2,0.6666666666666666,0,0.0,5.72456783128838,8.34195590418452,3.1071797583922396,2.6173880728961403
ko,케르만주,capital,케르만,ko_6241_1,15602947,33,36855,111,0,0.0,4,3.9313266031288183,4,14.056505221741048,3,2,0.6666666666666666,0,0.0,8.993915912434932,14.056505221741048,3.9313266031288183,5.062589309306115
ko,알프마리팀주,capital,니스,ko_6242_0,15602947,6,36855,11602,0,0.0,332,3.598695996839945,3,9.393229303463704,3,2,0.6666666666666666,0,0.0,6.495962650151824,9.393229303463704,3.598695996839945,2.8972666533118794
ko,에스토니아,capital,탈린,ko_6243_1,15602947,10974,36855,2281,126,2.281220532508968,36,2.740216739609099,1191,9.536020313531711,3,3,1.0,0,0.0,4.85248586188326,9.536020313531711,2.281220532508968,3.317055983787084
ko,웨스턴오스트레일리아주,capital,퍼스,ko_6244_2,15602947,67,36855,10038,1,2.6596532790211516,366,3.948258077003458,16,8.536041786232326,3,3,1.0,0,0.0,5.047984380752312,8.536041786232326,2.6596532790211516,2.521908527192416
ko,리비우주,capital,리비우,ko_6245_0,15602947,7,36855,291,0,0.0,6,3.1258296272917963,1,12.90308494248372,3,2,0.6666666666666666,0,0.0,8.014457284887758,12.90308494248372,3.1258296272917963,4.888627657595961
ko,뉴사우스웨일스주,capital,시드니,ko_6246_4,15602947,402,36855,57901,4,2.0746907782999955,651,2.250955558082973,227,7.249511359000007,3,3,1.0,0,0.0,3.8583858984609916,7.249511359000007,2.0746907782999955,2.398967310460197
ko,리버사이드 군,capital,리버사이드,ko_6247_2,15602947,14,36855,8220,0,0.0,475,4.612603494128189,14,10.890392528880563,3,2,0.6666666666666666,0,0.0,7.751498011504376,10.890392528880563,4.612603494128189,3.138894517376187
ko,베네수엘라,capital,카라카스,ko_6248_3,15602947,23690,36855,1987,238,2.088569654659274,32,2.7693663122292542,698,7.854031698281996,3,3,1.0,0,0.0,4.237322555056841,7.854031698281996,2.088569654659274,2.572457941639466
ko,매니토바주,capital,위니펙,ko_6249_4,15602947,537,36855,2771,2,0.6569641914935117,299,5.513553148195612,331,11.761033340789997,3,3,1.0,0,0.0,5.977183560159706,11.761033340789997,0.6569641914935117,4.545056126332067
ko,이탈리아 왕국,capital,토리노,ko_6250_0,15602947,340,36855,6281,3,1.9013140340623786,317,4.417302945618191,24,7.454108218032922,3,3,1.0,0,0.0,4.59090839923783,7.454108218032922,1.9013140340623786,2.270240068440507
ko,롬바르디아주,capital,밀라노,ko_6251_4,15602947,212,36855,23075,2,1.997822014915725,122,1.1624367796213118,65,7.695719538494364,3,3,1.0,0,0.0,3.6186594443438005,7.695719538494364,1.1624367796213118,2.9030192766983403
ko,이란,capital,테헤란,ko_6252_4,15602947,263780,36855,5813,1303,1.0643881811081757,91,2.7284699164457344,3055,4.9582290219849305,3,3,1.0,0,0.0,2.9170290398462804,4.9582290219849305,1.0643881811081757,1.5952356212136052
ko,그레이트브리튼 왕국,capital,런던,ko_6253_3,15602947,59,36855,128055,2,3.843099420117083,1328,2.1343778412836056,16,5.046268098545523,3,3,1.0,0,0.0,3.674581786648737,5.046268098545523,2.1343778412836056,1.1947314516036782
ko,리비아,capital,트리폴리,ko_6254_1,15602947,16356,36855,1200,123,1.6707246272917984,11,1.9563553976203405,660,9.035286383673176,3,3,1.0,0,0.0,4.2207888028617715,9.035286383673176,1.6707246272917984,3.4063603695605242
ko,모스크바 대공국,capital,모스크바,ko_6255_3,15602947,67,36855,31781,0,0.0,587,2.967082262747582,67,8.939438307608214,3,2,0.6666666666666666,0,0.0,5.9532602851778975,8.939438307608214,2.967082262747582,2.986178022430316
ko,오스트레일리아 수도 준주,capital,캔버라,ko_6256_1,15602947,36,36855,3070,6,6.140779968757768,209,4.849078661302265,13,10.841806983890846,3,3,1.0,0,0.0,7.277221871316961,10.841806983890846,4.849078661302265,2.5751146687099977
ko,비시 프랑스,capital,파리,ko_6257_2,15602947,177,36855,135231,0,0.0,1038,1.7002668142375768,43,4.80890802846948,3,2,0.6666666666666666,0,0.0,3.2545874213535284,4.80890802846948,1.7002668142375768,1.5543206071159517
ko,바랭주,capital,스트라스부르,ko_6258_1,15602947,4,36855,3948,0,0.0,32,1.7788361950225267,3,11.533371433714366,3,2,0.6666666666666666,0,0.0,6.656103814368446,11.533371433714366,1.7788361950225267,4.87726761934592
ko,빌뉴스주,capital,빌뉴스,ko_6259_0,15602947,1,36855,1300,0,0.0,12,1.9664090622842636,0,0.0,3,1,0.3333333333333333,0,0.0,1.9664090622842636,1.9664090622842636,1.9664090622842636,0.0
ko,브뤼셀,capital,브뤼셀 시,ko_6260_4,15602947,12067,36855,26,177,2.6345685905214316,0,0.0,26,10.336535778409118,3,2,0.6666666666666666,0,0.0,6.485552184465275,10.336535778409118,2.6345685905214316,3.8509835939438433
ko,서스캐처원주,capital,리자이나,ko_6261_3,15602947,75,36855,805,0,0.0,280,7.2021805134219115,8,11.013651543951747,3,2,0.6666666666666666,0,0.0,9.10791602868683,11.013651543951747,7.2021805134219115,1.9057355152649178
ko,테헤란주,capital,테헤란,ko_6262_2,15602947,10,36855,5813,0,0.0,91,2.7284699164457344,4,10.06831991933036,3,2,0.6666666666666666,0,0.0,6.398394917888047,10.06831991933036,2.7284699164457344,3.669925001442313
ko,에밀리아로마냐주,capital,볼로냐,ko_6263_4,15602947,47,36855,9060,0,0.0,310,3.8565715398195644,15,9.102321616446892,3,2,0.6666666666666666,0,0.0,6.479446578133228,9.102321616446892,3.8565715398195644,2.622875038313664
ko,아일랜드,capital,더블린,ko_6264_2,15602947,95828,36855,8503,817,1.8517750992014732,111,2.4664021132668856,3275,5.970678537776504,3,3,1.0,0,0.0,3.4296185834149546,5.970678537776504,1.8517750992014732,1.8142364528637902
ko,우루과이,capital,몬테비데오,ko_6265_3,15602947,11953,36855,850,94,1.7352461860003108,8,1.9944234384538602,513,9.621726056875346,3,3,1.0,0,0.0,4.450465227109839,9.621726056875346,1.7352461860003108,3.6581641241791965
ko,아케메네스 왕조,capital,바빌론,ko_6266_4,15602947,182,36855,3609,2,2.2179478292802277,22,1.3677906602189889,35,9.699420156298645,3,3,1.0,0,0.0,4.428386215265953,9.699420156298645,1.3677906602189889,3.743308777776289
ko,페루,capital,리마,ko_6267_1,15602947,26186,36855,7152,187,1.596128849842012,45,1.4134645446252811,1862,7.277313464300534,3,3,1.0,0,0.0,3.4289689529226095,7.277313464300534,1.4134645446252811,2.7222121115971754
ko,스리랑카,capital,콜롬보,ko_6268_1,15602947,20179,36855,4450,142,1.5749225280913601,292,4.795977407617819,1171,7.668683886317454,3,3,1.0,0,0.0,4.679861274008878,7.668683886317454,1.5749225280913601,2.489122213433965
ko,이라크 왕국,capital,바그다드,ko_6269_4,15602947,34,36855,3496,0,0.0,51,2.6266783419498214,7,9.843717818756273,3,2,0.6666666666666666,0,0.0,6.235198080353047,9.843717818756273,2.6266783419498214,3.608519738403226
ko,아메리카 남부 연합,capital,몽고메리,ko_6270_0,15602947,7,36855,5224,0,0.0,42,1.7671207107112537,1,8.737021103845573,3,2,0.6666666666666666,0,0.0,5.252070907278413,8.737021103845573,1.7671207107112537,3.4849501965671594
ko,세르비아 왕국,capital,베오그라드,ko_6271_3,15602947,49,36855,3082,0,0.0,293,5.330848177386387,11,10.15038583545691,3,2,0.6666666666666666,0,0.0,7.740617006421649,10.15038583545691,5.330848177386387,2.409768829035262
ko,워터퍼드주,capital,워터퍼드,ko_6272_2,15602947,1,36855,356,0,0.0,1,0.25000903851252637,0,0.0,3,1,0.3333333333333333,0,0.0,0.25000903851252637,0.25000903851252637,0.25000903851252637,0.0
ko,세르비아 몬테네그로,capital,베오그라드,ko_6273_2,15602947,494,36855,3082,4,1.7773752378942465,293,5.330848177386387,48,8.9422593300713,3,3,1.0,0,0.0,5.3501609151173115,8.9422593300713,1.7773752378942465,2.9250835600556724
ko,우크라이나,capital,키예프,ko_6274_1,15602947,36759,36855,3983,318,1.872815525449353,41,2.123654709732822,2025,7.753571736430844,3,3,1.0,0,0.0,3.9166806572043398,7.753571736430844,1.872815525449353,2.715023626598112
ko,보스니아 헤르체고비나,capital,사라예보,ko_6275_3,15602947,4061,36855,2252,40,2.0600512524419607,5,0.0,1248,11.0561070023073,3,2,0.6666666666666666,0,0.0,6.55807912737463,11.0561070023073,2.0600512524419607,4.49802787493267
ko,아르메니아,capital,예레반,ko_6276_4,15602947,11333,36855,622,104,1.9579399952598462,6,2.029934200069478,345,9.576754796624366,3,3,1.0,0,0.0,4.521542997317897,9.576754796624366,1.9579399952598462,3.57469537567115
ko,아바스 왕조,capital,다마스쿠스,ko_6277_2,15602947,139,36855,1828,2,2.606801396755417,30,2.796582710029373,16,9.94032377966803,3,3,1.0,0,0.0,5.114569295484274,9.94032377966803,2.606801396755417,3.413203186932741
ko,할리스코주,capital,과달라하라,ko_6278_2,15602947,50,36855,2587,0,0.0,293,5.583434985216432,12,10.499357179711298,3,2,0.6666666666666666,0,0.0,8.041396082463866,10.499357179711298,5.583434985216432,2.4579610972474333
ko,방글라데시,capital,다카,ko_6279_4,15602947,20828,36855,2660,158,1.6832865262657777,26,2.0489716572314642,999,8.136208853463224,3,3,1.0,0,0.0,3.9561556789868217,8.136208853463224,1.6832865262657777,2.959511762643745
ko,앨라배마주,capital,몽고메리,ko_6280_4,15602947,1462,36855,5224,11,1.6714464921637842,42,1.7671207107112537,183,8.546348268234782,3,3,1.0,0,0.0,3.9949718237032728,8.546348268234782,1.6714464921637842,3.2185461566677254
ko,일리노이주,capital,스프링필드,ko_6281_0,15602947,3271,36855,3076,23,1.5737883814531588,38,2.3868301949606834,68,6.720422216655342,3,3,1.0,0,0.0,3.560346931023061,6.720422216655342,1.5737883814531588,2.2590287154403113
ko,링컨셔주,capital,링컨,ko_6282_3,15602947,33,36855,15377,1,3.6813483501204707,102,1.489681366006465,6,7.527397143368356,3,3,1.0,0,0.0,4.232808953165097,7.527397143368356,1.489681366006465,2.4955406294139864
ko,스페인 제국,capital,마드리드,ko_6283_0,15602947,128,36855,27521,4,3.725742469478924,178,1.4532306282966405,23,6.670631891357939,3,3,1.0,0,0.0,3.9498683297111676,6.670631891357939,1.4532306282966405,2.1358828441446316
ko,노르파드칼레,capital,릴,ko_6284_2,15602947,25,36855,459525,1,4.081886279704199,745,0.0,5,2.7636032860890354,3,2,0.6666666666666666,0,0.0,3.4227447828966175,4.081886279704199,2.7636032860890354,0.6591414968075819
ko,위스콘신주,capital,매디슨,ko_6285_2,15602947,1526,36855,7519,8,1.150203222644394,87,2.292360879264417,75,6.672269565047722,3,3,1.0,0,0.0,3.3716112223188444,6.672269565047722,1.150203222644394,2.3800406368678164
ko,시칠리아,capital,팔레르모,ko_6286_4,15602947,4470,36855,2722,31,1.5538796637951193,64,3.3152911179749296,345,8.789257291540464,3,3,1.0,0,0.0,4.552809357770172,8.789257291540464,1.5538796637951193,3.0807207922161
ko,아일랜드 왕국,capital,더블린,ko_6287_2,15602947,29,36855,8503,0,0.0,111,2.4664021132668856,2,6.98357798975989,3,2,0.6666666666666666,0,0.0,4.724990051513388,6.98357798975989,2.4664021132668856,2.258587938246502
ko,필리핀,capital,마닐라,ko_6288_0,15602947,481765,36855,443032,1299,0.19095812422075234,787,0.0,313959,4.520510408431998,3,2,0.6666666666666666,0,0.0,2.355734266326375,4.520510408431998,0.19095812422075234,2.1647761421056226
ko,베네치아 공화국,capital,베네치아,ko_6289_1,15602947,261,36855,136418,1,0.6978364729090397,552,0.7765924350430792,261,6.837640716235594,3,3,1.0,0,0.0,2.7706898747292374,6.837640716235594,0.6978364729090397,2.875948247774388
ko,알레포주,capital,알레포,ko_6290_4,15602947,21,36855,1197,0,0.0,12,2.085497533256578,7,12.085145269784949,3,2,0.6666666666666666,0,0.0,7.085321401520764,12.085145269784949,2.085497533256578,4.999823868264185
ko,콜로라도주,capital,덴버,ko_6291_4,15602947,2032,36855,10568,33,2.781451902065212,362,3.858173605315302,502,8.510759323381386,3,3,1.0,0,0.0,5.050128276920634,8.510759323381386,2.781451902065212,2.486202973258415
ko,그리스,capital,아테네,ko_6292_0,15602947,97407,36855,15452,583,1.3413567100994788,100,1.4540926970217176,6126,5.988801064236692,3,3,1.0,0,0.0,2.928083490452629,5.988801064236692,1.3413567100994788,2.164743464484076
ko,크로아티아 독립국,capital,자그레브,ko_6293_0,15602947,50,36855,4722,0,0.0,23,1.0441220993072944,3,7.6312391921673965,3,2,0.6666666666666666,0,0.0,4.337680645737345,7.6312391921673965,1.0441220993072944,3.293558546430051
ko,네덜란드,capital,암스테르담,ko_6294_4,15602947,91068,36855,18114,675,1.6498295813138752,168,1.9732423500229033,6549,5.952900000823531,3,3,1.0,0,0.0,3.191990644053437,5.952900000823531,1.6498295813138752,1.9567173721936275
ko,애리조나주,capital,피닉스,ko_6295_0,15602947,3524,36855,17605,23,1.4663062166155236,125,1.5878291473905177,598,7.232621065976805,3,3,1.0,0,0.0,3.4289188099942822,7.232621065976805,1.4663062166155236,2.690081175330457
ko,이탈리아,capital,로마,ko_6296_0,15602947,239990,36855,99776,1159,1.031792553760535,522,1.1472432533510242,24953,4.023220883056302,3,3,1.0,0,0.0,2.06741889672262,4.023220883056302,1.031792553760535,1.3837637739920459
ko,유고슬라비아 왕국,capital,베오그라드,ko_6297_0,15602947,89,36855,3082,0,0.0,293,5.330848177386387,14,9.637285552026029,3,2,0.6666666666666666,0,0.0,7.484066864706207,9.637285552026029,5.330848177386387,2.153218687319821
ko,영국,capital,런던,ko_6298_3,15602947,428419,36855,128055,2925,1.5313004406567585,1328,2.1343778412836056,47213,3.747144746601237,3,3,1.0,0,0.0,2.470941009513867,3.747144746601237,1.5313004406567585,0.93539566377141
ko,알바니아 사회주의 인민공화국,capital,티라나,ko_6299_1,15602947,1,36855,732,0,0.0,7,2.017397553252486,0,0.0,3,1,0.3333333333333333,0,0.0,2.017397553252486,2.017397553252486,2.017397553252486,0.0
ko,세르비아,capital,베오그라드,ko_6300_0,15602947,15107,36855,3082,114,1.675702910490034,293,5.330848177386387,941,8.300785400509728,3,3,1.0,0,0.0,5.102445496128716,8.300785400509728,1.675702910490034,2.7094963047887277
ko,리비아 왕국,capital,트리폴리,ko_6301_3,15602947,10,36855,1200,0,0.0,11,1.9563553976203405,3,11.92953092278752,3,2,0.6666666666666666,0,0.0,6.942943160203931,11.92953092278752,1.9563553976203405,4.98658776258359
ko,캐나다,capital,오타와,ko_6302_1,15602947,325933,36855,6411,1892,1.2972229392073997,118,2.962051825459798,3319,4.63129852453602,3,3,1.0,0,0.0,2.963524429734406,4.63129852453602,1.2972229392073997,1.3611310562894885
ko,가나가와현,capital,요코하마시,ko_6303_4,15602947,2813,36855,685,6,0.0,2,0.30578229163103526,220,10.798820905811679,3,2,0.6666666666666666,0,0.0,5.552301598721357,10.798820905811679,0.30578229163103526,5.246519307090321
ko,중앙보헤미아주,capital,프라하,ko_6304_4,15602947,2,36855,17713,0,0.0,99,1.242578132104221,2,9.782794249995295,3,2,0.6666666666666666,0,0.0,5.512686191049758,9.782794249995295,1.242578132104221,4.270108058945537
ko,프랑스,capital,파리,ko_6305_0,15602947,373066,36855,135231,2087,1.2438859965053728,1038,1.7002668142375768,54132,4.065371537157502,3,3,1.0,0,0.0,2.3365081159668173,4.065371537157502,1.2438859965053728,1.236607566300333
ko,불가리아,capital,소피아,ko_6306_0,15602947,17149,36855,13161,121,1.5787688754184366,80,1.3636890726259,1359,6.55382662514153,3,3,1.0,0,0.0,3.1654281910619555,6.55382662514153,1.3636890726259,2.397567905391768
ko,데번주,capital,엑서터,ko_6307_0,15602947,32,36855,721,0,0.0,3,0.8168495209592579,3,10.986422258929942,3,2,0.6666666666666666,0,0.0,5.9016358899445995,10.986422258929942,0.8168495209592579,5.084786368985341
ko,중앙마케도니아주,capital,테살로니키,ko_6308_3,15602947,3,36855,2257,0,0.0,283,5.730210009118971,1,11.170162003536616,3,2,0.6666666666666666,0,0.0,8.450186006327794,11.170162003536616,5.730210009118971,2.7199759972088224
ko,시칠리아 토후국,capital,팔레르모,ko_6309_3,15602947,6,36855,2722,0,0.0,64,3.3152911179749296,1,9.899901355224456,3,2,0.6666666666666666,0,0.0,6.607596236599693,9.899901355224456,3.3152911179749296,3.292305118624763
ko,가이아나,capital,조지타운,ko_6310_3,15602947,5293,36855,3699,32,1.3558725308440487,326,5.221551038586006,957,9.574900798176763,3,3,1.0,0,0.0,5.384108122535605,9.574900798176763,1.3558725308440487,3.357372486430443
ko,헝가리 왕국,capital,부다페스트,ko_6311_3,15602947,161,36855,13749,1,1.3948255913643073,100,1.6225595881581802,31,7.771555568626397,3,3,1.0,0,0.0,3.596313582716295,7.771555568626397,1.3948255913643073,2.9538054465388464
ko,작센주,capital,드레스덴,ko_6312_2,15602947,275,36855,5673,3,2.2074171617880585,303,4.499020304280958,93,9.8612900614747,3,3,1.0,0,0.0,5.522575842514573,9.8612900614747,2.2074171617880585,3.2074072650689818
ko,명,capital,난징시,ko_6313_3,15602947,434261,36855,291,1977,0.9466367573464044,3,2.1258296272917963,58,2.840217991807168,3,3,1.0,0,0.0,1.9708947921484563,2.840217991807168,0.9466367573464044,0.7807757147995652
ko,메카주,capital,메카,ko_6314_4,15602947,8,36855,15338,1,5.7257424694789245,67,0.887008905642487,2,7.990492453155398,3,3,1.0,0,0.0,4.867747942758936,7.990492453155398,0.887008905642487,2.9627673531523135
ko,이집트 속주,capital,카이로,ko_6315_1,15602947,5,36855,9065,0,0.0,400,4.223507354622129,0,0.0,3,1,0.3333333333333333,0,0.0,4.223507354622129,4.223507354622129,4.223507354622129,0.0
ko,폴란드 입헌왕국,capital,바르샤바,ko_6316_3,15602947,7,36855,8715,0,0.0,53,1.364377975029076,5,10.320603431266319,3,2,0.6666666666666666,0,0.0,5.842490703147697,10.320603431266319,1.364377975029076,4.478112728118622
ko,북아일랜드,capital,벨파스트,ko_6317_3,15602947,5887,36855,1783,51,1.8748508991376716,291,6.110526824762213,472,9.454550356873705,3,3,1.0,0,0.0,5.813309360257864,9.454550356873705,1.8748508991376716,3.101528078577373
ko,스페인,capital,마드리드,ko_6318_2,15602947,157111,36855,27521,846,1.1888316548635836,178,1.4532306282966405,13171,5.570722532593464,3,3,1.0,0,0.0,2.737594938584563,5.570722532593464,1.1888316548635836,2.0062295776304886
ko,프랑스 본토,capital,파리,ko_6319_4,15602947,107,36855,135231,1,1.9842754830777773,1038,1.7002668142375768,34,5.196244678699572,3,3,1.0,0,0.0,2.960262325338309,5.196244678699572,1.7002668142375768,1.5853239509957844
ko,타타르 공화국,capital,카잔,ko_6320_2,15602947,26,36855,2912,2,5.025302751337832,185,4.74932928979654,8,10.687080849109819,3,3,1.0,0,0.0,6.82057096341473,10.687080849109819,4.74932928979654,2.7363557712161817
ko,브레스트주,capital,브레스트,ko_6321_2,15602947,3,36855,3066,0,0.0,3,0.0,2,11.728210725069674,3,1,0.3333333333333333,0,0.0,11.728210725069674,11.728210725069674,11.728210725069674,0.0
ko,영국 위임통치령 팔레스타인,capital,예루살렘,ko_6322_1,15602947,21,36855,21478,2,5.333425046700164,102,1.007595773978914,6,7.697388247920498,3,3,1.0,0,0.0,4.6794696895331915,7.697388247920498,1.007595773978914,2.769966791976262
ko,팔레르모현,capital,팔레르모,ko_6323_3,15602947,1,36855,2722,0,0.0,64,3.3152911179749296,1,12.484863855945614,3,2,0.6666666666666666,0,0.0,7.900077486960272,12.484863855945614,3.3152911179749296,4.584786368985342
ko,바이에른 왕국,capital,뮌헨,ko_6324_0,15602947,63,36855,23036,1,2.7484625459790077,415,2.9311073890171007,28,8.233787599311185,3,3,1.0,0,0.0,4.637785844769097,8.233787599311185,2.7484625459790077,2.5438502640255685
ko,타밀나두주,capital,첸나이,ko_6325_0,15602947,149,36855,3469,1,1.5065739490167627,44,2.424869962829839,37,10.125295927330013,3,3,1.0,0,0.0,4.685579946392205,10.125295927330013,1.5065739490167627,3.864686219017777
ko,벨라루스,capital,민스크,ko_6326_4,15602947,10852,36855,2603,93,1.8592279483050895,286,5.539654209853201,1331,9.52197713467552,3,3,1.0,0,0.0,5.640286430944603,9.52197713467552,1.8592279483050895,3.1291134427338485
ko,글로스터셔주,capital,글로스터,ko_6327_4,15602947,23,36855,1121,0,0.0,11,2.0546035253107946,5,11.56311078347453,3,2,0.6666666666666666,0,0.0,6.808857154392662,11.56311078347453,2.0546035253107946,4.754253629081868
ko,보주,capital,로잔,ko_6328_2,15602947,1336,36855,3049,6,0.9270006777260281,27,1.9065095366326443,5,4.259418574853169,3,3,1.0,0,0.0,2.364309596403947,4.259418574853169,0.9270006777260281,1.39843672990433
ko,유럽 연합,capital,스트라스부르,ko_6329_4,15602947,8276,36855,3948,94,2.265613391296552,32,1.7788361950225267,35,4.062974020078167,3,3,1.0,0,0.0,2.7024745354657487,4.062974020078167,1.7788361950225267,0.9823295935092567
ko,우타르프라데시주,capital,러크나우,ko_6330_2,15602947,170,36855,186,1,1.3163515333412226,4,3.1865836583708926,5,11.268693555091236,3,3,1.0,0,0.0,5.257209582267784,11.268693555091236,1.3163515333412226,4.318788156957009
ko,스릅스카 공화국,capital,사라예보,ko_6331_2,15602947,60,36855,2252,3,4.403814374591562,5,0.0,22,11.310865118398157,3,2,0.6666666666666666,0,0.0,7.857339746494859,11.310865118398157,4.403814374591562,3.4535253719032974
ko,사라예보 주,capital,사라예보,ko_6332_0,15602947,3,36855,2252,0,0.0,5,0.0,3,12.758324095369378,3,1,0.3333333333333333,0,0.0,12.758324095369378,12.758324095369378,12.758324095369378,0.0
ko,헝가리 평의회 공화국,capital,부다페스트,ko_6333_4,15602947,5,36855,13749,0,0.0,100,1.6225595881581802,0,0.0,3,1,0.3333333333333333,0,0.0,1.6225595881581802,1.6225595881581802,1.6225595881581802,0.0
ko,아프가니스탄 왕국,capital,카불,ko_6334_2,15602947,23,36855,1125,0,0.0,15,2.496923778983043,11,12.695475583925493,3,2,0.6666666666666666,0,0.0,7.596199681454268,12.695475583925493,2.496923778983043,5.099275902471224
ko,루블린주,capital,루블린,ko_6335_0,15602947,7,36855,670,0,0.0,2,0.3377251841337894,4,13.699943000046868,3,2,0.6666666666666666,0,0.0,7.018834092090329,13.699943000046868,0.3377251841337894,6.681108907956539
ko,버지니아주,capital,리치먼드,ko_6336_3,15602947,3736,36855,2686,33,1.9028578491277157,30,2.2413894756600006,113,7.456971840727691,3,3,1.0,0,0.0,3.8670730551718027,7.456971840727691,1.9028578491277157,2.5422012618257144
ko,잉글랜드 왕국,capital,윈체스터,ko_6337_3,15602947,141,36855,1398,1,1.5861911170801306,18,2.4465188255458,7,9.113970131732982,3,3,1.0,0,0.0,4.382226691452971,9.113970131732982,1.5861911170801306,3.3642322482217875
ko,메디나주,capital,메디나,ko_6338_3,15602947,4,36855,2649,0,0.0,25,1.9983665308840266,1,10.524083079079986,3,2,0.6666666666666666,0,0.0,6.261224804982007,10.524083079079986,1.9983665308840266,4.2628582740979795
ko,스톡홀름시,capital,스톡홀름,ko_6339_0,15602947,43,36855,10611,0,0.0,375,3.9032162504400922,14,8.90313237038304,3,2,0.6666666666666666,0,0.0,6.403174310411566,8.90313237038304,3.9032162504400922,2.4999580599714735
ko,아제르바이잔 소비에트 사회주의 공화국,capital,바쿠,ko_6340_2,15602947,9,36855,2000,0,0.0,21,2.1522756075955978,3,11.344568422066365,3,2,0.6666666666666666,0,0.0,6.7484220148309815,11.344568422066365,2.1522756075955978,4.596146407235383
ko,그리스 왕국,capital,아테네,ko_6341_4,15602947,107,36855,15452,1,1.9842754830777773,100,1.4540926970217176,15,7.145232854425048,3,3,1.0,0,0.0,3.527867011508181,7.145232854425048,1.4540926970217176,2.567005411990631
ko,대한민국,capital,서울특별시,ko_6342_3,15602947,629065,36855,162499,2247,0.5966773086871019,805,1.0685161280536457,19506,1.574024664462132,3,3,1.0,0,0.0,1.0797393670676265,1.574024664462132,0.5966773086871019,0.3990793022951575
ko,몰타 기사단,capital,로마,ko_6343_2,15602947,83,36855,99776,1,2.3507030381319995,522,1.1472432533510242,38,6.161798076848483,3,3,1.0,0,0.0,3.219914789443836,6.161798076848483,1.1472432533510242,2.13745749601863
ko,컴브리아주,capital,칼라일,ko_6344_3,15602947,24,36855,2060,0,0.0,33,2.7617079667667968,1,8.301924084657871,3,2,0.6666666666666666,0,0.0,5.5318160257123346,8.301924084657871,2.7617079667667968,2.7701080589455374
ko,니더작센주,capital,하노버,ko_6345_3,15602947,189,36855,6847,0,0.0,301,4.2181058491464904,49,9.206526330251608,3,2,0.6666666666666666,0,0.0,6.7123160896990495,9.206526330251608,4.2181058491464904,2.4942102405525586
ko,잉글랜드 왕국,capital,웨스트민스터,ko_6346_2,15602947,141,36855,7420,1,1.5861911170801306,41,1.2260910025888423,15,7.805450979151167,3,3,1.0,0,0.0,3.5392443662733797,7.805450979151167,1.2260910025888423,3.02024360727583
ko,토리노현,capital,토리노,ko_6347_2,15602947,1,36855,6281,0,0.0,317,4.417302945618191,0,0.0,3,1,0.3333333333333333,0,0.0,4.417302945618191,4.417302945618191,4.417302945618191,0.0
ko,노스캐롤라이나주,capital,롤리,ko_6348_0,15602947,1965,36855,3762,16,1.7854288723329554,345,5.278910887621261,110,7.859077190305103,3,3,1.0,0,0.0,4.974472316753107,7.859077190305103,1.7854288723329554,2.4888836995964887
ko,노던 준주,capital,다윈,ko_6349_1,15602947,71,36855,6674,4,4.575995349974242,44,1.480838116933902,10,8.36316021164997,3,3,1.0,0,0.0,4.806664559519372,8.36316021164997,1.480838116933902,2.814426592520327
ko,하노버 왕국,capital,하노버,ko_6350_0,15602947,25,36855,6847,0,0.0,301,4.2181058491464904,25,11.154058910357472,3,2,0.6666666666666666,0,0.0,7.686082379751982,11.154058910357472,4.2181058491464904,3.467976530605491
ko,호르달란주,capital,베르겐,ko_6351_3,15602947,11,36855,3024,0,0.0,285,5.318318154309956,5,11.1955692594786,3,2,0.6666666666666666,0,0.0,8.256943706894278,11.1955692594786,5.318318154309956,2.938625552584322
ko,사우스다코타주,capital,피어,ko_6352_2,15602947,201,36855,25749,0,0.0,99,0.7028703057930386,2,2.5920347325051836,3,2,0.6666666666666666,0,0.0,1.6474525191491112,2.5920347325051836,0.7028703057930386,0.9445822133560725
ko,알자스,capital,스트라스부르,ko_6353_2,15602947,1768,36855,3948,2,0.0,32,1.7788361950225267,225,8.974287564818816,3,2,0.6666666666666666,0,0.0,5.376561879920671,8.974287564818816,1.7788361950225267,3.5977256848981445
ko,온타리오주,capital,토론토,ko_6354_0,15602947,2655,36855,35133,44,2.8106779424247055,599,2.851615509450597,1184,7.6297332745699284,3,3,1.0,0,0.0,4.430675575481744,7.6297332745699284,2.8106779424247055,2.262137130041714
ko,매사추세츠주,capital,보스턴,ko_6355_0,15602947,2207,36855,38635,20,1.9397996500866725,537,2.55689996996157,677,6.952835539242224,3,3,1.0,0,0.0,3.8165117197634886,6.952835539242224,1.9397996500866725,2.2319794692409523
ko,불가리아 왕국,capital,소피아,ko_6356_1,15602947,74,36855,13161,1,2.5162891038499744,80,1.3636890726259,9,7.1718053515225835,3,3,1.0,0,0.0,3.6839278426661526,7.1718053515225835,1.3636890726259,2.510788567440429
ko,나폴리도,capital,나폴리,ko_6357_3,15602947,63,36855,12094,1,2.7484625459790077,316,3.4675193540044753,41,9.713583424916223,3,3,1.0,0,0.0,5.309855108299902,9.713583424916223,2.7484625459790077,3.127712474873424
ko,루마니아,capital,부쿠레슈티,ko_6358_1,15602947,21875,36855,3098,166,1.683786504331433,34,2.2160838819396953,1045,7.910485609133868,3,3,1.0,0,0.0,3.9367853318016657,7.910485609133868,1.683786504331433,2.8182211345817274
ko,스위스,capital,베른,ko_6359_0,15602947,109607,36855,4347,896,1.7911169788122285,28,1.4472930112584428,1846,5.917717252092997,3,3,1.0,0,0.0,3.052042414054556,5.917717252092997,1.4472930112584428,2.0311938916461734
ko,오스트리아,capital,빈,ko_6360_1,15602947,60508,36855,209976,412,1.5274047177450312,703,0.503258435078894,8317,3.352459531740537,3,3,1.0,0,0.0,1.794374228188154,3.352459531740537,0.503258435078894,1.1784004022216326
ko,슬로바키아,capital,브라티슬라바,ko_6361_2,15602947,12309,36855,1417,108,1.8932040320287016,15,2.164009022169424,580,9.019174314932833,3,3,1.0,0,0.0,4.35879578971032,9.019174314932833,1.8932040320287016,3.297239232493113
ko,잉글랜드,capital,런던,ko_6362_4,15602947,44567,36855,128055,192,0.8670167405546875,1328,2.1343778412836056,7229,4.304803293416976,3,3,1.0,0,0.0,2.435399291751756,4.304803293416976,0.8670167405546875,1.4195197617484714
ko,이집트,capital,카이로,ko_6363_1,15602947,50804,36855,9065,344,1.5193527540715448,400,4.223507354622129,3378,6.838523045509995,3,3,1.0,0,0.0,4.193794384734556,6.838523045509995,1.5193527540715448,2.171643815602213
ko,우시마 지역,capital,헬싱키,ko_6364_1,15602947,5,36855,7616,0,0.0,93,2.3700835172790122,3,10.263531849975458,3,2,0.6666666666666666,0,0.0,6.316807683627235,10.263531849975458,2.3700835172790122,3.946724166348223
ko,랭커셔주,capital,프레스턴,ko_6365_0,15602947,74,36855,1585,1,2.5162891038499744,9,1.265400345894467,4,9.055594716793887,3,3,1.0,0,0.0,4.279094722179443,9.055594716793887,1.265400345894467,3.4158839578366544
ko,히로시마현,capital,히로시마시,ko_6366_1,15602947,1745,36855,290,0,0.0,0,0.0,132,11.990788915696111,3,1,0.3333333333333333,0,0.0,11.990788915696111,11.990788915696111,11.990788915696111,0.0
ko,신성 로마 제국,capital,빈,ko_6367_2,15602947,829,36855,209976,6,1.61547667870433,703,0.503258435078894,140,3.6495050194262584,3,3,1.0,0,0.0,1.9227467110698273,3.6495050194262584,0.503258435078894,1.3026967022224283
ko,그레이트브리튼 아일랜드 연합왕국,capital,런던,ko_6368_2,15602947,31,36855,128055,0,0.0,1328,2.1343778412836056,11,5.434146456157786,3,2,0.6666666666666666,0,0.0,3.784262148720696,5.434146456157786,2.1343778412836056,1.6498843074370904
ko,나치 독일,capital,베를린,ko_6369_0,15602947,1500,36855,52811,8,1.1749956840956812,326,1.38591978441411,242,5.574880820045068,3,3,1.0,0,0.0,2.711932096184953,5.574880820045068,1.1749956840956812,2.02624098445257
ko,시라쿠사도,capital,시라쿠사,ko_6370_3,15602947,8,36855,840,0,0.0,3,0.5964594525339578,5,13.502997784670848,3,2,0.6666666666666666,0,0.0,7.049728618602403,13.502997784670848,0.5964594525339578,6.453269166068445
ko,러시아 소비에트 연방 사회주의 공화국,capital,모스크바,ko_6371_3,15602947,67,36855,31781,5,4.981581373908514,587,2.967082262747582,36,8.043274118592754,3,3,1.0,0,0.0,5.330645918416283,8.043274118592754,2.967082262747582,2.086993927720207
ko,와이오밍주,capital,샤이엔,ko_6372_0,15602947,483,36855,609,11,3.2692947092804485,10,2.797372146459954,21,10.121454833486263,3,3,1.0,0,0.0,5.396040563075555,10.121454833486263,2.797372146459954,3.346922242556151
ko,우크라이나 소비에트 사회주의 공화국,capital,키예프,ko_6373_0,15602947,56,36855,3983,1,2.91838754742132,41,2.123654709732822,22,10.587752139665115,3,3,1.0,0,0.0,5.209931465606419,10.587752139665115,2.123654709732822,3.816509441236844
ko,비잔티움 제국,capital,콘스탄티노폴리스,ko_6374_3,15602947,477,36855,700,7,2.635251935531017,6,1.8594938583677516,114,12.37914865377651,3,3,1.0,0,0.0,5.624631482558425,12.37914865377651,1.8594938583677516,4.786653445486451
ko,우마이야 칼리파조,capital,다마스쿠스,ko_6375_2,15602947,6,36855,1828,0,0.0,30,2.796582710029373,1,10.474302351670381,3,2,0.6666666666666666,0,0.0,6.635442530849877,10.474302351670381,2.796582710029373,3.8388598208205043
ko,태국,capital,방콕,ko_6376_3,15602947,133711,36855,173797,681,1.1084948265783556,474,0.20744206467918094,19043,3.6764860785229994,3,3,1.0,0,0.0,1.6641409899268453,3.6764860785229994,0.20744206467918094,1.4697218754193666
ko,안드라프라데시주,capital,하이데라바드,ko_6377_3,15602947,231,36855,1714,2,1.8739934280628667,25,2.6264472651411492,4,7.30041477192105,3,3,1.0,0,0.0,3.933618488375022,7.30041477192105,1.8739934280628667,2.400421435971604
ko,노르웨이,capital,오슬로,ko_6378_0,15602947,44489,36855,6771,287,1.4494883458562378,52,1.701028983707024,2762,7.160498557496292,3,3,1.0,0,0.0,3.437005295686518,7.160498557496292,1.4494883458562378,2.63490919845823
ko,라인란트팔츠주,capital,마인츠,ko_6379_4,15602947,77,36855,2192,0,0.0,9,0.7976353879607099,5,8.852424678681542,3,2,0.6666666666666666,0,0.0,4.825030033321126,8.852424678681542,0.7976353879607099,4.027394645360416
ko,터키,capital,앙카라,ko_6380_4,15602947,74816,36855,2865,556,1.6536243276707754,59,3.1240660951964982,1803,7.036120250706026,3,3,1.0,0,0.0,3.9379368911911,7.036120250706026,1.6536243276707754,2.271505351788022
ko,리프디마슈크주,capital,다마스쿠스,ko_6381_2,15602947,1,36855,1828,0,0.0,30,2.796582710029373,1,13.059264852391538,3,2,0.6666666666666666,0,0.0,7.927923781210455,13.059264852391538,2.796582710029373,5.131341071181082
ko,슈바벤 현,capital,아우크스부르크,ko_6382_3,15602947,4,36855,2919,0,0.0,8,0.2144839739766564,1,10.38405671194734,3,2,0.6666666666666666,0,0.0,5.299270342961998,10.38405671194734,0.2144839739766564,5.084786368985341
ko,일본의 군정기,capital,도쿄도,ko_6383_3,15602947,10,36855,9879,0,0.0,50,1.0994493619371453,0,0.0,3,1,0.3333333333333333,0,0.0,1.0994493619371453,1.0994493619371453,1.0994493619371453,0.0
ko,로드아일랜드주,capital,프로비던스,ko_6384_1,15602947,230,36855,2422,3,2.4652149192557054,25,2.12761550955932,54,10.562729508974373,3,3,1.0,0,0.0,5.051853312596466,10.562729508974373,2.12761550955932,3.8992145088646
ko,아이다호주,capital,보이시,ko_6385_0,15602947,381,36855,1668,13,3.8525350001266943,7,0.8291938180918648,24,9.202726947232778,3,3,1.0,0,0.0,4.628151921817112,9.202726947232778,0.8291938180918648,3.462195880566214
ko,크로아티아,capital,자그레브,ko_6386_2,15602947,20444,36855,4722,109,1.1745369182556409,23,1.0441220993072944,3163,8.997820845738149,3,3,1.0,0,0.0,3.7388266211003613,8.997820845738149,1.0441220993072944,3.719051599295223
ko,코크주,capital,코크,ko_6387_3,15602947,13,36855,2869,0,0.0,22,1.6988418353475572,4,10.708543236539851,3,2,0.6666666666666666,0,0.0,6.203692535943704,10.708543236539851,1.6988418353475572,4.504850700596147
ko,베네치아현,capital,베네치아,ko_6388_4,15602947,2,36855,136418,0,0.0,552,0.7765924350430792,2,6.837640716235594,3,2,0.6666666666666666,0,0.0,3.8071165756393364,6.837640716235594,0.7765924350430792,3.030524140596257
ko,웨섹스 왕국,capital,윈체스터,ko_6389_0,15602947,8,36855,1398,0,0.0,18,2.4465188255458,1,10.44616656207417,3,2,0.6666666666666666,0,0.0,6.446342693809985,10.44616656207417,2.4465188255458,3.999823868264185
ko,로마 제국,capital,로마,ko_6390_3,15602947,4222,36855,99776,21,1.0743490289105286,522,1.1472432533510242,4222,7.2889099947518226,3,3,1.0,0,0.0,3.1701674256711256,7.2889099947518226,1.0743490289105286,2.9125428357087206
ko,알제리,capital,알제,ko_6391_1,15602947,13266,36855,2346,145,2.2102057489564766,278,5.648696244173923,1223,9.260090787411103,3,3,1.0,0,0.0,5.706330926847168,9.260090787411103,2.2102057489564766,2.878392037387279
ko,브리티시컬럼비아주,capital,빅토리아,ko_6392_0,15602947,356,36855,40449,10,3.571937133399889,676,2.8228054901293174,32,5.115765360851419,3,3,1.0,0,0.0,3.836835994793541,5.115765360851419,2.8228054901293174,0.9546534440173283
ko,서벵골주,capital,콜카타,ko_6393_4,15602947,27,36855,3914,0,0.0,298,5.010482949314282,11,10.665431283296632,3,2,0.6666666666666666,0,0.0,7.837957116305457,10.665431283296632,5.010482949314282,2.827474166991175
ko,보헤미아 왕국,capital,프라하,ko_6394_3,15602947,98,36855,17713,1,2.1110326253637157,99,1.242578132104221,38,8.416011919323672,3,3,1.0,0,0.0,3.9232075589305366,8.416011919323672,1.242578132104221,3.196615039620435
ko,모스크바주,capital,모스크바,ko_6395_4,15602947,100,36855,31781,5,4.403814374591562,587,2.967082262747582,76,8.543509631277074,3,3,1.0,0,0.0,5.304802089538739,8.543509631277074,2.967082262747582,2.364031823810823
ko,레바논,capital,베이루트,ko_6396_1,15602947,19985,36855,4986,135,1.5159281142219458,303,4.685249285460374,2819,8.785985850220719,3,3,1.0,0,0.0,4.995721083301013,8.785985850220719,1.5159281142219458,2.9760969321276822
ko,라트비아,capital,리가,ko_6397_0,15602947,11405,36855,44736,86,1.6746283979815224,133,0.3318762596046774,1043,4.995311178394437,3,3,1.0,0,0.0,2.3339386119935455,4.995311178394437,0.3318762596046774,1.9600890760664167
ko,일본 제국,capital,도쿄도,ko_6398_4,15602947,1975,36855,9879,3,0.0,50,1.0994493619371453,56,5.48488389423888,3,2,0.6666666666666666,0,0.0,3.2921666280880126,5.48488389423888,1.0994493619371453,2.1927172661508676
ko,웨일스,capital,카디프,ko_6399_2,15602947,4435,36855,3010,32,1.611024080290498,296,5.3796480634608095,274,8.323081129574645,3,3,1.0,0,0.0,5.104584424441984,8.323081129574645,1.611024080290498,2.7470799602904363
ko,델리 술탄 왕조,capital,델리,ko_6400_1,15602947,15,36855,22714,0,0.0,185,1.7858297593279642,15,9.424021036782335,3,2,0.6666666666666666,0,0.0,5.604925398055149,9.424021036782335,1.7858297593279642,3.8190956387271857
ko,아프가니스탄 민주공화국,capital,카불,ko_6401_0,15602947,3,36855,1125,0,0.0,15,2.496923778983043,1,12.174643420624053,3,2,0.6666666666666666,0,0.0,7.335783599803548,12.174643420624053,2.496923778983043,4.838859820820505
ko,폴란드,capital,바르샤바,ko_6402_1,15602947,52432,36855,8715,357,1.527362775965264,53,1.364377975029076,3800,7.019654004112111,3,3,1.0,0,0.0,3.30379825170215,7.019654004112111,1.364377975029076,2.6283491638761514
ko,카자르 왕조,capital,테헤란,ko_6403_1,15602947,75,36855,5813,0,0.0,91,2.7284699164457344,18,9.331354325164153,3,2,0.6666666666666666,0,0.0,6.029912120804943,9.331354325164153,2.7284699164457344,3.301442204359209
ko,아바스 왕조,capital,바그다드,ko_6404_3,15602947,139,36855,3496,2,2.606801396755417,51,2.6266783419498214,27,9.75977216738897,3,3,1.0,0,0.0,4.997750635364736,9.75977216738897,2.606801396755417,3.367267495248374
ko,신드주,capital,카라치,ko_6405_4,15602947,73,36855,1188,1,2.535917910598907,293,6.7061802031004065,35,12.620454544713791,3,3,1.0,0,0.0,7.287517552804368,12.620454544713791,2.535917910598907,4.137465779662869
ko,아케르스후스주,capital,오슬로,ko_6406_1,15602947,3,36855,6771,0,0.0,52,1.701028983707024,3,11.170162003536616,3,2,0.6666666666666666,0,0.0,6.43559549362182,11.170162003536616,1.701028983707024,4.734566509914796
ko,남예멘,capital,아덴,ko_6407_4,15602947,196,36855,2775,4,3.1110326253637157,12,0.8724329140752497,38,10.090260820653155,3,3,1.0,0,0.0,4.691242120030707,10.090260820653155,0.8724329140752497,3.925547466201233
ko,누벨아키텐,capital,보르도,ko_6408_0,15602947,159,36855,8047,2,2.412859514194569,30,0.6583977477320858,22,8.067628553447193,3,3,1.0,0,0.0,3.712961938457949,8.067628553447193,0.6583977477320858,3.1614210958861597
ko,노스웨스트잉글랜드,capital,맨체스터,ko_6409_3,15602947,16,36855,31238,1,4.7257424694789245,405,2.4565060992166963,5,7.286228834302755,3,3,1.0,0,0.0,4.822825800999459,7.286228834302755,2.4565060992166963,1.9729207290032602
ko,중화인민공화국,capital,베이징시,ko_6410_4,15602947,9214,36855,1865,66,1.6005247062331667,19,2.1087100677799095,114,6.693633423867539,3,3,1.0,0,0.0,3.4676227326268716,6.693633423867539,1.6005247062331667,2.2905489626465694
ko,이집트 고왕국,capital,멤피스,ko_6411_0,15602947,45,36855,6208,1,3.2338893731492497,329,4.487773401027038,10,9.125477363820167,3,3,1.0,0,0.0,5.615713379332152,9.125477363820167,3.2338893731492497,2.534020351003342
ko,버뮤다,capital,해밀턴,ko_6412_1,15602947,5245,36855,10733,58,2.2269964071418666,353,3.799501080471467,1017,8.13892635156384,3,3,1.0,0,0.0,4.721807946392391,8.13892635156384,2.2269964071418666,2.5000955159262697
ko,오트가론주,capital,툴루즈,ko_6413_1,15602947,13,36855,3841,0,0.0,10,0.14040431583522153,5,10.609537335664813,3,2,0.6666666666666666,0,0.0,5.374970825750017,10.609537335664813,0.14040431583522153,5.234566509914796
ko,아랍 연합 공화국,capital,카이로,ko_6414_3,15602947,51,36855,9065,0,0.0,400,4.223507354622129,6,7.661761061567748,3,2,0.6666666666666666,0,0.0,5.942634208094939,7.661761061567748,4.223507354622129,1.7191268534728095
ko,헤리퍼드셔주,capital,헤리퍼드,ko_6415_2,15602947,7,36855,117,0,0.0,1,1.8553777498955197,0,0.0,3,1,0.3333333333333333,0,0.0,1.8553777498955197,1.8553777498955197,1.8553777498955197,0.0
ko,지롱드주,capital,보르도,ko_6416_4,15602947,6,36855,8047,0,0.0,30,0.6583977477320858,2,9.336117389373095,3,2,0.6666666666666666,0,0.0,4.99725756855259,9.336117389373095,0.6583977477320858,4.338859820820504
ko,밀라노현,capital,밀라노,ko_6417_2,15602947,11,36855,23075,0,0.0,122,1.1624367796213118,10,9.263768656279174,3,2,0.6666666666666666,0,0.0,5.2131027179502425,9.263768656279174,1.1624367796213118,4.0506659383289305
ko,핀란드,capital,헬싱키,ko_6418_4,15602947,38019,36855,7616,287,1.6762164308052854,93,2.3700835172790122,3665,7.6256619618135115,3,3,1.0,0,0.0,3.890653969965937,7.6256619618135115,1.6762164308052854,2.6561973330053155
ko,시리아,capital,다마스쿠스,ko_6419_2,15602947,35096,36855,1828,337,2.023328259641552,30,2.796582710029373,1279,8.281046410253945,3,3,1.0,0,0.0,4.36698579330829,8.281046410253945,2.023328259641552,2.7856038837931103
ko,발렌시아 지방,capital,발렌시아,ko_6420_3,15602947,73,36855,14304,1,2.535917910598907,33,0.0,73,10.09118418626629,3,2,0.6666666666666666,0,0.0,6.313551048432599,10.09118418626629,2.535917910598907,3.7776331378336914
ko,벨로루시 소비에트 사회주의 공화국,capital,민스크,ko_6421_2,15602947,32,36855,2603,0,0.0,286,5.539654209853201,6,10.134318111766651,3,2,0.6666666666666666,0,0.0,7.836986160809927,10.134318111766651,5.539654209853201,2.297331950956725
ko,제노바 공화국,capital,제노바,ko_6422_3,15602947,62,36855,4483,1,2.771546159092049,327,4.948640510926318,62,11.765066423398919,3,3,1.0,0,0.0,6.4950843644724285,11.765066423398919,2.771546159092049,3.8309675131531704
ko,벨기에,capital,브뤼셀 시,ko_6423_3,15602947,52202,36855,26,360,1.545778104850819,0,0.0,17,7.610520869601075,3,2,0.6666666666666666,0,0.0,4.5781494872259465,7.610520869601075,1.545778104850819,3.032371382375128
ko,티라나 현,capital,티라나,ko_6424_0,15602947,3,36855,732,0,0.0,7,2.017397553252486,3,14.379615369165565,3,2,0.6666666666666666,0,0.0,8.198506461209025,14.379615369165565,2.017397553252486,6.181108907956539
ko,리구리아주,capital,제노바,ko_6425_2,15602947,33,36855,4483,1,3.6813483501204707,327,4.948640510926318,7,9.52802722609807,3,3,1.0,0,0.0,6.052672029048286,9.52802722609807,3.6813483501204707,2.51131806885756
ko,아키텐,capital,보르도,ko_6426_0,15602947,430,36855,8047,0,0.0,30,0.6583977477320858,158,9.476667788681894,3,2,0.6666666666666666,0,0.0,5.0675327682069895,9.476667788681894,0.6583977477320858,4.4091350204749045
ko,오스트리아-헝가리 제국,capital,빈,ko_6427_3,15602947,560,36855,209976,4,1.596459452533958,703,0.503258435078894,126,4.063447200531992,3,3,1.0,0,0.0,2.0543883627149477,4.063447200531992,0.503258435078894,1.4890735769820722
ko,로마도,capital,로마,ko_6428_1,15602947,539,36855,99776,2,0.6516010067264189,522,1.1472432533510242,267,6.2754644636868715,3,3,1.0,0,0.0,2.6914362412547717,6.2754644636868715,0.6516010067264189,2.5423557361303213
ko,스톡홀름주,capital,스톡홀름,ko_6429_4,15602947,6,36855,10611,0,0.0,375,3.9032162504400922,5,10.259007797193739,3,2,0.6666666666666666,0,0.0,7.081112023816916,10.259007797193739,3.9032162504400922,3.1778957733768234
ko,이집트 왕국,capital,카이로,ko_6430_1,15602947,52,36855,9065,0,0.0,400,4.223507354622129,7,7.856139106734599,3,2,0.6666666666666666,0,0.0,6.039823230678364,7.856139106734599,4.223507354622129,1.816315876056235
ko,테네시주,capital,내슈빌,ko_6431_3,15602947,1997,36855,2187,18,1.932048853477264,19,1.8789324778744163,161,9.16787596307216,3,3,1.0,0,0.0,4.326285764807946,9.16787596307216,1.8789324778744163,3.423589935850512
ko,사가현,capital,사가시,ko_6432_0,15602947,2044,36855,159,0,0.0,0,0.0,58,11.443233766355203,3,1,0.3333333333333333,0,0.0,11.443233766355203,11.443233766355203,11.443233766355203,0.0
ko,스웨덴,capital,스톡홀름,ko_6433_1,15602947,76894,36855,10611,512,1.4951590601162983,375,3.9032162504400922,4712,6.493582617495367,3,3,1.0,0,0.0,3.9639859760172524,6.493582617495367,1.4951590601162983,2.041050258143349
ko,프랑스령 알제리,capital,알제,ko_6434_2,15602947,27,36855,2346,0,0.0,278,5.648696244173923,6,10.529402907978787,3,2,0.6666666666666666,0,0.0,8.089049576076356,10.529402907978787,5.648696244173923,2.4403533319024318
ko,오하이오주,capital,콜럼버스,ko_6435_0,15602947,3865,36855,6659,34,1.8969526119170539,47,1.5792414963394041,122,6.208710021383126,3,3,1.0,0,0.0,3.228301376546528,6.208710021383126,1.5792414963394041,2.111454767990219
ko,사우스캐롤라이나주,capital,컬럼비아,ko_6436_0,15602947,903,36855,13818,5,1.2290883868854283,215,2.719674122554383,37,5.531925199083697,3,3,1.0,0,0.0,3.160229236174503,5.531925199083697,1.2290883868854283,1.7840343352833334
ko,자메이카,capital,킹스턴,ko_6437_1,15602947,9759,36855,3904,95,2.0430804700475838,81,3.1348551348006626,214,6.45352724852558,3,3,1.0,0,0.0,3.877154284457942,6.45352724852558,2.0430804700475838,1.875502815626283
ko,키예프 루스,capital,키예프,ko_6438_0,15602947,67,36855,3983,1,2.6596532790211516,41,2.123654709732822,67,11.935675443085422,3,3,1.0,0,0.0,5.572994477279799,11.935675443085422,2.123654709732822,4.504413052480769
ko,오트잘프주,capital,가프,ko_6439_1,15602947,1,36855,324,0,0.0,0,0.0,0,0.0,3,0,0.0,0,0.0,,,,
ko,잉글랜드 왕국,capital,런던,ko_6440_2,15602947,141,36855,128055,1,1.5861911170801306,1328,2.1343778412836056,37,4.99881316113752,3,3,1.0,0,0.0,2.9064607065004187,4.99881316113752,1.5861911170801306,1.4963469443877118
ko,카탈루냐 지방,capital,바르셀로나,ko_6441_3,15602947,199,36855,37224,2,2.0891178489352753,509,2.5333188437973724,129,8.085972370571966,3,3,1.0,0,0.0,4.236136354434872,8.085972370571966,2.0891178489352753,2.728278656872482
ko,파리 코뮌,capital,파리,ko_6442_3,15602947,220,36855,135231,2,1.9443827559542646,1038,1.7002668142375768,220,6.85024882385038,3,3,1.0,0,0.0,3.49829946468074,6.85024882385038,1.7002668142375768,2.3722804117667557
ko,피에몬테주,capital,토리노,ko_6443_1,15602947,100,36855,6281,0,0.0,317,4.417302945618191,36,9.804605465117055,3,2,0.6666666666666666,0,0.0,7.110954205367623,9.804605465117055,4.417302945618191,2.6936512597494318
ko,체코,capital,프라하,ko_6444_4,15602947,35416,36855,17713,222,1.4080446777311644,99,1.242578132104221,7856,7.610259806212122,3,3,1.0,0,0.0,3.420294205349169,7.610259806212122,1.242578132104221,2.9635230831721855
ko,노바스코샤주,capital,핼리팩스,ko_6445_3,15602947,144,36855,2264,3,3.140779968757768,12,1.1660467273681983,28,10.388086885233017,3,3,1.0,0,0.0,4.898304527119661,10.388086885233017,1.1660467273681983,3.9646921358622302
ko,옥스퍼드셔주,capital,옥스퍼드,ko_6446_2,15602947,34,36855,12658,0,0.0,102,1.770405959047804,14,8.987445435854257,3,2,0.6666666666666666,0,0.0,5.378925697451031,8.987445435854257,1.770405959047804,3.6085197384032264
ko,유럽 연합,capital,브뤼셀 시,ko_6447_1,15602947,8276,36855,26,94,2.265613391296552,0,0.0,8,9.180157559448507,3,2,0.6666666666666666,0,0.0,5.72288547537253,9.180157559448507,2.265613391296552,3.457272084075977
ko,유고슬라비아 사회주의 연방공화국,capital,베오그라드,ko_6448_1,15602947,86,36855,3082,1,2.299477714776826,293,5.330848177386387,15,9.786289901841243,3,3,1.0,0,0.0,5.805538598001486,9.786289901841243,2.299477714776826,3.0748536472122674
ko,영국령 인도 제국,capital,콜카타,ko_6449_1,15602947,55,36855,3914,2,3.9443827559542646,298,5.010482949314282,5,8.501455548185506,3,3,1.0,0,0.0,5.81877375115135,8.501455548185506,3.9443827559542646,1.9462320217408764
ko,청나라,capital,베이징시,ko_6450_3,15602947,14380,36855,1865,47,0.4685552658299013,19,2.1087100677799095,79,5.5223599851574505,3,3,1.0,0,0.0,2.6998751062557536,5.5223599851574505,0.4685552658299013,2.105127488191861
ko,리투아니아 대공국,capital,빌뉴스,ko_6451_1,15602947,39,36855,1300,0,0.0,12,1.9664090622842636,11,11.72504869930884,3,2,0.6666666666666666,0,0.0,6.8457288807965515,11.72504869930884,1.9664090622842636,4.879319818512288
ko,사르데냐 왕국,capital,토리노,ko_6452_2,15602947,81,36855,6281,0,0.0,317,4.417302945618191,18,9.108611652007156,3,2,0.6666666666666666,0,0.0,6.762957298812673,9.108611652007156,4.417302945618191,2.3456543531944822
ko,메릴랜드주,capital,아나폴리스,ko_6453_3,15602947,1942,36855,412,17,1.8898778253100714,13,3.739681660436798,28,9.092842116904801,3,3,1.0,0,0.0,4.90746720088389,9.092842116904801,1.8898778253100714,3.0543374565640447
ko,바이마르 공화국,capital,베를린,ko_6454_0,15602947,707,36855,52811,19,3.508103578113111,326,1.38591978441411,191,6.3186267913800656,3,3,1.0,0,0.0,3.737550051302429,6.3186267913800656,1.38591978441411,2.020294346077162
ko,아메리카 남부 연합,capital,리치먼드,ko_6455_4,15602947,7,36855,2686,0,0.0,30,2.2413894756600006,2,10.696716695964561,3,2,0.6666666666666666,0,0.0,6.469053085812281,10.696716695964561,2.2413894756600006,4.22766361015228
ko,네우스트리아,capital,파리,ko_6456_3,15602947,44,36855,135231,0,0.0,1038,1.7002668142375768,11,4.85024882385038,3,2,0.6666666666666666,0,0.0,3.2752578190439783,4.85024882385038,1.7002668142375768,1.5749910048064015
ko,바이에른주,capital,뮌헨,ko_6457_0,15602947,613,36855,23036,4,1.4659992057881428,415,2.9311073890171007,148,7.353422702691665,3,3,1.0,0,0.0,3.9168430991656358,7.353422702691665,1.4659992057881428,2.5025580280544215
ko,하와이주,capital,호놀룰루,ko_6458_1,15602947,1122,36855,8775,6,1.1788480095912874,47,1.1811479110772762,248,8.618471147148405,3,3,1.0,0,0.0,3.6594890226056562,8.618471147148405,1.1788480095912874,3.5065300137541096
ko,연합군의 독일 점령 지역,capital,베를린,ko_6459_3,15602947,10,36855,52811,0,0.0,326,1.38591978441411,7,7.692191195323958,3,2,0.6666666666666666,0,0.0,4.539055489869034,7.692191195323958,1.38591978441411,3.153135705454924
ko,퀸즐랜드주,capital,브리즈번,ko_6460_4,15602947,330,36855,11185,2,1.3594202552331085,368,3.800026789589456,101,8.737926840009106,3,3,1.0,0,0.0,4.632457961610556,8.737926840009106,1.3594202552331085,3.0692340084034
ko,보헤미아,capital,프라하,ko_6461_0,15602947,2647,36855,17713,6,0.0,99,1.242578132104221,642,7.7390812576222,3,2,0.6666666666666666,0,0.0,4.49082969486321,7.7390812576222,1.242578132104221,3.2482515627589894
ko,아프가니스탄 이슬람 에미리트,capital,카불,ko_6462_2,15602947,2,36855,1125,0,0.0,15,2.496923778983043,1,12.759605921345209,3,2,0.6666666666666666,0,0.0,7.6282648501641255,12.759605921345209,2.496923778983043,5.131341071181083
ko,홈스주,capital,다마스쿠스,ko_6463_2,15602947,10,36855,1828,0,0.0,30,2.796582710029373,3,11.322299258225332,3,2,0.6666666666666666,0,0.0,7.059440984127352,11.322299258225332,2.796582710029373,4.2628582740979795
ko,웨스트버지니아주,capital,찰스턴,ko_6464_1,15602947,377,36855,2955,3,1.752284256931416,16,1.1968000544140294,16,7.807952079116048,3,3,1.0,0,0.0,3.5856787968204977,7.807952079116048,1.1968000544140294,2.9941982151712137
ko,케냐,capital,나이로비,ko_6465_3,15602947,20860,36855,3528,167,1.7609952245458484,342,5.358960138807301,1655,8.45484432617954,3,3,1.0,0,0.0,5.191599896510897,8.45484432617954,1.7609952245458484,2.7353136367257385
ko,서독,capital,본,ko_6466_0,15602947,6308,36855,1239547,40,1.4247036195757763,5102,0.8012081085154108,1279,1.3517672669747487,3,3,1.0,0,0.0,1.1925596650219787,1.4247036195757763,0.8012081085154108,0.27832470062593
ko,슬로베니아,capital,류블랴나,ko_6467_0,15602947,11600,36855,1141,102,1.896330626548123,14,2.3770143152478465,751,9.790064043772901,3,3,1.0,0,0.0,4.687802995189624,9.790064043772901,1.896330626548123,3.6131763549600038
ko,오타고 지방,capital,더니딘,ko_6468_0,15602947,9,36855,24,0,0.0,0,0.0,1,16.14042770528614,3,1,0.3333333333333333,0,0.0,16.14042770528614,16.14042770528614,16.14042770528614,0.0
ko,장쑤성,capital,난징시,ko_6469_2,15602947,3645,36855,291,12,0.4790018709857809,3,2.1258296272917963,111,10.67315263167713,3,3,1.0,0,0.0,4.425994709984902,10.67315263167713,0.4790018709857809,4.468276848231053
ko,뉴저지주,capital,트렌턴,ko_6470_4,15602947,3459,36855,312,32,1.969603171105996,11,3.899771869253973,17,7.941236531464771,3,3,1.0,0,0.0,4.603537190608247,7.941236531464771,1.969603171105996,2.488180790362458
ko,오리건주,capital,세일럼,ko_6471_1,15602947,1477,36855,798,15,2.1041789543226534,10,2.407425628143941,14,7.533971082520076,3,3,1.0,0,0.0,4.01519188832889,7.533971082520076,2.1041789543226534,2.4912306061329743
ko,이탈리아 왕국,capital,로마,ko_6472_0,15602947,340,36855,99776,3,1.9013140340623786,522,1.1472432533510242,144,6.049444060056434,3,3,1.0,0,0.0,3.0326671158232785,6.049444060056434,1.1472432533510242,2.1552823533546914
ko,슐레스비히홀슈타인주,capital,킬,ko_6473_0,15602947,27,36855,13717,0,0.0,42,0.37438252379071724,7,8.204105258876776,3,2,0.6666666666666666,0,0.0,4.289243891333747,8.204105258876776,0.37438252379071724,3.9148613675430295
ko,리투아니아,capital,빌뉴스,ko_6474_0,15602947,11975,36855,1300,79,1.4817851821451222,12,1.9664090622842636,734,9.522917516866098,3,3,1.0,0,0.0,4.323703920431828,9.522917516866098,1.4817851821451222,3.681718945665689
ko,미시시피주,capital,잭슨,ko_6475_3,15602947,928,36855,20973,3,0.4527239750725083,383,2.9506974310417204,101,6.3393000747116695,3,3,1.0,0,0.0,3.247573826941966,6.3393000747116695,0.4527239750725083,2.412335830689526
ko,오스트리아-헝가리 제국,capital,부다페스트,ko_6476_0,15602947,560,36855,13749,4,1.596459452533958,100,1.6225595881581802,48,6.603955620130328,3,3,1.0,0,0.0,3.2743248869408226,6.603955620130328,1.596459452533958,2.354428581605307
ko,민스크주,capital,민스크,ko_6477_4,15602947,4,36855,2603,0,0.0,286,5.539654209853201,4,12.549355611045495,3,2,0.6666666666666666,0,0.0,9.044504910449348,12.549355611045495,5.539654209853201,3.504850700596147
ko,광둥성,capital,광저우시,ko_6478_1,15602947,4444,36855,497,32,1.6080993680898323,2,0.768640427916638,130,9.842937877526683,3,3,1.0,0,0.0,4.073225891177718,9.842937877526683,0.768640427916638,4.094171070528064
ko,로마 공화정,capital,로마,ko_6479_0,15602947,428,36855,99776,6,2.569237983798933,522,1.1472432533510242,428,7.2889099947518226,3,3,1.0,0,0.0,3.66846374396726,7.2889099947518226,1.1472432533510242,2.625038481555449
ko,프로이센 왕국,capital,베를린,ko_6480_3,15602947,183,36855,52811,0,0.0,326,1.38591978441411,63,6.66834445336959,3,2,0.6666666666666666,0,0.0,4.02713211889185,6.66834445336959,1.38591978441411,2.64121233447774
ko,아프가니스탄,capital,카불,ko_6481_4,15602947,17672,36855,1125,196,2.2312746102388576,15,2.496923778983043,709,9.12007003522945,3,3,1.0,0,0.0,4.616089474817117,9.12007003522945,2.2312746102388576,3.186641182252641
ko,칠레,capital,산티아고,ko_6482_1,15602947,34236,36855,13922,239,1.563382745156797,76,1.2085911233058255,3290,6.7508816841526516,3,3,1.0,0,0.0,3.1742851842050914,6.7508816841526516,1.2085911233058255,2.5331799733815155
ko,유고슬라비아,capital,베오그라드,ko_6483_1,15602947,4422,36855,3082,28,1.4226140817203023,293,5.330848177386387,1119,10.32317507209499,3,3,1.0,0,0.0,5.692212443733894,10.32317507209499,1.4226140817203023,3.6426121200396437
ko,마요르카섬,capital,팔마데마요르카,ko_6484_1,15602947,37,36855,1462,0,0.0,5,0.5339429684138493,2,9.17213424586822,3,2,0.6666666666666666,0,0.0,4.853038607141034,9.17213424586822,0.5339429684138493,4.319095638727185
ko,노퍽주,capital,노리치,ko_6485_3,15602947,20,36855,1583,0,0.0,10,1.4192250242291053,4,10.944941572425064,3,2,0.6666666666666666,0,0.0,6.182083298327084,10.944941572425064,1.4192250242291053,4.7628582740979795
ko,마조프셰주,capital,바르샤바,ko_6486_0,15602947,9,36855,8715,0,0.0,53,1.364377975029076,6,10.221067757715405,3,2,0.6666666666666666,0,0.0,5.79272286637224,10.221067757715405,1.364377975029076,4.428344891343165
ko,플랑드르,capital,브뤼셀 시,ko_6487_3,15602947,2052,36855,26,6,0.3078899545930262,0,0.0,9,11.361985475143774,3,2,0.6666666666666666,0,0.0,5.8349377148684,11.361985475143774,0.3078899545930262,5.527047760275374
zh,法国总统,applies_to_jurisdiction,法国,zh_5960_0,58324050,32207,0,950541,0,0.0,0,0.0,32207,5.9391982366573455,3,1,0.3333333333333333,1,0.3333333333333333,5.9391982366573455,5.9391982366573455,5.9391982366573455,0.0
zh,加拿大总理,applies_to_jurisdiction,加拿大,zh_5961_2,58324050,12775,0,705557,0,0.0,0,0.0,12775,6.3691844542409,3,1,0.3333333333333333,1,0.3333333333333333,6.3691844542409,6.3691844542409,6.3691844542409,0.0
zh,澳大利亚工党,applies_to_jurisdiction,澳大利亚,zh_5962_4,58324050,1292,0,493332,0,0.0,0,0.0,1292,6.885388222277257,3,1,0.3333333333333333,1,0.3333333333333333,6.885388222277257,6.885388222277257,6.885388222277257,0.0
zh,墨西哥总统,applies_to_jurisdiction,墨西哥,zh_5963_4,58324050,3462,0,248076,0,0.0,0,0.0,3462,7.877164924012051,3,1,0.3333333333333333,1,0.3333333333333333,7.877164924012051,7.877164924012051,7.877164924012051,0.0
zh,德国总理,applies_to_jurisdiction,德国,zh_5964_1,58324050,21715,0,1175469,0,0.0,0,0.0,21715,5.63278250614263,3,1,0.3333333333333333,1,0.3333333333333333,5.63278250614263,5.63278250614263,5.63278250614263,0.0
zh,德意志联邦共和国基本法,applies_to_jurisdiction,德国,zh_5965_2,58324050,13,0,1175469,0,0.0,0,0.0,11,5.3917744066388344,3,1,0.3333333333333333,1,0.3333333333333333,5.3917744066388344,5.3917744066388344,5.3917744066388344,0.0
zh,加拿大国会,applies_to_jurisdiction,加拿大,zh_5966_0,58324050,1702,0,705557,0,0.0,0,0.0,1702,6.3691844542409,3,1,0.3333333333333333,1,0.3333333333333333,6.3691844542409,6.3691844542409,6.3691844542409,0.0
zh,人民院,applies_to_jurisdiction,印度,zh_5967_0,58324050,1797,0,937891,0,0.0,0,0.0,264,3.1915462538971755,3,1,0.3333333333333333,1,0.3333333333333333,3.1915462538971755,3.1915462538971755,3.1915462538971755,0.0
zh,以色列国会,applies_to_jurisdiction,以色列,zh_5968_4,58324050,101,0,220614,0,0.0,0,0.0,101,8.046422746930345,3,1,0.3333333333333333,1,0.3333333333333333,8.046422746930345,8.046422746930345,8.046422746930345,0.0
zh,日本内阁总理大臣,applies_to_jurisdiction,日本,zh_5969_2,58324050,310,0,3475798,0,0.0,0,0.0,310,4.068674757522966,3,1,0.3333333333333333,1,0.3333333333333333,4.068674757522966,4.068674757522966,4.068674757522966,0.0
zh,爱尔兰总统,applies_to_jurisdiction,爱尔兰共和国,zh_5970_4,58324050,232,0,998,0,0.0,0,0.0,12,11.561673067809767,3,1,0.3333333333333333,1,0.3333333333333333,11.561673067809767,11.561673067809767,11.561673067809767,0.0
zh,澳大利亚元,applies_to_jurisdiction,澳大利亚,zh_5971_1,58324050,7043,0,493332,0,0.0,0,0.0,7043,6.885388222277257,3,1,0.3333333333333333,1,0.3333333333333333,6.885388222277257,6.885388222277257,6.885388222277257,0.0
zh,巴基斯坦总统,applies_to_jurisdiction,巴基斯坦,zh_5972_3,58324050,2596,0,191831,0,0.0,0,0.0,2596,8.248111213571864,3,1,0.3333333333333333,1,0.3333333333333333,8.248111213571864,8.248111213571864,8.248111213571864,0.0
zh,俄罗斯总统,applies_to_jurisdiction,俄罗斯,zh_5973_0,58324050,58374,0,1218525,0,0.0,0,0.0,58374,5.580883147655477,3,1,0.3333333333333333,1,0.3333333333333333,5.580883147655477,5.580883147655477,5.580883147655477,0.0
zh,奥地利总理,applies_to_jurisdiction,奥地利,zh_5974_3,58324050,977,0,105271,0,0.0,0,0.0,977,9.11383903489577,3,1,0.3333333333333333,1,0.3333333333333333,9.11383903489577,9.11383903489577,9.11383903489577,0.0
zh,瑞典国会,applies_to_jurisdiction,瑞典,zh_5975_0,58324050,88,0,253174,0,0.0,0,0.0,88,7.847817839997564,3,1,0.3333333333333333,1,0.3333333333333333,7.847817839997564,7.847817839997564,7.847817839997564,0.0
zh,西班牙国旗,applies_to_jurisdiction,西班牙,zh_5976_1,58324050,150,0,576207,0,0.0,0,0.0,150,6.661359906058725,3,1,0.3333333333333333,1,0.3333333333333333,6.661359906058725,6.661359906058725,6.661359906058725,0.0
zh,法国国旗,applies_to_jurisdiction,法国,zh_5977_3,58324050,445,0,950541,0,0.0,0,0.0,445,5.9391982366573455,3,1,0.3333333333333333,1,0.3333333333333333,5.9391982366573455,5.9391982366573455,5.9391982366573455,0.0
zh,乌克兰总统,applies_to_jurisdiction,乌克兰,zh_5978_2,58324050,14602,0,212152,0,0.0,0,0.0,14602,8.102848813844659,3,1,0.3333333333333333,1,0.3333333333333333,8.102848813844659,8.102848813844659,8.102848813844659,0.0
zh,法国总理,applies_to_jurisdiction,法国,zh_5979_3,58324050,7634,0,950541,0,0.0,0,0.0,7634,5.9391982366573455,3,1,0.3333333333333333,1,0.3333333333333333,5.9391982366573455,5.9391982366573455,5.9391982366573455,0.0
zh,丹麦国旗,applies_to_jurisdiction,丹麦,zh_5980_3,58324050,81,0,142745,0,0.0,0,0.0,81,8.674506880639113,3,1,0.3333333333333333,1,0.3333333333333333,8.674506880639113,8.674506880639113,8.674506880639113,0.0
zh,德国联邦议院,applies_to_jurisdiction,德国,zh_5981_0,58324050,2966,0,1175469,0,0.0,0,0.0,2966,5.63278250614263,3,1,0.3333333333333333,1,0.3333333333333333,5.63278250614263,5.63278250614263,5.63278250614263,0.0
zh,爱尔兰国旗,applies_to_jurisdiction,爱尔兰共和国,zh_5982_0,58324050,21,0,998,0,0.0,0,0.0,2,12.442374139437423,3,1,0.3333333333333333,1,0.3333333333333333,12.442374139437423,12.442374139437423,12.442374139437423,0.0
zh,奥地利总统,applies_to_jurisdiction,奥地利,zh_5983_3,58324050,838,0,105271,0,0.0,0,0.0,838,9.11383903489577,3,1,0.3333333333333333,1,0.3333333333333333,9.11383903489577,9.11383903489577,9.11383903489577,0.0
zh,巴基斯坦总理,applies_to_jurisdiction,巴基斯坦,zh_5984_3,58324050,9518,0,191831,0,0.0,0,0.0,9518,8.248111213571864,3,1,0.3333333333333333,1,0.3333333333333333,8.248111213571864,8.248111213571864,8.248111213571864,0.0
zh,德国联邦总统,applies_to_jurisdiction,德国,zh_5985_4,58324050,55,0,1175469,0,0.0,0,0.0,55,5.63278250614263,3,1,0.3333333333333333,1,0.3333333333333333,5.63278250614263,5.63278250614263,5.63278250614263,0.0
zh,瑞典首相,applies_to_jurisdiction,瑞典,zh_5986_0,58324050,467,0,253174,0,0.0,0,0.0,467,7.847817839997564,3,1,0.3333333333333333,1,0.3333333333333333,7.847817839997564,7.847817839997564,7.847817839997564,0.0
zh,法国国民议会,applies_to_jurisdiction,法国,zh_5987_4,58324050,1199,0,950541,0,0.0,0,0.0,1199,5.9391982366573455,3,1,0.3333333333333333,1,0.3333333333333333,5.9391982366573455,5.9391982366573455,5.9391982366573455,0.0
zh,瑞士国旗,applies_to_jurisdiction,瑞士,zh_5988_3,58324050,184,0,305190,0,0.0,0,0.0,184,7.578239402198339,3,1,0.3333333333333333,1,0.3333333333333333,7.578239402198339,7.578239402198339,7.578239402198339,0.0
zh,俄罗斯总理,applies_to_jurisdiction,俄罗斯,zh_5989_3,58324050,13018,0,1218525,0,0.0,0,0.0,13018,5.580883147655477,3,1,0.3333333333333333,1,0.3333333333333333,5.580883147655477,5.580883147655477,5.580883147655477,0.0
zh,新加坡国旗,applies_to_jurisdiction,新加坡,zh_5990_3,58324050,46,0,542769,0,0.0,0,0.0,46,6.747608768865808,3,1,0.3333333333333333,1,0.3333333333333333,6.747608768865808,6.747608768865808,6.747608768865808,0.0
zh,法国参议院,applies_to_jurisdiction,法国,zh_5991_2,58324050,1585,0,950541,0,0.0,0,0.0,1585,5.9391982366573455,3,1,0.3333333333333333,1,0.3333333333333333,5.9391982366573455,5.9391982366573455,5.9391982366573455,0.0
zh,乌克兰总理,applies_to_jurisdiction,乌克兰,zh_5992_3,58324050,1300,0,212152,0,0.0,0,0.0,1300,8.102848813844659,3,1,0.3333333333333333,1,0.3333333333333333,8.102848813844659,8.102848813844659,8.102848813844659,0.0
zh,俄罗斯联邦国旗,applies_to_jurisdiction,俄罗斯,zh_5993_1,58324050,23,0,1218525,0,0.0,0,0.0,23,5.580883147655477,3,1,0.3333333333333333,1,0.3333333333333333,5.580883147655477,5.580883147655477,5.580883147655477,0.0
zh,加拿大国旗,applies_to_jurisdiction,加拿大,zh_5994_2,58324050,332,0,705557,0,0.0,0,0.0,332,6.3691844542409,3,1,0.3333333333333333,1,0.3333333333333333,6.3691844542409,6.3691844542409,6.3691844542409,0.0
zh,罗马尼亚总统,applies_to_jurisdiction,罗马尼亚,zh_5995_2,58324050,457,0,44939,0,0.0,0,0.0,457,10.34190716653674,3,1,0.3333333333333333,1,0.3333333333333333,10.34190716653674,10.34190716653674,10.34190716653674,0.0
zh,荷兰国旗,applies_to_jurisdiction,荷兰,zh_5996_4,58324050,62,0,294363,0,0.0,0,0.0,62,7.630350750088412,3,1,0.3333333333333333,1,0.3333333333333333,7.630350750088412,7.630350750088412,7.630350750088412,0.0
zh,马来西亚首相,applies_to_jurisdiction,马来西亚,zh_5997_4,58324050,433,0,292988,0,0.0,0,0.0,433,7.637105516165421,3,1,0.3333333333333333,1,0.3333333333333333,7.637105516165421,7.637105516165421,7.637105516165421,0.0
zh,牙买加国旗,applies_to_jurisdiction,牙买加,zh_5998_3,58324050,39,0,17630,0,0.0,0,0.0,39,11.6918427133459,3,1,0.3333333333333333,1,0.3333333333333333,11.6918427133459,11.6918427133459,11.6918427133459,0.0
zh,阿根廷国旗,applies_to_jurisdiction,阿根廷,zh_5999_3,58324050,77,0,223250,0,0.0,0,0.0,77,8.029286917770134,3,1,0.3333333333333333,1,0.3333333333333333,8.029286917770134,8.029286917770134,8.029286917770134,0.0
zh,挪威国旗,applies_to_jurisdiction,挪威,zh_6000_1,58324050,83,0,117454,0,0.0,0,0.0,83,8.955851246672458,3,1,0.3333333333333333,1,0.3333333333333333,8.955851246672458,8.955851246672458,8.955851246672458,0.0
zh,众议院,applies_to_jurisdiction,西班牙,zh_6001_3,58324050,88165,0,576207,0,0.0,0,0.0,1787,1.036765401421008,3,1,0.3333333333333333,1,0.3333333333333333,1.036765401421008,1.036765401421008,1.036765401421008,0.0
zh,天皇,applies_to_jurisdiction,日本,zh_6002_1,58324050,64813,0,3475798,0,0.0,0,0.0,34094,3.1419094141603163,3,1,0.3333333333333333,1,0.3333333333333333,3.1419094141603163,3.1419094141603163,3.1419094141603163,0.0
zh,立陶宛国旗,applies_to_jurisdiction,立陶宛,zh_6003_0,58324050,8,0,34156,0,0.0,0,0.0,8,10.737736156782642,3,1,0.3333333333333333,1,0.3333333333333333,10.737736156782642,10.737736156782642,10.737736156782642,0.0
zh,保加利亚国旗,applies_to_jurisdiction,保加利亚,zh_6004_4,58324050,8,0,38630,0,0.0,0,0.0,8,10.560153510434152,3,1,0.3333333333333333,1,0.3333333333333333,10.560153510434152,10.560153510434152,10.560153510434152,0.0
zh,伊拉克总统,applies_to_jurisdiction,伊拉克,zh_6005_1,58324050,617,0,162042,0,0.0,0,0.0,617,8.491579296436353,3,1,0.3333333333333333,1,0.3333333333333333,8.491579296436353,8.491579296436353,8.491579296436353,0.0
zh,土耳其国旗,applies_to_jurisdiction,土耳其,zh_6006_0,58324050,71,0,324859,0,0.0,0,0.0,71,7.488133418483309,3,1,0.3333333333333333,1,0.3333333333333333,7.488133418483309,7.488133418483309,7.488133418483309,0.0
zh,马来西亚国旗,applies_to_jurisdiction,马来西亚,zh_6007_1,58324050,79,0,292988,0,0.0,0,0.0,79,7.637105516165421,3,1,0.3333333333333333,1,0.3333333333333333,7.637105516165421,7.637105516165421,7.637105516165421,0.0
zh,白俄罗斯国旗,applies_to_jurisdiction,白俄罗斯,zh_6008_2,58324050,20,0,50742,0,0.0,0,0.0,20,10.16669480354071,3,1,0.3333333333333333,1,0.3333333333333333,10.16669480354071,10.16669480354071,10.16669480354071,0.0
zh,古巴国旗,applies_to_jurisdiction,古巴,zh_6009_0,58324050,25,0,93066,0,0.0,0,0.0,25,9.291620986818936,3,1,0.3333333333333333,1,0.3333333333333333,9.291620986818936,9.291620986818936,9.291620986818936,0.0
zh,越南国旗,applies_to_jurisdiction,越南,zh_6010_1,58324050,100,0,356052,0,0.0,0,0.0,100,7.355859136577598,3,1,0.3333333333333333,1,0.3333333333333333,7.355859136577598,7.355859136577598,7.355859136577598,0.0
zh,玻利维亚国旗,applies_to_jurisdiction,玻利维亚,zh_6011_4,58324050,12,0,22554,0,0.0,0,0.0,12,11.336491866789272,3,1,0.3333333333333333,1,0.3333333333333333,11.336491866789272,11.336491866789272,11.336491866789272,0.0
zh,印度国旗,applies_to_jurisdiction,印度,zh_6012_0,58324050,220,0,937891,0,0.0,0,0.0,220,5.958526828048664,3,1,0.3333333333333333,1,0.3333333333333333,5.958526828048664,5.958526828048664,5.958526828048664,0.0
zh,澳门币,applies_to_jurisdiction,澳门,zh_6014_4,58324050,4042,0,5226849,0,0.0,0,0.0,4042,3.480077516776857,3,1,0.3333333333333333,1,0.3333333333333333,3.480077516776857,3.480077516776857,3.480077516776857,0.0
zh,摩纳哥国旗,applies_to_jurisdiction,摩纳哥,zh_6015_3,58324050,55,0,61464,0,0.0,0,0.0,55,9.89013352923482,3,1,0.3333333333333333,1,0.3333333333333333,9.89013352923482,9.89013352923482,9.89013352923482,0.0
zh,索马里国旗,applies_to_jurisdiction,索马里,zh_6016_1,58324050,12,0,47483,0,0.0,0,0.0,12,10.262464099940887,3,1,0.3333333333333333,1,0.3333333333333333,10.262464099940887,10.262464099940887,10.262464099940887,0.0
zh,以色列总统,applies_to_jurisdiction,以色列,zh_6017_0,58324050,526,0,220614,0,0.0,0,0.0,526,8.046422746930345,3,1,0.3333333333333333,1,0.3333333333333333,8.046422746930345,8.046422746930345,8.046422746930345,0.0
zh,瑞典国旗,applies_to_jurisdiction,瑞典,zh_6018_4,58324050,60,0,253174,0,0.0,0,0.0,60,7.847817839997564,3,1,0.3333333333333333,1,0.3333333333333333,7.847817839997564,7.847817839997564,7.847817839997564,0.0
zh,中华民国国旗,applies_to_jurisdiction,中华民国,zh_6019_2,58324050,484,0,26203,0,0.0,0,0.0,484,11.120143191609573,3,1,0.3333333333333333,1,0.3333333333333333,11.120143191609573,11.120143191609573,11.120143191609573,0.0
zh,澳大利亚国旗,applies_to_jurisdiction,澳大利亚,zh_6020_1,58324050,103,0,493332,0,0.0,0,0.0,103,6.885388222277257,3,1,0.3333333333333333,1,0.3333333333333333,6.885388222277257,6.885388222277257,6.885388222277257,0.0
zh,乌克兰国旗,applies_to_jurisdiction,乌克兰,zh_6021_1,58324050,113,0,212152,0,0.0,0,0.0,113,8.102848813844659,3,1,0.3333333333333333,1,0.3333333333333333,8.102848813844659,8.102848813844659,8.102848813844659,0.0
zh,白俄罗斯总统,applies_to_jurisdiction,白俄罗斯,zh_6022_2,58324050,4556,0,50742,0,0.0,0,0.0,4556,10.16669480354071,3,1,0.3333333333333333,1,0.3333333333333333,10.16669480354071,10.16669480354071,10.16669480354071,0.0
zh,海地国旗,applies_to_jurisdiction,海地,zh_6023_1,58324050,13,0,162564,0,0.0,0,0.0,13,8.486939286944814,3,1,0.3333333333333333,1,0.3333333333333333,8.486939286944814,8.486939286944814,8.486939286944814,0.0
zh,墨西哥国徽,applies_to_jurisdiction,墨西哥,zh_6024_4,58324050,13,0,248076,0,0.0,0,0.0,13,7.877164924012051,3,1,0.3333333333333333,1,0.3333333333333333,7.877164924012051,7.877164924012051,7.877164924012051,0.0
zh,芬兰国旗,applies_to_jurisdiction,芬兰,zh_6025_4,58324050,40,0,97116,0,0.0,0,0.0,40,9.230166186704931,3,1,0.3333333333333333,1,0.3333333333333333,9.230166186704931,9.230166186704931,9.230166186704931,0.0
zh,克罗地亚国旗,applies_to_jurisdiction,克罗地亚,zh_6026_3,58324050,25,0,67769,0,0.0,0,0.0,25,9.74924970481634,3,1,0.3333333333333333,1,0.3333333333333333,9.74924970481634,9.74924970481634,9.74924970481634,0.0
zh,芬兰总统,applies_to_jurisdiction,芬兰,zh_6027_3,58324050,2188,0,97116,0,0.0,0,0.0,2188,9.230166186704931,3,1,0.3333333333333333,1,0.3333333333333333,9.230166186704931,9.230166186704931,9.230166186704931,0.0
zh,阿尔巴尼亚国旗,applies_to_jurisdiction,阿尔巴尼亚,zh_6028_1,58324050,26,0,26248,0,0.0,0,0.0,26,11.117667689035024,3,1,0.3333333333333333,1,0.3333333333333333,11.117667689035024,11.117667689035024,11.117667689035024,0.0
zh,意大利国旗,applies_to_jurisdiction,意大利,zh_6029_3,58324050,160,0,685918,0,0.0,0,0.0,160,6.409910977453799,3,1,0.3333333333333333,1,0.3333333333333333,6.409910977453799,6.409910977453799,6.409910977453799,0.0
zh,德国国旗,applies_to_jurisdiction,德国,zh_6030_3,58324050,378,0,1175469,0,0.0,0,0.0,378,5.63278250614263,3,1,0.3333333333333333,1,0.3333333333333333,5.63278250614263,5.63278250614263,5.63278250614263,0.0
zh,利比亚国旗,applies_to_jurisdiction,利比亚,zh_6031_0,58324050,25,0,58599,0,0.0,0,0.0,25,9.958999142935836,3,1,0.3333333333333333,1,0.3333333333333333,9.958999142935836,9.958999142935836,9.958999142935836,0.0
zh,菲律宾国旗,applies_to_jurisdiction,菲律宾,zh_6032_4,58324050,1215,0,715800,0,0.0,0,0.0,1215,6.348390549362335,3,1,0.3333333333333333,1,0.3333333333333333,6.348390549362335,6.348390549362335,6.348390549362335,0.0
zh,.de,applies_to_jurisdiction,德国,zh_6033_1,58324050,423982,0,1175469,0,0.0,0,0.0,12041,0.4948066065457288,3,1,0.3333333333333333,1,0.3333333333333333,0.4948066065457288,0.4948066065457288,0.4948066065457288,0.0
zh,伊朗总统,applies_to_jurisdiction,伊朗,zh_6034_2,58324050,14816,0,414536,0,0.0,0,0.0,14816,7.13644969642288,3,1,0.3333333333333333,1,0.3333333333333333,7.13644969642288,7.13644969642288,7.13644969642288,0.0
zh,巴基斯坦国旗,applies_to_jurisdiction,巴基斯坦,zh_6035_0,58324050,60,0,191831,0,0.0,0,0.0,60,8.248111213571864,3,1,0.3333333333333333,1,0.3333333333333333,8.248111213571864,8.248111213571864,8.248111213571864,0.0
zh,葡萄牙国旗,applies_to_jurisdiction,葡萄牙,zh_6036_2,58324050,168,0,181117,0,0.0,0,0.0,168,8.331025126261801,3,1,0.3333333333333333,1,0.3333333333333333,8.331025126261801,8.331025126261801,8.331025126261801,0.0
zh,希腊国旗,applies_to_jurisdiction,希腊,zh_6037_0,58324050,64,0,181450,0,0.0,0,0.0,64,8.328375036299386,3,1,0.3333333333333333,1,0.3333333333333333,8.328375036299386,8.328375036299386,8.328375036299386,0.0
zh,墨西哥国旗,applies_to_jurisdiction,墨西哥,zh_6038_3,58324050,149,0,248076,0,0.0,0,0.0,149,7.877164924012051,3,1,0.3333333333333333,1,0.3333333333333333,7.877164924012051,7.877164924012051,7.877164924012051,0.0
zh,日本国旗,applies_to_jurisdiction,日本,zh_6039_2,58324050,2516,0,3475798,0,0.0,0,0.0,2516,4.068674757522966,3,1,0.3333333333333333,1,0.3333333333333333,4.068674757522966,4.068674757522966,4.068674757522966,0.0
