#
# A fatal error has been detected by the Java Runtime Environment:
#
#  SIGSEGV (0xb) at pc=0x0000000103922ed0, pid=69006, tid=64775
#
# JRE version: OpenJDK Runtime Environment Temurin-25.0.2+10 (25.0.2+10) (build 25.0.2+10-LTS)
# Java VM: OpenJDK 64-Bit Server VM Temurin-25.0.2+10 (25.0.2+10-LTS, mixed mode, sharing, tiered, compressed oops, compressed class ptrs, g1 gc, bsd-aarch64)
# Problematic frame:
# C  [Python+0xf6ed0]  PyObject_RichCompare+0x40
#
# No core dump will be written. Core dumps have been disabled. To enable core dumping, try "ulimit -c unlimited" before starting Java again
#
# If you would like to submit a bug report, please visit:
#   https://github.com/adoptium/adoptium-support/issues
# The crash happened outside the Java Virtual Machine in native code.
# See problematic frame for where to report the bug.
#

---------------  S U M M A R Y ------------

Command Line: -Dfile.encoding=UTF8 -ea -Xmx1024m 

Host: "Mac15,6" arm64, 11 cores, 18G, Darwin 24.6.0, macOS 15.6.1 (24G90)
Time: Thu Mar  5 16:26:40 2026 PST elapsed time: 16001.972269 seconds (0d 4h 26m 41s)

---------------  T H R E A D  ---------------

Current thread (0x00000001369e1800):  JavaThread "SIGTERM handler" daemon [_thread_in_native, id=64775, stack(0x000000034dc04000,0x000000034de07000) (2060K)]

Stack: [0x000000034dc04000,0x000000034de07000],  sp=0x000000034de06620,  free space=2057k
Native frames: (J=compiled Java code, j=interpreted, Vv=VM code, C=native code)
C  [Python+0xf6ed0]  PyObject_RichCompare+0x40
C  [Python+0x287a58]  PyErr_SetInterruptEx+0x8c
j  org.jpype.JPypeSignal.interruptPy(I)V+0
j  org.jpype.JPypeSignal.lambda$getSignalHandler$0(ILjava/lang/Object;Ljava/lang/reflect/Method;[Ljava/lang/Object;)Ljava/lang/Object;+7
j  org.jpype.JPypeSignal$$Lambda+0x0000018001047d40.invoke(Ljava/lang/Object;Ljava/lang/reflect/Method;[Ljava/lang/Object;)Ljava/lang/Object;+7
j  jdk.proxy2.$Proxy2.handle(Lsun/misc/Signal;)V+16 jdk.proxy2
j  sun.misc.Signal$InternalMiscHandler.handle(Ljdk/internal/misc/Signal;)V+8 jdk.unsupported@25.0.2
j  jdk.internal.misc.Signal$1.run()V+8 java.base@25.0.2
j  java.lang.Thread.runWith(Ljava/lang/Object;Ljava/lang/Runnable;)V+5 java.base@25.0.2
j  java.lang.Thread.run()V+19 java.base@25.0.2
v  ~StubRoutines::call_stub 0x0000000314458154
V  [libjvm.dylib+0x4e6d70]  JavaCalls::call_helper(JavaValue*, methodHandle const&, JavaCallArguments*, JavaThread*)+0x3dc
V  [libjvm.dylib+0x4e5c94]  JavaCalls::call_virtual(JavaValue*, Klass*, Symbol*, Symbol*, JavaCallArguments*, JavaThread*)+0x164
V  [libjvm.dylib+0x4e5d60]  JavaCalls::call_virtual(JavaValue*, Handle, Klass*, Symbol*, Symbol*, JavaThread*)+0x64
V  [libjvm.dylib+0x5c5618]  thread_entry(JavaThread*, JavaThread*)+0x9c
V  [libjvm.dylib+0x4fb600]  JavaThread::thread_main_inner()+0x9c
V  [libjvm.dylib+0xaf722c]  Thread::call_run()+0xc8
V  [libjvm.dylib+0x896108]  thread_native_entry(Thread*)+0x118
C  [libsystem_pthread.dylib+0x6c0c]  _pthread_start+0x88
Java frames: (J=compiled Java code, j=interpreted, Vv=VM code)
j  org.jpype.JPypeSignal.interruptPy(I)V+0
j  org.jpype.JPypeSignal.lambda$getSignalHandler$0(ILjava/lang/Object;Ljava/lang/reflect/Method;[Ljava/lang/Object;)Ljava/lang/Object;+7
j  org.jpype.JPypeSignal$$Lambda+0x0000018001047d40.invoke(Ljava/lang/Object;Ljava/lang/reflect/Method;[Ljava/lang/Object;)Ljava/lang/Object;+7
j  jdk.proxy2.$Proxy2.handle(Lsun/misc/Signal;)V+16 jdk.proxy2
j  sun.misc.Signal$InternalMiscHandler.handle(Ljdk/internal/misc/Signal;)V+8 jdk.unsupported@25.0.2
j  jdk.internal.misc.Signal$1.run()V+8 java.base@25.0.2
j  java.lang.Thread.runWith(Ljava/lang/Object;Ljava/lang/Runnable;)V+5 java.base@25.0.2
j  java.lang.Thread.run()V+19 java.base@25.0.2
v  ~StubRoutines::call_stub 0x0000000314458154

siginfo: si_signo: 11 (SIGSEGV), si_code: 2 (SEGV_ACCERR), si_addr: 0x0000000000000024

Registers:
 x0=0x000000033a8f5078  x1=0x0000000103d763f8  x2=0x0000000000000002  x3=0x0000000000000000
 x4=0x0000000000000001  x5=0x0000000000000000  x6=0x00000000000000d6  x7=0x00000001369e1800
 x8=0x000000019fb690f8  x9=0x0000000120a8e000 x10=0x0000000120a45a3c x11=0x0000000000000004
x12=0x000000014041f820 x13=0x0000000000000000 x14=0x0000000000000008 x15=0x00000000d2cffd83
x16=0x0000000000000102 x17=0x0000000000000000 x18=0x0000000000000000 x19=0x0000000000000000
x20=0x0000000103d763f8 x21=0x0000000103d763d8 x22=0x0000000000000002 x23=0x0000000103d75958
x24=0x0000000103c9dbd0 x25=0x000000034de06e10 x26=0x000000014041fba0 x27=0x0000000000000000
x28=0x00000001369e1800  fp=0x000000034de06670  lr=0x0000000103922ec4  sp=0x000000034de06620
pc=0x0000000103922ed0 cpsr=0x0000000020001000

Register to memory mapping:

x0 =0x000000033a8f5078 points into unknown readable memory: 0x0000000000000000 | 00 00 00 00 00 00 00 00
x1 =0x0000000103d763f8: _PyRuntime+0xaa0 in /Library/Frameworks/Python.framework/Versions/3.12/Python at 0x000000010382c000
x2 =0x0000000000000002 is an unknown value
x3 =0x0 is null
x4 =0x0000000000000001 is an unknown value
x5 =0x0 is null
x6 =0x00000000000000d6 is an unknown value
x7 =0x00000001369e1800 is a thread
x8 =0x000000019fb690f8: _tlv_get_addr+0 in /usr/lib/system/libdyld.dylib at 0x000000019fb66000
x9 =0x0000000120a8e000: _ZL12proxyMethods+0x10 in /Users/anniewang/Desktop/MLLM-interpretability/MLLM-interpretability/.venv/lib/python3.12/site-packages/_jpype.cpython-312-darwin.so at 0x0000000120a34000
x10=0x0000000120a45a3c: Java_org_jpype_JPypeSignal_interruptPy+0 in /Users/anniewang/Desktop/MLLM-interpretability/MLLM-interpretability/.venv/lib/python3.12/site-packages/_jpype.cpython-312-darwin.so at 0x0000000120a34000
x11=0x0000000000000004 is an unknown value
x12={method} {0x000000014041f820} 'interruptPy' '(I)V' in 'org/jpype/JPypeSignal'
x13=0x0 is null
x14=0x0000000000000008 is an unknown value
x15=0x00000000d2cffd83 is an unknown value
x16=0x0000000000000102 is an unknown value
x17=0x0 is null
x18=0x0 is null
x19=0x0 is null
x20=0x0000000103d763f8: _PyRuntime+0xaa0 in /Library/Frameworks/Python.framework/Versions/3.12/Python at 0x000000010382c000
x21=0x0000000103d763d8: _PyRuntime+0xa80 in /Library/Frameworks/Python.framework/Versions/3.12/Python at 0x000000010382c000
x22=0x0000000000000002 is an unknown value
x23=0x0000000103d75958: _PyRuntime+0 in /Library/Frameworks/Python.framework/Versions/3.12/Python at 0x000000010382c000
x24=0x0000000103c9dbd0: PyLong_Type+0 in /Library/Frameworks/Python.framework/Versions/3.12/Python at 0x000000010382c000
x25=0x000000034de06e10 is pointing into the stack for thread: 0x00000001369e1800
x26=0x000000014041fba0 is pointing into metadata
x27=0x0 is null
x28=0x00000001369e1800 is a thread
 fp=0x000000034de06670 is pointing into the stack for thread: 0x00000001369e1800
 lr=0x0000000103922ec4: PyObject_RichCompare+0x34 in /Library/Frameworks/Python.framework/Versions/3.12/Python at 0x000000010382c000
 sp=0x000000034de06620 is pointing into the stack for thread: 0x00000001369e1800

Top of Stack: (sp=0x000000034de06620)
0x000000034de06620:   00000001369e1800 0000000000000000   ...6............
0x000000034de06630:   000000014041fba0 000000034de06e10   ..A@.....n.M....
0x000000034de06640:   0000000103c9dbd0 0000000103d75958   ........XY......
0x000000034de06650:   0000000103c8cef8 0000000103c8cd98   ................
0x000000034de06660:   0000000103d763d8 000000000000000f   .c..............
0x000000034de06670:   000000034de066c0 0000000103ab3a58   .f.M....X:......
0x000000034de06680:   000000014041f820 00000001369e1800    .A@.......6....
0x000000034de06690:   000000034de06758 000000000000000a   Xg.M............
0x000000034de066a0:   0000000000000000 00000001256020a8   ......... `%....
0x000000034de066b0:   000000034de066d8 000000031445e4f0   .f.M......E.....
0x000000034de066c0:   000000034de06730 0000000314460778   0g.M....x.F.....
0x000000034de066d0:   0000000000000001 00000001369e1800   ...........6....
0x000000034de066e0:   fffffffffffffff6 0000000000000000   ................
0x000000034de066f0:   0000000000000005 000000014041fba0   ..........A@....
0x000000034de06700:   00000007c0223720 fffffffffffffff4    7".............
0x000000034de06710:   0000000000000000 000000014041f820   ........ .A@....
0x000000034de06720:   0000000000000000 000000034de06740   ........@g.M....
0x000000034de06730:   000000034de067b0 000000031445cad4   .g.M......E.....
0x000000034de06740:   00000007c0223720 000000031445e4f0    7".......E.....
0x000000034de06750:   0000000000000000 000000000000000f   ................
0x000000034de06760:   fffffffffffffff6 000000014041f967   ........g.A@....
0x000000034de06770:   0000000000000005 000000014041fba0   ..........A@....
0x000000034de06780:   00000007c0223720 fffffffffffffff2    7".............
0x000000034de06790:   0000000000000000 000000014041f970   ........p.A@....
0x000000034de067a0:   fffffffffffffff5 000000034de067a0   .........g.M....
0x000000034de067b0:   000000034de06830 000000031445c850   0h.M....P.E.....
0x000000034de067c0:   00000007d0980c38 00000007c0100888   8...............
0x000000034de067d0:   00000007c0101af8 000000000000000f   ................
0x000000034de067e0:   fffffffffffffff6 000000014041fee7   ..........A@....
0x000000034de067f0:   0000000000000005 000000014041ffb8   ..........A@....
0x000000034de06800:   00000007c0224b80 ffffffffffffffee   .K".............
0x000000034de06810:   0000000000000000 000000014041fef0   ..........A@....

Instructions: (pc=0x0000000103922ed0)
  0x0000000103922dd0:   ee ff ff 17 e1 03 00 aa 5f 0c 00 71 a1 fb ff 54
  0x0000000103922de0:   00 00 80 52 e9 ff ff 17 00 00 80 12 e7 ff ff 17
  0x0000000103922df0:   4a 1b 00 d0 4a 61 36 91 e8 07 00 f9 1f 01 0a eb
  0x0000000103922e00:   40 04 00 54 00 00 80 52 4a 1b 00 d0 4a e1 36 91
  0x0000000103922e10:   e8 07 40 f9 1f 01 0a eb 40 02 00 54 0a 1c 00 90
  0x0000000103922e20:   4a 81 06 91 e8 07 40 f9 1f 01 0a eb a0 fa ff 54
  0x0000000103922e30:   28 31 40 f9 68 00 00 b4 08 25 40 f9 68 01 00 b5
  0x0000000103922e40:   28 39 40 f9 a8 01 00 b4 08 01 40 f9 68 01 00 b4
  0x0000000103922e50:   e0 07 40 f9 00 01 3f d6 1f 00 00 f1 00 d4 9f 1a
  0x0000000103922e60:   e8 07 40 f9 c7 ff ff 17 e0 07 40 f9 00 01 3f d6
  0x0000000103922e70:   00 7c 40 93 f9 ff ff 17 28 35 40 f9 68 00 00 b4
  0x0000000103922e80:   08 01 40 f9 68 fe ff b5 20 00 80 52 f5 ff ff 17
  0x0000000103922e90:   ff 83 01 d1 f8 5f 02 a9 f6 57 03 a9 f4 4f 04 a9
  0x0000000103922ea0:   fd 7b 05 a9 fd 43 01 91 f6 03 02 aa f4 03 01 aa
  0x0000000103922eb0:   f5 03 00 aa 80 22 00 f0 00 00 25 91 08 00 40 f9
  0x0000000103922ec0:   00 01 3f d6 13 00 40 f9 d5 12 00 b4 b4 12 00 b4
=>0x0000000103922ed0:   68 26 40 b9 09 05 00 51 69 26 00 b9 1f 01 00 71
  0x0000000103922ee0:   4d 13 00 54 88 06 40 f9 a9 06 40 f9 17 1c 00 90
  0x0000000103922ef0:   f7 22 1e 91 3f 01 08 eb 61 08 00 54 38 00 80 52
  0x0000000103922f00:   a8 06 40 f9 08 65 40 f9 68 02 00 b4 e0 03 15 aa
  0x0000000103922f10:   e1 03 14 aa e2 03 16 aa 00 01 3f d6 1f 00 17 eb
  0x0000000103922f20:   40 01 00 54 68 26 40 b9 08 05 00 11 68 26 00 b9
  0x0000000103922f30:   fd 7b 45 a9 f4 4f 44 a9 f6 57 43 a9 f8 5f 42 a9
  0x0000000103922f40:   ff 83 01 91 c0 03 5f d6 08 1c 00 90 09 c5 43 f9
  0x0000000103922f50:   a9 03 f8 36 f8 01 00 34 88 06 40 f9 08 65 40 f9
  0x0000000103922f60:   88 01 00 b4 09 1c 00 90 29 c1 06 91 22 d9 76 b8
  0x0000000103922f70:   e0 03 14 aa e1 03 15 aa 00 01 3f d6 1f 00 17 eb
  0x0000000103922f80:   21 fd ff 54 08 1c 00 90 09 c5 43 f9 c9 02 f8 36
  0x0000000103922f90:   df 0a 00 71 41 05 00 54 48 1b 00 d0 08 e1 36 91
  0x0000000103922fa0:   49 1b 00 d0 29 61 36 91 bf 02 14 eb 20 01 88 9a
  0x0000000103922fb0:   08 00 40 b9 08 05 00 31 62 fb ff 54 08 00 00 b9
  0x0000000103922fc0:   d9 ff ff 17 29 05 00 f1 09 c5 03 f9 41 fc ff 54


Stack slot to memory mapping:

stack at sp + 0 slots: 0x00000001369e1800 is a thread
stack at sp + 1 slots: 0x0 is null
stack at sp + 2 slots: 0x000000014041fba0 is pointing into metadata
stack at sp + 3 slots: 0x000000034de06e10 is pointing into the stack for thread: 0x00000001369e1800
stack at sp + 4 slots: 0x0000000103c9dbd0: PyLong_Type+0 in /Library/Frameworks/Python.framework/Versions/3.12/Python at 0x000000010382c000
stack at sp + 5 slots: 0x0000000103d75958: _PyRuntime+0 in /Library/Frameworks/Python.framework/Versions/3.12/Python at 0x000000010382c000
stack at sp + 6 slots: 0x0000000103c8cef8: PyBool_Type+0 in /Library/Frameworks/Python.framework/Versions/3.12/Python at 0x000000010382c000
stack at sp + 7 slots: 0x0000000103c8cd98: _Py_TrueStruct+0 in /Library/Frameworks/Python.framework/Versions/3.12/Python at 0x000000010382c000

Lock stack of current Java thread (top to bottom):


---------------  P R O C E S S  ---------------

Threads class SMR info:
_java_thread_list=0x000000010486fd10, length=13, elements={
0x00000001360dd200, 0x000000014619ce00, 0x000000014619d600, 0x00000001461a8a00,
0x00000001461a9200, 0x00000001461a9a00, 0x00000001461aa200, 0x00000001461aac00,
0x00000001360e1000, 0x00000001360dfa00, 0x0000000126149000, 0x000000035411f600,
0x00000001369e1800
}

Java Threads: ( => current thread )
  0x00000001360dd200 JavaThread "main"                              [_thread_in_native, id=259, stack(0x000000016c994000,0x000000016d994000) (16384K)]
  0x000000014619ce00 JavaThread "Reference Handler"          daemon [_thread_blocked, id=24835, stack(0x000000017e544000,0x000000017e747000) (2060K)]
  0x000000014619d600 JavaThread "Finalizer"                  daemon [_thread_blocked, id=25091, stack(0x000000017e750000,0x000000017e953000) (2060K)]
  0x00000001461a8a00 JavaThread "Signal Dispatcher"          daemon [_thread_blocked, id=25347, stack(0x000000017e95c000,0x000000017eb5f000) (2060K)]
  0x00000001461a9200 JavaThread "Service Thread"             daemon [_thread_blocked, id=27651, stack(0x000000017eb68000,0x000000017ed6b000) (2060K)]
  0x00000001461a9a00 JavaThread "Monitor Deflation Thread"   daemon [_thread_blocked, id=26115, stack(0x000000017ed74000,0x000000017ef77000) (2060K)]
  0x00000001461aa200 JavaThread "C2 CompilerThread0"         daemon [_thread_blocked, id=26371, stack(0x000000017ef80000,0x000000017f183000) (2060K)]
  0x00000001461aac00 JavaThread "C1 CompilerThread0"         daemon [_thread_blocked, id=27139, stack(0x000000017f18c000,0x000000017f38f000) (2060K)]
  0x00000001360e1000 JavaThread "Notification Thread"        daemon [_thread_blocked, id=32771, stack(0x000000017f398000,0x000000017f59b000) (2060K)]
  0x00000001360dfa00 JavaThread "Common-Cleaner"             daemon [_thread_blocked, id=33027, stack(0x000000017f5a4000,0x000000017f7a7000) (2060K)]
  0x0000000126149000 JavaThread "Python Reference Queue"     daemon [_thread_blocked, id=43011, stack(0x000000017f7b0000,0x000000017f9b3000) (2060K)]
  0x000000035411f600 JavaThread "Thread-1"                   daemon [_thread_in_native, id=64771, stack(0x0000000377210000,0x0000000378213000) (16396K)]
=>0x00000001369e1800 JavaThread "SIGTERM handler"            daemon [_thread_in_native, id=64775, stack(0x000000034dc04000,0x000000034de07000) (2060K)]
Total: 13

Other Threads:
  0x0000000146199000 VMThread "VM Thread"                           [id=32515, stack(0x000000017e2ac000,0x000000017e4af000) (2060K)]
  0x000000012380cf80 WatcherThread "VM Periodic Task Thread"        [id=19719, stack(0x000000017e0a0000,0x000000017e2a3000) (2060K)]
  0x0000000147193600 WorkerThread "GC Thread#0"                     [id=16387, stack(0x000000017d664000,0x000000017d867000) (2060K)]
  0x0000000136aaf800 WorkerThread "GC Thread#1"                     [id=33539, stack(0x000000017f9bc000,0x000000017fbbf000) (2060K)]
  0x0000000136b15400 WorkerThread "GC Thread#2"                     [id=42499, stack(0x000000017fbc8000,0x000000017fdcb000) (2060K)]
  0x00000001361b6600 WorkerThread "GC Thread#3"                     [id=41987, stack(0x000000017fdd4000,0x000000017ffd7000) (2060K)]
  0x00000001361b6c00 WorkerThread "GC Thread#4"                     [id=34051, stack(0x000000031bf28000,0x000000031c12b000) (2060K)]
  0x00000001361b7200 WorkerThread "GC Thread#5"                     [id=41475, stack(0x000000031c134000,0x000000031c337000) (2060K)]
  0x000000033ef8b800 WorkerThread "GC Thread#6"                     [id=38147, stack(0x0000000357394000,0x0000000357597000) (2060K)]
  0x000000033ef8be00 WorkerThread "GC Thread#7"                     [id=43523, stack(0x00000003575a0000,0x00000003577a3000) (2060K)]
  0x000000033ef8c600 WorkerThread "GC Thread#8"                     [id=43779, stack(0x0000000377004000,0x0000000377207000) (2060K)]
  0x0000000136a70600 ConcurrentGCThread "G1 Main Marker"            [id=21251, stack(0x000000017d870000,0x000000017da73000) (2060K)]
  0x0000000136a70c00 WorkerThread "G1 Conc#0"                       [id=20739, stack(0x000000017da7c000,0x000000017dc7f000) (2060K)]
  0x0000000136b7ee00 WorkerThread "G1 Conc#1"                       [id=34819, stack(0x000000031c340000,0x000000031c543000) (2060K)]
  0x0000000136aa7200 ConcurrentGCThread "G1 Refine#0"               [id=17155, stack(0x000000017dc88000,0x000000017de8b000) (2060K)]
  0x0000000136aa7800 ConcurrentGCThread "G1 Service"                [id=20227, stack(0x000000017de94000,0x000000017e097000) (2060K)]
Total: 16

Threads with active compile tasks:
Total: 0

VM state: not at safepoint (normal execution)

VM Mutex/Monitor currently owned by a thread: None

Heap address: 0x00000007c0000000, size: 1024 MB, Compressed Oops mode: Zero based, Oop shift amount: 3

CDS archive(s) mapped at: [0x0000018000000000-0x0000018000d94000-0x0000018000d94000), size 14237696, SharedBaseAddress: 0x0000018000000000, ArchiveRelocationMode: 1.
Compressed class space mapped at: 0x0000018001000000-0x0000018041000000, reserved size: 1073741824
UseCompressedClassPointers 1, UseCompactObjectHeaders 0
Narrow klass pointer bits 32, Max shift 3
Narrow klass base: 0x0000018000000000, Narrow klass shift: 0
Encoding Range: [0x0000018000000000 - 0x0000018100000000), (4294967296 bytes)
Klass Range:    [0x0000018000004000 - 0x0000018041000000), (1090502656 bytes)
Klass ID Range:  [16384 - 1090519033) (1090502649)
Protection zone: [0x0000018000000000 - 0x0000018000004000), (16384 bytes)

GC Precious Log:
 CardTable entry size: 512
 Card Set container configuration: InlinePtr #cards 5 size 8 Array Of Cards #cards 10 size 36 Howl #buckets 4 coarsen threshold 1843 Howl Bitmap #cards 512 size 80 coarsen threshold 460 Card regions per heap region 1 cards per card region 2048
 CPUs: 11 total, 11 available
 Memory: 18432M
 Large Page Support: Disabled
 NUMA Support: Disabled
 Compressed Oops: Enabled (Zero based)
 Heap Region Size: 1M
 Heap Min Capacity: 8M
 Heap Initial Capacity: 288M
 Heap Max Capacity: 1G
 Pre-touch: Disabled
 Parallel Workers: 9
 Concurrent Workers: 2
 Concurrent Refinement Workers: 9
 Periodic GC: Disabled

Heap:
 garbage-first heap   total reserved 1048576K, committed 273408K, used 79904K [0x00000007c0000000, 0x0000000800000000)
  region size 1024K, 1 young (1024K), 0 survivors (0K)

Heap Regions: E=young(eden), S=young(survivor), O=old, HS=humongous(starts), HC=humongous(continues), CS=collection set, F=free, TAMS=top-at-mark-start, PB=parsable bottom
|   0|0x00000007c0000000, 0x00000007c00fffd0, 0x00000007c0100000| 99%| O|  |TAMS 0x00000007c0000000| PB 0x00000007c0000000| Untracked |  0
|   1|0x00000007c0100000, 0x00000007c01ffff8, 0x00000007c0200000| 99%| O|  |TAMS 0x00000007c0100000| PB 0x00000007c0100000| Untracked |  0
|   2|0x00000007c0200000, 0x00000007c02fffe8, 0x00000007c0300000| 99%| O|  |TAMS 0x00000007c0200000| PB 0x00000007c0200000| Untracked |  0
|   3|0x00000007c0300000, 0x00000007c03ffff8, 0x00000007c0400000| 99%| O|  |TAMS 0x00000007c0300000| PB 0x00000007c0300000| Untracked |  0
|   4|0x00000007c0400000, 0x00000007c04ffff8, 0x00000007c0500000| 99%| O|  |TAMS 0x00000007c0400000| PB 0x00000007c0400000| Untracked |  0
|   5|0x00000007c0500000, 0x00000007c05ffff0, 0x00000007c0600000| 99%| O|  |TAMS 0x00000007c0500000| PB 0x00000007c0500000| Untracked |  0
|   6|0x00000007c0600000, 0x00000007c0700000, 0x00000007c0700000|100%| O|  |TAMS 0x00000007c0600000| PB 0x00000007c0600000| Untracked |  0
|   7|0x00000007c0700000, 0x00000007c0800000, 0x00000007c0800000|100%| O|  |TAMS 0x00000007c0700000| PB 0x00000007c0700000| Untracked |  0
|   8|0x00000007c0800000, 0x00000007c08f74f0, 0x00000007c0900000| 96%| O|  |TAMS 0x00000007c0800000| PB 0x00000007c0800000| Untracked |  0
|   9|0x00000007c0900000, 0x00000007c0a00000, 0x00000007c0a00000|100%| O|  |TAMS 0x00000007c0900000| PB 0x00000007c0900000| Untracked |  0
|  10|0x00000007c0a00000, 0x00000007c0b00000, 0x00000007c0b00000|100%| O|  |TAMS 0x00000007c0a00000| PB 0x00000007c0a00000| Untracked |  0
|  11|0x00000007c0b00000, 0x00000007c0c00000, 0x00000007c0c00000|100%| O|  |TAMS 0x00000007c0b00000| PB 0x00000007c0b00000| Untracked |  0
|  12|0x00000007c0c00000, 0x00000007c0d00000, 0x00000007c0d00000|100%| O|  |TAMS 0x00000007c0c00000| PB 0x00000007c0c00000| Untracked |  0
|  13|0x00000007c0d00000, 0x00000007c0e00000, 0x00000007c0e00000|100%| O|  |TAMS 0x00000007c0d00000| PB 0x00000007c0d00000| Untracked |  0
|  14|0x00000007c0e00000, 0x00000007c0f00000, 0x00000007c0f00000|100%|HS|  |TAMS 0x00000007c0e00000| PB 0x00000007c0e00000| Untracked |  0
|  15|0x00000007c0f00000, 0x00000007c1000000, 0x00000007c1000000|100%|HC|  |TAMS 0x00000007c0f00000| PB 0x00000007c0f00000| Untracked |  0
|  16|0x00000007c1000000, 0x00000007c1100000, 0x00000007c1100000|100%|HS|  |TAMS 0x00000007c1000000| PB 0x00000007c1000000| Untracked |  0
|  17|0x00000007c1100000, 0x00000007c1200000, 0x00000007c1200000|100%|HC|  |TAMS 0x00000007c1100000| PB 0x00000007c1100000| Untracked |  0
|  18|0x00000007c1200000, 0x00000007c1300000, 0x00000007c1300000|100%| O|  |TAMS 0x00000007c1200000| PB 0x00000007c1200000| Untracked |  0
|  19|0x00000007c1300000, 0x00000007c1400000, 0x00000007c1400000|100%| O|  |TAMS 0x00000007c1300000| PB 0x00000007c1300000| Untracked |  0
|  20|0x00000007c1400000, 0x00000007c14ffff0, 0x00000007c1500000| 99%| O|  |TAMS 0x00000007c1400000| PB 0x00000007c1400000| Untracked |  0
|  21|0x00000007c1500000, 0x00000007c15ffff8, 0x00000007c1600000| 99%| O|  |TAMS 0x00000007c1500000| PB 0x00000007c1500000| Untracked |  0
|  22|0x00000007c1600000, 0x00000007c1700000, 0x00000007c1700000|100%|HS|  |TAMS 0x00000007c1600000| PB 0x00000007c1600000| Untracked |  0
|  23|0x00000007c1700000, 0x00000007c1800000, 0x00000007c1800000|100%| O|  |TAMS 0x00000007c1700000| PB 0x00000007c1700000| Untracked |  0
|  24|0x00000007c1800000, 0x00000007c1900000, 0x00000007c1900000|100%|HS|  |TAMS 0x00000007c1800000| PB 0x00000007c1800000| Untracked |  0
|  25|0x00000007c1900000, 0x00000007c1a00000, 0x00000007c1a00000|100%|HS|  |TAMS 0x00000007c1900000| PB 0x00000007c1900000| Untracked |  0
|  26|0x00000007c1a00000, 0x00000007c1b00000, 0x00000007c1b00000|100%| O|  |TAMS 0x00000007c1a00000| PB 0x00000007c1a00000| Untracked |  0
|  27|0x00000007c1b00000, 0x00000007c1bffff8, 0x00000007c1c00000| 99%| O|  |TAMS 0x00000007c1b00000| PB 0x00000007c1b00000| Untracked |  0
|  28|0x00000007c1c00000, 0x00000007c1d00000, 0x00000007c1d00000|100%| O|  |TAMS 0x00000007c1c00000| PB 0x00000007c1c00000| Untracked |  0
|  29|0x00000007c1d00000, 0x00000007c1dfffe0, 0x00000007c1e00000| 99%| O|  |TAMS 0x00000007c1d00000| PB 0x00000007c1d00000| Untracked |  0
|  30|0x00000007c1e00000, 0x00000007c1efffe8, 0x00000007c1f00000| 99%| O|  |TAMS 0x00000007c1e00000| PB 0x00000007c1e00000| Untracked |  0
|  31|0x00000007c1f00000, 0x00000007c1fffff8, 0x00000007c2000000| 99%| O|  |TAMS 0x00000007c1f00000| PB 0x00000007c1f00000| Untracked |  0
|  32|0x00000007c2000000, 0x00000007c2100000, 0x00000007c2100000|100%| O|  |TAMS 0x00000007c2000000| PB 0x00000007c2000000| Untracked |  0
|  33|0x00000007c2100000, 0x00000007c2200000, 0x00000007c2200000|100%|HS|  |TAMS 0x00000007c2100000| PB 0x00000007c2100000| Untracked |  0
|  34|0x00000007c2200000, 0x00000007c2300000, 0x00000007c2300000|100%|HC|  |TAMS 0x00000007c2200000| PB 0x00000007c2200000| Untracked |  0
|  35|0x00000007c2300000, 0x00000007c23ffff8, 0x00000007c2400000| 99%| O|  |TAMS 0x00000007c2300000| PB 0x00000007c2300000| Untracked |  0
|  36|0x00000007c2400000, 0x00000007c2500000, 0x00000007c2500000|100%|HS|  |TAMS 0x00000007c2400000| PB 0x00000007c2400000| Untracked |  0
|  37|0x00000007c2500000, 0x00000007c2600000, 0x00000007c2600000|100%|HC|  |TAMS 0x00000007c2500000| PB 0x00000007c2500000| Untracked |  0
|  38|0x00000007c2600000, 0x00000007c26ffff0, 0x00000007c2700000| 99%| O|  |TAMS 0x00000007c2600000| PB 0x00000007c2600000| Untracked |  0
|  39|0x00000007c2700000, 0x00000007c2800000, 0x00000007c2800000|100%| O|  |TAMS 0x00000007c2700000| PB 0x00000007c2700000| Untracked |  0
|  40|0x00000007c2800000, 0x00000007c28ffff8, 0x00000007c2900000| 99%| O|  |TAMS 0x00000007c2800000| PB 0x00000007c2800000| Untracked |  0
|  41|0x00000007c2900000, 0x00000007c29ffff8, 0x00000007c2a00000| 99%| O|  |TAMS 0x00000007c2900000| PB 0x00000007c2900000| Untracked |  0
|  42|0x00000007c2a00000, 0x00000007c2b00000, 0x00000007c2b00000|100%|HS|  |TAMS 0x00000007c2a00000| PB 0x00000007c2a00000| Untracked |  0
|  43|0x00000007c2b00000, 0x00000007c2c00000, 0x00000007c2c00000|100%|HC|  |TAMS 0x00000007c2b00000| PB 0x00000007c2b00000| Untracked |  0
|  44|0x00000007c2c00000, 0x00000007c2cffff0, 0x00000007c2d00000| 99%| O|  |TAMS 0x00000007c2c00000| PB 0x00000007c2c00000| Untracked |  0
|  45|0x00000007c2d00000, 0x00000007c2e00000, 0x00000007c2e00000|100%| O|  |TAMS 0x00000007c2d00000| PB 0x00000007c2d00000| Untracked |  0
|  46|0x00000007c2e00000, 0x00000007c2f00000, 0x00000007c2f00000|100%| O|  |TAMS 0x00000007c2e00000| PB 0x00000007c2e00000| Untracked |  0
|  47|0x00000007c2f00000, 0x00000007c3000000, 0x00000007c3000000|100%| O|  |TAMS 0x00000007c2f00000| PB 0x00000007c2f00000| Untracked |  0
|  48|0x00000007c3000000, 0x00000007c3100000, 0x00000007c3100000|100%| O|  |TAMS 0x00000007c3000000| PB 0x00000007c3000000| Untracked |  0
|  49|0x00000007c3100000, 0x00000007c3200000, 0x00000007c3200000|100%|HS|  |TAMS 0x00000007c3100000| PB 0x00000007c3100000| Untracked |  0
|  50|0x00000007c3200000, 0x00000007c3300000, 0x00000007c3300000|100%|HC|  |TAMS 0x00000007c3200000| PB 0x00000007c3200000| Untracked |  0
|  51|0x00000007c3300000, 0x00000007c33ffff0, 0x00000007c3400000| 99%| O|  |TAMS 0x00000007c3300000| PB 0x00000007c3300000| Untracked |  0
|  52|0x00000007c3400000, 0x00000007c34ffff0, 0x00000007c3500000| 99%| O|  |TAMS 0x00000007c3400000| PB 0x00000007c3400000| Untracked |  0
|  53|0x00000007c3500000, 0x00000007c35ffff8, 0x00000007c3600000| 99%| O|  |TAMS 0x00000007c3500000| PB 0x00000007c3500000| Untracked |  0
|  54|0x00000007c3600000, 0x00000007c36fffe8, 0x00000007c3700000| 99%| O|  |TAMS 0x00000007c3600000| PB 0x00000007c3600000| Untracked |  0
|  55|0x00000007c3700000, 0x00000007c3800000, 0x00000007c3800000|100%| O|  |TAMS 0x00000007c3700000| PB 0x00000007c3700000| Untracked |  0
|  56|0x00000007c3800000, 0x00000007c38ffff8, 0x00000007c3900000| 99%| O|  |TAMS 0x00000007c3800000| PB 0x00000007c3800000| Untracked |  0
|  57|0x00000007c3900000, 0x00000007c3a00000, 0x00000007c3a00000|100%| O|  |TAMS 0x00000007c3900000| PB 0x00000007c3900000| Untracked |  0
|  58|0x00000007c3a00000, 0x00000007c3afffe8, 0x00000007c3b00000| 99%| O|  |TAMS 0x00000007c3a00000| PB 0x00000007c3a00000| Untracked |  0
|  59|0x00000007c3b00000, 0x00000007c3c00000, 0x00000007c3c00000|100%| O|  |TAMS 0x00000007c3b00000| PB 0x00000007c3b00000| Untracked |  0
|  60|0x00000007c3c00000, 0x00000007c3cffff0, 0x00000007c3d00000| 99%| O|  |TAMS 0x00000007c3c00000| PB 0x00000007c3c00000| Untracked |  0
|  61|0x00000007c3d00000, 0x00000007c3e00000, 0x00000007c3e00000|100%| O|  |TAMS 0x00000007c3d00000| PB 0x00000007c3d00000| Untracked |  0
|  62|0x00000007c3e00000, 0x00000007c3f00000, 0x00000007c3f00000|100%| O|  |TAMS 0x00000007c3e00000| PB 0x00000007c3e00000| Untracked |  0
|  63|0x00000007c3f00000, 0x00000007c3fffff0, 0x00000007c4000000| 99%| O|  |TAMS 0x00000007c3f00000| PB 0x00000007c3f00000| Untracked |  0
|  64|0x00000007c4000000, 0x00000007c40ffff0, 0x00000007c4100000| 99%| O|  |TAMS 0x00000007c4000000| PB 0x00000007c4000000| Untracked |  0
|  65|0x00000007c4100000, 0x00000007c4200000, 0x00000007c4200000|100%| O|  |TAMS 0x00000007c4100000| PB 0x00000007c4100000| Untracked |  0
|  66|0x00000007c4200000, 0x00000007c42ffff0, 0x00000007c4300000| 99%| O|  |TAMS 0x00000007c4200000| PB 0x00000007c4200000| Untracked |  0
|  67|0x00000007c4300000, 0x00000007c43fdf30, 0x00000007c4400000| 99%| O|  |TAMS 0x00000007c4300000| PB 0x00000007c4300000| Untracked |  0
|  68|0x00000007c4400000, 0x00000007c4500000, 0x00000007c4500000|100%| O|  |TAMS 0x00000007c4400000| PB 0x00000007c4400000| Untracked |  0
|  69|0x00000007c4500000, 0x00000007c45ffff8, 0x00000007c4600000| 99%| O|  |TAMS 0x00000007c4500000| PB 0x00000007c4500000| Untracked |  0
|  70|0x00000007c4600000, 0x00000007c46fffe8, 0x00000007c4700000| 99%| O|  |TAMS 0x00000007c4600000| PB 0x00000007c4600000| Untracked |  0
|  71|0x00000007c4700000, 0x00000007c47ffff8, 0x00000007c4800000| 99%| O|  |TAMS 0x00000007c4700000| PB 0x00000007c4700000| Untracked |  0
|  72|0x00000007c4800000, 0x00000007c4900000, 0x00000007c4900000|100%| O|  |TAMS 0x00000007c4800000| PB 0x00000007c4800000| Untracked |  0
|  73|0x00000007c4900000, 0x00000007c49ceca8, 0x00000007c4a00000| 80%| O|  |TAMS 0x00000007c4900000| PB 0x00000007c4900000| Untracked |  0
|  74|0x00000007c4a00000, 0x00000007c4a7aea8, 0x00000007c4b00000| 48%| O|  |TAMS 0x00000007c4a00000| PB 0x00000007c4a00000| Untracked |  0
|  75|0x00000007c4b00000, 0x00000007c4b0ad48, 0x00000007c4c00000|  4%| O|  |TAMS 0x00000007c4b00000| PB 0x00000007c4b00000| Untracked |  0
|  76|0x00000007c4c00000, 0x00000007c4c00000, 0x00000007c4d00000|  0%| F|  |TAMS 0x00000007c4c00000| PB 0x00000007c4c00000| Untracked |  0
|  77|0x00000007c4d00000, 0x00000007c4dbdb40, 0x00000007c4e00000| 74%| O|  |TAMS 0x00000007c4d00000| PB 0x00000007c4d00000| Untracked |  0
|  78|0x00000007c4e00000, 0x00000007c4e00d38, 0x00000007c4f00000|  0%| O|  |TAMS 0x00000007c4e00000| PB 0x00000007c4e00000| Untracked |  0
|  79|0x00000007c4f00000, 0x00000007c4f00000, 0x00000007c5000000|  0%| F|  |TAMS 0x00000007c4f00000| PB 0x00000007c4f00000| Untracked |  0
|  80|0x00000007c5000000, 0x00000007c5000000, 0x00000007c5100000|  0%| F|  |TAMS 0x00000007c5000000| PB 0x00000007c5000000| Untracked |  0
|  81|0x00000007c5100000, 0x00000007c5100000, 0x00000007c5200000|  0%| F|  |TAMS 0x00000007c5100000| PB 0x00000007c5100000| Untracked |  0
|  82|0x00000007c5200000, 0x00000007c5200000, 0x00000007c5300000|  0%| F|  |TAMS 0x00000007c5200000| PB 0x00000007c5200000| Untracked |  0
|  83|0x00000007c5300000, 0x00000007c5300000, 0x00000007c5400000|  0%| F|  |TAMS 0x00000007c5300000| PB 0x00000007c5300000| Untracked |  0
|  84|0x00000007c5400000, 0x00000007c5400000, 0x00000007c5500000|  0%| F|  |TAMS 0x00000007c5400000| PB 0x00000007c5400000| Untracked |  0
|  85|0x00000007c5500000, 0x00000007c5500000, 0x00000007c5600000|  0%| F|  |TAMS 0x00000007c5500000| PB 0x00000007c5500000| Untracked |  0
|  86|0x00000007c5600000, 0x00000007c5600000, 0x00000007c5700000|  0%| F|  |TAMS 0x00000007c5600000| PB 0x00000007c5600000| Untracked |  0
|  87|0x00000007c5700000, 0x00000007c5700000, 0x00000007c5800000|  0%| F|  |TAMS 0x00000007c5700000| PB 0x00000007c5700000| Untracked |  0
|  88|0x00000007c5800000, 0x00000007c5800000, 0x00000007c5900000|  0%| F|  |TAMS 0x00000007c5800000| PB 0x00000007c5800000| Untracked |  0
|  89|0x00000007c5900000, 0x00000007c5900000, 0x00000007c5a00000|  0%| F|  |TAMS 0x00000007c5900000| PB 0x00000007c5900000| Untracked |  0
|  90|0x00000007c5a00000, 0x00000007c5a00000, 0x00000007c5b00000|  0%| F|  |TAMS 0x00000007c5a00000| PB 0x00000007c5a00000| Untracked |  0
|  91|0x00000007c5b00000, 0x00000007c5b00000, 0x00000007c5c00000|  0%| F|  |TAMS 0x00000007c5b00000| PB 0x00000007c5b00000| Untracked |  0
|  92|0x00000007c5c00000, 0x00000007c5c00000, 0x00000007c5d00000|  0%| F|  |TAMS 0x00000007c5c00000| PB 0x00000007c5c00000| Untracked |  0
|  93|0x00000007c5d00000, 0x00000007c5d00000, 0x00000007c5e00000|  0%| F|  |TAMS 0x00000007c5d00000| PB 0x00000007c5d00000| Untracked |  0
|  94|0x00000007c5e00000, 0x00000007c5e00000, 0x00000007c5f00000|  0%| F|  |TAMS 0x00000007c5e00000| PB 0x00000007c5e00000| Untracked |  0
|  95|0x00000007c5f00000, 0x00000007c5f00000, 0x00000007c6000000|  0%| F|  |TAMS 0x00000007c5f00000| PB 0x00000007c5f00000| Untracked |  0
|  96|0x00000007c6000000, 0x00000007c6000000, 0x00000007c6100000|  0%| F|  |TAMS 0x00000007c6000000| PB 0x00000007c6000000| Untracked |  0
|  97|0x00000007c6100000, 0x00000007c6100000, 0x00000007c6200000|  0%| F|  |TAMS 0x00000007c6100000| PB 0x00000007c6100000| Untracked |  0
|  98|0x00000007c6200000, 0x00000007c6200000, 0x00000007c6300000|  0%| F|  |TAMS 0x00000007c6200000| PB 0x00000007c6200000| Untracked |  0
|  99|0x00000007c6300000, 0x00000007c6300000, 0x00000007c6400000|  0%| F|  |TAMS 0x00000007c6300000| PB 0x00000007c6300000| Untracked |  0
| 100|0x00000007c6400000, 0x00000007c6400000, 0x00000007c6500000|  0%| F|  |TAMS 0x00000007c6400000| PB 0x00000007c6400000| Untracked |  0
| 101|0x00000007c6500000, 0x00000007c6500000, 0x00000007c6600000|  0%| F|  |TAMS 0x00000007c6500000| PB 0x00000007c6500000| Untracked |  0
| 102|0x00000007c6600000, 0x00000007c6600000, 0x00000007c6700000|  0%| F|  |TAMS 0x00000007c6600000| PB 0x00000007c6600000| Untracked |  0
| 103|0x00000007c6700000, 0x00000007c6700000, 0x00000007c6800000|  0%| F|  |TAMS 0x00000007c6700000| PB 0x00000007c6700000| Untracked |  0
| 104|0x00000007c6800000, 0x00000007c6800000, 0x00000007c6900000|  0%| F|  |TAMS 0x00000007c6800000| PB 0x00000007c6800000| Untracked |  0
| 105|0x00000007c6900000, 0x00000007c6900000, 0x00000007c6a00000|  0%| F|  |TAMS 0x00000007c6900000| PB 0x00000007c6900000| Untracked |  0
| 106|0x00000007c6a00000, 0x00000007c6a00000, 0x00000007c6b00000|  0%| F|  |TAMS 0x00000007c6a00000| PB 0x00000007c6a00000| Untracked |  0
| 107|0x00000007c6b00000, 0x00000007c6b00000, 0x00000007c6c00000|  0%| F|  |TAMS 0x00000007c6b00000| PB 0x00000007c6b00000| Untracked |  0
| 108|0x00000007c6c00000, 0x00000007c6c00000, 0x00000007c6d00000|  0%| F|  |TAMS 0x00000007c6c00000| PB 0x00000007c6c00000| Untracked |  0
| 109|0x00000007c6d00000, 0x00000007c6d00000, 0x00000007c6e00000|  0%| F|  |TAMS 0x00000007c6d00000| PB 0x00000007c6d00000| Untracked |  0
| 110|0x00000007c6e00000, 0x00000007c6e00000, 0x00000007c6f00000|  0%| F|  |TAMS 0x00000007c6e00000| PB 0x00000007c6e00000| Untracked |  0
| 111|0x00000007c6f00000, 0x00000007c6f00000, 0x00000007c7000000|  0%| F|  |TAMS 0x00000007c6f00000| PB 0x00000007c6f00000| Untracked |  0
| 112|0x00000007c7000000, 0x00000007c7000000, 0x00000007c7100000|  0%| F|  |TAMS 0x00000007c7000000| PB 0x00000007c7000000| Untracked |  0
| 113|0x00000007c7100000, 0x00000007c7100000, 0x00000007c7200000|  0%| F|  |TAMS 0x00000007c7100000| PB 0x00000007c7100000| Untracked |  0
| 114|0x00000007c7200000, 0x00000007c7200000, 0x00000007c7300000|  0%| F|  |TAMS 0x00000007c7200000| PB 0x00000007c7200000| Untracked |  0
| 115|0x00000007c7300000, 0x00000007c7300000, 0x00000007c7400000|  0%| F|  |TAMS 0x00000007c7300000| PB 0x00000007c7300000| Untracked |  0
| 116|0x00000007c7400000, 0x00000007c7400000, 0x00000007c7500000|  0%| F|  |TAMS 0x00000007c7400000| PB 0x00000007c7400000| Untracked |  0
| 117|0x00000007c7500000, 0x00000007c7500000, 0x00000007c7600000|  0%| F|  |TAMS 0x00000007c7500000| PB 0x00000007c7500000| Untracked |  0
| 118|0x00000007c7600000, 0x00000007c7600000, 0x00000007c7700000|  0%| F|  |TAMS 0x00000007c7600000| PB 0x00000007c7600000| Untracked |  0
| 119|0x00000007c7700000, 0x00000007c7700000, 0x00000007c7800000|  0%| F|  |TAMS 0x00000007c7700000| PB 0x00000007c7700000| Untracked |  0
| 120|0x00000007c7800000, 0x00000007c7800000, 0x00000007c7900000|  0%| F|  |TAMS 0x00000007c7800000| PB 0x00000007c7800000| Untracked |  0
| 121|0x00000007c7900000, 0x00000007c7900000, 0x00000007c7a00000|  0%| F|  |TAMS 0x00000007c7900000| PB 0x00000007c7900000| Untracked |  0
| 122|0x00000007c7a00000, 0x00000007c7a00000, 0x00000007c7b00000|  0%| F|  |TAMS 0x00000007c7a00000| PB 0x00000007c7a00000| Untracked |  0
| 123|0x00000007c7b00000, 0x00000007c7b00000, 0x00000007c7c00000|  0%| F|  |TAMS 0x00000007c7b00000| PB 0x00000007c7b00000| Untracked |  0
| 124|0x00000007c7c00000, 0x00000007c7c00000, 0x00000007c7d00000|  0%| F|  |TAMS 0x00000007c7c00000| PB 0x00000007c7c00000| Untracked |  0
| 125|0x00000007c7d00000, 0x00000007c7d00000, 0x00000007c7e00000|  0%| F|  |TAMS 0x00000007c7d00000| PB 0x00000007c7d00000| Untracked |  0
| 126|0x00000007c7e00000, 0x00000007c7e00000, 0x00000007c7f00000|  0%| F|  |TAMS 0x00000007c7e00000| PB 0x00000007c7e00000| Untracked |  0
| 127|0x00000007c7f00000, 0x00000007c7f00000, 0x00000007c8000000|  0%| F|  |TAMS 0x00000007c7f00000| PB 0x00000007c7f00000| Untracked |  0
| 128|0x00000007c8000000, 0x00000007c8000000, 0x00000007c8100000|  0%| F|  |TAMS 0x00000007c8000000| PB 0x00000007c8000000| Untracked |  0
| 129|0x00000007c8100000, 0x00000007c8100000, 0x00000007c8200000|  0%| F|  |TAMS 0x00000007c8100000| PB 0x00000007c8100000| Untracked |  0
| 130|0x00000007c8200000, 0x00000007c8200000, 0x00000007c8300000|  0%| F|  |TAMS 0x00000007c8200000| PB 0x00000007c8200000| Untracked |  0
| 131|0x00000007c8300000, 0x00000007c8300000, 0x00000007c8400000|  0%| F|  |TAMS 0x00000007c8300000| PB 0x00000007c8300000| Untracked |  0
| 132|0x00000007c8400000, 0x00000007c8400000, 0x00000007c8500000|  0%| F|  |TAMS 0x00000007c8400000| PB 0x00000007c8400000| Untracked |  0
| 133|0x00000007c8500000, 0x00000007c8500000, 0x00000007c8600000|  0%| F|  |TAMS 0x00000007c8500000| PB 0x00000007c8500000| Untracked |  0
| 134|0x00000007c8600000, 0x00000007c8600000, 0x00000007c8700000|  0%| F|  |TAMS 0x00000007c8600000| PB 0x00000007c8600000| Untracked |  0
| 135|0x00000007c8700000, 0x00000007c8700000, 0x00000007c8800000|  0%| F|  |TAMS 0x00000007c8700000| PB 0x00000007c8700000| Untracked |  0
| 136|0x00000007c8800000, 0x00000007c8800000, 0x00000007c8900000|  0%| F|  |TAMS 0x00000007c8800000| PB 0x00000007c8800000| Untracked |  0
| 137|0x00000007c8900000, 0x00000007c8900000, 0x00000007c8a00000|  0%| F|  |TAMS 0x00000007c8900000| PB 0x00000007c8900000| Untracked |  0
| 138|0x00000007c8a00000, 0x00000007c8a00000, 0x00000007c8b00000|  0%| F|  |TAMS 0x00000007c8a00000| PB 0x00000007c8a00000| Untracked |  0
| 139|0x00000007c8b00000, 0x00000007c8b00000, 0x00000007c8c00000|  0%| F|  |TAMS 0x00000007c8b00000| PB 0x00000007c8b00000| Untracked |  0
| 140|0x00000007c8c00000, 0x00000007c8c00000, 0x00000007c8d00000|  0%| F|  |TAMS 0x00000007c8c00000| PB 0x00000007c8c00000| Untracked |  0
| 141|0x00000007c8d00000, 0x00000007c8d00000, 0x00000007c8e00000|  0%| F|  |TAMS 0x00000007c8d00000| PB 0x00000007c8d00000| Untracked |  0
| 142|0x00000007c8e00000, 0x00000007c8e00000, 0x00000007c8f00000|  0%| F|  |TAMS 0x00000007c8e00000| PB 0x00000007c8e00000| Untracked |  0
| 143|0x00000007c8f00000, 0x00000007c8f00000, 0x00000007c9000000|  0%| F|  |TAMS 0x00000007c8f00000| PB 0x00000007c8f00000| Untracked |  0
| 144|0x00000007c9000000, 0x00000007c9000000, 0x00000007c9100000|  0%| F|  |TAMS 0x00000007c9000000| PB 0x00000007c9000000| Untracked |  0
| 145|0x00000007c9100000, 0x00000007c9100000, 0x00000007c9200000|  0%| F|  |TAMS 0x00000007c9100000| PB 0x00000007c9100000| Untracked |  0
| 146|0x00000007c9200000, 0x00000007c9200000, 0x00000007c9300000|  0%| F|  |TAMS 0x00000007c9200000| PB 0x00000007c9200000| Untracked |  0
| 147|0x00000007c9300000, 0x00000007c9300000, 0x00000007c9400000|  0%| F|  |TAMS 0x00000007c9300000| PB 0x00000007c9300000| Untracked |  0
| 148|0x00000007c9400000, 0x00000007c9400000, 0x00000007c9500000|  0%| F|  |TAMS 0x00000007c9400000| PB 0x00000007c9400000| Untracked |  0
| 149|0x00000007c9500000, 0x00000007c9500000, 0x00000007c9600000|  0%| F|  |TAMS 0x00000007c9500000| PB 0x00000007c9500000| Untracked |  0
| 150|0x00000007c9600000, 0x00000007c9600000, 0x00000007c9700000|  0%| F|  |TAMS 0x00000007c9600000| PB 0x00000007c9600000| Untracked |  0
| 151|0x00000007c9700000, 0x00000007c9700000, 0x00000007c9800000|  0%| F|  |TAMS 0x00000007c9700000| PB 0x00000007c9700000| Untracked |  0
| 152|0x00000007c9800000, 0x00000007c9800000, 0x00000007c9900000|  0%| F|  |TAMS 0x00000007c9800000| PB 0x00000007c9800000| Untracked |  0
| 153|0x00000007c9900000, 0x00000007c9900000, 0x00000007c9a00000|  0%| F|  |TAMS 0x00000007c9900000| PB 0x00000007c9900000| Untracked |  0
| 154|0x00000007c9a00000, 0x00000007c9b00000, 0x00000007c9b00000|100%| O|  |TAMS 0x00000007c9a00000| PB 0x00000007c9a00000| Untracked |  0
| 155|0x00000007c9b00000, 0x00000007c9c00000, 0x00000007c9c00000|100%| O|  |TAMS 0x00000007c9b00000| PB 0x00000007c9b00000| Untracked |  0
| 156|0x00000007c9c00000, 0x00000007c9c00000, 0x00000007c9d00000|  0%| F|  |TAMS 0x00000007c9c00000| PB 0x00000007c9c00000| Untracked |  0
| 157|0x00000007c9d00000, 0x00000007c9d00000, 0x00000007c9e00000|  0%| F|  |TAMS 0x00000007c9d00000| PB 0x00000007c9d00000| Untracked |  0
| 158|0x00000007c9e00000, 0x00000007c9e00000, 0x00000007c9f00000|  0%| F|  |TAMS 0x00000007c9e00000| PB 0x00000007c9e00000| Untracked |  0
| 159|0x00000007c9f00000, 0x00000007c9f00000, 0x00000007ca000000|  0%| F|  |TAMS 0x00000007c9f00000| PB 0x00000007c9f00000| Untracked |  0
| 160|0x00000007ca000000, 0x00000007ca000000, 0x00000007ca100000|  0%| F|  |TAMS 0x00000007ca000000| PB 0x00000007ca000000| Untracked |  0
| 161|0x00000007ca100000, 0x00000007ca100000, 0x00000007ca200000|  0%| F|  |TAMS 0x00000007ca100000| PB 0x00000007ca100000| Untracked |  0
| 162|0x00000007ca200000, 0x00000007ca200000, 0x00000007ca300000|  0%| F|  |TAMS 0x00000007ca200000| PB 0x00000007ca200000| Untracked |  0
| 163|0x00000007ca300000, 0x00000007ca300000, 0x00000007ca400000|  0%| F|  |TAMS 0x00000007ca300000| PB 0x00000007ca300000| Untracked |  0
| 164|0x00000007ca400000, 0x00000007ca400000, 0x00000007ca500000|  0%| F|  |TAMS 0x00000007ca400000| PB 0x00000007ca400000| Untracked |  0
| 165|0x00000007ca500000, 0x00000007ca500000, 0x00000007ca600000|  0%| F|  |TAMS 0x00000007ca500000| PB 0x00000007ca500000| Untracked |  0
| 166|0x00000007ca600000, 0x00000007ca600000, 0x00000007ca700000|  0%| F|  |TAMS 0x00000007ca600000| PB 0x00000007ca600000| Untracked |  0
| 167|0x00000007ca700000, 0x00000007ca700000, 0x00000007ca800000|  0%| F|  |TAMS 0x00000007ca700000| PB 0x00000007ca700000| Untracked |  0
| 168|0x00000007ca800000, 0x00000007ca800000, 0x00000007ca900000|  0%| F|  |TAMS 0x00000007ca800000| PB 0x00000007ca800000| Untracked |  0
| 169|0x00000007ca900000, 0x00000007ca900000, 0x00000007caa00000|  0%| F|  |TAMS 0x00000007ca900000| PB 0x00000007ca900000| Untracked |  0
| 170|0x00000007caa00000, 0x00000007caa00000, 0x00000007cab00000|  0%| F|  |TAMS 0x00000007caa00000| PB 0x00000007caa00000| Untracked |  0
| 171|0x00000007cab00000, 0x00000007cab00000, 0x00000007cac00000|  0%| F|  |TAMS 0x00000007cab00000| PB 0x00000007cab00000| Untracked |  0
| 172|0x00000007cac00000, 0x00000007cac00000, 0x00000007cad00000|  0%| F|  |TAMS 0x00000007cac00000| PB 0x00000007cac00000| Untracked |  0
| 173|0x00000007cad00000, 0x00000007cad00000, 0x00000007cae00000|  0%| F|  |TAMS 0x00000007cad00000| PB 0x00000007cad00000| Untracked |  0
| 174|0x00000007cae00000, 0x00000007cae00000, 0x00000007caf00000|  0%| F|  |TAMS 0x00000007cae00000| PB 0x00000007cae00000| Untracked |  0
| 175|0x00000007caf00000, 0x00000007caf00000, 0x00000007cb000000|  0%| F|  |TAMS 0x00000007caf00000| PB 0x00000007caf00000| Untracked |  0
| 176|0x00000007cb000000, 0x00000007cb000000, 0x00000007cb100000|  0%| F|  |TAMS 0x00000007cb000000| PB 0x00000007cb000000| Untracked |  0
| 177|0x00000007cb100000, 0x00000007cb100000, 0x00000007cb200000|  0%| F|  |TAMS 0x00000007cb100000| PB 0x00000007cb100000| Untracked |  0
| 178|0x00000007cb200000, 0x00000007cb200000, 0x00000007cb300000|  0%| F|  |TAMS 0x00000007cb200000| PB 0x00000007cb200000| Untracked |  0
| 179|0x00000007cb300000, 0x00000007cb300000, 0x00000007cb400000|  0%| F|  |TAMS 0x00000007cb300000| PB 0x00000007cb300000| Untracked |  0
| 180|0x00000007cb400000, 0x00000007cb400000, 0x00000007cb500000|  0%| F|  |TAMS 0x00000007cb400000| PB 0x00000007cb400000| Untracked |  0
| 181|0x00000007cb500000, 0x00000007cb500000, 0x00000007cb600000|  0%| F|  |TAMS 0x00000007cb500000| PB 0x00000007cb500000| Untracked |  0
| 182|0x00000007cb600000, 0x00000007cb600000, 0x00000007cb700000|  0%| F|  |TAMS 0x00000007cb600000| PB 0x00000007cb600000| Untracked |  0
| 183|0x00000007cb700000, 0x00000007cb700000, 0x00000007cb800000|  0%| F|  |TAMS 0x00000007cb700000| PB 0x00000007cb700000| Untracked |  0
| 184|0x00000007cb800000, 0x00000007cb800000, 0x00000007cb900000|  0%| F|  |TAMS 0x00000007cb800000| PB 0x00000007cb800000| Untracked |  0
| 185|0x00000007cb900000, 0x00000007cb900000, 0x00000007cba00000|  0%| F|  |TAMS 0x00000007cb900000| PB 0x00000007cb900000| Untracked |  0
| 186|0x00000007cba00000, 0x00000007cba00000, 0x00000007cbb00000|  0%| F|  |TAMS 0x00000007cba00000| PB 0x00000007cba00000| Untracked |  0
| 187|0x00000007cbb00000, 0x00000007cbb00000, 0x00000007cbc00000|  0%| F|  |TAMS 0x00000007cbb00000| PB 0x00000007cbb00000| Untracked |  0
| 188|0x00000007cbc00000, 0x00000007cbc00000, 0x00000007cbd00000|  0%| F|  |TAMS 0x00000007cbc00000| PB 0x00000007cbc00000| Untracked |  0
| 189|0x00000007cbd00000, 0x00000007cbd00000, 0x00000007cbe00000|  0%| F|  |TAMS 0x00000007cbd00000| PB 0x00000007cbd00000| Untracked |  0
| 190|0x00000007cbe00000, 0x00000007cbe00000, 0x00000007cbf00000|  0%| F|  |TAMS 0x00000007cbe00000| PB 0x00000007cbe00000| Untracked |  0
| 191|0x00000007cbf00000, 0x00000007cbf00000, 0x00000007cc000000|  0%| F|  |TAMS 0x00000007cbf00000| PB 0x00000007cbf00000| Untracked |  0
| 192|0x00000007cc000000, 0x00000007cc000000, 0x00000007cc100000|  0%| F|  |TAMS 0x00000007cc000000| PB 0x00000007cc000000| Untracked |  0
| 193|0x00000007cc100000, 0x00000007cc100000, 0x00000007cc200000|  0%| F|  |TAMS 0x00000007cc100000| PB 0x00000007cc100000| Untracked |  0
| 194|0x00000007cc200000, 0x00000007cc200000, 0x00000007cc300000|  0%| F|  |TAMS 0x00000007cc200000| PB 0x00000007cc200000| Untracked |  0
| 195|0x00000007cc300000, 0x00000007cc300000, 0x00000007cc400000|  0%| F|  |TAMS 0x00000007cc300000| PB 0x00000007cc300000| Untracked |  0
| 196|0x00000007cc400000, 0x00000007cc400000, 0x00000007cc500000|  0%| F|  |TAMS 0x00000007cc400000| PB 0x00000007cc400000| Untracked |  0
| 197|0x00000007cc500000, 0x00000007cc500000, 0x00000007cc600000|  0%| F|  |TAMS 0x00000007cc500000| PB 0x00000007cc500000| Untracked |  0
| 198|0x00000007cc600000, 0x00000007cc600000, 0x00000007cc700000|  0%| F|  |TAMS 0x00000007cc600000| PB 0x00000007cc600000| Untracked |  0
| 199|0x00000007cc700000, 0x00000007cc700000, 0x00000007cc800000|  0%| F|  |TAMS 0x00000007cc700000| PB 0x00000007cc700000| Untracked |  0
| 200|0x00000007cc800000, 0x00000007cc800000, 0x00000007cc900000|  0%| F|  |TAMS 0x00000007cc800000| PB 0x00000007cc800000| Untracked |  0
| 201|0x00000007cc900000, 0x00000007cc900000, 0x00000007cca00000|  0%| F|  |TAMS 0x00000007cc900000| PB 0x00000007cc900000| Untracked |  0
| 202|0x00000007cca00000, 0x00000007cca00000, 0x00000007ccb00000|  0%| F|  |TAMS 0x00000007cca00000| PB 0x00000007cca00000| Untracked |  0
| 203|0x00000007ccb00000, 0x00000007ccb00000, 0x00000007ccc00000|  0%| F|  |TAMS 0x00000007ccb00000| PB 0x00000007ccb00000| Untracked |  0
| 204|0x00000007ccc00000, 0x00000007ccc00000, 0x00000007ccd00000|  0%| F|  |TAMS 0x00000007ccc00000| PB 0x00000007ccc00000| Untracked |  0
| 205|0x00000007ccd00000, 0x00000007ccd00000, 0x00000007cce00000|  0%| F|  |TAMS 0x00000007ccd00000| PB 0x00000007ccd00000| Untracked |  0
| 206|0x00000007cce00000, 0x00000007cce00000, 0x00000007ccf00000|  0%| F|  |TAMS 0x00000007cce00000| PB 0x00000007cce00000| Untracked |  0
| 207|0x00000007ccf00000, 0x00000007ccf00000, 0x00000007cd000000|  0%| F|  |TAMS 0x00000007ccf00000| PB 0x00000007ccf00000| Untracked |  0
| 208|0x00000007cd000000, 0x00000007cd000000, 0x00000007cd100000|  0%| F|  |TAMS 0x00000007cd000000| PB 0x00000007cd000000| Untracked |  0
| 209|0x00000007cd100000, 0x00000007cd100000, 0x00000007cd200000|  0%| F|  |TAMS 0x00000007cd100000| PB 0x00000007cd100000| Untracked |  0
| 210|0x00000007cd200000, 0x00000007cd200000, 0x00000007cd300000|  0%| F|  |TAMS 0x00000007cd200000| PB 0x00000007cd200000| Untracked |  0
| 211|0x00000007cd300000, 0x00000007cd300000, 0x00000007cd400000|  0%| F|  |TAMS 0x00000007cd300000| PB 0x00000007cd300000| Untracked |  0
| 212|0x00000007cd400000, 0x00000007cd400000, 0x00000007cd500000|  0%| F|  |TAMS 0x00000007cd400000| PB 0x00000007cd400000| Untracked |  0
| 213|0x00000007cd500000, 0x00000007cd500000, 0x00000007cd600000|  0%| F|  |TAMS 0x00000007cd500000| PB 0x00000007cd500000| Untracked |  0
| 214|0x00000007cd600000, 0x00000007cd600000, 0x00000007cd700000|  0%| F|  |TAMS 0x00000007cd600000| PB 0x00000007cd600000| Untracked |  0
| 215|0x00000007cd700000, 0x00000007cd700000, 0x00000007cd800000|  0%| F|  |TAMS 0x00000007cd700000| PB 0x00000007cd700000| Untracked |  0
| 216|0x00000007cd800000, 0x00000007cd800000, 0x00000007cd900000|  0%| F|  |TAMS 0x00000007cd800000| PB 0x00000007cd800000| Untracked |  0
| 217|0x00000007cd900000, 0x00000007cd900000, 0x00000007cda00000|  0%| F|  |TAMS 0x00000007cd900000| PB 0x00000007cd900000| Untracked |  0
| 218|0x00000007cda00000, 0x00000007cda00000, 0x00000007cdb00000|  0%| F|  |TAMS 0x00000007cda00000| PB 0x00000007cda00000| Untracked |  0
| 219|0x00000007cdb00000, 0x00000007cdb00000, 0x00000007cdc00000|  0%| F|  |TAMS 0x00000007cdb00000| PB 0x00000007cdb00000| Untracked |  0
| 220|0x00000007cdc00000, 0x00000007cdc00000, 0x00000007cdd00000|  0%| F|  |TAMS 0x00000007cdc00000| PB 0x00000007cdc00000| Untracked |  0
| 221|0x00000007cdd00000, 0x00000007cdd00000, 0x00000007cde00000|  0%| F|  |TAMS 0x00000007cdd00000| PB 0x00000007cdd00000| Untracked |  0
| 222|0x00000007cde00000, 0x00000007cde00000, 0x00000007cdf00000|  0%| F|  |TAMS 0x00000007cde00000| PB 0x00000007cde00000| Untracked |  0
| 223|0x00000007cdf00000, 0x00000007cdf00000, 0x00000007ce000000|  0%| F|  |TAMS 0x00000007cdf00000| PB 0x00000007cdf00000| Untracked |  0
| 224|0x00000007ce000000, 0x00000007ce000000, 0x00000007ce100000|  0%| F|  |TAMS 0x00000007ce000000| PB 0x00000007ce000000| Untracked |  0
| 225|0x00000007ce100000, 0x00000007ce100000, 0x00000007ce200000|  0%| F|  |TAMS 0x00000007ce100000| PB 0x00000007ce100000| Untracked |  0
| 226|0x00000007ce200000, 0x00000007ce200000, 0x00000007ce300000|  0%| F|  |TAMS 0x00000007ce200000| PB 0x00000007ce200000| Untracked |  0
| 227|0x00000007ce300000, 0x00000007ce300000, 0x00000007ce400000|  0%| F|  |TAMS 0x00000007ce300000| PB 0x00000007ce300000| Untracked |  0
| 228|0x00000007ce400000, 0x00000007ce400000, 0x00000007ce500000|  0%| F|  |TAMS 0x00000007ce400000| PB 0x00000007ce400000| Untracked |  0
| 229|0x00000007ce500000, 0x00000007ce500000, 0x00000007ce600000|  0%| F|  |TAMS 0x00000007ce500000| PB 0x00000007ce500000| Untracked |  0
| 230|0x00000007ce600000, 0x00000007ce600000, 0x00000007ce700000|  0%| F|  |TAMS 0x00000007ce600000| PB 0x00000007ce600000| Untracked |  0
| 231|0x00000007ce700000, 0x00000007ce700000, 0x00000007ce800000|  0%| F|  |TAMS 0x00000007ce700000| PB 0x00000007ce700000| Untracked |  0
| 232|0x00000007ce800000, 0x00000007ce800000, 0x00000007ce900000|  0%| F|  |TAMS 0x00000007ce800000| PB 0x00000007ce800000| Untracked |  0
| 233|0x00000007ce900000, 0x00000007ce900000, 0x00000007cea00000|  0%| F|  |TAMS 0x00000007ce900000| PB 0x00000007ce900000| Untracked |  0
| 234|0x00000007cea00000, 0x00000007cea00000, 0x00000007ceb00000|  0%| F|  |TAMS 0x00000007cea00000| PB 0x00000007cea00000| Untracked |  0
| 235|0x00000007ceb00000, 0x00000007ceb00000, 0x00000007cec00000|  0%| F|  |TAMS 0x00000007ceb00000| PB 0x00000007ceb00000| Untracked |  0
| 236|0x00000007cec00000, 0x00000007cec00000, 0x00000007ced00000|  0%| F|  |TAMS 0x00000007cec00000| PB 0x00000007cec00000| Untracked |  0
| 237|0x00000007ced00000, 0x00000007ced00000, 0x00000007cee00000|  0%| F|  |TAMS 0x00000007ced00000| PB 0x00000007ced00000| Untracked |  0
| 238|0x00000007cee00000, 0x00000007cee00000, 0x00000007cef00000|  0%| F|  |TAMS 0x00000007cee00000| PB 0x00000007cee00000| Untracked |  0
| 239|0x00000007cef00000, 0x00000007cef00000, 0x00000007cf000000|  0%| F|  |TAMS 0x00000007cef00000| PB 0x00000007cef00000| Untracked |  0
| 240|0x00000007cf000000, 0x00000007cf000000, 0x00000007cf100000|  0%| F|  |TAMS 0x00000007cf000000| PB 0x00000007cf000000| Untracked |  0
| 241|0x00000007cf100000, 0x00000007cf100000, 0x00000007cf200000|  0%| F|  |TAMS 0x00000007cf100000| PB 0x00000007cf100000| Untracked |  0
| 242|0x00000007cf200000, 0x00000007cf200000, 0x00000007cf300000|  0%| F|  |TAMS 0x00000007cf200000| PB 0x00000007cf200000| Untracked |  0
| 243|0x00000007cf300000, 0x00000007cf300000, 0x00000007cf400000|  0%| F|  |TAMS 0x00000007cf300000| PB 0x00000007cf300000| Untracked |  0
| 244|0x00000007cf400000, 0x00000007cf400000, 0x00000007cf500000|  0%| F|  |TAMS 0x00000007cf400000| PB 0x00000007cf400000| Untracked |  0
| 245|0x00000007cf500000, 0x00000007cf500000, 0x00000007cf600000|  0%| F|  |TAMS 0x00000007cf500000| PB 0x00000007cf500000| Untracked |  0
| 246|0x00000007cf600000, 0x00000007cf600000, 0x00000007cf700000|  0%| F|  |TAMS 0x00000007cf600000| PB 0x00000007cf600000| Untracked |  0
| 247|0x00000007cf700000, 0x00000007cf700000, 0x00000007cf800000|  0%| F|  |TAMS 0x00000007cf700000| PB 0x00000007cf700000| Untracked |  0
| 248|0x00000007cf800000, 0x00000007cf800000, 0x00000007cf900000|  0%| F|  |TAMS 0x00000007cf800000| PB 0x00000007cf800000| Untracked |  0
| 249|0x00000007cf900000, 0x00000007cf900000, 0x00000007cfa00000|  0%| F|  |TAMS 0x00000007cf900000| PB 0x00000007cf900000| Untracked |  0
| 250|0x00000007cfa00000, 0x00000007cfa00000, 0x00000007cfb00000|  0%| F|  |TAMS 0x00000007cfa00000| PB 0x00000007cfa00000| Untracked |  0
| 251|0x00000007cfb00000, 0x00000007cfb00000, 0x00000007cfc00000|  0%| F|  |TAMS 0x00000007cfb00000| PB 0x00000007cfb00000| Untracked |  0
| 252|0x00000007cfc00000, 0x00000007cfc00000, 0x00000007cfd00000|  0%| F|  |TAMS 0x00000007cfc00000| PB 0x00000007cfc00000| Untracked |  0
| 253|0x00000007cfd00000, 0x00000007cfd00000, 0x00000007cfe00000|  0%| F|  |TAMS 0x00000007cfd00000| PB 0x00000007cfd00000| Untracked |  0
| 254|0x00000007cfe00000, 0x00000007cfe00000, 0x00000007cff00000|  0%| F|  |TAMS 0x00000007cfe00000| PB 0x00000007cfe00000| Untracked |  0
| 255|0x00000007cff00000, 0x00000007cff00000, 0x00000007d0000000|  0%| F|  |TAMS 0x00000007cff00000| PB 0x00000007cff00000| Untracked |  0
| 256|0x00000007d0000000, 0x00000007d0000000, 0x00000007d0100000|  0%| F|  |TAMS 0x00000007d0000000| PB 0x00000007d0000000| Untracked |  0
| 257|0x00000007d0100000, 0x00000007d0100000, 0x00000007d0200000|  0%| F|  |TAMS 0x00000007d0100000| PB 0x00000007d0100000| Untracked |  0
| 258|0x00000007d0200000, 0x00000007d0200000, 0x00000007d0300000|  0%| F|  |TAMS 0x00000007d0200000| PB 0x00000007d0200000| Untracked |  0
| 259|0x00000007d0300000, 0x00000007d0300000, 0x00000007d0400000|  0%| F|  |TAMS 0x00000007d0300000| PB 0x00000007d0300000| Untracked |  0
| 260|0x00000007d0400000, 0x00000007d0400000, 0x00000007d0500000|  0%| F|  |TAMS 0x00000007d0400000| PB 0x00000007d0400000| Untracked |  0
| 261|0x00000007d0500000, 0x00000007d0500000, 0x00000007d0600000|  0%| F|  |TAMS 0x00000007d0500000| PB 0x00000007d0500000| Untracked |  0
| 262|0x00000007d0600000, 0x00000007d0600000, 0x00000007d0700000|  0%| F|  |TAMS 0x00000007d0600000| PB 0x00000007d0600000| Untracked |  0
| 263|0x00000007d0700000, 0x00000007d0700000, 0x00000007d0800000|  0%| F|  |TAMS 0x00000007d0700000| PB 0x00000007d0700000| Untracked |  0
| 264|0x00000007d0800000, 0x00000007d0800000, 0x00000007d0900000|  0%| F|  |TAMS 0x00000007d0800000| PB 0x00000007d0800000| Untracked |  0
| 265|0x00000007d0900000, 0x00000007d0a00000, 0x00000007d0a00000|100%| E|  |TAMS 0x00000007d0900000| PB 0x00000007d0900000| Complete |  0
|1022|0x00000007ffe00000, 0x00000007fff00000, 0x00000007fff00000|100%| O|  |TAMS 0x00000007ffe00000| PB 0x00000007ffe00000| Untracked |  0

Card table byte_map: [0x0000000123b00000,0x0000000123d00000] _byte_map_base: 0x000000011fd00000

Marking Bits: (CMBitMap*) 0x0000000136a13210
 Bits: [0x0000000126800000, 0x0000000127800000)

Polling page: 0x0000000102d70000

Metaspace:
Metaspace        used 10272K, committed 10432K, reserved 1114112K
 class space     used 1661K, committed 1728K, reserved 1048576K

Usage:
  Non-class:      8.41 MB used.
      Class:      1.62 MB used.
       Both:     10.03 MB used.

Virtual space:
  Non-class space:       64.00 MB reserved,       8.50 MB ( 13%) committed,  1 nodes.
      Class space:        1.00 GB reserved,       1.69 MB ( <1%) committed,  1 nodes.
             Both:        1.06 GB reserved,      10.19 MB ( <1%) committed. 

Chunk freelists:
   Non-Class:  6.33 MB
       Class:  14.33 MB
        Both:  20.66 MB

MaxMetaspaceSize: unlimited
CompressedClassSpaceSize: 1.00 GB
Initial GC threshold: 21.00 MB
Current GC threshold: 21.00 MB
CDS: on
 - commit_granule_bytes: 65536.
 - commit_granule_words: 8192.
 - virtual_space_node_default_size: 8388608.
 - enlarge_chunks_in_place: 1.
UseCompressedClassPointers 1, UseCompactObjectHeaders 0
Narrow klass pointer bits 32, Max shift 3
Narrow klass base: 0x0000018000000000, Narrow klass shift: 0
Encoding Range: [0x0000018000000000 - 0x0000018100000000), (4294967296 bytes)
Klass Range:    [0x0000018000004000 - 0x0000018041000000), (1090502656 bytes)
Klass ID Range:  [16384 - 1090519033) (1090502649)
Protection zone: [0x0000018000000000 - 0x0000018000004000), (16384 bytes)


Internal statistics:

num_allocs_failed_limit: 0.
num_arena_births: 112.
num_arena_deaths: 0.
num_vsnodes_births: 2.
num_vsnodes_deaths: 0.
num_space_committed: 163.
num_space_uncommitted: 0.
num_chunks_returned_to_freelist: 0.
num_chunks_taken_from_freelist: 394.
num_chunk_merges: 0.
num_chunk_splits: 301.
num_chunks_enlarged: 246.
num_inconsistent_stats: 0.

CodeHeap 'non-profiled nmethods': size=120048Kb used=1195Kb max_used=1195Kb free=118852Kb
 bounds [0x00000003149e8000, 0x0000000314c58000, 0x000000031bf24000]
CodeHeap 'profiled nmethods': size=120016Kb used=2209Kb max_used=3320Kb free=117806Kb
 bounds [0x000000030cf24000, 0x000000030d274000, 0x0000000314458000]
CodeHeap 'non-nmethods': size=5696Kb used=1247Kb max_used=1481Kb free=4448Kb
 bounds [0x0000000314458000, 0x00000003146c8000, 0x00000003149e8000]
CodeCache: size=245760Kb, used=4651Kb, max_used=5996Kb, free=241106Kb
 total_blobs=2512, nmethods=2072, adapters=348, full_count=0
Compilation: enabled, stopped_count=0, restarted_count=0

Compilation events (20 events):
Event: 273.636 Thread 0x00000001461aac00 4307       3       scala.collection.mutable.StringBuilder::<init> (22 bytes)
Event: 273.636 Thread 0x00000001461aac00 nmethod 4307 0x000000030d0076c8 code [0x000000030d0077c0, 0x000000030d007d88]
Event: 273.638 Thread 0x00000001461aac00 4308       3       scala.collection.immutable.Vector::dropRight (38 bytes)
Event: 273.638 Thread 0x00000001461aac00 nmethod 4308 0x000000030cf3c988 code [0x000000030cf3ca80, 0x000000030cf3cfc8]
Event: 273.639 Thread 0x00000001461aac00 4309 %     3       java.util.regex.Pattern::compile @ 73 (537 bytes)
Event: 273.640 Thread 0x00000001461aac00 nmethod 4309% 0x000000030cfe3dc8 code [0x000000030cfe3ec0, 0x000000030cfe6e68]
Event: 610.965 Thread 0x00000001461aa200 4310       4       java.lang.ref.ReferenceQueue::poll0 (65 bytes)
Event: 610.968 Thread 0x00000001461aa200 nmethod 4310 0x0000000314a39c88 code [0x0000000314a39d80, 0x0000000314a3a160]
Event: 1347.216 Thread 0x00000001461aa200 4312   !   4       java.lang.ref.ReferenceQueue::remove (49 bytes)
Event: 1347.250 Thread 0x00000001461aa200 nmethod 4312 0x0000000314aae188 code [0x0000000314aae280, 0x0000000314aaed00]
Event: 1347.250 Thread 0x00000001461aa200 4313       4       java.lang.ref.ReferenceQueue::remove0 (67 bytes)
Event: 1347.252 Thread 0x00000001461aa200 nmethod 4313 0x0000000314ab3648 code [0x0000000314ab3740, 0x0000000314ab3fd0]
Event: 12297.425 Thread 0x00000001461aac00 4314  s    3       jdk.internal.ref.CleanerImpl$CleanableList::isEmpty (16 bytes)
Event: 12297.451 Thread 0x00000001461aac00 nmethod 4314 0x000000030cf71748 code [0x000000030cf71840, 0x000000030cf71af8]
Event: 12297.452 Thread 0x00000001461aac00 4315       3       jdk.internal.misc.InnocuousThread::eraseThreadLocals (23 bytes)
Event: 12297.462 Thread 0x00000001461aac00 nmethod 4315 0x000000030d016048 code [0x000000030d016140, 0x000000030d016310]
Event: 15398.223 Thread 0x00000001461aac00 4316 % !   3       org.jpype.ref.JPypeReferenceQueue$Worker::run @ 0 (120 bytes)
Event: 15398.247 Thread 0x00000001461aac00 nmethod 4316% 0x000000030d024f08 code [0x000000030d025000, 0x000000030d025980]
Event: 15658.124 Thread 0x00000001461aac00 4317   !   3       org.jpype.ref.JPypeReferenceQueue$Worker::run (120 bytes)
Event: 15658.142 Thread 0x00000001461aac00 nmethod 4317 0x000000030d185248 code [0x000000030d185340, 0x000000030d185c50]

GC Heap Usage History (20 events):
Event: 56.472 {heap Before GC invocations=38 (full 16):
 garbage-first heap   total reserved 1048576K, committed 126976K, used 112216K [0x00000007c0000000, 0x0000000800000000)
  region size 1024K, 45 young (46080K), 6 survivors (6144K)
}
Event: 56.479 {heap After GC invocations=39 (full 16):
 garbage-first heap   total reserved 1048576K, committed 126976K, used 77400K [0x00000007c0000000, 0x0000000800000000)
  region size 1024K, 6 young (6144K), 6 survivors (6144K)
}
Event: 56.500 {heap Before GC invocations=40 (full 16):
 garbage-first heap   total reserved 1048576K, committed 132096K, used 113240K [0x00000007c0000000, 0x0000000800000000)
  region size 1024K, 41 young (41984K), 6 survivors (6144K)
}
Event: 56.505 {heap After GC invocations=41 (full 16):
 garbage-first heap   total reserved 1048576K, committed 132096K, used 82008K [0x00000007c0000000, 0x0000000800000000)
  region size 1024K, 5 young (5120K), 5 survivors (5120K)
}
Event: 56.523 {heap Before GC invocations=41 (full 16):
 garbage-first heap   total reserved 1048576K, committed 132096K, used 118872K [0x00000007c0000000, 0x0000000800000000)
  region size 1024K, 41 young (41984K), 5 survivors (5120K)
}
Event: 56.529 {heap After GC invocations=42 (full 16):
 garbage-first heap   total reserved 1048576K, committed 396288K, used 86735K [0x00000007c0000000, 0x0000000800000000)
  region size 1024K, 5 young (5120K), 5 survivors (5120K)
}
Event: 57.086 {heap Before GC invocations=42 (full 16):
 garbage-first heap   total reserved 1048576K, committed 396288K, used 319183K [0x00000007c0000000, 0x0000000800000000)
  region size 1024K, 232 young (237568K), 5 survivors (5120K)
}
Event: 57.090 {heap After GC invocations=43 (full 16):
 garbage-first heap   total reserved 1048576K, committed 396288K, used 93587K [0x00000007c0000000, 0x0000000800000000)
  region size 1024K, 12 young (12288K), 12 survivors (12288K)
}
Event: 57.275 {heap Before GC invocations=43 (full 16):
 garbage-first heap   total reserved 1048576K, committed 396288K, used 93587K [0x00000007c0000000, 0x0000000800000000)
  region size 1024K, 13 young (13312K), 12 survivors (12288K)
}
Event: 57.336 {heap After GC invocations=44 (full 17):
 garbage-first heap   total reserved 1048576K, committed 280576K, used 79891K [0x00000007c0000000, 0x0000000800000000)
  region size 1024K, 0 young (0K), 0 survivors (0K)
}
Event: 57.621 {heap Before GC invocations=44 (full 17):
 garbage-first heap   total reserved 1048576K, committed 280576K, used 231443K [0x00000007c0000000, 0x0000000800000000)
  region size 1024K, 148 young (151552K), 0 survivors (0K)
}
Event: 57.621 {heap After GC invocations=45 (full 17):
 garbage-first heap   total reserved 1048576K, committed 280576K, used 81729K [0x00000007c0000000, 0x0000000800000000)
  region size 1024K, 2 young (2048K), 2 survivors (2048K)
}
Event: 272.909 {heap Before GC invocations=45 (full 17):
 garbage-first heap   total reserved 1048576K, committed 280576K, used 243521K [0x00000007c0000000, 0x0000000800000000)
  region size 1024K, 160 young (163840K), 2 survivors (2048K)
}
Event: 272.910 {heap After GC invocations=46 (full 17):
 garbage-first heap   total reserved 1048576K, committed 280576K, used 80368K [0x00000007c0000000, 0x0000000800000000)
  region size 1024K, 1 young (1024K), 1 survivors (1024K)
}
Event: 273.175 {heap Before GC invocations=46 (full 17):
 garbage-first heap   total reserved 1048576K, committed 280576K, used 80368K [0x00000007c0000000, 0x0000000800000000)
  region size 1024K, 2 young (2048K), 1 survivors (1024K)
}
Event: 273.203 {heap After GC invocations=47 (full 18):
 garbage-first heap   total reserved 1048576K, committed 276480K, used 79902K [0x00000007c0000000, 0x0000000800000000)
  region size 1024K, 0 young (0K), 0 survivors (0K)
}
Event: 273.363 {heap Before GC invocations=47 (full 18):
 garbage-first heap   total reserved 1048576K, committed 276480K, used 80926K [0x00000007c0000000, 0x0000000800000000)
  region size 1024K, 2 young (2048K), 0 survivors (0K)
}
Event: 273.384 {heap After GC invocations=48 (full 19):
 garbage-first heap   total reserved 1048576K, committed 273408K, used 79900K [0x00000007c0000000, 0x0000000800000000)
  region size 1024K, 0 young (0K), 0 survivors (0K)
}
Event: 292.234 {heap Before GC invocations=48 (full 19):
 garbage-first heap   total reserved 1048576K, committed 273408K, used 179228K [0x00000007c0000000, 0x0000000800000000)
  region size 1024K, 98 young (100352K), 0 survivors (0K)
}
Event: 292.254 {heap After GC invocations=49 (full 20):
 garbage-first heap   total reserved 1048576K, committed 273408K, used 79904K [0x00000007c0000000, 0x0000000800000000)
  region size 1024K, 0 young (0K), 0 survivors (0K)
}

Metaspace Usage History (20 events):
Event: 56.472 {metaspace Before GC invocations=38 (full 16):
 Metaspace       used 9875K, committed 10048K, reserved 1114112K
  class space    used 1642K, committed 1728K, reserved 1048576K
}
Event: 56.479 {metaspace After GC invocations=39 (full 16):
 Metaspace       used 9875K, committed 10048K, reserved 1114112K
  class space    used 1642K, committed 1728K, reserved 1048576K
}
Event: 56.500 {metaspace Before GC invocations=40 (full 16):
 Metaspace       used 9875K, committed 10048K, reserved 1114112K
  class space    used 1642K, committed 1728K, reserved 1048576K
}
Event: 56.505 {metaspace After GC invocations=41 (full 16):
 Metaspace       used 9875K, committed 10048K, reserved 1114112K
  class space    used 1642K, committed 1728K, reserved 1048576K
}
Event: 56.523 {metaspace Before GC invocations=41 (full 16):
 Metaspace       used 9875K, committed 10048K, reserved 1114112K
  class space    used 1642K, committed 1728K, reserved 1048576K
}
Event: 56.529 {metaspace After GC invocations=42 (full 16):
 Metaspace       used 9875K, committed 10048K, reserved 1114112K
  class space    used 1642K, committed 1728K, reserved 1048576K
}
Event: 57.086 {metaspace Before GC invocations=42 (full 16):
 Metaspace       used 10249K, committed 10432K, reserved 1114112K
  class space    used 1660K, committed 1728K, reserved 1048576K
}
Event: 57.090 {metaspace After GC invocations=43 (full 16):
 Metaspace       used 10249K, committed 10432K, reserved 1114112K
  class space    used 1660K, committed 1728K, reserved 1048576K
}
Event: 57.275 {metaspace Before GC invocations=43 (full 16):
 Metaspace       used 10249K, committed 10432K, reserved 1114112K
  class space    used 1660K, committed 1728K, reserved 1048576K
}
Event: 57.336 {metaspace After GC invocations=44 (full 17):
 Metaspace       used 10249K, committed 10432K, reserved 1114112K
  class space    used 1660K, committed 1728K, reserved 1048576K
}
Event: 57.621 {metaspace Before GC invocations=44 (full 17):
 Metaspace       used 10264K, committed 10432K, reserved 1114112K
  class space    used 1660K, committed 1728K, reserved 1048576K
}
Event: 57.621 {metaspace After GC invocations=45 (full 17):
 Metaspace       used 10264K, committed 10432K, reserved 1114112K
  class space    used 1660K, committed 1728K, reserved 1048576K
}
Event: 272.909 {metaspace Before GC invocations=45 (full 17):
 Metaspace       used 10265K, committed 10432K, reserved 1114112K
  class space    used 1660K, committed 1728K, reserved 1048576K
}
Event: 272.910 {metaspace After GC invocations=46 (full 17):
 Metaspace       used 10265K, committed 10432K, reserved 1114112K
  class space    used 1660K, committed 1728K, reserved 1048576K
}
Event: 273.175 {metaspace Before GC invocations=46 (full 17):
 Metaspace       used 10265K, committed 10432K, reserved 1114112K
  class space    used 1660K, committed 1728K, reserved 1048576K
}
Event: 273.203 {metaspace After GC invocations=47 (full 18):
 Metaspace       used 10265K, committed 10432K, reserved 1114112K
  class space    used 1660K, committed 1728K, reserved 1048576K
}
Event: 273.363 {metaspace Before GC invocations=47 (full 18):
 Metaspace       used 10265K, committed 10432K, reserved 1114112K
  class space    used 1660K, committed 1728K, reserved 1048576K
}
Event: 273.384 {metaspace After GC invocations=48 (full 19):
 Metaspace       used 10265K, committed 10432K, reserved 1114112K
  class space    used 1660K, committed 1728K, reserved 1048576K
}
Event: 292.234 {metaspace Before GC invocations=48 (full 19):
 Metaspace       used 10268K, committed 10432K, reserved 1114112K
  class space    used 1660K, committed 1728K, reserved 1048576K
}
Event: 292.254 {metaspace After GC invocations=49 (full 20):
 Metaspace       used 10268K, committed 10432K, reserved 1114112K
  class space    used 1660K, committed 1728K, reserved 1048576K
}

Dll operation events (6 events):
Event: 0.008 Loaded shared library /Library/Java/JavaVirtualMachines/temurin-25.jdk/Contents/Home/lib/libjava.dylib
Event: 0.037 Loaded shared library /Library/Java/JavaVirtualMachines/temurin-25.jdk/Contents/Home/lib/libnio.dylib
Event: 0.042 Loaded shared library /Library/Java/JavaVirtualMachines/temurin-25.jdk/Contents/Home/lib/libzip.dylib
Event: 0.073 Loaded shared library /Users/anniewang/Desktop/MLLM-interpretability/MLLM-interpretability/.venv/lib/python3.12/site-packages/_jpype.cpython-312-darwin.so
Event: 0.092 Loaded shared library /Library/Java/JavaVirtualMachines/temurin-25.jdk/Contents/Home/lib/libjimage.dylib
Event: 0.329 Loaded shared library /Library/Java/JavaVirtualMachines/temurin-25.jdk/Contents/Home/lib/libverify.dylib

Deoptimization events (20 events):
Event: 57.782 Thread 0x00000001360dd200 DEOPT PACKING pc=0x0000000314ab28dc sp=0x000000016d990990
Event: 57.782 Thread 0x00000001360dd200 DEOPT UNPACKING pc=0x000000031456db5c sp=0x000000016d990960 mode 2
Event: 57.785 Thread 0x00000001360dd200 Uncommon trap: trap_request=0xffffffde fr.pc=0x0000000314abe590 relative=0x0000000000000190
Event: 57.785 Thread 0x00000001360dd200 Uncommon trap: reason=class_check action=maybe_recompile pc=0x0000000314abe590 method=scala.collection.immutable.HashMap$HashTrieMap.get0(Ljava/lang/Object;II)Lscala/Option; @ 28 c2
Event: 57.785 Thread 0x00000001360dd200 DEOPT PACKING pc=0x0000000314abe590 sp=0x000000016d990b70
Event: 57.785 Thread 0x00000001360dd200 DEOPT UNPACKING pc=0x000000031456db5c sp=0x000000016d990ad0 mode 2
Event: 57.786 Thread 0x00000001360dd200 Uncommon trap: trap_request=0xffffffde fr.pc=0x0000000314abe590 relative=0x0000000000000190
Event: 57.786 Thread 0x00000001360dd200 Uncommon trap: reason=class_check action=maybe_recompile pc=0x0000000314abe590 method=scala.collection.immutable.HashMap$HashTrieMap.get0(Ljava/lang/Object;II)Lscala/Option; @ 28 c2
Event: 57.786 Thread 0x00000001360dd200 DEOPT PACKING pc=0x0000000314abe590 sp=0x000000016d990b70
Event: 57.786 Thread 0x00000001360dd200 DEOPT UNPACKING pc=0x000000031456db5c sp=0x000000016d990ad0 mode 2
Event: 57.798 Thread 0x00000001360dd200 DEOPT PACKING pc=0x000000030d22caa8 sp=0x000000016d990250
Event: 57.798 Thread 0x00000001360dd200 DEOPT UNPACKING pc=0x00000003144950bc sp=0x000000016d98fec0 mode 0
Event: 272.864 Thread 0x00000001360dd200 Uncommon trap: trap_request=0xffffff6e fr.pc=0x0000000314b02034 relative=0x00000000000002b4
Event: 272.864 Thread 0x00000001360dd200 Uncommon trap: reason=predicate action=maybe_recompile pc=0x0000000314b02034 method=java.util.regex.Pattern$SliceI.match(Ljava/util/regex/Matcher;ILjava/lang/CharSequence;)Z @ 18 c2
Event: 272.864 Thread 0x00000001360dd200 DEOPT PACKING pc=0x0000000314b02034 sp=0x000000016d9907e0
Event: 272.864 Thread 0x00000001360dd200 DEOPT UNPACKING pc=0x000000031456db5c sp=0x000000016d990750 mode 2
Event: 273.627 Thread 0x00000001360dd200 Uncommon trap: trap_request=0xffffffde fr.pc=0x0000000314abe590 relative=0x0000000000000190
Event: 273.627 Thread 0x00000001360dd200 Uncommon trap: reason=class_check action=maybe_recompile pc=0x0000000314abe590 method=scala.collection.immutable.HashMap$HashTrieMap.get0(Ljava/lang/Object;II)Lscala/Option; @ 28 c2
Event: 273.627 Thread 0x00000001360dd200 DEOPT PACKING pc=0x0000000314abe590 sp=0x000000016d990d70
Event: 273.627 Thread 0x00000001360dd200 DEOPT UNPACKING pc=0x000000031456db5c sp=0x000000016d990cd0 mode 2

Classes loaded (20 events):
Event: 0.806 Loading class java/io/SequenceInputStream
Event: 0.806 Loading class java/io/SequenceInputStream done
Event: 0.806 Loading class java/util/zip/GZIPInputStream$1
Event: 0.806 Loading class java/util/zip/GZIPInputStream$1 done
Event: 0.806 Loading class java/io/EOFException
Event: 0.806 Loading class java/io/EOFException done
Event: 0.830 Loading class java/lang/SafeVarargs
Event: 0.830 Loading class java/lang/SafeVarargs done
Event: 0.831 Loading class java/util/AbstractList$Itr
Event: 0.831 Loading class java/util/AbstractList$Itr done
Event: 0.831 Loading class java/util/AbstractList$ListItr
Event: 0.831 Loading class java/util/AbstractList$ListItr done
Event: 0.831 Loading class java/util/AbstractList$RandomAccessSubList
Event: 0.831 Loading class java/util/AbstractList$SubList
Event: 0.831 Loading class java/util/AbstractList$SubList done
Event: 0.831 Loading class java/util/AbstractList$RandomAccessSubList done
Event: 0.831 Loading class java/util/ArrayList$ListItr
Event: 0.831 Loading class java/util/ArrayList$ListItr done
Event: 16001.904 Loading class jdk/internal/misc/Signal$1
Event: 16001.917 Loading class jdk/internal/misc/Signal$1 done

Classes unloaded (0 events):
No events

Classes redefined (0 events):
No events

Internal exceptions (20 events):
Event: 0.084 Thread 0x00000001360dd200 Exception <a 'java/lang/NoSuchMethodError'{0x00000007d1c89cd0}: 'int java.lang.invoke.Invokers$Holder.invokeExact_MT(java.lang.Object, java.lang.Object, java.lang.Object)'> (0x00000007d1c89cd0) 
thrown [src/hotspot/share/interpreter/linkResolver.cpp, line 804]
Event: 0.095 Thread 0x00000001360dd200 Exception <a 'java/lang/NoSuchMethodError'{0x00000007d1b3fb00}: 'java.lang.Object java.lang.invoke.DirectMethodHandle$Holder.invokeStaticInit(java.lang.Object)'> (0x00000007d1b3fb00) 
thrown [src/hotspot/share/interpreter/linkResolver.cpp, line 804]
Event: 0.104 Thread 0x00000001360dd200 Exception <a 'java/lang/IncompatibleClassChangeError'{0x00000007d1bcd6f8}: Found class java.lang.Object, but interface was expected> (0x00000007d1bcd6f8) 
thrown [src/hotspot/share/interpreter/linkResolver.cpp, line 871]
Event: 0.316 Thread 0x00000001360dd200 Exception <a 'java/lang/NoSuchMethodError'{0x00000007c11b40b0}: 'java.lang.Object java.lang.invoke.DirectMethodHandle$Holder.invokeStaticInit(java.lang.Object, java.lang.Object, java.lang.Object)'> (0x00000007c11b40b0) 
thrown [src/hotspot/share/interpreter/linkResolver.cpp, line 804]
Event: 0.349 Thread 0x00000001360dd200 Exception <a 'java/lang/NoSuchMethodError'{0x00000007c1969e08}: 'java.lang.Object java.lang.invoke.DirectMethodHandle$Holder.invokeStatic(java.lang.Object, java.lang.Object, int, java.lang.Object, java.lang.Object)'> (0x00000007c1969e08) 
thrown [src/hotspot/share/interpreter/linkResolver.cpp, line 804]
Event: 0.350 Thread 0x00000001360dd200 Exception <a 'java/lang/NoSuchMethodError'{0x00000007c1989150}: 'java.lang.Object java.lang.invoke.DirectMethodHandle$Holder.newInvokeSpecial(java.lang.Object, java.lang.Object, int, java.lang.Object)'> (0x00000007c1989150) 
thrown [src/hotspot/share/interpreter/linkResolver.cpp, line 804]
Event: 0.350 Thread 0x00000001360dd200 Exception <a 'java/lang/NoSuchMethodError'{0x00000007c1991ad8}: 'java.lang.Object java.lang.invoke.Invokers$Holder.linkToTargetMethod(java.lang.Object, int, java.lang.Object, java.lang.Object)'> (0x00000007c1991ad8) 
thrown [src/hotspot/share/interpreter/linkResolver.cpp, line 804]
Event: 0.357 Thread 0x00000001360dd200 Exception <a 'java/lang/NoSuchMethodError'{0x00000007c1833c48}: 'java.lang.Object java.lang.invoke.DirectMethodHandle$Holder.invokeStaticInit(java.lang.Object, java.lang.Object, java.lang.Object, java.lang.Object)'> (0x00000007c1833c48) 
thrown [src/hotspot/share/interpreter/linkResolver.cpp, line 804]
Event: 0.434 Thread 0x00000001360dd200 Exception <a 'java/lang/NoSuchMethodError'{0x00000007c1bca750}: 'java.lang.Object java.lang.invoke.DirectMethodHandle$Holder.invokeStatic(java.lang.Object, java.lang.Object, int, java.lang.Object)'> (0x00000007c1bca750) 
thrown [src/hotspot/share/interpreter/linkResolver.cpp, line 804]
Event: 0.435 Thread 0x00000001360dd200 Exception <a 'java/lang/NoSuchMethodError'{0x00000007c1bdc3c0}: 'java.lang.Object java.lang.invoke.DirectMethodHandle$Holder.newInvokeSpecial(java.lang.Object, java.lang.Object, int)'> (0x00000007c1bdc3c0) 
thrown [src/hotspot/share/interpreter/linkResolver.cpp, line 804]
Event: 0.436 Thread 0x00000001360dd200 Exception <a 'java/lang/NoSuchMethodError'{0x00000007c1a12720}: 'java.lang.Object java.lang.invoke.DirectMethodHandle$Holder.invokeStatic(java.lang.Object, int, java.lang.Object)'> (0x00000007c1a12720) 
thrown [src/hotspot/share/interpreter/linkResolver.cpp, line 804]
Event: 0.748 Thread 0x00000001360dd200 Exception <a 'java/lang/NoSuchMethodError'{0x00000007cae0b298}: 'java.lang.Object java.lang.invoke.DirectMethodHandle$Holder.newInvokeSpecial(java.lang.Object, java.lang.Object, java.lang.Object, java.lang.Object, java.lang.Object, int)'> (0x00000007cae0b298) 
thrown [src/hotspot/share/interpreter/linkResolver.cpp, line 804]
Event: 0.748 Thread 0x00000001360dd200 Exception <a 'java/lang/NoSuchMethodError'{0x00000007cae13ea8}: 'java.lang.Object java.lang.invoke.DirectMethodHandle$Holder.invokeSpecial(java.lang.Object, java.lang.Object, java.lang.Object, java.lang.Object, java.lang.Object, java.lang.Object, int)'> (0x00000007cae13ea8) 
thrown [src/hotspot/share/interpreter/linkResolver.cpp, line 804]
Event: 0.758 Thread 0x00000001360dd200 Exception <a 'java/lang/NoSuchMethodError'{0x00000007caed5468}: 'java.lang.Object java.lang.invoke.DirectMethodHandle$Holder.newInvokeSpecial(java.lang.Object, java.lang.Object, java.lang.Object, java.lang.Object, int, java.lang.Object)'> (0x00000007caed5468) 
thrown [src/hotspot/share/interpreter/linkResolver.cpp, line 804]
Event: 0.758 Thread 0x00000001360dd200 Exception <a 'java/lang/NoSuchMethodError'{0x00000007caedde90}: 'java.lang.Object java.lang.invoke.DirectMethodHandle$Holder.invokeSpecial(java.lang.Object, java.lang.Object, java.lang.Object, java.lang.Object, java.lang.Object, int, java.lang.Object)'> (0x00000007caedde90) 
thrown [src/hotspot/share/interpreter/linkResolver.cpp, line 804]
Event: 0.765 Thread 0x00000001360dd200 Exception <a 'java/lang/NoSuchMethodError'{0x00000007cad6a6b0}: 'java.lang.Object java.lang.invoke.Invokers$Holder.invoke_MT(java.lang.Object, java.lang.Object, java.lang.Object, java.lang.Object, java.lang.Object, java.lang.Object)'> (0x00000007cad6a6b0) 
thrown [src/hotspot/share/interpreter/linkResolver.cpp, line 804]
Event: 0.766 Thread 0x00000001360dd200 Exception <a 'java/lang/NoSuchMethodError'{0x00000007cad7bc58}: 'java.lang.Object java.lang.invoke.Invokers$Holder.invoker(java.lang.Object, java.lang.Object, java.lang.Object)'> (0x00000007cad7bc58) 
thrown [src/hotspot/share/interpreter/linkResolver.cpp, line 804]
Event: 0.766 Thread 0x00000001360dd200 Exception <a 'java/lang/NoSuchMethodError'{0x00000007cad88870}: 'java.lang.Object java.lang.invoke.DirectMethodHandle$Holder.invokeStatic(java.lang.Object, java.lang.Object, int)'> (0x00000007cad88870) 
thrown [src/hotspot/share/interpreter/linkResolver.cpp, line 804]
Event: 0.767 Thread 0x00000001360dd200 Exception <a 'java/lang/NoSuchMethodError'{0x00000007cada0ec0}: 'void java.lang.invoke.DelegatingMethodHandle$Holder.delegate(java.lang.Object, java.lang.Object, int, java.lang.Object)'> (0x00000007cada0ec0) 
thrown [src/hotspot/share/interpreter/linkResolver.cpp, line 804]
Event: 0.828 Thread 0x00000001360dd200 Exception <a 'java/lang/NoSuchMethodError'{0x00000007c4c67b98}: 'int java.lang.invoke.DirectMethodHandle$Holder.invokeVirtual(java.lang.Object, java.lang.Object)'> (0x00000007c4c67b98) 
thrown [src/hotspot/share/interpreter/linkResolver.cpp, line 804]

VM Operations (20 events):
Event: 56.523 Executing safepoint VM operation: G1CollectForAllocation (G1 Evacuation Pause)
Event: 56.529 Executing safepoint VM operation: G1CollectForAllocation (G1 Evacuation Pause) done
Event: 57.086 Executing safepoint VM operation: G1CollectForAllocation (G1 Evacuation Pause)
Event: 57.090 Executing safepoint VM operation: G1CollectForAllocation (G1 Evacuation Pause) done
Event: 57.275 Executing safepoint VM operation: G1CollectFull (System.gc())
Event: 57.336 Executing safepoint VM operation: G1CollectFull (System.gc()) done
Event: 57.621 Executing safepoint VM operation: G1CollectForAllocation (G1 Evacuation Pause)
Event: 57.621 Executing safepoint VM operation: G1CollectForAllocation (G1 Evacuation Pause) done
Event: 60.231 Executing non-safepoint VM operation: HandshakeAllThreads (HandshakeForDeflation)
Event: 60.231 Executing non-safepoint VM operation: HandshakeAllThreads (HandshakeForDeflation) done
Event: 60.231 Executing non-safepoint VM operation: RendezvousGCThreads
Event: 60.231 Executing non-safepoint VM operation: RendezvousGCThreads done
Event: 272.909 Executing safepoint VM operation: G1CollectForAllocation (G1 Evacuation Pause)
Event: 272.910 Executing safepoint VM operation: G1CollectForAllocation (G1 Evacuation Pause) done
Event: 273.175 Executing safepoint VM operation: G1CollectFull (System.gc())
Event: 273.203 Executing safepoint VM operation: G1CollectFull (System.gc()) done
Event: 273.363 Executing safepoint VM operation: G1CollectFull (System.gc())
Event: 273.384 Executing safepoint VM operation: G1CollectFull (System.gc()) done
Event: 292.234 Executing safepoint VM operation: G1CollectFull (System.gc())
Event: 292.254 Executing safepoint VM operation: G1CollectFull (System.gc()) done

Memory protections (15 events):
Event: 0.006 Protecting memory [0x000000016c994000,0x000000016c9a0000] with protection modes 0
Event: 0.018 Protecting memory [0x0000018000000000,0x0000018000004000] with protection modes 0
Event: 0.029 Protecting memory [0x000000017e544000,0x000000017e550000] with protection modes 0
Event: 0.029 Protecting memory [0x000000017e750000,0x000000017e75c000] with protection modes 0
Event: 0.029 Protecting memory [0x000000017e95c000,0x000000017e968000] with protection modes 0
Event: 0.029 Protecting memory [0x000000017eb68000,0x000000017eb74000] with protection modes 0
Event: 0.029 Protecting memory [0x000000017ed74000,0x000000017ed80000] with protection modes 0
Event: 0.029 Protecting memory [0x000000017ef80000,0x000000017ef8c000] with protection modes 0
Event: 0.029 Protecting memory [0x000000017f18c000,0x000000017f198000] with protection modes 0
Event: 0.032 Protecting memory [0x000000017f398000,0x000000017f3a4000] with protection modes 0
Event: 0.034 Protecting memory [0x000000017f5a4000,0x000000017f5b0000] with protection modes 0
Event: 0.083 Protecting memory [0x00000001030bc000,0x00000001030c0000] with protection modes 1
Event: 0.087 Protecting memory [0x000000017f7b0000,0x000000017f7bc000] with protection modes 0
Event: 258.444 Protecting memory [0x0000000377210000,0x000000037721c000] with protection modes 0
Event: 16001.941 Protecting memory [0x000000034dc04000,0x000000034dc10000] with protection modes 0

Nmethod flushes (20 events):
Event: 273.375 Thread 0x0000000146199000 flushing  nmethod 0x000000030d15b148
Event: 273.375 Thread 0x0000000146199000 flushing  nmethod 0x000000030d15fe08
Event: 273.375 Thread 0x0000000146199000 flushing  nmethod 0x000000030d17d7c8
Event: 273.375 Thread 0x0000000146199000 flushing  nmethod 0x000000030d17ef48
Event: 273.375 Thread 0x0000000146199000 flushing  nmethod 0x000000030d1804c8
Event: 273.375 Thread 0x0000000146199000 flushing  nmethod 0x000000030d1a5308
Event: 273.375 Thread 0x0000000146199000 flushing  nmethod 0x000000030d1ab5c8
Event: 273.375 Thread 0x0000000146199000 flushing  nmethod 0x000000030d1ac548
Event: 273.375 Thread 0x0000000146199000 flushing  nmethod 0x000000030d1ac8c8
Event: 273.375 Thread 0x0000000146199000 flushing  nmethod 0x000000030d1d1b88
Event: 273.375 Thread 0x0000000146199000 flushing  nmethod 0x000000030d1d2ec8
Event: 273.375 Thread 0x0000000146199000 flushing  nmethod 0x000000030d2118c8
Event: 273.375 Thread 0x0000000146199000 flushing  nmethod 0x000000030cf3a6c8
Event: 273.375 Thread 0x0000000146199000 flushing  nmethod 0x000000030cf3adc8
Event: 273.375 Thread 0x0000000146199000 flushing  nmethod 0x000000030d00a348
Event: 273.375 Thread 0x0000000146199000 flushing  nmethod 0x000000030d012748
Event: 273.375 Thread 0x0000000146199000 flushing  nmethod 0x000000030d012988
Event: 292.247 Thread 0x0000000146199000 flushing  nmethod 0x000000030d22d048
Event: 292.247 Thread 0x0000000146199000 flushing  nmethod 0x000000030d051b08
Event: 292.247 Thread 0x0000000146199000 flushing  nmethod 0x000000030d053488

Events (13 events):
Event: 0.020 Thread 0x00000001360dd200 Thread added: 0x00000001360dd200
Event: 0.029 Thread 0x00000001360dd200 Thread added: 0x000000014619ce00
Event: 0.029 Thread 0x00000001360dd200 Thread added: 0x000000014619d600
Event: 0.029 Thread 0x00000001360dd200 Thread added: 0x00000001461a8a00
Event: 0.029 Thread 0x00000001360dd200 Thread added: 0x00000001461a9200
Event: 0.029 Thread 0x00000001360dd200 Thread added: 0x00000001461a9a00
Event: 0.029 Thread 0x00000001360dd200 Thread added: 0x00000001461aa200
Event: 0.029 Thread 0x00000001360dd200 Thread added: 0x00000001461aac00
Event: 0.032 Thread 0x00000001360dd200 Thread added: 0x00000001360e1000
Event: 0.034 Thread 0x00000001360dd200 Thread added: 0x00000001360dfa00
Event: 0.087 Thread 0x00000001360dd200 Thread added: 0x0000000126149000
Event: 258.444 Thread 0x000000035411f600 Thread added: 0x000000035411f600
Event: 16001.940 Thread 0x00000001461a8a00 Thread added: 0x00000001369e1800


Dynamic libraries:
0x000000010382c000 	/Library/Frameworks/Python.framework/Versions/3.12/Python
0x000000019fbce000 	/System/Library/Frameworks/CoreFoundation.framework/Versions/A/CoreFoundation
0x000000019f764000 	/usr/lib/libobjc.A.dylib
0x00000001a3962000 	/System/Library/PrivateFrameworks/CoreServicesInternal.framework/Versions/A/CoreServicesInternal
0x00000001a11bf000 	/System/Library/Frameworks/Foundation.framework/Versions/C/Foundation
0x00000001add88000 	/usr/lib/liboah.dylib
0x00000001addbd000 	/usr/lib/libfakelink.dylib
0x00000001a3398000 	/usr/lib/libicucore.A.dylib
0x00000001addbb000 	/usr/lib/libSystem.B.dylib
0x00000001addc0000 	/System/Library/PrivateFrameworks/SoftLinking.framework/Versions/A/SoftLinking
0x00000001b12fc000 	/usr/lib/swift/libswiftCore.dylib
0x000000019faff000 	/usr/lib/libc++abi.dylib
0x000000028729c000 	/usr/lib/libRosetta.dylib
0x000000019fa72000 	/usr/lib/libc++.1.dylib
0x00000001b9f63000 	/usr/lib/swift/libswiftObjectiveC.dylib
0x00000001a93ca000 	/System/Library/PrivateFrameworks/CoreAutoLayout.framework/Versions/A/CoreAutoLayout
0x00000001a0e22000 	/System/Library/Frameworks/SystemConfiguration.framework/Versions/A/SystemConfiguration
0x00000001add05000 	/usr/lib/libz.1.dylib
0x00000001adfe9000 	/usr/lib/libcompression.dylib
0x00000001a56ff000 	/System/Library/Frameworks/CFNetwork.framework/Versions/A/CFNetwork
0x00000001a888e000 	/System/Library/Frameworks/DiskArbitration.framework/Versions/A/DiskArbitration
0x00000001ade12000 	/usr/lib/libarchive.2.dylib
0x00000001a87a0000 	/usr/lib/libDiagnosticMessagesClient.dylib
0x00000001a9414000 	/usr/lib/libxml2.2.dylib
0x00000001b57e8000 	/System/Library/Frameworks/CoreServices.framework/Versions/A/CoreServices
0x00000001ac182000 	/usr/lib/liblangid.dylib
0x00000001a39e3000 	/System/Library/Frameworks/IOKit.framework/Versions/A/IOKit
0x00000001b36e3000 	/System/Library/Frameworks/Combine.framework/Versions/A/Combine
0x000000024dc76000 	/System/Library/PrivateFrameworks/CollectionsInternal.framework/Versions/A/CollectionsInternal
0x000000026db28000 	/System/Library/PrivateFrameworks/ReflectionInternal.framework/Versions/A/ReflectionInternal
0x000000026e7ff000 	/System/Library/PrivateFrameworks/RuntimeInternal.framework/Versions/A/RuntimeInternal
0x00000001c8ad3000 	/usr/lib/swift/libswiftCoreFoundation.dylib
0x00000001c5e3c000 	/usr/lib/swift/libswiftDarwin.dylib
0x00000001b72e1000 	/usr/lib/swift/libswiftDispatch.dylib
0x00000001c8b2e000 	/usr/lib/swift/libswiftIOKit.dylib
0x0000000288323000 	/usr/lib/swift/libswiftSystem.dylib
0x00000001c8ae5000 	/usr/lib/swift/libswiftXPC.dylib
0x0000000288392000 	/usr/lib/swift/libswift_Builtin_float.dylib
0x0000000288395000 	/usr/lib/swift/libswift_Concurrency.dylib
0x00000002884f4000 	/usr/lib/swift/libswift_StringProcessing.dylib
0x0000000288587000 	/usr/lib/swift/libswift_errno.dylib
0x0000000288589000 	/usr/lib/swift/libswift_math.dylib
0x000000028858c000 	/usr/lib/swift/libswift_signal.dylib
0x000000028858d000 	/usr/lib/swift/libswift_stdio.dylib
0x000000028858e000 	/usr/lib/swift/libswift_time.dylib
0x00000001b9f67000 	/usr/lib/swift/libswiftos.dylib
0x000000028858f000 	/usr/lib/swift/libswiftsys_time.dylib
0x0000000288590000 	/usr/lib/swift/libswiftunistd.dylib
0x00000001addb5000 	/usr/lib/system/libcache.dylib
0x00000001add70000 	/usr/lib/system/libcommonCrypto.dylib
0x00000001add9b000 	/usr/lib/system/libcompiler_rt.dylib
0x00000001add90000 	/usr/lib/system/libcopyfile.dylib
0x000000019f8bf000 	/usr/lib/system/libcorecrypto.dylib
0x000000019f9a6000 	/usr/lib/system/libdispatch.dylib
0x000000019fb66000 	/usr/lib/system/libdyld.dylib
0x00000001addab000 	/usr/lib/system/libkeymgr.dylib
0x00000001add53000 	/usr/lib/system/libmacho.dylib
0x00000001ad17f000 	/usr/lib/system/libquarantine.dylib
0x00000001adda8000 	/usr/lib/system/libremovefile.dylib
0x00000001a5b60000 	/usr/lib/system/libsystem_asl.dylib
0x000000019f854000 	/usr/lib/system/libsystem_blocks.dylib
0x000000019f9f0000 	/usr/lib/system/libsystem_c.dylib
0x00000001add9f000 	/usr/lib/system/libsystem_collections.dylib
0x00000001ac16f000 	/usr/lib/system/libsystem_configuration.dylib
0x00000001aaf0a000 	/usr/lib/system/libsystem_containermanager.dylib
0x00000001ad895000 	/usr/lib/system/libsystem_coreservices.dylib
0x00000001a3664000 	/usr/lib/system/libsystem_darwin.dylib
0x00000002886c7000 	/usr/lib/system/libsystem_darwindirectory.dylib
0x00000001addac000 	/usr/lib/system/libsystem_dnssd.dylib
0x00000002886cb000 	/usr/lib/system/libsystem_eligibility.dylib
0x000000019f9ed000 	/usr/lib/system/libsystem_featureflags.dylib
0x000000019fb9e000 	/usr/lib/system/libsystem_info.dylib
0x00000001add14000 	/usr/lib/system/libsystem_m.dylib
0x000000019f95e000 	/usr/lib/system/libsystem_malloc.dylib
0x00000001a5ac9000 	/usr/lib/system/libsystem_networkextension.dylib
0x00000001a3ac6000 	/usr/lib/system/libsystem_notify.dylib
0x00000001ac174000 	/usr/lib/system/libsystem_sandbox.dylib
0x00000002886d3000 	/usr/lib/system/libsystem_sanitizers.dylib
0x00000001adda4000 	/usr/lib/system/libsystem_secinit.dylib
0x000000019fb1d000 	/usr/lib/system/libsystem_kernel.dylib
0x000000019fb96000 	/usr/lib/system/libsystem_platform.dylib
0x000000019fb59000 	/usr/lib/system/libsystem_pthread.dylib
0x00000001a76bd000 	/usr/lib/system/libsystem_symptoms.dylib
0x000000019f8a3000 	/usr/lib/system/libsystem_trace.dylib
0x00000001add7e000 	/usr/lib/system/libunwind.dylib
0x000000019f858000 	/usr/lib/system/libxpc.dylib
0x00000001a2f8e000 	/System/Library/Frameworks/Security.framework/Versions/A/Security
0x00000001ad145000 	/System/Library/PrivateFrameworks/BackgroundTaskManagement.framework/Versions/A/BackgroundTaskManagement
0x00000002499fd000 	/System/Library/PrivateFrameworks/AppleKeyStore.framework/Versions/A/AppleKeyStore
0x00000002870f4000 	/usr/lib/libCoreEntitlements.dylib
0x0000000264ac8000 	/System/Library/PrivateFrameworks/MessageSecurity.framework/Versions/A/MessageSecurity
0x00000001a727e000 	/System/Library/PrivateFrameworks/ProtocolBuffer.framework/Versions/A/ProtocolBuffer
0x00000001a5ae6000 	/usr/lib/libMobileGestalt.dylib
0x00000001ad87c000 	/System/Library/PrivateFrameworks/AppleFSCompression.framework/Versions/A/AppleFSCompression
0x00000001ad1a6000 	/usr/lib/libbsm.0.dylib
0x00000001ad18e000 	/usr/lib/libcoretls.dylib
0x00000001af397000 	/usr/lib/libcoretls_cfhelpers.dylib
0x00000001adfe3000 	/usr/lib/libpam.2.dylib
0x00000001a7299000 	/usr/lib/libsqlite3.dylib
0x00000001af40b000 	/usr/lib/libxar.1.dylib
0x00000001af399000 	/System/Library/PrivateFrameworks/APFS.framework/Versions/A/APFS
0x0000000277d8b000 	/System/Library/PrivateFrameworks/SwiftASN1Internal.framework/Versions/A/SwiftASN1Internal
0x00000001af41a000 	/usr/lib/libutil.dylib
0x00000001a5ae4000 	/usr/lib/libenergytrace.dylib
0x00000001add57000 	/usr/lib/system/libkxld.dylib
0x00000001ac17d000 	/System/Library/PrivateFrameworks/AppleSystemInfo.framework/Versions/A/AppleSystemInfo
0x00000001ace7a000 	/System/Library/PrivateFrameworks/IOMobileFramebuffer.framework/Versions/A/IOMobileFramebuffer
0x00000001a76c6000 	/System/Library/Frameworks/Network.framework/Versions/A/Network
0x00000001a876f000 	/System/Library/PrivateFrameworks/CoreAnalytics.framework/Versions/A/CoreAnalytics
0x00000001c89be000 	/System/Library/PrivateFrameworks/LoggingSupport.framework/Versions/A/LoggingSupport
0x00000001b67a2000 	/System/Library/PrivateFrameworks/PowerLog.framework/Versions/A/PowerLog
0x00000001a75cf000 	/System/Library/PrivateFrameworks/RunningBoardServices.framework/Versions/A/RunningBoardServices
0x000000020653a000 	/System/Library/Frameworks/SwiftData.framework/Versions/A/SwiftData
0x00000001a5176000 	/System/Library/Frameworks/UniformTypeIdentifiers.framework/Versions/A/UniformTypeIdentifiers
0x00000001a959f000 	/System/Library/PrivateFrameworks/UserManagement.framework/Versions/A/UserManagement
0x00000001a562d000 	/usr/lib/libboringssl.dylib
0x00000001a76ac000 	/usr/lib/libdns_services.dylib
0x00000001c7b6d000 	/usr/lib/libquic.dylib
0x00000001b128b000 	/usr/lib/libusrtcp.dylib
0x00000001adfa0000 	/usr/lib/libapple_nghttp2.dylib
0x00000001ec4ae000 	/System/Library/PrivateFrameworks/InternalSwiftProtobuf.framework/Versions/A/InternalSwiftProtobuf
0x0000000288280000 	/usr/lib/swift/libswiftDistributed.dylib
0x00000002882ac000 	/usr/lib/swift/libswiftObservation.dylib
0x0000000288319000 	/usr/lib/swift/libswiftSynchronization.dylib
0x00000001a56fe000 	/usr/lib/libnetwork.dylib
0x00000001d966e000 	/System/Library/PrivateFrameworks/OSAnalytics.framework/Versions/A/OSAnalytics
0x00000001adf7b000 	/System/Library/PrivateFrameworks/AppleSauce.framework/Versions/A/AppleSauce
0x00000001b7a77000 	/System/Library/PrivateFrameworks/CoreSymbolication.framework/Versions/A/CoreSymbolication
0x00000001e8177000 	/System/Library/PrivateFrameworks/Symbolication.framework/Versions/A/Symbolication
0x00000001a938e000 	/System/Library/Frameworks/CoreServices.framework/Versions/A/Frameworks/FSEvents.framework/Versions/A/FSEvents
0x00000001a366f000 	/System/Library/Frameworks/CoreServices.framework/Versions/A/Frameworks/CarbonCore.framework/Versions/A/CarbonCore
0x00000001a8803000 	/System/Library/Frameworks/CoreServices.framework/Versions/A/Frameworks/Metadata.framework/Versions/A/Metadata
0x00000001ad89d000 	/System/Library/Frameworks/CoreServices.framework/Versions/A/Frameworks/OSServices.framework/Versions/A/OSServices
0x00000001adf0a000 	/System/Library/Frameworks/CoreServices.framework/Versions/A/Frameworks/SearchKit.framework/Versions/A/SearchKit
0x00000001a7638000 	/System/Library/Frameworks/CoreServices.framework/Versions/A/Frameworks/AE.framework/Versions/A/AE
0x00000001a010d000 	/System/Library/Frameworks/CoreServices.framework/Versions/A/Frameworks/LaunchServices.framework/Versions/A/LaunchServices
0x00000001af321000 	/System/Library/Frameworks/CoreServices.framework/Versions/A/Frameworks/DictionaryServices.framework/Versions/A/DictionaryServices
0x00000001a939c000 	/System/Library/Frameworks/CoreServices.framework/Versions/A/Frameworks/SharedFileList.framework/Versions/A/SharedFileList
0x00000001a60c2000 	/System/Library/Frameworks/CoreGraphics.framework/Versions/A/CoreGraphics
0x00000001b1fe0000 	/System/Library/Frameworks/GSS.framework/Versions/A/GSS
0x00000001af378000 	/usr/lib/liblzma.5.dylib
0x00000001a6e23000 	/System/Library/Frameworks/CoreData.framework/Versions/A/CoreData
0x00000001ad08a000 	/System/Library/PrivateFrameworks/MobileKeyBag.framework/Versions/A/MobileKeyBag
0x00000001ac17b000 	/System/Library/PrivateFrameworks/AggregateDictionary.framework/Versions/A/AggregateDictionary
0x0000000286fbf000 	/usr/lib/libAppleArchive.dylib
0x00000001ad888000 	/usr/lib/libbz2.1.0.dylib
0x00000001addf7000 	/usr/lib/libiconv.2.dylib
0x00000001add52000 	/usr/lib/libcharset.1.dylib
0x00000001a5b9b000 	/System/Library/PrivateFrameworks/SkyLight.framework/Versions/A/SkyLight
0x00000001ab355000 	/System/Library/PrivateFrameworks/FontServices.framework/libFontParser.dylib
0x00000001b5a94000 	/System/Library/Frameworks/Accelerate.framework/Versions/A/Accelerate
0x00000001aaf3b000 	/System/Library/Frameworks/IOSurface.framework/Versions/A/IOSurface
0x00000001a5b78000 	/System/Library/PrivateFrameworks/TCC.framework/Versions/A/TCC
0x00000001bcc8e000 	/System/Library/PrivateFrameworks/IOSurfaceAccelerator.framework/Versions/A/IOSurfaceAccelerator
0x00000001afe51000 	/System/Library/PrivateFrameworks/WatchdogClient.framework/Versions/A/WatchdogClient
0x00000001a2164000 	/System/Library/Frameworks/CoreDisplay.framework/Versions/A/CoreDisplay
0x00000001ab1f9000 	/System/Library/Frameworks/CoreMedia.framework/Versions/A/CoreMedia
0x00000001aaf54000 	/System/Library/PrivateFrameworks/IOAccelerator.framework/Versions/A/IOAccelerator
0x00000001aaf5e000 	/System/Library/Frameworks/Metal.framework/Versions/A/Metal
0x00000001a94fe000 	/System/Library/Frameworks/CoreVideo.framework/Versions/A/CoreVideo
0x00000001adfe1000 	/System/Library/Frameworks/MetalPerformanceShaders.framework/Versions/A/MetalPerformanceShaders
0x00000001afe53000 	/System/Library/PrivateFrameworks/MultitouchSupport.framework/Versions/A/MultitouchSupport
0x00000001a8ca7000 	/System/Library/Frameworks/QuartzCore.framework/Versions/A/QuartzCore
0x000000026ce66000 	/System/Library/PrivateFrameworks/ProDisplayLibrary.framework/Versions/A/ProDisplayLibrary
0x00000001afe99000 	/System/Library/Frameworks/VideoToolbox.framework/Versions/A/VideoToolbox
0x00000001d5698000 	/usr/lib/swift/libswiftMetal.dylib
0x00000001e4639000 	/usr/lib/swift/libswiftOSLog.dylib
0x00000001daa37000 	/usr/lib/swift/libswiftQuartzCore.dylib
0x00000001df092000 	/usr/lib/swift/libswiftUniformTypeIdentifiers.dylib
0x00000001cc387000 	/usr/lib/swift/libswiftsimd.dylib
0x00000001a74ea000 	/System/Library/PrivateFrameworks/BaseBoard.framework/Versions/A/BaseBoard
0x00000001ab985000 	/System/Library/Frameworks/ImageIO.framework/Versions/A/ImageIO
0x00000001afd1a000 	/System/Library/PrivateFrameworks/AppleJPEG.framework/Versions/A/AppleJPEG
0x00000001af7bb000 	/usr/lib/libexpat.1.dylib
0x00000001a67f3000 	/System/Library/Frameworks/ColorSync.framework/Versions/A/ColorSync
0x00000001b0346000 	/System/Library/Frameworks/ImageIO.framework/Versions/A/Resources/libPng.dylib
0x00000001b0371000 	/System/Library/Frameworks/ImageIO.framework/Versions/A/Resources/libTIFF.dylib
0x00000001b045b000 	/System/Library/Frameworks/ImageIO.framework/Versions/A/Resources/libGIF.dylib
0x00000001afd60000 	/System/Library/Frameworks/ImageIO.framework/Versions/A/Resources/libJP2.dylib
0x00000001af4cc000 	/usr/lib/libate.dylib
0x00000001b0402000 	/System/Library/Frameworks/ImageIO.framework/Versions/A/Resources/libJPEG.dylib
0x00000001b03f9000 	/System/Library/Frameworks/ImageIO.framework/Versions/A/Resources/libRadiance.dylib
0x00000001a8897000 	/System/Library/Frameworks/Accelerate.framework/Versions/A/Frameworks/vImage.framework/Versions/A/vImage
0x00000001b57c3000 	/System/Library/Frameworks/Accelerate.framework/Versions/A/Frameworks/vecLib.framework/Versions/A/vecLib
0x00000001af452000 	/System/Library/Frameworks/Accelerate.framework/Versions/A/Frameworks/vecLib.framework/Versions/A/libvMisc.dylib
0x00000001a0585000 	/System/Library/Frameworks/Accelerate.framework/Versions/A/Frameworks/vecLib.framework/Versions/A/libBLAS.dylib
0x00000001a263d000 	/System/Library/Frameworks/CoreText.framework/Versions/A/CoreText
0x0000000253ecd000 	/System/Library/PrivateFrameworks/FontServices.framework/Versions/A/FontServices
0x00000001af99f000 	/System/Library/PrivateFrameworks/OTSVG.framework/Versions/A/OTSVG
0x00000001a907b000 	/System/Library/Frameworks/ApplicationServices.framework/Versions/A/Frameworks/ATS.framework/Versions/A/Resources/libFontRegistry.dylib
0x0000000287681000 	/usr/lib/libhvf.dylib
0x0000000268d6c000 	/System/Library/PrivateFrameworks/ParsingInternal.framework/Versions/A/ParsingInternal
0x00000002882c9000 	/usr/lib/swift/libswiftRegexBuilder.dylib
0x0000000288451000 	/usr/lib/swift/libswift_RegexParser.dylib
0x0000000253ece000 	/System/Library/PrivateFrameworks/FontServices.framework/libXTFontStaticRegistryData.dylib
0x00000001abd04000 	/System/Library/Frameworks/CoreImage.framework/Versions/A/CoreImage
0x0000000253f98000 	/System/Library/PrivateFrameworks/FramePacing.framework/Versions/A/FramePacing
0x00000001bb0a6000 	/System/Library/PrivateFrameworks/ASEProcessing.framework/Versions/A/ASEProcessing
0x000000026bfd3000 	/System/Library/PrivateFrameworks/PhotosensitivityProcessing.framework/Versions/A/PhotosensitivityProcessing
0x0000000200036000 	/System/Library/Frameworks/OpenGL.framework/Versions/A/OpenGL
0x00000001af993000 	/System/Library/PrivateFrameworks/GraphVisualizer.framework/Versions/A/GraphVisualizer
0x0000000258b9c000 	/System/Library/PrivateFrameworks/GPUCompiler.framework/Versions/32023/Libraries/libllvm-flatbuffers.dylib
0x0000000200028000 	/System/Library/Frameworks/OpenGL.framework/Versions/A/Libraries/libCoreFSCache.dylib
0x0000000254b0d000 	/System/Library/PrivateFrameworks/GPUCompiler.framework/Versions/32023/Libraries/libGPUCompilerUtils.dylib
0x0000000200086000 	/System/Library/Frameworks/OpenGL.framework/Versions/A/Libraries/libGLU.dylib
0x000000020004a000 	/System/Library/Frameworks/OpenGL.framework/Versions/A/Libraries/libGFXShared.dylib
0x0000000200212000 	/System/Library/Frameworks/OpenGL.framework/Versions/A/Libraries/libGL.dylib
0x0000000200053000 	/System/Library/Frameworks/OpenGL.framework/Versions/A/Libraries/libGLImage.dylib
0x0000000200047000 	/System/Library/Frameworks/OpenGL.framework/Versions/A/Libraries/libCVMSPluginSupport.dylib
0x0000000200030000 	/System/Library/Frameworks/OpenGL.framework/Versions/A/Libraries/libCoreVMClient.dylib
0x00000001ac0bf000 	/System/Library/Frameworks/MetalPerformanceShaders.framework/Versions/A/Frameworks/MPSCore.framework/Versions/A/MPSCore
0x00000001ad7e7000 	/System/Library/Frameworks/MetalPerformanceShaders.framework/Versions/A/Frameworks/MPSImage.framework/Versions/A/MPSImage
0x00000001ad230000 	/System/Library/Frameworks/MetalPerformanceShaders.framework/Versions/A/Frameworks/MPSNeuralNetwork.framework/Versions/A/MPSNeuralNetwork
0x00000001ad667000 	/System/Library/Frameworks/MetalPerformanceShaders.framework/Versions/A/Frameworks/MPSMatrix.framework/Versions/A/MPSMatrix
0x00000001ad47c000 	/System/Library/Frameworks/MetalPerformanceShaders.framework/Versions/A/Frameworks/MPSRayIntersector.framework/Versions/A/MPSRayIntersector
0x00000001ad699000 	/System/Library/Frameworks/MetalPerformanceShaders.framework/Versions/A/Frameworks/MPSNDArray.framework/Versions/A/MPSNDArray
0x0000000203928000 	/System/Library/Frameworks/MetalPerformanceShaders.framework/Versions/A/Frameworks/MPSFunctions.framework/Versions/A/MPSFunctions
0x000000020390a000 	/System/Library/Frameworks/MetalPerformanceShaders.framework/Versions/A/Frameworks/MPSBenchmarkLoop.framework/Versions/A/MPSBenchmarkLoop
0x00000001a0400000 	/System/Library/PrivateFrameworks/MetalTools.framework/Versions/A/MetalTools
0x00000001cd730000 	/System/Library/PrivateFrameworks/IOAccelMemoryInfo.framework/Versions/A/IOAccelMemoryInfo
0x00000001dae2c000 	/System/Library/PrivateFrameworks/kperf.framework/Versions/A/kperf
0x00000001c8aae000 	/System/Library/PrivateFrameworks/GPURawCounter.framework/Versions/A/GPURawCounter
0x00000001c8a47000 	/System/Library/PrivateFrameworks/MallocStackLogging.framework/Versions/A/MallocStackLogging
0x00000001af566000 	/System/Library/PrivateFrameworks/CrashReporterSupport.framework/Versions/A/CrashReporterSupport
0x00000001b7a53000 	/System/Library/PrivateFrameworks/DebugSymbols.framework/Versions/A/DebugSymbols
0x00000001b1fcf000 	/System/Library/Frameworks/Kerberos.framework/Versions/A/Kerberos
0x00000001b1c35000 	/usr/lib/libresolv.9.dylib
0x00000001af9f1000 	/System/Library/PrivateFrameworks/Heimdal.framework/Versions/A/Heimdal
0x00000001b9eba000 	/System/Library/Frameworks/Kerberos.framework/Versions/A/Libraries/libHeimdalProxy.dylib
0x00000001af7d6000 	/usr/lib/libheimdal-asn1.dylib
0x00000001a9361000 	/System/Library/Frameworks/OpenDirectory.framework/Versions/A/OpenDirectory
0x00000001b2032000 	/System/Library/PrivateFrameworks/CommonAuth.framework/Versions/A/CommonAuth
0x00000001a936f000 	/System/Library/Frameworks/OpenDirectory.framework/Versions/A/Frameworks/CFOpenDirectory.framework/Versions/A/CFOpenDirectory
0x00000001ad0b6000 	/System/Library/Frameworks/SecurityFoundation.framework/Versions/A/SecurityFoundation
0x00000001b1967000 	/System/Library/Frameworks/AudioToolbox.framework/Versions/A/AudioToolbox
0x00000001a285c000 	/System/Library/Frameworks/CoreAudio.framework/Versions/A/CoreAudio
0x00000001b1b70000 	/usr/lib/libAudioStatistics.dylib
0x00000001ab1d1000 	/System/Library/PrivateFrameworks/caulk.framework/Versions/A/caulk
0x00000001a2285000 	/System/Library/PrivateFrameworks/AudioToolboxCore.framework/Versions/A/AudioToolboxCore
0x00000001bc1b0000 	/System/Library/Frameworks/CoreMIDI.framework/Versions/A/CoreMIDI
0x00000001b1b12000 	/System/Library/PrivateFrameworks/AudioSession.framework/Versions/A/AudioSession
0x00000001af8c0000 	/System/Library/PrivateFrameworks/MediaExperience.framework/Versions/A/MediaExperience
0x00000001f37e4000 	/System/Library/PrivateFrameworks/FeatureFlags.framework/Versions/A/FeatureFlags
0x00000001af9e0000 	/System/Library/PrivateFrameworks/AppServerSupport.framework/Versions/A/AppServerSupport
0x00000001b1fb3000 	/System/Library/PrivateFrameworks/perfdata.framework/Versions/A/perfdata
0x00000001c7c66000 	/System/Library/PrivateFrameworks/SystemPolicy.framework/Versions/A/SystemPolicy
0x00000001b1e54000 	/usr/lib/libSMC.dylib
0x00000001b0310000 	/usr/lib/libAudioToolboxUtility.dylib
0x00000001b1fc1000 	/usr/lib/libperfcheck.dylib
0x000000024a57b000 	/System/Library/PrivateFrameworks/AudioAnalytics.framework/Versions/A/AudioAnalytics
0x00000001ec275000 	/System/Library/Frameworks/OSLog.framework/Versions/A/OSLog
0x00000001c8a79000 	/usr/lib/libmis.dylib
0x00000001b1920000 	/System/Library/PrivateFrameworks/AudioSession.framework/libSessionUtility.dylib
0x00000001b0461000 	/System/Library/PrivateFrameworks/CMCaptureCore.framework/Versions/A/CMCaptureCore
0x00000001af9ea000 	/usr/lib/libspindump.dylib
0x0000000201c57000 	/System/Library/Frameworks/ExtensionFoundation.framework/Versions/A/ExtensionFoundation
0x00000001b7b84000 	/System/Library/PrivateFrameworks/CoreTime.framework/Versions/A/CoreTime
0x00000001b7646000 	/System/Library/PrivateFrameworks/BoardServices.framework/Versions/A/BoardServices
0x00000001af6ba000 	/System/Library/PrivateFrameworks/PlugInKit.framework/Versions/A/PlugInKit
0x00000001ad0a7000 	/System/Library/PrivateFrameworks/AssertionServices.framework/Versions/A/AssertionServices
0x00000001acd55000 	/System/Library/Frameworks/Accelerate.framework/Versions/A/Frameworks/vecLib.framework/Versions/A/libvDSP.dylib
0x00000001ae0bf000 	/System/Library/Frameworks/Accelerate.framework/Versions/A/Frameworks/vecLib.framework/Versions/A/libLAPACK.dylib
0x00000001ad21b000 	/System/Library/Frameworks/Accelerate.framework/Versions/A/Frameworks/vecLib.framework/Versions/A/libLinearAlgebra.dylib
0x00000001adfba000 	/System/Library/Frameworks/Accelerate.framework/Versions/A/Frameworks/vecLib.framework/Versions/A/libSparseBLAS.dylib
0x00000001ae0ba000 	/System/Library/Frameworks/Accelerate.framework/Versions/A/Frameworks/vecLib.framework/Versions/A/libQuadrature.dylib
0x00000001ac2a8000 	/System/Library/Frameworks/Accelerate.framework/Versions/A/Frameworks/vecLib.framework/Versions/A/libBNNS.dylib
0x00000001a0d26000 	/System/Library/Frameworks/Accelerate.framework/Versions/A/Frameworks/vecLib.framework/Versions/A/libSparse.dylib
0x0000000261eb7000 	/System/Library/PrivateFrameworks/MIL.framework/Versions/A/MIL
0x00000001b03f4000 	/System/Library/PrivateFrameworks/GPUWrangler.framework/Versions/A/GPUWrangler
0x00000001b03d4000 	/System/Library/PrivateFrameworks/IOPresentment.framework/Versions/A/IOPresentment
0x00000001b03fc000 	/System/Library/PrivateFrameworks/DSExternalDisplay.framework/Versions/A/DSExternalDisplay
0x00000001ec67c000 	/System/Library/PrivateFrameworks/HIDDisplay.framework/Versions/A/HIDDisplay
0x00000001c1674000 	/System/Library/PrivateFrameworks/HID.framework/Versions/A/HID
0x000000027e091000 	/System/Library/PrivateFrameworks/VideoToolboxParavirtualizationSupport.framework/Versions/A/VideoToolboxParavirtualizationSupport
0x00000001af772000 	/System/Library/PrivateFrameworks/AppleVA.framework/Versions/A/AppleVA
0x00000001b6893000 	/System/Library/PrivateFrameworks/MediaKit.framework/Versions/A/MediaKit
0x00000001b67de000 	/System/Library/Frameworks/DiscRecording.framework/Versions/A/DiscRecording
0x00000001a0c19000 	/System/Library/PrivateFrameworks/Lexicon.framework/Versions/A/Lexicon
0x00000001ad218000 	/usr/lib/libgermantok.dylib
0x00000001ac2a1000 	/System/Library/PrivateFrameworks/LinguisticData.framework/Versions/A/LinguisticData
0x00000001b1f94000 	/System/Library/PrivateFrameworks/NetAuth.framework/Versions/A/NetAuth
0x00000001a955f000 	/System/Library/PrivateFrameworks/login.framework/Versions/A/Frameworks/loginsupport.framework/Versions/A/loginsupport
0x000000024a18b000 	/System/Library/PrivateFrameworks/AppleMobileFileIntegrity.framework/Versions/A/AppleMobileFileIntegrity
0x00000002872ff000 	/usr/lib/libTLE.dylib
0x00000001fd084000 	/System/Library/PrivateFrameworks/ConfigProfileHelper.framework/Versions/A/ConfigProfileHelper
0x00000001ad1b8000 	/usr/lib/libmecab.dylib
0x00000001a0eb6000 	/usr/lib/libCRFSuite.dylib
0x00000001ac184000 	/System/Library/PrivateFrameworks/CoreNLP.framework/Versions/A/CoreNLP
0x00000001adf72000 	/usr/lib/libThaiTokenizer.dylib
0x00000001ad182000 	/usr/lib/libCheckFix.dylib
0x00000001a87a2000 	/System/Library/PrivateFrameworks/MetadataUtilities.framework/Versions/A/MetadataUtilities
0x000000025d6ec000 	/System/Library/PrivateFrameworks/InstalledContentLibrary.framework/Versions/A/InstalledContentLibrary
0x00000001a39a2000 	/System/Library/PrivateFrameworks/CoreServicesStore.framework/Versions/A/CoreServicesStore
0x00000001a93c6000 	/usr/lib/libapp_launch_measurement.dylib
0x00000001daf36000 	/System/Library/PrivateFrameworks/MobileSystemServices.framework/Versions/A/MobileSystemServices
0x00000001af41e000 	/usr/lib/libxslt.1.dylib
0x00000001b945c000 	/System/Library/PrivateFrameworks/DiskImages.framework/Versions/A/DiskImages
0x00000001c5965000 	/System/Library/Frameworks/NetFS.framework/Versions/A/NetFS
0x00000001b961a000 	/usr/lib/libcurl.4.dylib
0x0000000287533000 	/usr/lib/libcrypto.46.dylib
0x000000028805d000 	/usr/lib/libssl.48.dylib
0x00000001b92f2000 	/System/Library/Frameworks/LDAP.framework/Versions/A/LDAP
0x00000001b932e000 	/System/Library/PrivateFrameworks/TrustEvaluationAgent.framework/Versions/A/TrustEvaluationAgent
0x00000001b1c52000 	/usr/lib/libsasl2.2.dylib
0x0000000102814000 	/Library/Frameworks/Python.framework/Versions/3.12/lib/python3.12/lib-dynload/math.cpython-312-darwin.so
0x0000000102834000 	/Library/Frameworks/Python.framework/Versions/3.12/lib/python3.12/lib-dynload/_json.cpython-312-darwin.so
0x00000001027fc000 	/Library/Frameworks/Python.framework/Versions/3.12/lib/python3.12/lib-dynload/fcntl.cpython-312-darwin.so
0x000000010284c000 	/Library/Frameworks/Python.framework/Versions/3.12/lib/python3.12/lib-dynload/_posixsubprocess.cpython-312-darwin.so
0x00000001027d4000 	/Library/Frameworks/Python.framework/Versions/3.12/lib/python3.12/lib-dynload/select.cpython-312-darwin.so
0x0000000102a58000 	/Users/anniewang/Desktop/MLLM-interpretability/MLLM-interpretability/.venv/lib/python3.12/site-packages/zmq/backend/cython/_zmq.abi3.so
0x0000000102dc0000 	/Users/anniewang/Desktop/MLLM-interpretability/MLLM-interpretability/.venv/lib/python3.12/site-packages/zmq/.dylibs/libzmq.5.dylib
0x00000001029e8000 	/Users/anniewang/Desktop/MLLM-interpretability/MLLM-interpretability/.venv/lib/python3.12/site-packages/zmq/.dylibs/libsodium.26.dylib
0x0000000102a90000 	/Library/Frameworks/Python.framework/Versions/3.12/lib/python3.12/lib-dynload/_opcode.cpython-312-darwin.so
0x0000000102860000 	/Library/Frameworks/Python.framework/Versions/3.12/lib/python3.12/lib-dynload/_struct.cpython-312-darwin.so
0x0000000102c08000 	/Library/Frameworks/Python.framework/Versions/3.12/lib/python3.12/lib-dynload/_pickle.cpython-312-darwin.so
0x0000000102bcc000 	/Library/Frameworks/Python.framework/Versions/3.12/lib/python3.12/lib-dynload/_bisect.cpython-312-darwin.so
0x0000000102be0000 	/Library/Frameworks/Python.framework/Versions/3.12/lib/python3.12/lib-dynload/_random.cpython-312-darwin.so
0x0000000102ba4000 	/Library/Frameworks/Python.framework/Versions/3.12/lib/python3.12/lib-dynload/_sha2.cpython-312-darwin.so
0x0000000102bf4000 	/Library/Frameworks/Python.framework/Versions/3.12/lib/python3.12/lib-dynload/_heapq.cpython-312-darwin.so
0x0000000102d80000 	/Library/Frameworks/Python.framework/Versions/3.12/lib/python3.12/lib-dynload/_socket.cpython-312-darwin.so
0x0000000102f60000 	/Library/Frameworks/Python.framework/Versions/3.12/lib/python3.12/lib-dynload/array.cpython-312-darwin.so
0x0000000102d38000 	/Library/Frameworks/Python.framework/Versions/3.12/lib/python3.12/lib-dynload/_ssl.cpython-312-darwin.so
0x00000001030c4000 	/Library/Frameworks/Python.framework/Versions/3.12/lib/libssl.3.dylib
0x0000000103160000 	/Library/Frameworks/Python.framework/Versions/3.12/lib/libcrypto.3.dylib
0x0000000102da4000 	/Library/Frameworks/Python.framework/Versions/3.12/lib/python3.12/lib-dynload/binascii.cpython-312-darwin.so
0x0000000102fa8000 	/Library/Frameworks/Python.framework/Versions/3.12/lib/python3.12/lib-dynload/_contextvars.cpython-312-darwin.so
0x0000000102f80000 	/Library/Frameworks/Python.framework/Versions/3.12/lib/python3.12/lib-dynload/_asyncio.cpython-312-darwin.so
0x00000001035fc000 	/Library/Frameworks/Python.framework/Versions/3.12/lib/python3.12/lib-dynload/_queue.cpython-312-darwin.so
0x00000001035d4000 	/Library/Frameworks/Python.framework/Versions/3.12/lib/python3.12/lib-dynload/_hashlib.cpython-312-darwin.so
0x0000000103640000 	/Library/Frameworks/Python.framework/Versions/3.12/lib/python3.12/lib-dynload/_blake2.cpython-312-darwin.so
0x0000000103610000 	/Library/Frameworks/Python.framework/Versions/3.12/lib/python3.12/lib-dynload/_datetime.cpython-312-darwin.so
0x0000000103790000 	/Library/Frameworks/Python.framework/Versions/3.12/lib/python3.12/lib-dynload/zlib.cpython-312-darwin.so
0x0000000102bbc000 	/Users/anniewang/Desktop/MLLM-interpretability/MLLM-interpretability/.venv/lib/python3.12/site-packages/tornado/speedups.abi3.so
0x0000000103758000 	/Library/Frameworks/Python.framework/Versions/3.12/lib/python3.12/lib-dynload/_curses.cpython-312-darwin.so
0x00000001cd6f3000 	/usr/lib/libncurses.5.4.dylib
0x00000001037ac000 	/Library/Frameworks/Python.framework/Versions/3.12/lib/python3.12/lib-dynload/_decimal.cpython-312-darwin.so
0x0000000103810000 	/Library/Frameworks/Python.framework/Versions/3.12/lib/python3.12/lib-dynload/termios.cpython-312-darwin.so
0x00000001040d4000 	/Library/Frameworks/Python.framework/Versions/3.12/lib/python3.12/lib-dynload/_bz2.cpython-312-darwin.so
0x0000000104178000 	/Library/Frameworks/Python.framework/Versions/3.12/lib/python3.12/lib-dynload/_lzma.cpython-312-darwin.so
0x00000001040e8000 	/Library/Frameworks/Python.framework/Versions/3.12/lib/python3.12/lib-dynload/_uuid.cpython-312-darwin.so
0x00000001040ac000 	/Library/Frameworks/Python.framework/Versions/3.12/lib/python3.12/lib-dynload/_csv.cpython-312-darwin.so
0x0000000104124000 	/Library/Frameworks/Python.framework/Versions/3.12/lib/python3.12/lib-dynload/resource.cpython-312-darwin.so
0x0000000104c78000 	/Library/Frameworks/Python.framework/Versions/3.12/lib/python3.12/lib-dynload/_sqlite3.cpython-312-darwin.so
0x0000000104c00000 	/Library/Frameworks/Python.framework/Versions/3.12/lib/python3.12/lib-dynload/pyexpat.cpython-312-darwin.so
0x0000000105a48000 	/Library/Frameworks/Python.framework/Versions/3.12/lib/python3.12/lib-dynload/unicodedata.cpython-312-darwin.so
0x0000000104138000 	/Library/Frameworks/Python.framework/Versions/3.12/lib/python3.12/lib-dynload/_scproxy.cpython-312-darwin.so
0x000000010414c000 	/Library/Frameworks/Python.framework/Versions/3.12/lib/python3.12/lib-dynload/_lsprof.cpython-312-darwin.so
0x0000000104160000 	/Users/anniewang/Desktop/MLLM-interpretability/MLLM-interpretability/.venv/lib/python3.12/site-packages/psutil/_psutil_osx.abi3.so
0x00000001040c4000 	/Users/anniewang/Desktop/MLLM-interpretability/MLLM-interpretability/.venv/lib/python3.12/site-packages/psutil/_psutil_posix.abi3.so
0x00000001045c0000 	/Library/Frameworks/Python.framework/Versions/3.12/lib/python3.12/lib-dynload/_ctypes.cpython-312-darwin.so
0x00000001b22ff000 	/usr/lib/libffi.dylib
0x0000000110934000 	/Users/anniewang/Desktop/MLLM-interpretability/MLLM-interpretability/.venv/lib/python3.12/site-packages/debugpy/_vendored/pydevd/_pydevd_bundle/pydevd_cython.cpython-312-darwin.so
0x0000000105b6c000 	/Users/anniewang/Desktop/MLLM-interpretability/MLLM-interpretability/.venv/lib/python3.12/site-packages/debugpy/_vendored/pydevd/_pydevd_sys_monitoring/_pydevd_sys_monitoring_cython.cpython-312-darwin.so
0x0000000120de0000 	/Users/anniewang/Desktop/MLLM-interpretability/MLLM-interpretability/.venv/lib/python3.12/site-packages/sudachipy/sudachipy.cpython-312-darwin.so
0x0000000120660000 	/Users/anniewang/Desktop/MLLM-interpretability/MLLM-interpretability/.venv/lib/python3.12/site-packages/yaml/_yaml.cpython-312-darwin.so
0x0000000104c48000 	/Library/Frameworks/Python.framework/Versions/3.12/lib/python3.12/lib-dynload/grp.cpython-312-darwin.so
0x0000000120a34000 	/Users/anniewang/Desktop/MLLM-interpretability/MLLM-interpretability/.venv/lib/python3.12/site-packages/_jpype.cpython-312-darwin.so
0x0000000104fb0000 	/Library/Java/JavaVirtualMachines/temurin-25.jdk/Contents/Home/lib/libjli.dylib
0x00000001bc383000 	/System/Library/Frameworks/Cocoa.framework/Versions/A/Cocoa
0x00000001a3b33000 	/System/Library/Frameworks/AppKit.framework/Versions/C/AppKit
0x000000024dc52000 	/System/Library/PrivateFrameworks/CollectionViewCore.framework/Versions/A/CollectionViewCore
0x00000001ab944000 	/System/Library/PrivateFrameworks/XCTTargetBootstrap.framework/Versions/A/XCTTargetBootstrap
0x00000001b08de000 	/System/Library/PrivateFrameworks/UserActivity.framework/Versions/A/UserActivity
0x000000027c5dc000 	/System/Library/PrivateFrameworks/UIIntelligenceSupport.framework/Versions/A/UIIntelligenceSupport
0x0000000206675000 	/System/Library/Frameworks/SwiftUICore.framework/Versions/A/SwiftUICore
0x0000000281662000 	/System/Library/PrivateFrameworks/WritingTools.framework/Versions/A/WritingTools
0x00000002806a6000 	/System/Library/PrivateFrameworks/WindowManagement.framework/Versions/A/WindowManagement
0x00000001ab92f000 	/System/Library/PrivateFrameworks/DFRFoundation.framework/Versions/A/DFRFoundation
0x00000001ab628000 	/System/Library/Frameworks/Carbon.framework/Versions/A/Frameworks/HIToolbox.framework/Versions/A/HIToolbox
0x00000001b53f1000 	/System/Library/Frameworks/Carbon.framework/Versions/A/Frameworks/SpeechRecognition.framework/Versions/A/SpeechRecognition
0x00000001c09d4000 	/System/Library/PrivateFrameworks/RenderBox.framework/Versions/A/RenderBox
0x00000001a9357000 	/System/Library/PrivateFrameworks/PerformanceAnalysis.framework/Versions/A/PerformanceAnalysis
0x00000001b5769000 	/System/Library/Frameworks/Accessibility.framework/Versions/A/Accessibility
0x0000000201b07000 	/System/Library/Frameworks/DataDetection.framework/Versions/A/DataDetection
0x0000000201b0a000 	/System/Library/Frameworks/DeveloperToolsSupport.framework/Versions/A/DeveloperToolsSupport
0x0000000207238000 	/System/Library/Frameworks/Symbols.framework/Versions/A/Symbols
0x000000028827f000 	/usr/lib/swift/libswiftDataDetection.dylib
0x00000001c5e3b000 	/usr/lib/swift/libswiftCoreGraphics.dylib
0x00000001b6113000 	/usr/lib/swift/libswiftFoundation.dylib
0x00000001fcb0e000 	/usr/lib/swift/libswiftSwiftOnoneSupport.dylib
0x00000001e8928000 	/System/Library/PrivateFrameworks/CoreMaterial.framework/Versions/A/CoreMaterial
0x000000026e8f6000 	/System/Library/PrivateFrameworks/SFSymbols.framework/Versions/A/SFSymbols
0x00000001b53de000 	/System/Library/PrivateFrameworks/SpeechRecognitionCore.framework/Versions/A/SpeechRecognitionCore
0x00000001b0587000 	/System/Library/PrivateFrameworks/InternationalSupport.framework/Versions/A/InternationalSupport
0x00000001b99a9000 	/System/Library/Frameworks/ApplicationServices.framework/Versions/A/ApplicationServices
0x00000001b1bb7000 	/System/Library/Frameworks/ApplicationServices.framework/Versions/A/Frameworks/ATS.framework/Versions/A/ATS
0x00000001a69a9000 	/System/Library/Frameworks/ApplicationServices.framework/Versions/A/Frameworks/HIServices.framework/Versions/A/HIServices
0x00000001b0470000 	/System/Library/Frameworks/ApplicationServices.framework/Versions/A/Frameworks/PrintCore.framework/Versions/A/PrintCore
0x00000001b1faa000 	/System/Library/Frameworks/ApplicationServices.framework/Versions/A/Frameworks/QD.framework/Versions/A/QD
0x00000001b1fa1000 	/System/Library/Frameworks/ApplicationServices.framework/Versions/A/Frameworks/ColorSyncLegacy.framework/Versions/A/ColorSyncLegacy
0x00000001b1b89000 	/System/Library/Frameworks/ApplicationServices.framework/Versions/A/Frameworks/SpeechSynthesis.framework/Versions/A/SpeechSynthesis
0x00000001ace47000 	/System/Library/PrivateFrameworks/CoreEmoji.framework/Versions/A/CoreEmoji
0x00000001b042d000 	/System/Library/Frameworks/ApplicationServices.framework/Versions/A/Frameworks/ATSUI.framework/Versions/A/ATSUI
0x00000001b1f35000 	/usr/lib/libcups.2.dylib
0x00000002005ae000 	/System/Library/Frameworks/AVFAudio.framework/Versions/A/AVFAudio
0x00000001c239a000 	/System/Library/PrivateFrameworks/AXCoreUtilities.framework/Versions/A/AXCoreUtilities
0x0000000260740000 	/System/Library/PrivateFrameworks/IsolatedCoreAudioClient.framework/Versions/A/IsolatedCoreAudioClient
0x00000001b344b000 	/System/Library/Frameworks/IOBluetooth.framework/Versions/A/IOBluetooth
0x000000027a84f000 	/System/Library/PrivateFrameworks/Tightbeam.framework/Versions/A/Tightbeam
0x000000024e733000 	/System/Library/PrivateFrameworks/CoreAudioOrchestration.framework/Versions/A/CoreAudioOrchestration
0x00000001df764000 	/System/Library/PrivateFrameworks/AFKUser.framework/Versions/A/AFKUser
0x00000001c8ab2000 	/usr/lib/swift/libswiftCoreAudio.dylib
0x00000001b66ab000 	/System/Library/Frameworks/CoreBluetooth.framework/Versions/A/CoreBluetooth
0x00000001b9ebb000 	/System/Library/Frameworks/AudioUnit.framework/Versions/A/AudioUnit
0x00000001acf0b000 	/System/Library/PrivateFrameworks/CoreUtils.framework/Versions/A/CoreUtils
0x00000002516e6000 	/System/Library/PrivateFrameworks/CoreUtilsExtras.framework/Versions/A/CoreUtilsExtras
0x000000025ce08000 	/System/Library/PrivateFrameworks/IO80211.framework/Versions/A/IO80211
0x00000001b5ae4000 	/System/Library/Frameworks/MediaAccessibility.framework/Versions/A/MediaAccessibility
0x00000001d10d0000 	/System/Library/PrivateFrameworks/AttributeGraph.framework/Versions/A/AttributeGraph
0x0000000286f3d000 	/usr/lib/libAXSafeCategoryBundle.dylib
0x00000001c2456000 	/usr/lib/libAccessibility.dylib
0x00000001b21a5000 	/System/Library/PrivateFrameworks/CorePhoneNumbers.framework/Versions/A/CorePhoneNumbers
0x00000001b7579000 	/System/Library/PrivateFrameworks/FrontBoardServices.framework/Versions/A/FrontBoardServices
0x00000001b9296000 	/System/Library/PrivateFrameworks/BackBoardServices.framework/Versions/A/BackBoardServices
0x00000001b76f3000 	/System/Library/PrivateFrameworks/GraphicsServices.framework/Versions/A/GraphicsServices
0x0000000201582000 	/System/Library/Frameworks/CoreTransferable.framework/Versions/A/CoreTransferable
0x00000001af82d000 	/System/Library/PrivateFrameworks/IconServices.framework/Versions/A/IconServices
0x00000001c8b2d000 	/usr/lib/swift/libswiftCoreImage.dylib
0x00000001af7e0000 	/System/Library/PrivateFrameworks/IconFoundation.framework/Versions/A/IconFoundation
0x00000001a90cd000 	/System/Library/PrivateFrameworks/CoreUI.framework/Versions/A/CoreUI
0x00000001b04e7000 	/System/Library/PrivateFrameworks/TextureIO.framework/Versions/A/TextureIO
0x00000001ab94a000 	/System/Library/PrivateFrameworks/CoreSVG.framework/Versions/A/CoreSVG
0x00000001df0a1000 	/usr/lib/swift/libswiftAccelerate.dylib
0x00000001af55d000 	/usr/lib/libIOReport.dylib
0x00000001b088f000 	/System/Library/PrivateFrameworks/DataDetectorsCore.framework/Versions/A/DataDetectorsCore
0x00000001cc430000 	/System/Library/PrivateFrameworks/TextInput.framework/Versions/A/TextInput
0x00000001a4fc4000 	/System/Library/PrivateFrameworks/UIFoundation.framework/Versions/A/UIFoundation
0x00000001247d0000 	/Library/Java/JavaVirtualMachines/temurin-25.jdk/Contents/Home/lib/server/libjvm.dylib
0x0000000104110000 	/Library/Java/JavaVirtualMachines/temurin-25.jdk/Contents/Home/lib/libjimage.dylib
0x0000000110bcc000 	/Library/Java/JavaVirtualMachines/temurin-25.jdk/Contents/Home/lib/libjava.dylib
0x0000000110900000 	/Library/Java/JavaVirtualMachines/temurin-25.jdk/Contents/Home/lib/libnio.dylib
0x0000000105be4000 	/Library/Java/JavaVirtualMachines/temurin-25.jdk/Contents/Home/lib/libnet.dylib
0x00000001207c0000 	/Library/Java/JavaVirtualMachines/temurin-25.jdk/Contents/Home/lib/libzip.dylib
0x0000000120644000 	/Library/Java/JavaVirtualMachines/temurin-25.jdk/Contents/Home/lib/libverify.dylib
0x0000000104fd8000 	/Library/Frameworks/Python.framework/Versions/3.12/lib/python3.12/lib-dynload/_zoneinfo.cpython-312-darwin.so
0x000000031e994000 	/Users/anniewang/Desktop/MLLM-interpretability/MLLM-interpretability/.venv/lib/python3.12/site-packages/numpy/_core/_multiarray_umath.cpython-312-darwin.so
0x0000000120da4000 	/Users/anniewang/Desktop/MLLM-interpretability/MLLM-interpretability/.venv/lib/python3.12/site-packages/numpy/linalg/_umath_linalg.cpython-312-darwin.so
0x000000031f0bc000 	/Users/anniewang/Desktop/MLLM-interpretability/MLLM-interpretability/.venv/lib/python3.12/site-packages/pyarrow/lib.cpython-312-darwin.so
0x000000031e648000 	/Users/anniewang/Desktop/MLLM-interpretability/MLLM-interpretability/.venv/lib/python3.12/site-packages/pyarrow/libarrow_python.2200.dylib
0x000000031f91c000 	/Users/anniewang/Desktop/MLLM-interpretability/MLLM-interpretability/.venv/lib/python3.12/site-packages/pyarrow/libarrow_substrait.2200.dylib
0x000000031f48c000 	/Users/anniewang/Desktop/MLLM-interpretability/MLLM-interpretability/.venv/lib/python3.12/site-packages/pyarrow/libarrow_dataset.2200.dylib
0x0000000328444000 	/Users/anniewang/Desktop/MLLM-interpretability/MLLM-interpretability/.venv/lib/python3.12/site-packages/pyarrow/libparquet.2200.dylib
0x000000031fdb0000 	/Users/anniewang/Desktop/MLLM-interpretability/MLLM-interpretability/.venv/lib/python3.12/site-packages/pyarrow/libarrow_acero.2200.dylib
0x0000000329778000 	/Users/anniewang/Desktop/MLLM-interpretability/MLLM-interpretability/.venv/lib/python3.12/site-packages/pyarrow/libarrow_compute.2200.dylib
0x000000032cfc0000 	/Users/anniewang/Desktop/MLLM-interpretability/MLLM-interpretability/.venv/lib/python3.12/site-packages/pyarrow/libarrow.2200.dylib
0x0000000123770000 	/Users/anniewang/Desktop/MLLM-interpretability/MLLM-interpretability/.venv/lib/python3.12/site-packages/numpy/random/_bounded_integers.cpython-312-darwin.so
0x0000000123724000 	/Users/anniewang/Desktop/MLLM-interpretability/MLLM-interpretability/.venv/lib/python3.12/site-packages/numpy/random/bit_generator.cpython-312-darwin.so
0x0000000124700000 	/Users/anniewang/Desktop/MLLM-interpretability/MLLM-interpretability/.venv/lib/python3.12/site-packages/numpy/random/_common.cpython-312-darwin.so
0x000000031d60c000 	/Users/anniewang/Desktop/MLLM-interpretability/MLLM-interpretability/.venv/lib/python3.12/site-packages/numpy/random/_generator.cpython-312-darwin.so
0x00000001237bc000 	/Users/anniewang/Desktop/MLLM-interpretability/MLLM-interpretability/.venv/lib/python3.12/site-packages/numpy/random/_pcg64.cpython-312-darwin.so
0x0000000124760000 	/Users/anniewang/Desktop/MLLM-interpretability/MLLM-interpretability/.venv/lib/python3.12/site-packages/numpy/random/_mt19937.cpython-312-darwin.so
0x00000001237e0000 	/Users/anniewang/Desktop/MLLM-interpretability/MLLM-interpretability/.venv/lib/python3.12/site-packages/numpy/random/_philox.cpython-312-darwin.so
0x0000000120a00000 	/Users/anniewang/Desktop/MLLM-interpretability/MLLM-interpretability/.venv/lib/python3.12/site-packages/numpy/random/_sfc64.cpython-312-darwin.so
0x000000031d548000 	/Users/anniewang/Desktop/MLLM-interpretability/MLLM-interpretability/.venv/lib/python3.12/site-packages/numpy/random/mtrand.cpython-312-darwin.so
0x00000001207e8000 	/Users/anniewang/Desktop/MLLM-interpretability/MLLM-interpretability/.venv/lib/python3.12/site-packages/pandas/_libs/pandas_parser.cpython-312-darwin.so
0x0000000120a18000 	/Users/anniewang/Desktop/MLLM-interpretability/MLLM-interpretability/.venv/lib/python3.12/site-packages/pandas/_libs/pandas_datetime.cpython-312-darwin.so
0x000000031ecf8000 	/Users/anniewang/Desktop/MLLM-interpretability/MLLM-interpretability/.venv/lib/python3.12/site-packages/pandas/_libs/interval.cpython-312-darwin.so
0x000000031f718000 	/Users/anniewang/Desktop/MLLM-interpretability/MLLM-interpretability/.venv/lib/python3.12/site-packages/pandas/_libs/hashtable.cpython-312-darwin.so
0x0000000135d68000 	/Users/anniewang/Desktop/MLLM-interpretability/MLLM-interpretability/.venv/lib/python3.12/site-packages/pandas/_libs/missing.cpython-312-darwin.so
0x0000000135d98000 	/Users/anniewang/Desktop/MLLM-interpretability/MLLM-interpretability/.venv/lib/python3.12/site-packages/pandas/_libs/tslibs/dtypes.cpython-312-darwin.so
0x00000001247a0000 	/Users/anniewang/Desktop/MLLM-interpretability/MLLM-interpretability/.venv/lib/python3.12/site-packages/pandas/_libs/tslibs/ccalendar.cpython-312-darwin.so
0x000000016c900000 	/Users/anniewang/Desktop/MLLM-interpretability/MLLM-interpretability/.venv/lib/python3.12/site-packages/pandas/_libs/tslibs/np_datetime.cpython-312-darwin.so
0x000000017e4b4000 	/Users/anniewang/Desktop/MLLM-interpretability/MLLM-interpretability/.venv/lib/python3.12/site-packages/pandas/_libs/tslibs/conversion.cpython-312-darwin.so
0x0000000124784000 	/Users/anniewang/Desktop/MLLM-interpretability/MLLM-interpretability/.venv/lib/python3.12/site-packages/pandas/_libs/tslibs/base.cpython-312-darwin.so
0x000000031edfc000 	/Users/anniewang/Desktop/MLLM-interpretability/MLLM-interpretability/.venv/lib/python3.12/site-packages/pandas/_libs/tslibs/offsets.cpython-312-darwin.so
0x000000031e824000 	/Users/anniewang/Desktop/MLLM-interpretability/MLLM-interpretability/.venv/lib/python3.12/site-packages/pandas/_libs/tslibs/timestamps.cpython-312-darwin.so
0x000000017e4f8000 	/Users/anniewang/Desktop/MLLM-interpretability/MLLM-interpretability/.venv/lib/python3.12/site-packages/pandas/_libs/tslibs/nattype.cpython-312-darwin.so
0x000000031e8b0000 	/Users/anniewang/Desktop/MLLM-interpretability/MLLM-interpretability/.venv/lib/python3.12/site-packages/pandas/_libs/tslibs/timedeltas.cpython-312-darwin.so
0x000000031d148000 	/Users/anniewang/Desktop/MLLM-interpretability/MLLM-interpretability/.venv/lib/python3.12/site-packages/pandas/_libs/tslibs/timezones.cpython-312-darwin.so
0x000000031d188000 	/Users/anniewang/Desktop/MLLM-interpretability/MLLM-interpretability/.venv/lib/python3.12/site-packages/pandas/_libs/tslibs/fields.cpython-312-darwin.so
0x000000031d300000 	/Users/anniewang/Desktop/MLLM-interpretability/MLLM-interpretability/.venv/lib/python3.12/site-packages/pandas/_libs/tslibs/tzconversion.cpython-312-darwin.so
0x000000016c928000 	/Users/anniewang/Desktop/MLLM-interpretability/MLLM-interpretability/.venv/lib/python3.12/site-packages/pandas/_libs/properties.cpython-312-darwin.so
0x000000031e92c000 	/Users/anniewang/Desktop/MLLM-interpretability/MLLM-interpretability/.venv/lib/python3.12/site-packages/pandas/_libs/tslibs/parsing.cpython-312-darwin.so
0x000000031eee0000 	/Users/anniewang/Desktop/MLLM-interpretability/MLLM-interpretability/.venv/lib/python3.12/site-packages/pandas/_libs/tslibs/strptime.cpython-312-darwin.so
0x000000031ef30000 	/Users/anniewang/Desktop/MLLM-interpretability/MLLM-interpretability/.venv/lib/python3.12/site-packages/pandas/_libs/tslibs/period.cpython-312-darwin.so
0x000000016c944000 	/Users/anniewang/Desktop/MLLM-interpretability/MLLM-interpretability/.venv/lib/python3.12/site-packages/pandas/_libs/tslibs/vectorized.cpython-312-darwin.so
0x0000000120dcc000 	/Users/anniewang/Desktop/MLLM-interpretability/MLLM-interpretability/.venv/lib/python3.12/site-packages/pandas/_libs/ops_dispatch.cpython-312-darwin.so
0x0000000328a14000 	/Users/anniewang/Desktop/MLLM-interpretability/MLLM-interpretability/.venv/lib/python3.12/site-packages/pandas/_libs/algos.cpython-312-darwin.so
0x0000000328888000 	/Users/anniewang/Desktop/MLLM-interpretability/MLLM-interpretability/.venv/lib/python3.12/site-packages/pandas/_libs/lib.cpython-312-darwin.so
0x0000000328e28000 	/Users/anniewang/Desktop/MLLM-interpretability/MLLM-interpretability/.venv/lib/python3.12/site-packages/pyarrow/_compute.cpython-312-darwin.so
0x000000031d70c000 	/Users/anniewang/Desktop/MLLM-interpretability/MLLM-interpretability/.venv/lib/python3.12/site-packages/pandas/_libs/ops.cpython-312-darwin.so
0x000000031d1d0000 	/Users/anniewang/Desktop/MLLM-interpretability/MLLM-interpretability/.venv/lib/python3.12/site-packages/pandas/_libs/hashing.cpython-312-darwin.so
0x000000017ffdc000 	/Users/anniewang/Desktop/MLLM-interpretability/MLLM-interpretability/.venv/lib/python3.12/site-packages/pandas/_libs/arrays.cpython-312-darwin.so
0x0000000328934000 	/Users/anniewang/Desktop/MLLM-interpretability/MLLM-interpretability/.venv/lib/python3.12/site-packages/pandas/_libs/tslib.cpython-312-darwin.so
0x0000000329300000 	/Users/anniewang/Desktop/MLLM-interpretability/MLLM-interpretability/.venv/lib/python3.12/site-packages/pandas/_libs/sparse.cpython-312-darwin.so
0x000000032897c000 	/Users/anniewang/Desktop/MLLM-interpretability/MLLM-interpretability/.venv/lib/python3.12/site-packages/pandas/_libs/internals.cpython-312-darwin.so
0x0000000125de8000 	/Users/anniewang/Desktop/MLLM-interpretability/MLLM-interpretability/.venv/lib/python3.12/site-packages/pandas/_libs/indexing.cpython-312-darwin.so
0x000000032956c000 	/Users/anniewang/Desktop/MLLM-interpretability/MLLM-interpretability/.venv/lib/python3.12/site-packages/pandas/_libs/index.cpython-312-darwin.so
0x000000031f8c8000 	/Users/anniewang/Desktop/MLLM-interpretability/MLLM-interpretability/.venv/lib/python3.12/site-packages/pandas/_libs/writers.cpython-312-darwin.so
0x000000032a76c000 	/Users/anniewang/Desktop/MLLM-interpretability/MLLM-interpretability/.venv/lib/python3.12/site-packages/pandas/_libs/join.cpython-312-darwin.so
0x0000000110920000 	/Library/Frameworks/Python.framework/Versions/3.12/lib/python3.12/lib-dynload/mmap.cpython-312-darwin.so
0x0000000329154000 	/Users/anniewang/Desktop/MLLM-interpretability/MLLM-interpretability/.venv/lib/python3.12/site-packages/pandas/_libs/window/aggregations.cpython-312-darwin.so
0x000000031d6d4000 	/Users/anniewang/Desktop/MLLM-interpretability/MLLM-interpretability/.venv/lib/python3.12/site-packages/pandas/_libs/window/indexers.cpython-312-darwin.so
0x00000003291a8000 	/Users/anniewang/Desktop/MLLM-interpretability/MLLM-interpretability/.venv/lib/python3.12/site-packages/pandas/_libs/reshape.cpython-312-darwin.so
0x000000032ac5c000 	/Users/anniewang/Desktop/MLLM-interpretability/MLLM-interpretability/.venv/lib/python3.12/site-packages/pandas/_libs/groupby.cpython-312-darwin.so
0x0000000135dcc000 	/Users/anniewang/Desktop/MLLM-interpretability/MLLM-interpretability/.venv/lib/python3.12/site-packages/pandas/_libs/json.cpython-312-darwin.so
0x000000032a670000 	/Users/anniewang/Desktop/MLLM-interpretability/MLLM-interpretability/.venv/lib/python3.12/site-packages/pandas/_libs/parsers.cpython-312-darwin.so
0x00000003289d4000 	/Users/anniewang/Desktop/MLLM-interpretability/MLLM-interpretability/.venv/lib/python3.12/site-packages/pandas/_libs/testing.cpython-312-darwin.so
0x0000000123758000 	/Library/Frameworks/Python.framework/Versions/3.12/lib/python3.12/lib-dynload/cmath.cpython-312-darwin.so
0x00000001045f0000 	/Users/anniewang/Desktop/MLLM-interpretability/MLLM-interpretability/.venv/lib/python3.12/site-packages/charset_normalizer/md.cpython-312-darwin.so
0x000000031ffc0000 	/Users/anniewang/Desktop/MLLM-interpretability/MLLM-interpretability/.venv/lib/python3.12/site-packages/charset_normalizer/md__mypyc.cpython-312-darwin.so
0x0000000135de4000 	/Library/Frameworks/Python.framework/Versions/3.12/lib/python3.12/lib-dynload/_multibytecodec.cpython-312-darwin.so
0x000000032b600000 	/Users/anniewang/Desktop/MLLM-interpretability/MLLM-interpretability/.venv/lib/python3.12/site-packages/regex/_regex.cpython-312-darwin.so
0x0000000103788000 	/Users/anniewang/Desktop/MLLM-interpretability/MLLM-interpretability/.venv/lib/python3.12/site-packages/torch/lib/libtorch_global_deps.dylib
0x00000001fd69e000 	/System/Library/PrivateFrameworks/ANECompiler.framework/Versions/A/ANECompiler
0x00000001bc027000 	/System/Library/PrivateFrameworks/AppleNeuralEngine.framework/Versions/A/AppleNeuralEngine
0x000000020393d000 	/System/Library/Frameworks/MetalPerformanceShadersGraph.framework/Versions/A/MetalPerformanceShadersGraph
0x00000001baefd000 	/System/Library/PrivateFrameworks/ANEServices.framework/Versions/A/ANEServices
0x00000001a3ad8000 	/usr/lib/libsandbox.1.dylib
0x00000001af6fc000 	/usr/lib/libMatch.1.dylib
0x00000001247bc000 	/Users/anniewang/Desktop/MLLM-interpretability/MLLM-interpretability/.venv/lib/python3.12/site-packages/torch/_C.cpython-312-darwin.so
0x0000000331578000 	/Users/anniewang/Desktop/MLLM-interpretability/MLLM-interpretability/.venv/lib/python3.12/site-packages/torch/lib/libtorch_python.dylib
0x0000000103824000 	/Users/anniewang/Desktop/MLLM-interpretability/MLLM-interpretability/.venv/lib/python3.12/site-packages/torch/lib/libtorch.dylib
0x000000031d5ec000 	/Users/anniewang/Desktop/MLLM-interpretability/MLLM-interpretability/.venv/lib/python3.12/site-packages/torch/lib/libshm.dylib
0x000000033fe64000 	/Users/anniewang/Desktop/MLLM-interpretability/MLLM-interpretability/.venv/lib/python3.12/site-packages/torch/lib/libtorch_cpu.dylib
0x000000032b8d0000 	/Users/anniewang/Desktop/MLLM-interpretability/MLLM-interpretability/.venv/lib/python3.12/site-packages/torch/lib/libc10.dylib
0x000000032b7c4000 	/Users/anniewang/Desktop/MLLM-interpretability/MLLM-interpretability/.venv/lib/python3.12/site-packages/torch/lib/libomp.dylib
0x000000016c978000 	/Library/Frameworks/Python.framework/Versions/3.12/lib/python3.12/lib-dynload/_multiprocessing.cpython-312-darwin.so
0x000000031f09c000 	/Library/Frameworks/Python.framework/Versions/3.12/lib/python3.12/lib-dynload/_posixshmem.cpython-312-darwin.so
0x0000000336b00000 	/Users/anniewang/Desktop/MLLM-interpretability/MLLM-interpretability/.venv/lib/python3.12/site-packages/safetensors/_safetensors_rust.abi3.so
0x000000031e984000 	/Users/anniewang/Desktop/MLLM-interpretability/MLLM-interpretability/.venv/lib/python3.12/site-packages/markupsafe/_speedups.cpython-312-darwin.so
0x0000000328e00000 	/Library/Frameworks/Python.framework/Versions/3.12/lib/python3.12/lib-dynload/_elementtree.cpython-312-darwin.so
0x000000032ab68000 	/Users/anniewang/Desktop/MLLM-interpretability/MLLM-interpretability/.venv/lib/python3.12/site-packages/PIL/_imaging.cpython-312-darwin.so
0x000000032f924000 	/Users/anniewang/Desktop/MLLM-interpretability/MLLM-interpretability/.venv/lib/python3.12/site-packages/PIL/.dylibs/libtiff.6.dylib
0x000000032cf00000 	/Users/anniewang/Desktop/MLLM-interpretability/MLLM-interpretability/.venv/lib/python3.12/site-packages/PIL/.dylibs/libjpeg.62.4.0.dylib
0x0000000333238000 	/Users/anniewang/Desktop/MLLM-interpretability/MLLM-interpretability/.venv/lib/python3.12/site-packages/PIL/.dylibs/libopenjp2.2.5.4.dylib
0x0000000328bd0000 	/Users/anniewang/Desktop/MLLM-interpretability/MLLM-interpretability/.venv/lib/python3.12/site-packages/PIL/.dylibs/libz.1.3.1.zlib-ng.dylib
0x0000000329730000 	/Users/anniewang/Desktop/MLLM-interpretability/MLLM-interpretability/.venv/lib/python3.12/site-packages/PIL/.dylibs/libxcb.1.1.0.dylib
0x000000032a6e0000 	/Users/anniewang/Desktop/MLLM-interpretability/MLLM-interpretability/.venv/lib/python3.12/site-packages/PIL/.dylibs/liblzma.5.dylib
0x00000003289fc000 	/Users/anniewang/Desktop/MLLM-interpretability/MLLM-interpretability/.venv/lib/python3.12/site-packages/PIL/.dylibs/libXau.6.dylib
0x0000000339c1c000 	/Users/anniewang/Desktop/MLLM-interpretability/MLLM-interpretability/.venv/lib/python3.12/site-packages/tokenizers/tokenizers.abi3.so
0x000000032abf4000 	/Users/anniewang/Desktop/MLLM-interpretability/MLLM-interpretability/.venv/lib/python3.12/site-packages/numpy/fft/_pocketfft_umath.cpython-312-darwin.so
0x000000031f900000 	/Library/Frameworks/Python.framework/Versions/3.12/lib/python3.12/lib-dynload/_statistics.cpython-312-darwin.so
0x0000000328bb8000 	/Users/anniewang/Desktop/MLLM-interpretability/MLLM-interpretability/.venv/lib/python3.12/site-packages/sklearn/__check_build/_check_build.cpython-312-darwin.so
0x00000003294cc000 	/Users/anniewang/Desktop/MLLM-interpretability/MLLM-interpretability/.venv/lib/python3.12/site-packages/scipy/_lib/_ccallback_c.cpython-312-darwin.so
0x000000033b76c000 	/Users/anniewang/Desktop/MLLM-interpretability/MLLM-interpretability/.venv/lib/python3.12/site-packages/scipy/sparse/_sparsetools.cpython-312-darwin.so
0x0000000331500000 	/Users/anniewang/Desktop/MLLM-interpretability/MLLM-interpretability/.venv/lib/python3.12/site-packages/scipy/sparse/_csparsetools.cpython-312-darwin.so
0x000000032a730000 	/Users/anniewang/Desktop/MLLM-interpretability/MLLM-interpretability/.venv/lib/python3.12/site-packages/scipy/_cyutility.cpython-312-darwin.so
0x000000033bc00000 	/Users/anniewang/Desktop/MLLM-interpretability/MLLM-interpretability/.venv/lib/python3.12/site-packages/scipy/special/_ufuncs.cpython-312-darwin.so
0x000000033bdfc000 	/Users/anniewang/Desktop/MLLM-interpretability/MLLM-interpretability/.venv/lib/python3.12/site-packages/scipy/special/_ufuncs_cxx.cpython-312-darwin.so
0x00000003294ec000 	/Users/anniewang/Desktop/MLLM-interpretability/MLLM-interpretability/.venv/lib/python3.12/site-packages/scipy/special/_ellip_harm_2.cpython-312-darwin.so
0x000000033c050000 	/Users/anniewang/Desktop/MLLM-interpretability/MLLM-interpretability/.venv/lib/python3.12/site-packages/scipy/special/_special_ufuncs.cpython-312-darwin.so
0x000000033bf38000 	/Users/anniewang/Desktop/MLLM-interpretability/MLLM-interpretability/.venv/lib/python3.12/site-packages/scipy/special/_gufuncs.cpython-312-darwin.so
0x000000032ae84000 	/Users/anniewang/Desktop/MLLM-interpretability/MLLM-interpretability/.venv/lib/python3.12/site-packages/scipy/special/_specfun.cpython-312-darwin.so
0x00000003291ec000 	/Users/anniewang/Desktop/MLLM-interpretability/MLLM-interpretability/.venv/lib/python3.12/site-packages/scipy/special/_comb.cpython-312-darwin.so
0x000000033c1f0000 	/Users/anniewang/Desktop/MLLM-interpretability/MLLM-interpretability/.venv/lib/python3.12/site-packages/scipy/linalg/_fblas.cpython-312-darwin.so
0x000000033c544000 	/Users/anniewang/Desktop/MLLM-interpretability/MLLM-interpretability/.venv/lib/python3.12/site-packages/scipy/linalg/_flapack.cpython-312-darwin.so
0x000000033bfd4000 	/Users/anniewang/Desktop/MLLM-interpretability/MLLM-interpretability/.venv/lib/python3.12/site-packages/scipy/linalg/_cythonized_array_utils.cpython-312-darwin.so
0x000000033c424000 	/Users/anniewang/Desktop/MLLM-interpretability/MLLM-interpretability/.venv/lib/python3.12/site-packages/scipy/linalg/cython_lapack.cpython-312-darwin.so
0x000000032aeb4000 	/Users/anniewang/Desktop/MLLM-interpretability/MLLM-interpretability/.venv/lib/python3.12/site-packages/scipy/linalg/_solve_toeplitz.cpython-312-darwin.so
0x000000032950c000 	/Users/anniewang/Desktop/MLLM-interpretability/MLLM-interpretability/.venv/lib/python3.12/site-packages/scipy/linalg/_decomp_lu_cython.cpython-312-darwin.so
0x00000003294ac000 	/Users/anniewang/Desktop/MLLM-interpretability/MLLM-interpretability/.venv/lib/python3.12/site-packages/scipy/linalg/_matfuncs_schur_sqrtm.cpython-312-darwin.so
0x000000032ae54000 	/Users/anniewang/Desktop/MLLM-interpretability/MLLM-interpretability/.venv/lib/python3.12/site-packages/scipy/linalg/_matfuncs_expm.cpython-312-darwin.so
0x000000032b884000 	/Users/anniewang/Desktop/MLLM-interpretability/MLLM-interpretability/.venv/lib/python3.12/site-packages/scipy/linalg/_linalg_pythran.cpython-312-darwin.so
0x000000033a638000 	/Users/anniewang/Desktop/MLLM-interpretability/MLLM-interpretability/.venv/lib/python3.12/site-packages/scipy/linalg/_decomp_update.cpython-312-darwin.so
0x000000033a6c4000 	/Users/anniewang/Desktop/MLLM-interpretability/MLLM-interpretability/.venv/lib/python3.12/site-packages/scipy/linalg/cython_blas.cpython-312-darwin.so
0x000000033c378000 	/Users/anniewang/Desktop/MLLM-interpretability/MLLM-interpretability/.venv/lib/python3.12/site-packages/scipy/sparse/linalg/_dsolve/_superlu.cpython-312-darwin.so
0x000000033c9e0000 	/Users/anniewang/Desktop/MLLM-interpretability/MLLM-interpretability/.venv/lib/python3.12/site-packages/scipy/sparse/linalg/_eigen/arpack/_arpack.cpython-312-darwin.so
0x000000033cc2c000 	/Users/anniewang/Desktop/MLLM-interpretability/MLLM-interpretability/.venv/lib/python3.12/site-packages/scipy/.dylibs/libgfortran.5.dylib
0x000000033c968000 	/Users/anniewang/Desktop/MLLM-interpretability/MLLM-interpretability/.venv/lib/python3.12/site-packages/scipy/.dylibs/libquadmath.0.dylib
0x000000033b4c0000 	/Users/anniewang/Desktop/MLLM-interpretability/MLLM-interpretability/.venv/lib/python3.12/site-packages/scipy/.dylibs/libgcc_s.1.1.dylib
0x0000000339a64000 	/Users/anniewang/Desktop/MLLM-interpretability/MLLM-interpretability/.venv/lib/python3.12/site-packages/scipy/sparse/linalg/_propack/_spropack.cpython-312-darwin.so
0x000000033a67c000 	/Users/anniewang/Desktop/MLLM-interpretability/MLLM-interpretability/.venv/lib/python3.12/site-packages/scipy/sparse/linalg/_propack/_dpropack.cpython-312-darwin.so
0x000000033c730000 	/Users/anniewang/Desktop/MLLM-interpretability/MLLM-interpretability/.venv/lib/python3.12/site-packages/scipy/sparse/linalg/_propack/_cpropack.cpython-312-darwin.so
0x000000033cb8c000 	/Users/anniewang/Desktop/MLLM-interpretability/MLLM-interpretability/.venv/lib/python3.12/site-packages/scipy/sparse/linalg/_propack/_zpropack.cpython-312-darwin.so
0x000000033cf8c000 	/Users/anniewang/Desktop/MLLM-interpretability/MLLM-interpretability/.venv/lib/python3.12/site-packages/scipy/spatial/_ckdtree.cpython-312-darwin.so
0x000000033d0d4000 	/Users/anniewang/Desktop/MLLM-interpretability/MLLM-interpretability/.venv/lib/python3.12/site-packages/scipy/spatial/_qhull.cpython-312-darwin.so
0x000000032aedc000 	/Users/anniewang/Desktop/MLLM-interpretability/MLLM-interpretability/.venv/lib/python3.12/site-packages/scipy/_lib/messagestream.cpython-312-darwin.so
0x000000032b8a8000 	/Users/anniewang/Desktop/MLLM-interpretability/MLLM-interpretability/.venv/lib/python3.12/site-packages/scipy/spatial/_voronoi.cpython-312-darwin.so
0x000000032f9e4000 	/Users/anniewang/Desktop/MLLM-interpretability/MLLM-interpretability/.venv/lib/python3.12/site-packages/scipy/spatial/_hausdorff.cpython-312-darwin.so
0x000000033d190000 	/Users/anniewang/Desktop/MLLM-interpretability/MLLM-interpretability/.venv/lib/python3.12/site-packages/scipy/spatial/_distance_pybind.cpython-312-darwin.so
0x0000000339a20000 	/Users/anniewang/Desktop/MLLM-interpretability/MLLM-interpretability/.venv/lib/python3.12/site-packages/scipy/spatial/_distance_wrap.cpython-312-darwin.so
0x000000033d284000 	/Users/anniewang/Desktop/MLLM-interpretability/MLLM-interpretability/.venv/lib/python3.12/site-packages/scipy/spatial/transform/_rigid_transform.cpython-312-darwin.so
0x000000033d374000 	/Users/anniewang/Desktop/MLLM-interpretability/MLLM-interpretability/.venv/lib/python3.12/site-packages/scipy/spatial/transform/_rotation.cpython-312-darwin.so
0x0000000339a8c000 	/Users/anniewang/Desktop/MLLM-interpretability/MLLM-interpretability/.venv/lib/python3.12/site-packages/scipy/optimize/_group_columns.cpython-312-darwin.so
0x000000033c900000 	/Users/anniewang/Desktop/MLLM-interpretability/MLLM-interpretability/.venv/lib/python3.12/site-packages/scipy/optimize/_trlib/_trlib.cpython-312-darwin.so
0x000000032954c000 	/Users/anniewang/Desktop/MLLM-interpretability/MLLM-interpretability/.venv/lib/python3.12/site-packages/scipy/optimize/_lbfgsb.cpython-312-darwin.so
0x000000033c774000 	/Users/anniewang/Desktop/MLLM-interpretability/MLLM-interpretability/.venv/lib/python3.12/site-packages/scipy/optimize/_moduleTNC.cpython-312-darwin.so
0x000000032ac48000 	/Users/anniewang/Desktop/MLLM-interpretability/MLLM-interpretability/.venv/lib/python3.12/site-packages/scipy/optimize/_slsqplib.cpython-312-darwin.so
0x000000033b700000 	/Users/anniewang/Desktop/MLLM-interpretability/MLLM-interpretability/.venv/lib/python3.12/site-packages/scipy/optimize/_minpack.cpython-312-darwin.so
0x000000033bde0000 	/Users/anniewang/Desktop/MLLM-interpretability/MLLM-interpretability/.venv/lib/python3.12/site-packages/scipy/optimize/_lsq/givens_elimination.cpython-312-darwin.so
0x0000000328ba4000 	/Users/anniewang/Desktop/MLLM-interpretability/MLLM-interpretability/.venv/lib/python3.12/site-packages/scipy/optimize/_zeros.cpython-312-darwin.so
0x000000033db9c000 	/Users/anniewang/Desktop/MLLM-interpretability/MLLM-interpretability/.venv/lib/python3.12/site-packages/scipy/optimize/_highspy/_core.cpython-312-darwin.so
0x000000033d808000 	/Users/anniewang/Desktop/MLLM-interpretability/MLLM-interpretability/.venv/lib/python3.12/site-packages/scipy/optimize/_highspy/_highs_options.cpython-312-darwin.so
0x000000033d914000 	/Users/anniewang/Desktop/MLLM-interpretability/MLLM-interpretability/.venv/lib/python3.12/site-packages/scipy/linalg/_decomp_interpolative.cpython-312-darwin.so
0x000000033c3c0000 	/Users/anniewang/Desktop/MLLM-interpretability/MLLM-interpretability/.venv/lib/python3.12/site-packages/scipy/_lib/_uarray/_uarray.cpython-312-darwin.so
0x000000033da88000 	/Users/anniewang/Desktop/MLLM-interpretability/MLLM-interpretability/.venv/lib/python3.12/site-packages/scipy/fft/_pocketfft/pypocketfft.cpython-312-darwin.so
0x000000033ca58000 	/Users/anniewang/Desktop/MLLM-interpretability/MLLM-interpretability/.venv/lib/python3.12/site-packages/scipy/optimize/_bglu_dense.cpython-312-darwin.so
0x0000000339aec000 	/Users/anniewang/Desktop/MLLM-interpretability/MLLM-interpretability/.venv/lib/python3.12/site-packages/scipy/optimize/_lsap.cpython-312-darwin.so
0x000000033d320000 	/Users/anniewang/Desktop/MLLM-interpretability/MLLM-interpretability/.venv/lib/python3.12/site-packages/scipy/optimize/_pava_pybind.cpython-312-darwin.so
0x0000000339c00000 	/Users/anniewang/Desktop/MLLM-interpretability/MLLM-interpretability/.venv/lib/python3.12/site-packages/scipy/optimize/_direct.cpython-312-darwin.so
0x000000033c4d0000 	/Users/anniewang/Desktop/MLLM-interpretability/MLLM-interpretability/.venv/lib/python3.12/site-packages/scipy/integrate/_odepack.cpython-312-darwin.so
0x000000033c1a8000 	/Users/anniewang/Desktop/MLLM-interpretability/MLLM-interpretability/.venv/lib/python3.12/site-packages/scipy/integrate/_quadpack.cpython-312-darwin.so
0x000000033cb24000 	/Users/anniewang/Desktop/MLLM-interpretability/MLLM-interpretability/.venv/lib/python3.12/site-packages/scipy/integrate/_vode.cpython-312-darwin.so
0x000000033c7bc000 	/Users/anniewang/Desktop/MLLM-interpretability/MLLM-interpretability/.venv/lib/python3.12/site-packages/scipy/integrate/_dop.cpython-312-darwin.so
0x000000033cac0000 	/Users/anniewang/Desktop/MLLM-interpretability/MLLM-interpretability/.venv/lib/python3.12/site-packages/scipy/integrate/_lsoda.cpython-312-darwin.so
0x000000033cf40000 	/Users/anniewang/Desktop/MLLM-interpretability/MLLM-interpretability/.venv/lib/python3.12/site-packages/scipy/interpolate/_fitpack.cpython-312-darwin.so
0x000000033e668000 	/Users/anniewang/Desktop/MLLM-interpretability/MLLM-interpretability/.venv/lib/python3.12/site-packages/scipy/interpolate/_dfitpack.cpython-312-darwin.so
0x000000033c514000 	/Users/anniewang/Desktop/MLLM-interpretability/MLLM-interpretability/.venv/lib/python3.12/site-packages/scipy/interpolate/_dierckx.cpython-312-darwin.so
0x000000033d9e8000 	/Users/anniewang/Desktop/MLLM-interpretability/MLLM-interpretability/.venv/lib/python3.12/site-packages/scipy/interpolate/_ppoly.cpython-312-darwin.so
0x000000033e07c000 	/Users/anniewang/Desktop/MLLM-interpretability/MLLM-interpretability/.venv/lib/python3.12/site-packages/scipy/interpolate/_interpnd.cpython-312-darwin.so
0x000000033f000000 	/Users/anniewang/Desktop/MLLM-interpretability/MLLM-interpretability/.venv/lib/python3.12/site-packages/scipy/interpolate/_rbfinterp_pythran.cpython-312-darwin.so
0x000000033d534000 	/Users/anniewang/Desktop/MLLM-interpretability/MLLM-interpretability/.venv/lib/python3.12/site-packages/scipy/interpolate/_rgi_cython.cpython-312-darwin.so
0x000000033f240000 	/Users/anniewang/Desktop/MLLM-interpretability/MLLM-interpretability/.venv/lib/python3.12/site-packages/scipy/stats/_stats.cpython-312-darwin.so
0x000000033f4cc000 	/Users/anniewang/Desktop/MLLM-interpretability/MLLM-interpretability/.venv/lib/python3.12/site-packages/scipy/special/cython_special.cpython-312-darwin.so
0x000000033db6c000 	/Users/anniewang/Desktop/MLLM-interpretability/MLLM-interpretability/.venv/lib/python3.12/site-packages/scipy/stats/_biasedurn.cpython-312-darwin.so
0x000000033e300000 	/Users/anniewang/Desktop/MLLM-interpretability/MLLM-interpretability/.venv/lib/python3.12/site-packages/scipy/stats/_stats_pythran.cpython-312-darwin.so
0x000000033b4ec000 	/Users/anniewang/Desktop/MLLM-interpretability/MLLM-interpretability/.venv/lib/python3.12/site-packages/scipy/stats/_levy_stable/levyst.cpython-312-darwin.so
0x000000033d22c000 	/Users/anniewang/Desktop/MLLM-interpretability/MLLM-interpretability/.venv/lib/python3.12/site-packages/scipy/stats/_ansari_swilk_statistics.cpython-312-darwin.so
0x000000033f84c000 	/Users/anniewang/Desktop/MLLM-interpretability/MLLM-interpretability/.venv/lib/python3.12/site-packages/scipy/sparse/csgraph/_shortest_path.cpython-312-darwin.so
0x000000033e600000 	/Users/anniewang/Desktop/MLLM-interpretability/MLLM-interpretability/.venv/lib/python3.12/site-packages/scipy/sparse/csgraph/_tools.cpython-312-darwin.so
0x000000033f928000 	/Users/anniewang/Desktop/MLLM-interpretability/MLLM-interpretability/.venv/lib/python3.12/site-packages/scipy/sparse/csgraph/_traversal.cpython-312-darwin.so
0x000000033d2dc000 	/Users/anniewang/Desktop/MLLM-interpretability/MLLM-interpretability/.venv/lib/python3.12/site-packages/scipy/sparse/csgraph/_min_spanning_tree.cpython-312-darwin.so
0x000000033e71c000 	/Users/anniewang/Desktop/MLLM-interpretability/MLLM-interpretability/.venv/lib/python3.12/site-packages/scipy/sparse/csgraph/_flow.cpython-312-darwin.so
0x000000033e784000 	/Users/anniewang/Desktop/MLLM-interpretability/MLLM-interpretability/.venv/lib/python3.12/site-packages/scipy/sparse/csgraph/_matching.cpython-312-darwin.so
0x000000033f16c000 	/Users/anniewang/Desktop/MLLM-interpretability/MLLM-interpretability/.venv/lib/python3.12/site-packages/scipy/sparse/csgraph/_reordering.cpython-312-darwin.so
0x000000033f478000 	/Users/anniewang/Desktop/MLLM-interpretability/MLLM-interpretability/.venv/lib/python3.12/site-packages/scipy/stats/_sobol.cpython-312-darwin.so
0x000000033d50c000 	/Users/anniewang/Desktop/MLLM-interpretability/MLLM-interpretability/.venv/lib/python3.12/site-packages/scipy/stats/_qmc_cy.cpython-312-darwin.so
0x000000033c9c4000 	/Users/anniewang/Desktop/MLLM-interpretability/MLLM-interpretability/.venv/lib/python3.12/site-packages/scipy/stats/_rcont/rcont.cpython-312-darwin.so
0x000000033d598000 	/Users/anniewang/Desktop/MLLM-interpretability/MLLM-interpretability/.venv/lib/python3.12/site-packages/scipy/stats/_qmvnt_cy.cpython-312-darwin.so
0x000000033f3ac000 	/Users/anniewang/Desktop/MLLM-interpretability/MLLM-interpretability/.venv/lib/python3.12/site-packages/scipy/ndimage/_nd_image.cpython-312-darwin.so
0x000000032a75c000 	/Users/anniewang/Desktop/MLLM-interpretability/MLLM-interpretability/.venv/lib/python3.12/site-packages/scipy/ndimage/_rank_filter_1d.cpython-312-darwin.so
0x000000033f984000 	/Users/anniewang/Desktop/MLLM-interpretability/MLLM-interpretability/.venv/lib/python3.12/site-packages/scipy/ndimage/_ni_label.cpython-312-darwin.so
0x000000033d354000 	/Users/anniewang/Desktop/MLLM-interpretability/MLLM-interpretability/.venv/lib/python3.12/site-packages/sklearn/utils/_isfinite.cpython-312-darwin.so
0x000000033f8cc000 	/Users/anniewang/Desktop/MLLM-interpretability/MLLM-interpretability/.venv/lib/python3.12/site-packages/sklearn/_cyutility.cpython-312-darwin.so
0x000000034ccfc000 	/Users/anniewang/Desktop/MLLM-interpretability/MLLM-interpretability/.venv/lib/python3.12/site-packages/sklearn/utils/sparsefuncs_fast.cpython-312-darwin.so
0x000000033d5dc000 	/Users/anniewang/Desktop/MLLM-interpretability/MLLM-interpretability/.venv/lib/python3.12/site-packages/sklearn/utils/murmurhash.cpython-312-darwin.so
0x000000033d058000 	/Users/anniewang/Desktop/MLLM-interpretability/MLLM-interpretability/.venv/lib/python3.12/site-packages/sklearn/utils/_openmp_helpers.cpython-312-darwin.so
0x000000034cf34000 	/Users/anniewang/Desktop/MLLM-interpretability/MLLM-interpretability/.venv/lib/python3.12/site-packages/sklearn/.dylibs/libomp.dylib
0x000000033d684000 	/Users/anniewang/Desktop/MLLM-interpretability/MLLM-interpretability/.venv/lib/python3.12/site-packages/sklearn/metrics/cluster/_expected_mutual_info_fast.cpython-312-darwin.so
0x000000033fabc000 	/Users/anniewang/Desktop/MLLM-interpretability/MLLM-interpretability/.venv/lib/python3.12/site-packages/sklearn/preprocessing/_csr_polynomial_expansion.cpython-312-darwin.so
0x000000034cfe0000 	/Users/anniewang/Desktop/MLLM-interpretability/MLLM-interpretability/.venv/lib/python3.12/site-packages/sklearn/preprocessing/_target_encoder_fast.cpython-312-darwin.so
0x000000034d0b0000 	/Users/anniewang/Desktop/MLLM-interpretability/MLLM-interpretability/.venv/lib/python3.12/site-packages/sklearn/metrics/_dist_metrics.cpython-312-darwin.so
0x000000033fc8c000 	/Users/anniewang/Desktop/MLLM-interpretability/MLLM-interpretability/.venv/lib/python3.12/site-packages/sklearn/metrics/_pairwise_distances_reduction/_argkmin.cpython-312-darwin.so
0x000000033fa20000 	/Users/anniewang/Desktop/MLLM-interpretability/MLLM-interpretability/.venv/lib/python3.12/site-packages/sklearn/metrics/_pairwise_distances_reduction/_base.cpython-312-darwin.so
0x000000034d1d4000 	/Users/anniewang/Desktop/MLLM-interpretability/MLLM-interpretability/.venv/lib/python3.12/site-packages/sklearn/metrics/_pairwise_distances_reduction/_datasets_pair.cpython-312-darwin.so
0x000000034d280000 	/Users/anniewang/Desktop/MLLM-interpretability/MLLM-interpretability/.venv/lib/python3.12/site-packages/sklearn/utils/_cython_blas.cpython-312-darwin.so
0x000000034d2cc000 	/Users/anniewang/Desktop/MLLM-interpretability/MLLM-interpretability/.venv/lib/python3.12/site-packages/sklearn/metrics/_pairwise_distances_reduction/_middle_term_computer.cpython-312-darwin.so
0x000000032ae70000 	/Users/anniewang/Desktop/MLLM-interpretability/MLLM-interpretability/.venv/lib/python3.12/site-packages/sklearn/utils/_heap.cpython-312-darwin.so
0x000000032b8c0000 	/Users/anniewang/Desktop/MLLM-interpretability/MLLM-interpretability/.venv/lib/python3.12/site-packages/sklearn/utils/_sorting.cpython-312-darwin.so
0x000000033f8f8000 	/Users/anniewang/Desktop/MLLM-interpretability/MLLM-interpretability/.venv/lib/python3.12/site-packages/sklearn/metrics/_pairwise_distances_reduction/_argkmin_classmode.cpython-312-darwin.so
0x000000034cc04000 	/Users/anniewang/Desktop/MLLM-interpretability/MLLM-interpretability/.venv/lib/python3.12/site-packages/sklearn/metrics/_pairwise_distances_reduction/_radius_neighbors.cpython-312-darwin.so
0x000000033e368000 	/Users/anniewang/Desktop/MLLM-interpretability/MLLM-interpretability/.venv/lib/python3.12/site-packages/sklearn/utils/_vector_sentinel.cpython-312-darwin.so
0x000000033f9ec000 	/Users/anniewang/Desktop/MLLM-interpretability/MLLM-interpretability/.venv/lib/python3.12/site-packages/sklearn/metrics/_pairwise_distances_reduction/_radius_neighbors_classmode.cpython-312-darwin.so
0x000000034cb58000 	/Users/anniewang/Desktop/MLLM-interpretability/MLLM-interpretability/.venv/lib/python3.12/site-packages/sklearn/metrics/_pairwise_fast.cpython-312-darwin.so

JVMTI agents: none


VM Arguments:
jvm_args: -Dfile.encoding=UTF8 -ea -Xmx1024m 
java_command: <unknown>
java_class_path (initial): /Users/anniewang/Desktop/MLLM-interpretability/MLLM-interpretability/.venv/lib/python3.12/site-packages/konlpy/java:/Users/anniewang/Desktop/MLLM-interpretability/MLLM-interpretability/.venv/lib/python3.12/site-packages/konlpy/java/bin:/Users/anniewang/Desktop/MLLM-interpretability/MLLM-interpretability/.venv/lib/python3.12/site-packages/konlpy/java/scala-library-2.12.3.jar:/Users/anniewang/Desktop/MLLM-interpretability/MLLM-interpretability/.venv/lib/python3.12/site-packages/konlpy/java/twitter-text-1.14.7.jar:/Users/anniewang/Desktop/MLLM-interpretability/MLLM-interpretability/.venv/lib/python3.12/site-packages/konlpy/java/komoran-3.0.jar:/Users/anniewang/Desktop/MLLM-interpretability/MLLM-interpretability/.venv/lib/python3.12/site-packages/konlpy/java/jhannanum-0.8.4.jar:/Users/anniewang/Desktop/MLLM-interpretability/MLLM-interpretability/.venv/lib/python3.12/site-packages/konlpy/java/open-korean-text-2.1.0.jar:/Users/anniewang/Desktop/MLLM-interpretability/MLLM-interpretability/.venv/lib/python3.12/site-packages/konlpy/java/aho-corasick.jar:/Users/anniewang/Desktop/MLLM-interpretability/MLLM-interpretability/.venv/lib/python3.12/site-packages/konlpy/java/kkma-2.0.jar:/Users/anniewang/Desktop/MLLM-interpretability/MLLM-interpretability/.venv/lib/python3.12/site-packages/konlpy/java/shineware-common-1.0.jar:/Users/anniewang/Desktop/MLLM-interpretability/MLLM-interpretability/.venv/lib/python3.12/site-packages/konlpy/java/snakeyaml-1.12.jar:/Users/anniewang/Desktop/MLLM-interpretability/MLLM-interpretability/.venv/lib/python3.12/site-packages/konlpy/java/shineware-ds-1.0.jar:/Users/anniewang/Desktop/MLLM-interpretability/MLLM-interpretability/.venv/lib/python3.12/site-packages/konlpy/java/jhannanum-0.8.4.jar:/Users/anniewang/Desktop/MLLM-interpretability/MLLM-interpretability/.venv/lib/python3.12/site-packages/konlpy/java/kkma-2.0.jar:/Users/anniewang/Desktop/MLLM-interpretability/MLLM-interpretability/.venv/lib/python3.12/site-packages/konlpy/java/aho-corasick.jar:/Users/anniewang/Desktop/MLLM-interpretability/MLLM-interpretability/.venv/lib/python3.12/site-packages/konlpy/java/shineware-common-1.0.jar:/Users/anniewang/Desktop/MLLM-interpretability/MLLM-interpretability/.venv/lib/python3.12/site-packages/konlpy/java/shineware-ds-1.0.jar:/Users/anniewang/Desktop/MLLM-interpretability/MLLM-interpretability/.venv/lib/python3.12/site-packages/konlpy/java/komoran-3.0.jar:/Users/anniewang/Desktop/MLLM-interpretability/MLLM-interpretability/.venv/lib/python3.12/site-packages/konlpy/java/snakeyaml-1.12.jar:/Users/anniewang/Desktop/MLLM-interpretability/MLLM-interpretability/.venv/lib/python3.12/site-packages/konlpy/java/scala-library-2.12.3.jar:/Users/anniewang/Desktop/MLLM-interpretability/MLLM-interpretability/.venv/lib/python3.12/site-packages/konlpy/java/open-korean-text-2.1.0.jar:/Users/anniewang/Desktop/MLLM-interpretability/MLLM-interpretability/.venv/lib/python3.12/site-packages/konlpy/java/twitter-text-1.14.7.jar:/Users/anniewang/Desktop/MLLM-interpretability/MLLM-interpretability/.venv/lib/python3.12/site-packages/konlpy/java/scala-library-2.12.3.jar:/Users/anniewang/Desktop/MLLM-interpretability/MLLM-interpretability/.venv/lib/python3.12/site-packages/konlpy/java/twitter-text-1.14.7.jar:/Users/anniewang/Desktop/MLLM-interpretability/MLLM-interpretability/.venv/lib/python3.12/site-packages/konlpy/java/komoran-3.0.jar:/Users/anniewang/Desktop/MLLM-interpretability/MLLM-interpretability/.venv/lib/python3.12/site-packages/konlpy/java/jhannanum-0.8.4.jar:/Users/anniewang/Desktop/MLLM-interpretability/MLLM-interpretability/.venv/lib/python3.12/site-packages/konlpy/java/open-korean-text-2.1.0.jar:/Users/anniewang/Desktop/MLLM-interpretability/MLLM-interpretability/.venv/lib/python3.12/site-packages/konlpy/java/aho-corasick.jar:/Users/anniewang/Desktop/MLLM-interpretability/MLLM-interpretability/.venv/lib/python3.12/site-packages/konlpy/java/kkma-2.0.jar:/Users/anniewang/Desktop/MLLM-interpretability/MLLM-interpretability/.venv/lib/python3.12/site-packages/konlpy/java/shineware-common-1.0.jar:/Users/anniewang/Desktop/MLLM-interpretability/MLLM-interpretability/.venv/lib/python3.12/site-packages/konlpy/java/snakeyaml-1.12.jar:/Users/anniewang/Desktop/MLLM-interpretability/MLLM-interpretability/.venv/lib/python3.12/site-packages/konlpy/java/shineware-ds-1.0.jar:/Users/anniewang/Desktop/MLLM-interpretability/MLLM-interpretability/.venv/lib/python3.12/site-packages/org.jpype.jar
Launcher Type: generic

[Global flags]
     intx CICompilerCount                          = 4                                         {product} {ergonomic}
     uint ConcGCThreads                            = 2                                         {product} {ergonomic}
     uint G1ConcRefinementThreads                  = 9                                         {product} {ergonomic}
   size_t G1HeapRegionSize                         = 1048576                                   {product} {ergonomic}
   size_t InitialHeapSize                          = 301989888                                 {product} {ergonomic}
   size_t MarkStackSize                            = 4194304                                   {product} {ergonomic}
   size_t MarkStackSizeMax                         = 536870912                                 {product} {ergonomic}
   size_t MaxHeapSize                              = 1073741824                                {product} {command line}
   size_t MaxNewSize                               = 643825664                                 {product} {ergonomic}
   size_t MinHeapDeltaBytes                        = 1048576                                   {product} {ergonomic}
   size_t MinHeapSize                              = 8388608                                   {product} {ergonomic}
    uintx NonNMethodCodeHeapSize                   = 5832704                                {pd product} {ergonomic}
    uintx NonProfiledCodeHeapSize                  = 122929152                              {pd product} {ergonomic}
    uintx ProfiledCodeHeapSize                     = 122896384                              {pd product} {ergonomic}
    uintx ReservedCodeCacheSize                    = 251658240                              {pd product} {ergonomic}
     bool SegmentedCodeCache                       = true                                      {product} {ergonomic}
   size_t SoftMaxHeapSize                          = 1073741824                             {manageable} {ergonomic}
     bool UseCompressedOops                        = true                           {product lp64_product} {ergonomic}
     bool UseG1GC                                  = true                                      {product} {ergonomic}
     bool UseNUMA                                  = false                                     {product} {ergonomic}
     bool UseNUMAInterleaving                      = false                                     {product} {ergonomic}

Logging:
Log output configuration:
 #0: stdout all=warning uptime,level,tags foldmultilines=false
 #1: stderr all=off uptime,level,tags foldmultilines=false

Release file:
IMPLEMENTOR="Eclipse Adoptium"
IMPLEMENTOR_VERSION="Temurin-25.0.2+10"
JAVA_RUNTIME_VERSION="25.0.2+10-LTS"
JAVA_VERSION="25.0.2"
JAVA_VERSION_DATE="2026-01-20"
LIBC="default"
MODULES="java.base java.compiler java.datatransfer java.xml java.prefs java.desktop java.instrument java.logging java.management java.security.sasl java.naming java.rmi java.management.rmi java.net.http java.scripting java.security.jgss java.transaction.xa java.sql java.sql.rowset java.xml.crypto java.se java.smartcardio jdk.accessibility jdk.internal.jvmstat jdk.attach jdk.charsets jdk.internal.opt jdk.zipfs jdk.compiler jdk.crypto.cryptoki jdk.crypto.ec jdk.dynalink jdk.internal.ed jdk.editpad jdk.internal.vm.ci jdk.graal.compiler jdk.graal.compiler.management jdk.hotspot.agent jdk.httpserver jdk.incubator.vector jdk.internal.le jdk.internal.md jdk.jartool jdk.javadoc jdk.jcmd jdk.management jdk.management.agent jdk.jconsole jdk.jdeps jdk.jdwp.agent jdk.jdi jdk.jfr jdk.jlink jdk.jpackage jdk.jshell jdk.jsobject jdk.jstatd jdk.localedata jdk.management.jfr jdk.naming.dns jdk.naming.rmi jdk.net jdk.nio.mapmode jdk.sctp jdk.security.auth jdk.security.jgss jdk.unsupported jdk.unsupported.desktop jdk.xml.dom"
OS_ARCH="aarch64"
OS_NAME="Darwin"
SOURCE=".:git:9e3c947043a4"
BUILD_SOURCE="git:458965074606f027bd5afce2cfd5c1055dea0438"
BUILD_SOURCE_REPO="https://github.com/adoptium/temurin-build.git"
SOURCE_REPO="https://github.com/adoptium/jdk25u.git"
FULL_VERSION="25.0.2+10-LTS"
SEMANTIC_VERSION="25.0.2+10"
BUILD_INFO="OS: macOS Version: 14.1 23B74"
JVM_VARIANT="Hotspot"
JVM_VERSION="25.0.2+10-LTS"
IMAGE_TYPE="JDK"

Environment Variables:
JAVA_HOME=/Library/Java/JavaVirtualMachines/temurin-25.jdk/Contents/Home
PATH=/Users/anniewang/Desktop/MLLM-interpretability/MLLM-interpretability/.venv/bin:/Library/Java/JavaVirtualMachines/temurin-25.jdk/Contents/Home/bin:/Users/anniewang/Desktop/MLLM-interpretability/MLLM-interpretability/.venv/bin:/Library/Frameworks/Python.framework/Versions/3.12/bin:/usr/local/bin:/System/Cryptexes/App/usr/bin:/usr/bin:/bin:/usr/sbin:/sbin:/var/run/com.apple.security.cryptexd/codex.system/bootstrap/usr/local/bin:/var/run/com.apple.security.cryptexd/codex.system/bootstrap/usr/bin:/var/run/com.apple.security.cryptexd/codex.system/bootstrap/usr/appleinternal/bin
SHELL=/bin/zsh
LC_CTYPE=C.UTF-8
TERM=xterm-color
TMPDIR=/var/folders/ks/t4xykdjd3qj06ylqcn6zkprm0000gn/T/

Active Locale:
LC_ALL=C/C.UTF-8/C/C/C/C
LC_COLLATE=C
LC_CTYPE=C.UTF-8
LC_MESSAGES=C
LC_MONETARY=C
LC_NUMERIC=C
LC_TIME=C

Signal Handlers:
   SIGSEGV: crash_handler in libjvm.dylib, mask=11100110000111110111111111111111, flags=SA_ONSTACK|SA_RESTART|SA_SIGINFO, unblocked
    SIGBUS: crash_handler in libjvm.dylib, mask=11100110000111110111111111111111, flags=SA_RESTART|SA_SIGINFO, unblocked
    SIGFPE: crash_handler in libjvm.dylib, mask=11100110000111110111111111111111, flags=SA_RESTART|SA_SIGINFO, unblocked
   SIGPIPE: javaSignalHandler in libjvm.dylib, mask=11100110000111110111111111111111, flags=SA_RESTART|SA_SIGINFO, blocked
   SIGXFSZ: javaSignalHandler in libjvm.dylib, mask=11100110000111110111111111111111, flags=SA_RESTART|SA_SIGINFO, blocked
    SIGILL: crash_handler in libjvm.dylib, mask=11100110000111110111111111111111, flags=SA_RESTART|SA_SIGINFO, unblocked
   SIGUSR2: SR_handler in libjvm.dylib, mask=00000000000000000000000000000000, flags=SA_RESTART|SA_SIGINFO, blocked
    SIGHUP: UserHandler in libjvm.dylib, mask=11100110000111110111111111111111, flags=SA_RESTART|SA_SIGINFO, blocked
    SIGINT: SIG_IGN, mask=00000000000000000000000000000000, flags=SA_ONSTACK, blocked
   SIGTERM: UserHandler in libjvm.dylib, mask=11100110000111110111111111111111, flags=SA_RESTART|SA_SIGINFO, blocked
   SIGQUIT: UserHandler in libjvm.dylib, mask=11100110000111110111111111111111, flags=SA_RESTART|SA_SIGINFO, blocked
   SIGTRAP: crash_handler in libjvm.dylib, mask=11100110000111110111111111111111, flags=SA_RESTART|SA_SIGINFO, unblocked


Compilation memory statistics disabled.

Periodic native trim disabled

---------------  S Y S T E M  ---------------

OS:
uname: Darwin 24.6.0 Darwin Kernel Version 24.6.0: Mon Jul 14 11:28:30 PDT 2025; root:xnu-11417.140.69~1/RELEASE_ARM64_T6030 arm64
OS uptime: 6 days 20:31 hours
rlimit (soft/hard): STACK 8176k/65520k , CORE 0k/infinity , NPROC 2666/4000 , NOFILE 1048576/infinity , AS infinity/infinity , CPU infinity/infinity , DATA infinity/infinity , FSIZE infinity/infinity , MEMLOCK infinity/infinity , RSS infinity/infinity
load average: 4.61 4.98 4.16

CPU: total 11 (initial active 11) 0x61:0x0:0x5f4dea93:0, fp, asimd, aes, pmull, sha1, sha256, crc32, lse, sha3, sha512
machdep.cpu.brand_string:Apple M3 Pro
hw.cachelinesize:128
hw.l1icachesize:131072
hw.l1dcachesize:65536
hw.l2cachesize:4194304

Memory: 16k page, physical 18874368k(81728k free), swap 10485760k(1270464k free)

vm_info: OpenJDK 64-Bit Server VM (25.0.2+10-LTS) for bsd-aarch64 JRE (25.0.2+10-LTS), built on 2026-01-20T00:00:00Z with clang Apple LLVM 15.0.0 (clang-1500.1.0.2.5)

END.
