#
# A fatal error has been detected by the Java Runtime Environment:
#
#  SIGSEGV (0xb) at pc=0x0000000105cd6ed0, pid=48653, tid=29447
#
# JRE version: OpenJDK Runtime Environment Temurin-25.0.2+10 (25.0.2+10) (build 25.0.2+10-LTS)
# Java VM: OpenJDK 64-Bit Server VM Temurin-25.0.2+10 (25.0.2+10-LTS, mixed mode, sharing, tiered, compressed oops, compressed class ptrs, g1 gc, bsd-aarch64)
# Problematic frame:
# C  [Python+0xf6ed0]  PyObject_RichCompare+0x40
#
# No core dump will be written. Core dumps have been disabled. To enable core dumping, try "ulimit -c unlimited" before starting Java again
#
# If you would like to submit a bug report, please visit:
#   https://github.com/adoptium/adoptium-support/issues
# The crash happened outside the Java Virtual Machine in native code.
# See problematic frame for where to report the bug.
#

---------------  S U M M A R Y ------------

Command Line: -Dfile.encoding=UTF8 -ea -Xmx1024m 

Host: "Mac15,6" arm64, 11 cores, 18G, Darwin 24.6.0, macOS 15.6.1 (24G90)
Time: Tue Mar  3 16:59:26 2026 PST elapsed time: 157.709891 seconds (0d 0h 2m 37s)

---------------  T H R E A D  ---------------

Current thread (0x000000015e280a00):  JavaThread "SIGTERM handler" daemon [_thread_in_native, id=29447, stack(0x0000000354204000,0x0000000354407000) (2060K)]

Stack: [0x0000000354204000,0x0000000354407000],  sp=0x0000000354406620,  free space=2057k
Native frames: (J=compiled Java code, j=interpreted, Vv=VM code, C=native code)
C  [Python+0xf6ed0]  PyObject_RichCompare+0x40
C  [Python+0x287a58]  PyErr_SetInterruptEx+0x8c
j  org.jpype.JPypeSignal.interruptPy(I)V+0
j  org.jpype.JPypeSignal.lambda$getSignalHandler$0(ILjava/lang/Object;Ljava/lang/reflect/Method;[Ljava/lang/Object;)Ljava/lang/Object;+7
j  org.jpype.JPypeSignal$$Lambda+0x0000380001047d40.invoke(Ljava/lang/Object;Ljava/lang/reflect/Method;[Ljava/lang/Object;)Ljava/lang/Object;+7
j  jdk.proxy2.$Proxy2.handle(Lsun/misc/Signal;)V+16 jdk.proxy2
j  sun.misc.Signal$InternalMiscHandler.handle(Ljdk/internal/misc/Signal;)V+8 jdk.unsupported@25.0.2
j  jdk.internal.misc.Signal$1.run()V+8 java.base@25.0.2
j  java.lang.Thread.runWith(Ljava/lang/Object;Ljava/lang/Runnable;)V+5 java.base@25.0.2
j  java.lang.Thread.run()V+19 java.base@25.0.2
v  ~StubRoutines::call_stub 0x000000031ce14154
V  [libjvm.dylib+0x4e6d70]  JavaCalls::call_helper(JavaValue*, methodHandle const&, JavaCallArguments*, JavaThread*)+0x3dc
V  [libjvm.dylib+0x4e5c94]  JavaCalls::call_virtual(JavaValue*, Klass*, Symbol*, Symbol*, JavaCallArguments*, JavaThread*)+0x164
V  [libjvm.dylib+0x4e5d60]  JavaCalls::call_virtual(JavaValue*, Handle, Klass*, Symbol*, Symbol*, JavaThread*)+0x64
V  [libjvm.dylib+0x5c5618]  thread_entry(JavaThread*, JavaThread*)+0x9c
V  [libjvm.dylib+0x4fb600]  JavaThread::thread_main_inner()+0x9c
V  [libjvm.dylib+0xaf722c]  Thread::call_run()+0xc8
V  [libjvm.dylib+0x896108]  thread_native_entry(Thread*)+0x118
C  [libsystem_pthread.dylib+0x6c0c]  _pthread_start+0x88
Java frames: (J=compiled Java code, j=interpreted, Vv=VM code)
j  org.jpype.JPypeSignal.interruptPy(I)V+0
j  org.jpype.JPypeSignal.lambda$getSignalHandler$0(ILjava/lang/Object;Ljava/lang/reflect/Method;[Ljava/lang/Object;)Ljava/lang/Object;+7
j  org.jpype.JPypeSignal$$Lambda+0x0000380001047d40.invoke(Ljava/lang/Object;Ljava/lang/reflect/Method;[Ljava/lang/Object;)Ljava/lang/Object;+7
j  jdk.proxy2.$Proxy2.handle(Lsun/misc/Signal;)V+16 jdk.proxy2
j  sun.misc.Signal$InternalMiscHandler.handle(Ljdk/internal/misc/Signal;)V+8 jdk.unsupported@25.0.2
j  jdk.internal.misc.Signal$1.run()V+8 java.base@25.0.2
j  java.lang.Thread.runWith(Ljava/lang/Object;Ljava/lang/Runnable;)V+5 java.base@25.0.2
j  java.lang.Thread.run()V+19 java.base@25.0.2
v  ~StubRoutines::call_stub 0x000000031ce14154

siginfo: si_signo: 11 (SIGSEGV), si_code: 2 (SEGV_ACCERR), si_addr: 0x0000000000000024

Registers:
 x0=0x000000015d9c3a58  x1=0x000000010612a3f8  x2=0x0000000000000002  x3=0x0000000000000000
 x4=0x0000000000000001  x5=0x0000000000000000  x6=0x00000000000000d6  x7=0x000000015e280a00
 x8=0x000000019fb690f8  x9=0x000000016188e000 x10=0x0000000161845a3c x11=0x0000000000000004
x12=0x000000032541f820 x13=0x0000000000000000 x14=0x0000000161504080 x15=0x000000000002e450
x16=0x0000000000000102 x17=0x0000000000000000 x18=0x0000000000000000 x19=0x0000000000000000
x20=0x000000010612a3f8 x21=0x000000010612a3d8 x22=0x0000000000000002 x23=0x0000000106129958
x24=0x0000000106051bd0 x25=0x0000000354406e10 x26=0x000000032541fba0 x27=0x0000000000000000
x28=0x000000015e280a00  fp=0x0000000354406670  lr=0x0000000105cd6ec4  sp=0x0000000354406620
pc=0x0000000105cd6ed0 cpsr=0x0000000020001000

Register to memory mapping:

x0 =0x000000015d9c3a58 points into unknown readable memory: 0x0000000000000000 | 00 00 00 00 00 00 00 00
x1 =0x000000010612a3f8: _PyRuntime+0xaa0 in /Library/Frameworks/Python.framework/Versions/3.12/Python at 0x0000000105be0000
x2 =0x0000000000000002 is an unknown value
x3 =0x0 is null
x4 =0x0000000000000001 is an unknown value
x5 =0x0 is null
x6 =0x00000000000000d6 is an unknown value
x7 =0x000000015e280a00 is a thread
x8 =0x000000019fb690f8: _tlv_get_addr+0 in /usr/lib/system/libdyld.dylib at 0x000000019fb66000
x9 =0x000000016188e000: _ZL12proxyMethods+0x10 in /Users/anniewang/Desktop/MLLM-interpretability/MLLM-interpretability/.venv/lib/python3.12/site-packages/_jpype.cpython-312-darwin.so at 0x0000000161834000
x10=0x0000000161845a3c: Java_org_jpype_JPypeSignal_interruptPy+0 in /Users/anniewang/Desktop/MLLM-interpretability/MLLM-interpretability/.venv/lib/python3.12/site-packages/_jpype.cpython-312-darwin.so at 0x0000000161834000
x11=0x0000000000000004 is an unknown value
x12={method} {0x000000032541f820} 'interruptPy' '(I)V' in 'org/jpype/JPypeSignal'
x13=0x0 is null
x14=0x0000000161504080 points into unknown readable memory: 0x000000000000000a | 0a 00 00 00 00 00 00 00
x15=0x000000000002e450 is an unknown value
x16=0x0000000000000102 is an unknown value
x17=0x0 is null
x18=0x0 is null
x19=0x0 is null
x20=0x000000010612a3f8: _PyRuntime+0xaa0 in /Library/Frameworks/Python.framework/Versions/3.12/Python at 0x0000000105be0000
x21=0x000000010612a3d8: _PyRuntime+0xa80 in /Library/Frameworks/Python.framework/Versions/3.12/Python at 0x0000000105be0000
x22=0x0000000000000002 is an unknown value
x23=0x0000000106129958: _PyRuntime+0 in /Library/Frameworks/Python.framework/Versions/3.12/Python at 0x0000000105be0000
x24=0x0000000106051bd0: PyLong_Type+0 in /Library/Frameworks/Python.framework/Versions/3.12/Python at 0x0000000105be0000
x25=0x0000000354406e10 is pointing into the stack for thread: 0x000000015e280a00
x26=0x000000032541fba0 is pointing into metadata
x27=0x0 is null
x28=0x000000015e280a00 is a thread
 fp=0x0000000354406670 is pointing into the stack for thread: 0x000000015e280a00
 lr=0x0000000105cd6ec4: PyObject_RichCompare+0x34 in /Library/Frameworks/Python.framework/Versions/3.12/Python at 0x0000000105be0000
 sp=0x0000000354406620 is pointing into the stack for thread: 0x000000015e280a00

Top of Stack: (sp=0x0000000354406620)
0x0000000354406620:   000000015e280a00 0000000000000000   ..(^............
0x0000000354406630:   000000032541fba0 0000000354406e10   ..A%.....n@T....
0x0000000354406640:   0000000106051bd0 0000000106129958   ........X.......
0x0000000354406650:   0000000106040ef8 0000000106040d98   ................
0x0000000354406660:   000000010612a3d8 000000000000000f   ................
0x0000000354406670:   00000003544066c0 0000000105e67a58   .f@T....Xz......
0x0000000354406680:   000000032541f820 000000015e280a00    .A%......(^....
0x0000000354406690:   0000000354406758 000000000000000a   Xg@T............
0x00000003544066a0:   0000000000000000 00000001665020a8   ......... Pf....
0x00000003544066b0:   00000003544066d8 000000031ce1a4f0   .f@T............
0x00000003544066c0:   0000000354406730 000000031ce1c778   0g@T....x.......
0x00000003544066d0:   0000000000000001 000000015e280a00   ..........(^....
0x00000003544066e0:   fffffffffffffff6 0000000000000000   ................
0x00000003544066f0:   0000000000000005 000000032541fba0   ..........A%....
0x0000000354406700:   00000007c0223768 fffffffffffffff4   h7".............
0x0000000354406710:   0000000000000000 000000032541f820   ........ .A%....
0x0000000354406720:   0000000000000000 0000000354406740   ........@g@T....
0x0000000354406730:   00000003544067b0 000000031ce18ad4   .g@T............
0x0000000354406740:   00000007c0223768 000000031ce1a4f0   h7".............
0x0000000354406750:   0000000000000000 000000000000000f   ................
0x0000000354406760:   fffffffffffffff6 000000032541f967   ........g.A%....
0x0000000354406770:   0000000000000005 000000032541fba0   ..........A%....
0x0000000354406780:   00000007c0223768 fffffffffffffff2   h7".............
0x0000000354406790:   0000000000000000 000000032541f970   ........p.A%....
0x00000003544067a0:   fffffffffffffff5 00000003544067a0   .........g@T....
0x00000003544067b0:   0000000354406830 000000031ce18850   0h@T....P.......
0x00000003544067c0:   00000007c9883a88 00000007c0100888   .:..............
0x00000003544067d0:   00000007c0101af8 000000000000000f   ................
0x00000003544067e0:   fffffffffffffff6 000000032541fee7   ..........A%....
0x00000003544067f0:   0000000000000005 000000032541ffb8   ..........A%....
0x0000000354406800:   00000007c0224bc8 ffffffffffffffee   .K".............
0x0000000354406810:   0000000000000000 000000032541fef0   ..........A%....

Instructions: (pc=0x0000000105cd6ed0)
  0x0000000105cd6dd0:   ee ff ff 17 e1 03 00 aa 5f 0c 00 71 a1 fb ff 54
  0x0000000105cd6de0:   00 00 80 52 e9 ff ff 17 00 00 80 12 e7 ff ff 17
  0x0000000105cd6df0:   4a 1b 00 d0 4a 61 36 91 e8 07 00 f9 1f 01 0a eb
  0x0000000105cd6e00:   40 04 00 54 00 00 80 52 4a 1b 00 d0 4a e1 36 91
  0x0000000105cd6e10:   e8 07 40 f9 1f 01 0a eb 40 02 00 54 0a 1c 00 90
  0x0000000105cd6e20:   4a 81 06 91 e8 07 40 f9 1f 01 0a eb a0 fa ff 54
  0x0000000105cd6e30:   28 31 40 f9 68 00 00 b4 08 25 40 f9 68 01 00 b5
  0x0000000105cd6e40:   28 39 40 f9 a8 01 00 b4 08 01 40 f9 68 01 00 b4
  0x0000000105cd6e50:   e0 07 40 f9 00 01 3f d6 1f 00 00 f1 00 d4 9f 1a
  0x0000000105cd6e60:   e8 07 40 f9 c7 ff ff 17 e0 07 40 f9 00 01 3f d6
  0x0000000105cd6e70:   00 7c 40 93 f9 ff ff 17 28 35 40 f9 68 00 00 b4
  0x0000000105cd6e80:   08 01 40 f9 68 fe ff b5 20 00 80 52 f5 ff ff 17
  0x0000000105cd6e90:   ff 83 01 d1 f8 5f 02 a9 f6 57 03 a9 f4 4f 04 a9
  0x0000000105cd6ea0:   fd 7b 05 a9 fd 43 01 91 f6 03 02 aa f4 03 01 aa
  0x0000000105cd6eb0:   f5 03 00 aa 80 22 00 f0 00 00 25 91 08 00 40 f9
  0x0000000105cd6ec0:   00 01 3f d6 13 00 40 f9 d5 12 00 b4 b4 12 00 b4
=>0x0000000105cd6ed0:   68 26 40 b9 09 05 00 51 69 26 00 b9 1f 01 00 71
  0x0000000105cd6ee0:   4d 13 00 54 88 06 40 f9 a9 06 40 f9 17 1c 00 90
  0x0000000105cd6ef0:   f7 22 1e 91 3f 01 08 eb 61 08 00 54 38 00 80 52
  0x0000000105cd6f00:   a8 06 40 f9 08 65 40 f9 68 02 00 b4 e0 03 15 aa
  0x0000000105cd6f10:   e1 03 14 aa e2 03 16 aa 00 01 3f d6 1f 00 17 eb
  0x0000000105cd6f20:   40 01 00 54 68 26 40 b9 08 05 00 11 68 26 00 b9
  0x0000000105cd6f30:   fd 7b 45 a9 f4 4f 44 a9 f6 57 43 a9 f8 5f 42 a9
  0x0000000105cd6f40:   ff 83 01 91 c0 03 5f d6 08 1c 00 90 09 c5 43 f9
  0x0000000105cd6f50:   a9 03 f8 36 f8 01 00 34 88 06 40 f9 08 65 40 f9
  0x0000000105cd6f60:   88 01 00 b4 09 1c 00 90 29 c1 06 91 22 d9 76 b8
  0x0000000105cd6f70:   e0 03 14 aa e1 03 15 aa 00 01 3f d6 1f 00 17 eb
  0x0000000105cd6f80:   21 fd ff 54 08 1c 00 90 09 c5 43 f9 c9 02 f8 36
  0x0000000105cd6f90:   df 0a 00 71 41 05 00 54 48 1b 00 d0 08 e1 36 91
  0x0000000105cd6fa0:   49 1b 00 d0 29 61 36 91 bf 02 14 eb 20 01 88 9a
  0x0000000105cd6fb0:   08 00 40 b9 08 05 00 31 62 fb ff 54 08 00 00 b9
  0x0000000105cd6fc0:   d9 ff ff 17 29 05 00 f1 09 c5 03 f9 41 fc ff 54


Stack slot to memory mapping:

stack at sp + 0 slots: 0x000000015e280a00 is a thread
stack at sp + 1 slots: 0x0 is null
stack at sp + 2 slots: 0x000000032541fba0 is pointing into metadata
stack at sp + 3 slots: 0x0000000354406e10 is pointing into the stack for thread: 0x000000015e280a00
stack at sp + 4 slots: 0x0000000106051bd0: PyLong_Type+0 in /Library/Frameworks/Python.framework/Versions/3.12/Python at 0x0000000105be0000
stack at sp + 5 slots: 0x0000000106129958: _PyRuntime+0 in /Library/Frameworks/Python.framework/Versions/3.12/Python at 0x0000000105be0000
stack at sp + 6 slots: 0x0000000106040ef8: PyBool_Type+0 in /Library/Frameworks/Python.framework/Versions/3.12/Python at 0x0000000105be0000
stack at sp + 7 slots: 0x0000000106040d98: _Py_TrueStruct+0 in /Library/Frameworks/Python.framework/Versions/3.12/Python at 0x0000000105be0000

Lock stack of current Java thread (top to bottom):


---------------  P R O C E S S  ---------------

Threads class SMR info:
_java_thread_list=0x0000000164b9e190, length=12, elements={
0x00000001247c5000, 0x0000000107357a00, 0x000000015f036600, 0x000000015f036e00,
0x000000015f037600, 0x000000015f037e00, 0x000000015f038600, 0x000000015f041000,
0x000000015e122400, 0x0000000124648000, 0x000000010734b000, 0x000000015e280a00
}

Java Threads: ( => current thread )
  0x00000001247c5000 JavaThread "main"                              [_thread_in_native, id=259, stack(0x000000016a530000,0x000000016b530000) (16384K)]
  0x0000000107357a00 JavaThread "Reference Handler"          daemon [_thread_blocked, id=28931, stack(0x0000000324cfc000,0x0000000324eff000) (2060K)]
  0x000000015f036600 JavaThread "Finalizer"                  daemon [_thread_blocked, id=25603, stack(0x000000032b06c000,0x000000032b26f000) (2060K)]
  0x000000015f036e00 JavaThread "Signal Dispatcher"          daemon [_thread_blocked, id=26115, stack(0x000000032b278000,0x000000032b47b000) (2060K)]
  0x000000015f037600 JavaThread "Service Thread"             daemon [_thread_blocked, id=28163, stack(0x000000032b484000,0x000000032b687000) (2060K)]
  0x000000015f037e00 JavaThread "Monitor Deflation Thread"   daemon [_thread_blocked, id=27907, stack(0x000000032b690000,0x000000032b893000) (2060K)]
  0x000000015f038600 JavaThread "C2 CompilerThread0"         daemon [_thread_blocked, id=27651, stack(0x000000032b89c000,0x000000032ba9f000) (2060K)]
  0x000000015f041000 JavaThread "C1 CompilerThread0"         daemon [_thread_blocked, id=27139, stack(0x000000032baa8000,0x000000032bcab000) (2060K)]
  0x000000015e122400 JavaThread "Notification Thread"        daemon [_thread_blocked, id=32771, stack(0x000000032bcb4000,0x000000032beb7000) (2060K)]
  0x0000000124648000 JavaThread "Common-Cleaner"             daemon [_thread_blocked, id=43267, stack(0x000000032bec0000,0x000000032c0c3000) (2060K)]
  0x000000010734b000 JavaThread "Python Reference Queue"     daemon [_thread_blocked, id=42755, stack(0x000000032c0cc000,0x000000032c2cf000) (2060K)]
=>0x000000015e280a00 JavaThread "SIGTERM handler"            daemon [_thread_in_native, id=29447, stack(0x0000000354204000,0x0000000354407000) (2060K)]
Total: 12

Other Threads:
  0x000000015e0bee00 VMThread "VM Thread"                           [id=32515, stack(0x0000000324af0000,0x0000000324cf3000) (2060K)]
  0x000000015d9c3a60 WatcherThread "VM Periodic Task Thread"        [id=19975, stack(0x00000003248e4000,0x0000000324ae7000) (2060K)]
  0x000000015f02fc00 WorkerThread "GC Thread#0"                     [id=16387, stack(0x000000017f538000,0x000000017f73b000) (2060K)]
  0x000000012757aa00 WorkerThread "GC Thread#1"                     [id=42243, stack(0x000000032c2d8000,0x000000032c4db000) (2060K)]
  0x000000012757b000 WorkerThread "GC Thread#2"                     [id=33283, stack(0x000000032c4e4000,0x000000032c6e7000) (2060K)]
  0x000000012757b600 WorkerThread "GC Thread#3"                     [id=33795, stack(0x000000032d004000,0x000000032d207000) (2060K)]
  0x000000012757bc00 WorkerThread "GC Thread#4"                     [id=34051, stack(0x000000032d210000,0x000000032d413000) (2060K)]
  0x000000012757c200 WorkerThread "GC Thread#5"                     [id=34307, stack(0x000000032d41c000,0x000000032d61f000) (2060K)]
  0x000000015e0c3000 ConcurrentGCThread "G1 Main Marker"            [id=21507, stack(0x000000017f744000,0x000000017f947000) (2060K)]
  0x000000015e0b6e00 WorkerThread "G1 Conc#0"                       [id=17411, stack(0x000000017f950000,0x000000017fb53000) (2060K)]
  0x000000015e21cc00 WorkerThread "G1 Conc#1"                       [id=34819, stack(0x000000032e004000,0x000000032e207000) (2060K)]
  0x000000015e0c0a00 ConcurrentGCThread "G1 Refine#0"               [id=20739, stack(0x000000017fb5c000,0x000000017fd5f000) (2060K)]
  0x000000015e0c4a00 ConcurrentGCThread "G1 Service"                [id=20227, stack(0x000000017fd68000,0x000000017ff6b000) (2060K)]
Total: 13

Threads with active compile tasks:
Total: 0

VM state: not at safepoint (normal execution)

VM Mutex/Monitor currently owned by a thread: None

Heap address: 0x00000007c0000000, size: 1024 MB, Compressed Oops mode: Zero based, Oop shift amount: 3

CDS archive(s) mapped at: [0x0000380000000000-0x0000380000d94000-0x0000380000d94000), size 14237696, SharedBaseAddress: 0x0000380000000000, ArchiveRelocationMode: 1.
Compressed class space mapped at: 0x0000380001000000-0x0000380041000000, reserved size: 1073741824
UseCompressedClassPointers 1, UseCompactObjectHeaders 0
Narrow klass pointer bits 32, Max shift 3
Narrow klass base: 0x0000380000000000, Narrow klass shift: 0
Encoding Range: [0x0000380000000000 - 0x0000380100000000), (4294967296 bytes)
Klass Range:    [0x0000380000004000 - 0x0000380041000000), (1090502656 bytes)
Klass ID Range:  [16384 - 1090519033) (1090502649)
Protection zone: [0x0000380000000000 - 0x0000380000004000), (16384 bytes)

GC Precious Log:
 CardTable entry size: 512
 Card Set container configuration: InlinePtr #cards 5 size 8 Array Of Cards #cards 10 size 36 Howl #buckets 4 coarsen threshold 1843 Howl Bitmap #cards 512 size 80 coarsen threshold 460 Card regions per heap region 1 cards per card region 2048
 CPUs: 11 total, 11 available
 Memory: 18432M
 Large Page Support: Disabled
 NUMA Support: Disabled
 Compressed Oops: Enabled (Zero based)
 Heap Region Size: 1M
 Heap Min Capacity: 8M
 Heap Initial Capacity: 288M
 Heap Max Capacity: 1G
 Pre-touch: Disabled
 Parallel Workers: 9
 Concurrent Workers: 2
 Concurrent Refinement Workers: 9
 Periodic GC: Disabled

Heap:
 garbage-first heap   total reserved 1048576K, committed 157696K, used 46139K [0x00000007c0000000, 0x0000000800000000)
  region size 1024K, 1 young (1024K), 0 survivors (0K)

Heap Regions: E=young(eden), S=young(survivor), O=old, HS=humongous(starts), HC=humongous(continues), CS=collection set, F=free, TAMS=top-at-mark-start, PB=parsable bottom
|   0|0x00000007c0000000, 0x00000007c00ffaf0, 0x00000007c0100000| 99%| O|  |TAMS 0x00000007c0000000| PB 0x00000007c0000000| Untracked |  0
|   1|0x00000007c0100000, 0x00000007c01fffe8, 0x00000007c0200000| 99%| O|  |TAMS 0x00000007c0100000| PB 0x00000007c0100000| Untracked |  0
|   2|0x00000007c0200000, 0x00000007c02fffe0, 0x00000007c0300000| 99%| O|  |TAMS 0x00000007c0200000| PB 0x00000007c0200000| Untracked |  0
|   3|0x00000007c0300000, 0x00000007c0400000, 0x00000007c0400000|100%| O|  |TAMS 0x00000007c0300000| PB 0x00000007c0300000| Untracked |  0
|   4|0x00000007c0400000, 0x00000007c0500000, 0x00000007c0500000|100%| O|  |TAMS 0x00000007c0400000| PB 0x00000007c0400000| Untracked |  0
|   5|0x00000007c0500000, 0x00000007c05fffc8, 0x00000007c0600000| 99%| O|  |TAMS 0x00000007c0500000| PB 0x00000007c0500000| Untracked |  0
|   6|0x00000007c0600000, 0x00000007c0700000, 0x00000007c0700000|100%| O|  |TAMS 0x00000007c0600000| PB 0x00000007c0600000| Untracked |  0
|   7|0x00000007c0700000, 0x00000007c07ffff8, 0x00000007c0800000| 99%| O|  |TAMS 0x00000007c0700000| PB 0x00000007c0700000| Untracked |  0
|   8|0x00000007c0800000, 0x00000007c0900000, 0x00000007c0900000|100%| O|  |TAMS 0x00000007c0800000| PB 0x00000007c0800000| Untracked |  0
|   9|0x00000007c0900000, 0x00000007c09ffff0, 0x00000007c0a00000| 99%| O|  |TAMS 0x00000007c0900000| PB 0x00000007c0900000| Untracked |  0
|  10|0x00000007c0a00000, 0x00000007c0affff0, 0x00000007c0b00000| 99%| O|  |TAMS 0x00000007c0a00000| PB 0x00000007c0a00000| Untracked |  0
|  11|0x00000007c0b00000, 0x00000007c0c00000, 0x00000007c0c00000|100%| O|  |TAMS 0x00000007c0b00000| PB 0x00000007c0b00000| Untracked |  0
|  12|0x00000007c0c00000, 0x00000007c0cffff0, 0x00000007c0d00000| 99%| O|  |TAMS 0x00000007c0c00000| PB 0x00000007c0c00000| Untracked |  0
|  13|0x00000007c0d00000, 0x00000007c0e00000, 0x00000007c0e00000|100%|HS|  |TAMS 0x00000007c0d00000| PB 0x00000007c0d00000| Untracked |  0
|  14|0x00000007c0e00000, 0x00000007c0f00000, 0x00000007c0f00000|100%|HC|  |TAMS 0x00000007c0e00000| PB 0x00000007c0e00000| Untracked |  0
|  15|0x00000007c0f00000, 0x00000007c1000000, 0x00000007c1000000|100%|HS|  |TAMS 0x00000007c0f00000| PB 0x00000007c0f00000| Untracked |  0
|  16|0x00000007c1000000, 0x00000007c1100000, 0x00000007c1100000|100%|HC|  |TAMS 0x00000007c1000000| PB 0x00000007c1000000| Untracked |  0
|  17|0x00000007c1100000, 0x00000007c1200000, 0x00000007c1200000|100%| O|  |TAMS 0x00000007c1100000| PB 0x00000007c1100000| Untracked |  0
|  18|0x00000007c1200000, 0x00000007c1300000, 0x00000007c1300000|100%| O|  |TAMS 0x00000007c1200000| PB 0x00000007c1200000| Untracked |  0
|  19|0x00000007c1300000, 0x00000007c13ffff8, 0x00000007c1400000| 99%| O|  |TAMS 0x00000007c1300000| PB 0x00000007c1300000| Untracked |  0
|  20|0x00000007c1400000, 0x00000007c14ffff0, 0x00000007c1500000| 99%| O|  |TAMS 0x00000007c1400000| PB 0x00000007c1400000| Untracked |  0
|  21|0x00000007c1500000, 0x00000007c15ffff8, 0x00000007c1600000| 99%| O|  |TAMS 0x00000007c1500000| PB 0x00000007c1500000| Untracked |  0
|  22|0x00000007c1600000, 0x00000007c16ffff8, 0x00000007c1700000| 99%| O|  |TAMS 0x00000007c1600000| PB 0x00000007c1600000| Untracked |  0
|  23|0x00000007c1700000, 0x00000007c1800000, 0x00000007c1800000|100%|HS|  |TAMS 0x00000007c1700000| PB 0x00000007c1700000| Untracked |  0
|  24|0x00000007c1800000, 0x00000007c1900000, 0x00000007c1900000|100%|HS|  |TAMS 0x00000007c1800000| PB 0x00000007c1800000| Untracked |  0
|  25|0x00000007c1900000, 0x00000007c19ffff8, 0x00000007c1a00000| 99%| O|  |TAMS 0x00000007c1900000| PB 0x00000007c1900000| Untracked |  0
|  26|0x00000007c1a00000, 0x00000007c1b00000, 0x00000007c1b00000|100%| O|  |TAMS 0x00000007c1a00000| PB 0x00000007c1a00000| Untracked |  0
|  27|0x00000007c1b00000, 0x00000007c1c00000, 0x00000007c1c00000|100%| O|  |TAMS 0x00000007c1b00000| PB 0x00000007c1b00000| Untracked |  0
|  28|0x00000007c1c00000, 0x00000007c1cff688, 0x00000007c1d00000| 99%| O|  |TAMS 0x00000007c1c00000| PB 0x00000007c1c00000| Untracked |  0
|  29|0x00000007c1d00000, 0x00000007c1dfe9e0, 0x00000007c1e00000| 99%| O|  |TAMS 0x00000007c1d00000| PB 0x00000007c1d00000| Untracked |  0
|  30|0x00000007c1e00000, 0x00000007c1eea9d0, 0x00000007c1f00000| 91%| O|  |TAMS 0x00000007c1e00000| PB 0x00000007c1e00000| Untracked |  0
|  31|0x00000007c1f00000, 0x00000007c1fe2af8, 0x00000007c2000000| 88%| O|  |TAMS 0x00000007c1f00000| PB 0x00000007c1f00000| Untracked |  0
|  32|0x00000007c2000000, 0x00000007c2100000, 0x00000007c2100000|100%| O|  |TAMS 0x00000007c2000000| PB 0x00000007c2000000| Untracked |  0
|  33|0x00000007c2100000, 0x00000007c2200000, 0x00000007c2200000|100%|HS|  |TAMS 0x00000007c2100000| PB 0x00000007c2100000| Untracked |  0
|  34|0x00000007c2200000, 0x00000007c2300000, 0x00000007c2300000|100%|HC|  |TAMS 0x00000007c2200000| PB 0x00000007c2200000| Untracked |  0
|  35|0x00000007c2300000, 0x00000007c23fee00, 0x00000007c2400000| 99%| O|  |TAMS 0x00000007c2300000| PB 0x00000007c2300000| Untracked |  0
|  36|0x00000007c2400000, 0x00000007c2500000, 0x00000007c2500000|100%| O|  |TAMS 0x00000007c2400000| PB 0x00000007c2400000| Untracked |  0
|  37|0x00000007c2500000, 0x00000007c2600000, 0x00000007c2600000|100%|HS|  |TAMS 0x00000007c2500000| PB 0x00000007c2500000| Untracked |  0
|  38|0x00000007c2600000, 0x00000007c2700000, 0x00000007c2700000|100%|HC|  |TAMS 0x00000007c2600000| PB 0x00000007c2600000| Untracked |  0
|  39|0x00000007c2700000, 0x00000007c2745158, 0x00000007c2800000| 26%| O|  |TAMS 0x00000007c2700000| PB 0x00000007c2700000| Untracked |  0
|  40|0x00000007c2800000, 0x00000007c2800000, 0x00000007c2900000|  0%| F|  |TAMS 0x00000007c2800000| PB 0x00000007c2800000| Untracked |  0
|  41|0x00000007c2900000, 0x00000007c2a00000, 0x00000007c2a00000|100%|HS|  |TAMS 0x00000007c2900000| PB 0x00000007c2900000| Untracked |  0
|  42|0x00000007c2a00000, 0x00000007c2b00000, 0x00000007c2b00000|100%|HC|  |TAMS 0x00000007c2a00000| PB 0x00000007c2a00000| Untracked |  0
|  43|0x00000007c2b00000, 0x00000007c2c00000, 0x00000007c2c00000|100%|HS|  |TAMS 0x00000007c2b00000| PB 0x00000007c2b00000| Untracked |  0
|  44|0x00000007c2c00000, 0x00000007c2d00000, 0x00000007c2d00000|100%|HC|  |TAMS 0x00000007c2c00000| PB 0x00000007c2c00000| Untracked |  0
|  45|0x00000007c2d00000, 0x00000007c2e00000, 0x00000007c2e00000|100%|HS|  |TAMS 0x00000007c2d00000| PB 0x00000007c2d00000| Untracked |  0
|  46|0x00000007c2e00000, 0x00000007c2e00000, 0x00000007c2f00000|  0%| F|  |TAMS 0x00000007c2e00000| PB 0x00000007c2e00000| Untracked |  0
|  47|0x00000007c2f00000, 0x00000007c2f00000, 0x00000007c3000000|  0%| F|  |TAMS 0x00000007c2f00000| PB 0x00000007c2f00000| Untracked |  0
|  48|0x00000007c3000000, 0x00000007c3000000, 0x00000007c3100000|  0%| F|  |TAMS 0x00000007c3000000| PB 0x00000007c3000000| Untracked |  0
|  49|0x00000007c3100000, 0x00000007c3100000, 0x00000007c3200000|  0%| F|  |TAMS 0x00000007c3100000| PB 0x00000007c3100000| Untracked |  0
|  50|0x00000007c3200000, 0x00000007c3200000, 0x00000007c3300000|  0%| F|  |TAMS 0x00000007c3200000| PB 0x00000007c3200000| Untracked |  0
|  51|0x00000007c3300000, 0x00000007c3300000, 0x00000007c3400000|  0%| F|  |TAMS 0x00000007c3300000| PB 0x00000007c3300000| Untracked |  0
|  52|0x00000007c3400000, 0x00000007c3400000, 0x00000007c3500000|  0%| F|  |TAMS 0x00000007c3400000| PB 0x00000007c3400000| Untracked |  0
|  53|0x00000007c3500000, 0x00000007c3500000, 0x00000007c3600000|  0%| F|  |TAMS 0x00000007c3500000| PB 0x00000007c3500000| Untracked |  0
|  54|0x00000007c3600000, 0x00000007c3600000, 0x00000007c3700000|  0%| F|  |TAMS 0x00000007c3600000| PB 0x00000007c3600000| Untracked |  0
|  55|0x00000007c3700000, 0x00000007c3700000, 0x00000007c3800000|  0%| F|  |TAMS 0x00000007c3700000| PB 0x00000007c3700000| Untracked |  0
|  56|0x00000007c3800000, 0x00000007c3800000, 0x00000007c3900000|  0%| F|  |TAMS 0x00000007c3800000| PB 0x00000007c3800000| Untracked |  0
|  57|0x00000007c3900000, 0x00000007c3900000, 0x00000007c3a00000|  0%| F|  |TAMS 0x00000007c3900000| PB 0x00000007c3900000| Untracked |  0
|  58|0x00000007c3a00000, 0x00000007c3a00000, 0x00000007c3b00000|  0%| F|  |TAMS 0x00000007c3a00000| PB 0x00000007c3a00000| Untracked |  0
|  59|0x00000007c3b00000, 0x00000007c3b00000, 0x00000007c3c00000|  0%| F|  |TAMS 0x00000007c3b00000| PB 0x00000007c3b00000| Untracked |  0
|  60|0x00000007c3c00000, 0x00000007c3c00000, 0x00000007c3d00000|  0%| F|  |TAMS 0x00000007c3c00000| PB 0x00000007c3c00000| Untracked |  0
|  61|0x00000007c3d00000, 0x00000007c3d00000, 0x00000007c3e00000|  0%| F|  |TAMS 0x00000007c3d00000| PB 0x00000007c3d00000| Untracked |  0
|  62|0x00000007c3e00000, 0x00000007c3e00000, 0x00000007c3f00000|  0%| F|  |TAMS 0x00000007c3e00000| PB 0x00000007c3e00000| Untracked |  0
|  63|0x00000007c3f00000, 0x00000007c3f00000, 0x00000007c4000000|  0%| F|  |TAMS 0x00000007c3f00000| PB 0x00000007c3f00000| Untracked |  0
|  64|0x00000007c4000000, 0x00000007c4000000, 0x00000007c4100000|  0%| F|  |TAMS 0x00000007c4000000| PB 0x00000007c4000000| Untracked |  0
|  65|0x00000007c4100000, 0x00000007c4100000, 0x00000007c4200000|  0%| F|  |TAMS 0x00000007c4100000| PB 0x00000007c4100000| Untracked |  0
|  66|0x00000007c4200000, 0x00000007c4200000, 0x00000007c4300000|  0%| F|  |TAMS 0x00000007c4200000| PB 0x00000007c4200000| Untracked |  0
|  67|0x00000007c4300000, 0x00000007c4300000, 0x00000007c4400000|  0%| F|  |TAMS 0x00000007c4300000| PB 0x00000007c4300000| Untracked |  0
|  68|0x00000007c4400000, 0x00000007c4400000, 0x00000007c4500000|  0%| F|  |TAMS 0x00000007c4400000| PB 0x00000007c4400000| Untracked |  0
|  69|0x00000007c4500000, 0x00000007c4500000, 0x00000007c4600000|  0%| F|  |TAMS 0x00000007c4500000| PB 0x00000007c4500000| Untracked |  0
|  70|0x00000007c4600000, 0x00000007c4600000, 0x00000007c4700000|  0%| F|  |TAMS 0x00000007c4600000| PB 0x00000007c4600000| Untracked |  0
|  71|0x00000007c4700000, 0x00000007c4700000, 0x00000007c4800000|  0%| F|  |TAMS 0x00000007c4700000| PB 0x00000007c4700000| Untracked |  0
|  72|0x00000007c4800000, 0x00000007c4800000, 0x00000007c4900000|  0%| F|  |TAMS 0x00000007c4800000| PB 0x00000007c4800000| Untracked |  0
|  73|0x00000007c4900000, 0x00000007c4900000, 0x00000007c4a00000|  0%| F|  |TAMS 0x00000007c4900000| PB 0x00000007c4900000| Untracked |  0
|  74|0x00000007c4a00000, 0x00000007c4a00000, 0x00000007c4b00000|  0%| F|  |TAMS 0x00000007c4a00000| PB 0x00000007c4a00000| Untracked |  0
|  75|0x00000007c4b00000, 0x00000007c4b00000, 0x00000007c4c00000|  0%| F|  |TAMS 0x00000007c4b00000| PB 0x00000007c4b00000| Untracked |  0
|  76|0x00000007c4c00000, 0x00000007c4c00000, 0x00000007c4d00000|  0%| F|  |TAMS 0x00000007c4c00000| PB 0x00000007c4c00000| Untracked |  0
|  77|0x00000007c4d00000, 0x00000007c4d00000, 0x00000007c4e00000|  0%| F|  |TAMS 0x00000007c4d00000| PB 0x00000007c4d00000| Untracked |  0
|  78|0x00000007c4e00000, 0x00000007c4e00000, 0x00000007c4f00000|  0%| F|  |TAMS 0x00000007c4e00000| PB 0x00000007c4e00000| Untracked |  0
|  79|0x00000007c4f00000, 0x00000007c4f00000, 0x00000007c5000000|  0%| F|  |TAMS 0x00000007c4f00000| PB 0x00000007c4f00000| Untracked |  0
|  80|0x00000007c5000000, 0x00000007c5000000, 0x00000007c5100000|  0%| F|  |TAMS 0x00000007c5000000| PB 0x00000007c5000000| Untracked |  0
|  81|0x00000007c5100000, 0x00000007c5100000, 0x00000007c5200000|  0%| F|  |TAMS 0x00000007c5100000| PB 0x00000007c5100000| Untracked |  0
|  82|0x00000007c5200000, 0x00000007c5200000, 0x00000007c5300000|  0%| F|  |TAMS 0x00000007c5200000| PB 0x00000007c5200000| Untracked |  0
|  83|0x00000007c5300000, 0x00000007c5300000, 0x00000007c5400000|  0%| F|  |TAMS 0x00000007c5300000| PB 0x00000007c5300000| Untracked |  0
|  84|0x00000007c5400000, 0x00000007c5400000, 0x00000007c5500000|  0%| F|  |TAMS 0x00000007c5400000| PB 0x00000007c5400000| Untracked |  0
|  85|0x00000007c5500000, 0x00000007c5500000, 0x00000007c5600000|  0%| F|  |TAMS 0x00000007c5500000| PB 0x00000007c5500000| Untracked |  0
|  86|0x00000007c5600000, 0x00000007c5600000, 0x00000007c5700000|  0%| F|  |TAMS 0x00000007c5600000| PB 0x00000007c5600000| Untracked |  0
|  87|0x00000007c5700000, 0x00000007c5700000, 0x00000007c5800000|  0%| F|  |TAMS 0x00000007c5700000| PB 0x00000007c5700000| Untracked |  0
|  88|0x00000007c5800000, 0x00000007c5800000, 0x00000007c5900000|  0%| F|  |TAMS 0x00000007c5800000| PB 0x00000007c5800000| Untracked |  0
|  89|0x00000007c5900000, 0x00000007c5900000, 0x00000007c5a00000|  0%| F|  |TAMS 0x00000007c5900000| PB 0x00000007c5900000| Untracked |  0
|  90|0x00000007c5a00000, 0x00000007c5a00000, 0x00000007c5b00000|  0%| F|  |TAMS 0x00000007c5a00000| PB 0x00000007c5a00000| Untracked |  0
|  91|0x00000007c5b00000, 0x00000007c5b00000, 0x00000007c5c00000|  0%| F|  |TAMS 0x00000007c5b00000| PB 0x00000007c5b00000| Untracked |  0
|  92|0x00000007c5c00000, 0x00000007c5c00000, 0x00000007c5d00000|  0%| F|  |TAMS 0x00000007c5c00000| PB 0x00000007c5c00000| Untracked |  0
|  93|0x00000007c5d00000, 0x00000007c5d00000, 0x00000007c5e00000|  0%| F|  |TAMS 0x00000007c5d00000| PB 0x00000007c5d00000| Untracked |  0
|  94|0x00000007c5e00000, 0x00000007c5e00000, 0x00000007c5f00000|  0%| F|  |TAMS 0x00000007c5e00000| PB 0x00000007c5e00000| Untracked |  0
|  95|0x00000007c5f00000, 0x00000007c5f00000, 0x00000007c6000000|  0%| F|  |TAMS 0x00000007c5f00000| PB 0x00000007c5f00000| Untracked |  0
|  96|0x00000007c6000000, 0x00000007c6000000, 0x00000007c6100000|  0%| F|  |TAMS 0x00000007c6000000| PB 0x00000007c6000000| Untracked |  0
|  97|0x00000007c6100000, 0x00000007c6100000, 0x00000007c6200000|  0%| F|  |TAMS 0x00000007c6100000| PB 0x00000007c6100000| Untracked |  0
|  98|0x00000007c6200000, 0x00000007c6200000, 0x00000007c6300000|  0%| F|  |TAMS 0x00000007c6200000| PB 0x00000007c6200000| Untracked |  0
|  99|0x00000007c6300000, 0x00000007c6300000, 0x00000007c6400000|  0%| F|  |TAMS 0x00000007c6300000| PB 0x00000007c6300000| Untracked |  0
| 100|0x00000007c6400000, 0x00000007c6400000, 0x00000007c6500000|  0%| F|  |TAMS 0x00000007c6400000| PB 0x00000007c6400000| Untracked |  0
| 101|0x00000007c6500000, 0x00000007c6500000, 0x00000007c6600000|  0%| F|  |TAMS 0x00000007c6500000| PB 0x00000007c6500000| Untracked |  0
| 102|0x00000007c6600000, 0x00000007c6600000, 0x00000007c6700000|  0%| F|  |TAMS 0x00000007c6600000| PB 0x00000007c6600000| Untracked |  0
| 103|0x00000007c6700000, 0x00000007c6700000, 0x00000007c6800000|  0%| F|  |TAMS 0x00000007c6700000| PB 0x00000007c6700000| Untracked |  0
| 104|0x00000007c6800000, 0x00000007c6800000, 0x00000007c6900000|  0%| F|  |TAMS 0x00000007c6800000| PB 0x00000007c6800000| Untracked |  0
| 105|0x00000007c6900000, 0x00000007c6900000, 0x00000007c6a00000|  0%| F|  |TAMS 0x00000007c6900000| PB 0x00000007c6900000| Untracked |  0
| 106|0x00000007c6a00000, 0x00000007c6a00000, 0x00000007c6b00000|  0%| F|  |TAMS 0x00000007c6a00000| PB 0x00000007c6a00000| Untracked |  0
| 107|0x00000007c6b00000, 0x00000007c6b00000, 0x00000007c6c00000|  0%| F|  |TAMS 0x00000007c6b00000| PB 0x00000007c6b00000| Untracked |  0
| 108|0x00000007c6c00000, 0x00000007c6c00000, 0x00000007c6d00000|  0%| F|  |TAMS 0x00000007c6c00000| PB 0x00000007c6c00000| Untracked |  0
| 109|0x00000007c6d00000, 0x00000007c6d00000, 0x00000007c6e00000|  0%| F|  |TAMS 0x00000007c6d00000| PB 0x00000007c6d00000| Untracked |  0
| 110|0x00000007c6e00000, 0x00000007c6e00000, 0x00000007c6f00000|  0%| F|  |TAMS 0x00000007c6e00000| PB 0x00000007c6e00000| Untracked |  0
| 111|0x00000007c6f00000, 0x00000007c6f00000, 0x00000007c7000000|  0%| F|  |TAMS 0x00000007c6f00000| PB 0x00000007c6f00000| Untracked |  0
| 112|0x00000007c7000000, 0x00000007c7000000, 0x00000007c7100000|  0%| F|  |TAMS 0x00000007c7000000| PB 0x00000007c7000000| Untracked |  0
| 113|0x00000007c7100000, 0x00000007c7100000, 0x00000007c7200000|  0%| F|  |TAMS 0x00000007c7100000| PB 0x00000007c7100000| Untracked |  0
| 114|0x00000007c7200000, 0x00000007c7200000, 0x00000007c7300000|  0%| F|  |TAMS 0x00000007c7200000| PB 0x00000007c7200000| Untracked |  0
| 115|0x00000007c7300000, 0x00000007c7300000, 0x00000007c7400000|  0%| F|  |TAMS 0x00000007c7300000| PB 0x00000007c7300000| Untracked |  0
| 116|0x00000007c7400000, 0x00000007c7400000, 0x00000007c7500000|  0%| F|  |TAMS 0x00000007c7400000| PB 0x00000007c7400000| Untracked |  0
| 117|0x00000007c7500000, 0x00000007c7500000, 0x00000007c7600000|  0%| F|  |TAMS 0x00000007c7500000| PB 0x00000007c7500000| Untracked |  0
| 118|0x00000007c7600000, 0x00000007c7600000, 0x00000007c7700000|  0%| F|  |TAMS 0x00000007c7600000| PB 0x00000007c7600000| Untracked |  0
| 119|0x00000007c7700000, 0x00000007c7700000, 0x00000007c7800000|  0%| F|  |TAMS 0x00000007c7700000| PB 0x00000007c7700000| Untracked |  0
| 120|0x00000007c7800000, 0x00000007c7800000, 0x00000007c7900000|  0%| F|  |TAMS 0x00000007c7800000| PB 0x00000007c7800000| Untracked |  0
| 121|0x00000007c7900000, 0x00000007c7900000, 0x00000007c7a00000|  0%| F|  |TAMS 0x00000007c7900000| PB 0x00000007c7900000| Untracked |  0
| 122|0x00000007c7a00000, 0x00000007c7a00000, 0x00000007c7b00000|  0%| F|  |TAMS 0x00000007c7a00000| PB 0x00000007c7a00000| Untracked |  0
| 123|0x00000007c7b00000, 0x00000007c7b00000, 0x00000007c7c00000|  0%| F|  |TAMS 0x00000007c7b00000| PB 0x00000007c7b00000| Untracked |  0
| 124|0x00000007c7c00000, 0x00000007c7c00000, 0x00000007c7d00000|  0%| F|  |TAMS 0x00000007c7c00000| PB 0x00000007c7c00000| Untracked |  0
| 125|0x00000007c7d00000, 0x00000007c7d00000, 0x00000007c7e00000|  0%| F|  |TAMS 0x00000007c7d00000| PB 0x00000007c7d00000| Untracked |  0
| 126|0x00000007c7e00000, 0x00000007c7e00000, 0x00000007c7f00000|  0%| F|  |TAMS 0x00000007c7e00000| PB 0x00000007c7e00000| Untracked |  0
| 127|0x00000007c7f00000, 0x00000007c7f00000, 0x00000007c8000000|  0%| F|  |TAMS 0x00000007c7f00000| PB 0x00000007c7f00000| Untracked |  0
| 128|0x00000007c8000000, 0x00000007c8000000, 0x00000007c8100000|  0%| F|  |TAMS 0x00000007c8000000| PB 0x00000007c8000000| Untracked |  0
| 129|0x00000007c8100000, 0x00000007c8100000, 0x00000007c8200000|  0%| F|  |TAMS 0x00000007c8100000| PB 0x00000007c8100000| Untracked |  0
| 130|0x00000007c8200000, 0x00000007c8200000, 0x00000007c8300000|  0%| F|  |TAMS 0x00000007c8200000| PB 0x00000007c8200000| Untracked |  0
| 131|0x00000007c8300000, 0x00000007c8300000, 0x00000007c8400000|  0%| F|  |TAMS 0x00000007c8300000| PB 0x00000007c8300000| Untracked |  0
| 132|0x00000007c8400000, 0x00000007c8400000, 0x00000007c8500000|  0%| F|  |TAMS 0x00000007c8400000| PB 0x00000007c8400000| Untracked |  0
| 133|0x00000007c8500000, 0x00000007c8500000, 0x00000007c8600000|  0%| F|  |TAMS 0x00000007c8500000| PB 0x00000007c8500000| Untracked |  0
| 134|0x00000007c8600000, 0x00000007c8600000, 0x00000007c8700000|  0%| F|  |TAMS 0x00000007c8600000| PB 0x00000007c8600000| Untracked |  0
| 135|0x00000007c8700000, 0x00000007c8700000, 0x00000007c8800000|  0%| F|  |TAMS 0x00000007c8700000| PB 0x00000007c8700000| Untracked |  0
| 136|0x00000007c8800000, 0x00000007c8800000, 0x00000007c8900000|  0%| F|  |TAMS 0x00000007c8800000| PB 0x00000007c8800000| Untracked |  0
| 137|0x00000007c8900000, 0x00000007c8900000, 0x00000007c8a00000|  0%| F|  |TAMS 0x00000007c8900000| PB 0x00000007c8900000| Untracked |  0
| 138|0x00000007c8a00000, 0x00000007c8a00000, 0x00000007c8b00000|  0%| F|  |TAMS 0x00000007c8a00000| PB 0x00000007c8a00000| Untracked |  0
| 139|0x00000007c8b00000, 0x00000007c8b00000, 0x00000007c8c00000|  0%| F|  |TAMS 0x00000007c8b00000| PB 0x00000007c8b00000| Untracked |  0
| 140|0x00000007c8c00000, 0x00000007c8c00000, 0x00000007c8d00000|  0%| F|  |TAMS 0x00000007c8c00000| PB 0x00000007c8c00000| Untracked |  0
| 141|0x00000007c8d00000, 0x00000007c8d00000, 0x00000007c8e00000|  0%| F|  |TAMS 0x00000007c8d00000| PB 0x00000007c8d00000| Untracked |  0
| 142|0x00000007c8e00000, 0x00000007c8e00000, 0x00000007c8f00000|  0%| F|  |TAMS 0x00000007c8e00000| PB 0x00000007c8e00000| Untracked |  0
| 143|0x00000007c8f00000, 0x00000007c8f00000, 0x00000007c9000000|  0%| F|  |TAMS 0x00000007c8f00000| PB 0x00000007c8f00000| Untracked |  0
| 144|0x00000007c9000000, 0x00000007c9000000, 0x00000007c9100000|  0%| F|  |TAMS 0x00000007c9000000| PB 0x00000007c9000000| Untracked |  0
| 145|0x00000007c9100000, 0x00000007c9100000, 0x00000007c9200000|  0%| F|  |TAMS 0x00000007c9100000| PB 0x00000007c9100000| Untracked |  0
| 146|0x00000007c9200000, 0x00000007c9200000, 0x00000007c9300000|  0%| F|  |TAMS 0x00000007c9200000| PB 0x00000007c9200000| Untracked |  0
| 147|0x00000007c9300000, 0x00000007c9300000, 0x00000007c9400000|  0%| F|  |TAMS 0x00000007c9300000| PB 0x00000007c9300000| Untracked |  0
| 148|0x00000007c9400000, 0x00000007c9400000, 0x00000007c9500000|  0%| F|  |TAMS 0x00000007c9400000| PB 0x00000007c9400000| Untracked |  0
| 149|0x00000007c9500000, 0x00000007c9500000, 0x00000007c9600000|  0%| F|  |TAMS 0x00000007c9500000| PB 0x00000007c9500000| Untracked |  0
| 150|0x00000007c9600000, 0x00000007c9600000, 0x00000007c9700000|  0%| F|  |TAMS 0x00000007c9600000| PB 0x00000007c9600000| Untracked |  0
| 151|0x00000007c9700000, 0x00000007c9700000, 0x00000007c9800000|  0%| F|  |TAMS 0x00000007c9700000| PB 0x00000007c9700000| Untracked |  0
| 152|0x00000007c9800000, 0x00000007c9900000, 0x00000007c9900000|100%| E|  |TAMS 0x00000007c9800000| PB 0x00000007c9800000| Complete |  0
|1022|0x00000007ffe00000, 0x00000007fff00000, 0x00000007fff00000|100%| O|  |TAMS 0x00000007ffe00000| PB 0x00000007ffe00000| Untracked |  0

Card table byte_map: [0x000000016464c000,0x000000016484c000] _byte_map_base: 0x000000016084c000

Marking Bits: (CMBitMap*) 0x000000015e0bd210
 Bits: [0x00000001669e8000, 0x00000001679e8000)

Polling page: 0x0000000106758000

Metaspace:
Metaspace        used 9724K, committed 9920K, reserved 1114112K
 class space     used 1604K, committed 1664K, reserved 1048576K

Usage:
  Non-class:      7.93 MB used.
      Class:      1.57 MB used.
       Both:      9.50 MB used.

Virtual space:
  Non-class space:       64.00 MB reserved,       8.06 MB ( 13%) committed,  1 nodes.
      Class space:        1.00 GB reserved,       1.62 MB ( <1%) committed,  1 nodes.
             Both:        1.06 GB reserved,       9.69 MB ( <1%) committed. 

Chunk freelists:
   Non-Class:  6.75 MB
       Class:  14.38 MB
        Both:  21.13 MB

MaxMetaspaceSize: unlimited
CompressedClassSpaceSize: 1.00 GB
Initial GC threshold: 21.00 MB
Current GC threshold: 21.00 MB
CDS: on
 - commit_granule_bytes: 65536.
 - commit_granule_words: 8192.
 - virtual_space_node_default_size: 8388608.
 - enlarge_chunks_in_place: 1.
UseCompressedClassPointers 1, UseCompactObjectHeaders 0
Narrow klass pointer bits 32, Max shift 3
Narrow klass base: 0x0000380000000000, Narrow klass shift: 0
Encoding Range: [0x0000380000000000 - 0x0000380100000000), (4294967296 bytes)
Klass Range:    [0x0000380000004000 - 0x0000380041000000), (1090502656 bytes)
Klass ID Range:  [16384 - 1090519033) (1090502649)
Protection zone: [0x0000380000000000 - 0x0000380000004000), (16384 bytes)


Internal statistics:

num_allocs_failed_limit: 0.
num_arena_births: 112.
num_arena_deaths: 0.
num_vsnodes_births: 2.
num_vsnodes_deaths: 0.
num_space_committed: 155.
num_space_uncommitted: 0.
num_chunks_returned_to_freelist: 0.
num_chunks_taken_from_freelist: 375.
num_chunk_merges: 0.
num_chunk_splits: 286.
num_chunks_enlarged: 233.
num_inconsistent_stats: 0.

CodeHeap 'non-profiled nmethods': size=120048Kb used=589Kb max_used=642Kb free=119458Kb
 bounds [0x000000031d3a4000, 0x000000031d614000, 0x00000003248e0000]
CodeHeap 'profiled nmethods': size=120016Kb used=2934Kb max_used=3577Kb free=117081Kb
 bounds [0x00000003158e0000, 0x0000000315c60000, 0x000000031ce14000]
CodeHeap 'non-nmethods': size=5696Kb used=1247Kb max_used=1285Kb free=4448Kb
 bounds [0x000000031ce14000, 0x000000031d084000, 0x000000031d3a4000]
CodeCache: size=245760Kb, used=4770Kb, max_used=5504Kb, free=240987Kb
 total_blobs=2561, nmethods=2121, adapters=348, full_count=0
Compilation: enabled, stopped_count=0, restarted_count=0

Compilation events (20 events):
Event: 1.035 Thread 0x000000015f038600 2506       4       java.util.HashMap::newNode (13 bytes)
Event: 1.035 Thread 0x000000015f038600 nmethod 2506 0x000000031d444708 code [0x000000031d444800, 0x000000031d444928]
Event: 1.035 Thread 0x000000015f038600 2517       4       java.lang.StringUTF16::indexOfLatin1 (31 bytes)
Event: 1.055 Thread 0x000000015f038600 nmethod 2517 0x000000031d412f88 code [0x000000031d413080, 0x000000031d413310]
Event: 1.055 Thread 0x000000015f038600 2624       4       jdk.internal.access.SharedSecrets::getJavaLangAccess (4 bytes)
Event: 1.055 Thread 0x000000015f041000 2633       3       java.lang.ref.Reference::enqueueFromPending (19 bytes)
Event: 1.055 Thread 0x000000015f041000 nmethod 2633 0x0000000315944108 code [0x0000000315944200, 0x0000000315944450]
Event: 1.055 Thread 0x000000015f041000 2634   !   3       java.lang.ref.ReferenceQueue::enqueue (20 bytes)
Event: 1.055 Thread 0x000000015f038600 nmethod 2624 0x000000031d3f7388 code [0x000000031d3f7480, 0x000000031d3f7500]
Event: 1.055 Thread 0x000000015f038600 2500 %     4       java.lang.StringUTF16::indexOfChar @ 3 (30 bytes)
Event: 1.056 Thread 0x000000015f041000 nmethod 2634 0x0000000315976e48 code [0x0000000315976f40, 0x0000000315977218]
Event: 1.057 Thread 0x000000015f038600 nmethod 2500% 0x000000031d412c88 code [0x000000031d412d80, 0x000000031d412f70]
Event: 7.042 Thread 0x000000015f041000 2635       3       java.lang.ref.ReferenceQueue::poll0 (65 bytes)
Event: 7.043 Thread 0x000000015f041000 nmethod 2635 0x0000000315aa3e48 code [0x0000000315aa3f40, 0x0000000315aa4410]
Event: 49.717 Thread 0x000000015f041000 2637   !   3       java.lang.ref.ReferenceQueue::remove (49 bytes)
Event: 49.719 Thread 0x000000015f041000 nmethod 2637 0x0000000315908c88 code [0x0000000315908d80, 0x00000003159096f8]
Event: 49.720 Thread 0x000000015f041000 2638       3       java.lang.ref.ReferenceQueue::remove0 (67 bytes)
Event: 49.720 Thread 0x000000015f041000 nmethod 2638 0x0000000315b13e08 code [0x0000000315b13f00, 0x0000000315b143b8]
Event: 81.988 Thread 0x000000015f041000 2639   !   3       java.lang.Object::wait (59 bytes)
Event: 81.990 Thread 0x000000015f041000 nmethod 2639 0x0000000315b5e608 code [0x0000000315b5e700, 0x0000000315b5eca8]

GC Heap Usage History (20 events):
Event: 0.676 {heap Before GC invocations=14 (full 2):
 garbage-first heap   total reserved 1048576K, committed 68608K, used 67233K [0x00000007c0000000, 0x0000000800000000)
  region size 1024K, 48 young (49152K), 1 survivors (1024K)
}
Event: 0.682 {heap After GC invocations=15 (full 2):
 garbage-first heap   total reserved 1048576K, committed 74752K, used 23830K [0x00000007c0000000, 0x0000000800000000)
  region size 1024K, 6 young (6144K), 6 survivors (6144K)
}
Event: 0.685 {heap Before GC invocations=15 (full 2):
 garbage-first heap   total reserved 1048576K, committed 74752K, used 28950K [0x00000007c0000000, 0x0000000800000000)
  region size 1024K, 12 young (12288K), 6 survivors (6144K)
}
Event: 0.700 {heap After GC invocations=16 (full 3):
 garbage-first heap   total reserved 1048576K, committed 74752K, used 23421K [0x00000007c0000000, 0x0000000800000000)
  region size 1024K, 0 young (0K), 0 survivors (0K)
}
Event: 0.749 {heap Before GC invocations=16 (full 3):
 garbage-first heap   total reserved 1048576K, committed 74752K, used 62333K [0x00000007c0000000, 0x0000000800000000)
  region size 1024K, 36 young (36864K), 0 survivors (0K)
}
Event: 0.753 {heap After GC invocations=17 (full 3):
 garbage-first heap   total reserved 1048576K, committed 74752K, used 31526K [0x00000007c0000000, 0x0000000800000000)
  region size 1024K, 5 young (5120K), 5 survivors (5120K)
}
Event: 0.775 {heap Before GC invocations=17 (full 3):
 garbage-first heap   total reserved 1048576K, committed 74752K, used 61222K [0x00000007c0000000, 0x0000000800000000)
  region size 1024K, 34 young (34816K), 5 survivors (5120K)
}
Event: 0.779 {heap After GC invocations=18 (full 3):
 garbage-first heap   total reserved 1048576K, committed 74752K, used 34830K [0x00000007c0000000, 0x0000000800000000)
  region size 1024K, 3 young (3072K), 3 survivors (3072K)
}
Event: 0.796 {heap Before GC invocations=18 (full 3):
 garbage-first heap   total reserved 1048576K, committed 74752K, used 62478K [0x00000007c0000000, 0x0000000800000000)
  region size 1024K, 30 young (30720K), 3 survivors (3072K)
}
Event: 0.799 {heap After GC invocations=19 (full 3):
 garbage-first heap   total reserved 1048576K, committed 74752K, used 37861K [0x00000007c0000000, 0x0000000800000000)
  region size 1024K, 4 young (4096K), 4 survivors (4096K)
}
Event: 0.817 {heap Before GC invocations=20 (full 3):
 garbage-first heap   total reserved 1048576K, committed 74752K, used 58470K [0x00000007c0000000, 0x0000000800000000)
  region size 1024K, 29 young (29696K), 4 survivors (4096K)
}
Event: 0.821 {heap After GC invocations=21 (full 3):
 garbage-first heap   total reserved 1048576K, committed 74752K, used 35386K [0x00000007c0000000, 0x0000000800000000)
  region size 1024K, 3 young (3072K), 3 survivors (3072K)
}
Event: 0.860 {heap Before GC invocations=21 (full 3):
 garbage-first heap   total reserved 1048576K, committed 74752K, used 71226K [0x00000007c0000000, 0x0000000800000000)
  region size 1024K, 32 young (32768K), 3 survivors (3072K)
}
Event: 0.868 {heap After GC invocations=22 (full 3):
 garbage-first heap   total reserved 1048576K, committed 245760K, used 47397K [0x00000007c0000000, 0x0000000800000000)
  region size 1024K, 4 young (4096K), 4 survivors (4096K)
}
Event: 1.036 {heap Before GC invocations=22 (full 3):
 garbage-first heap   total reserved 1048576K, committed 245760K, used 111909K [0x00000007c0000000, 0x0000000800000000)
  region size 1024K, 62 young (63488K), 4 survivors (4096K)
}
Event: 1.055 {heap After GC invocations=23 (full 4):
 garbage-first heap   total reserved 1048576K, committed 163840K, used 46187K [0x00000007c0000000, 0x0000000800000000)
  region size 1024K, 0 young (0K), 0 survivors (0K)
}
Event: 1.664 {heap Before GC invocations=23 (full 4):
 garbage-first heap   total reserved 1048576K, committed 163840K, used 46187K [0x00000007c0000000, 0x0000000800000000)
  region size 1024K, 1 young (1024K), 0 survivors (0K)
}
Event: 1.676 {heap After GC invocations=24 (full 5):
 garbage-first heap   total reserved 1048576K, committed 157696K, used 46139K [0x00000007c0000000, 0x0000000800000000)
  region size 1024K, 0 young (0K), 0 survivors (0K)
}
Event: 2.048 {heap Before GC invocations=24 (full 5):
 garbage-first heap   total reserved 1048576K, committed 157696K, used 46139K [0x00000007c0000000, 0x0000000800000000)
  region size 1024K, 1 young (1024K), 0 survivors (0K)
}
Event: 2.061 {heap After GC invocations=25 (full 6):
 garbage-first heap   total reserved 1048576K, committed 157696K, used 46139K [0x00000007c0000000, 0x0000000800000000)
  region size 1024K, 0 young (0K), 0 survivors (0K)
}

Metaspace Usage History (20 events):
Event: 0.676 {metaspace Before GC invocations=14 (full 2):
 Metaspace       used 7960K, committed 8192K, reserved 1114112K
  class space    used 1282K, committed 1344K, reserved 1048576K
}
Event: 0.682 {metaspace After GC invocations=15 (full 2):
 Metaspace       used 7960K, committed 8192K, reserved 1114112K
  class space    used 1282K, committed 1344K, reserved 1048576K
}
Event: 0.685 {metaspace Before GC invocations=15 (full 2):
 Metaspace       used 7960K, committed 8192K, reserved 1114112K
  class space    used 1282K, committed 1344K, reserved 1048576K
}
Event: 0.700 {metaspace After GC invocations=16 (full 3):
 Metaspace       used 7960K, committed 8192K, reserved 1114112K
  class space    used 1282K, committed 1344K, reserved 1048576K
}
Event: 0.749 {metaspace Before GC invocations=16 (full 3):
 Metaspace       used 8124K, committed 8320K, reserved 1114112K
  class space    used 1335K, committed 1408K, reserved 1048576K
}
Event: 0.753 {metaspace After GC invocations=17 (full 3):
 Metaspace       used 8124K, committed 8320K, reserved 1114112K
  class space    used 1335K, committed 1408K, reserved 1048576K
}
Event: 0.775 {metaspace Before GC invocations=17 (full 3):
 Metaspace       used 8125K, committed 8320K, reserved 1114112K
  class space    used 1335K, committed 1408K, reserved 1048576K
}
Event: 0.779 {metaspace After GC invocations=18 (full 3):
 Metaspace       used 8125K, committed 8320K, reserved 1114112K
  class space    used 1335K, committed 1408K, reserved 1048576K
}
Event: 0.796 {metaspace Before GC invocations=18 (full 3):
 Metaspace       used 8126K, committed 8320K, reserved 1114112K
  class space    used 1335K, committed 1408K, reserved 1048576K
}
Event: 0.799 {metaspace After GC invocations=19 (full 3):
 Metaspace       used 8126K, committed 8320K, reserved 1114112K
  class space    used 1335K, committed 1408K, reserved 1048576K
}
Event: 0.817 {metaspace Before GC invocations=20 (full 3):
 Metaspace       used 8126K, committed 8320K, reserved 1114112K
  class space    used 1335K, committed 1408K, reserved 1048576K
}
Event: 0.821 {metaspace After GC invocations=21 (full 3):
 Metaspace       used 8126K, committed 8320K, reserved 1114112K
  class space    used 1335K, committed 1408K, reserved 1048576K
}
Event: 0.860 {metaspace Before GC invocations=21 (full 3):
 Metaspace       used 8126K, committed 8320K, reserved 1114112K
  class space    used 1335K, committed 1408K, reserved 1048576K
}
Event: 0.868 {metaspace After GC invocations=22 (full 3):
 Metaspace       used 8126K, committed 8320K, reserved 1114112K
  class space    used 1335K, committed 1408K, reserved 1048576K
}
Event: 1.036 {metaspace Before GC invocations=22 (full 3):
 Metaspace       used 9717K, committed 9920K, reserved 1114112K
  class space    used 1604K, committed 1664K, reserved 1048576K
}
Event: 1.055 {metaspace After GC invocations=23 (full 4):
 Metaspace       used 9717K, committed 9920K, reserved 1114112K
  class space    used 1604K, committed 1664K, reserved 1048576K
}
Event: 1.664 {metaspace Before GC invocations=23 (full 4):
 Metaspace       used 9719K, committed 9920K, reserved 1114112K
  class space    used 1604K, committed 1664K, reserved 1048576K
}
Event: 1.676 {metaspace After GC invocations=24 (full 5):
 Metaspace       used 9719K, committed 9920K, reserved 1114112K
  class space    used 1604K, committed 1664K, reserved 1048576K
}
Event: 2.048 {metaspace Before GC invocations=24 (full 5):
 Metaspace       used 9719K, committed 9920K, reserved 1114112K
  class space    used 1604K, committed 1664K, reserved 1048576K
}
Event: 2.061 {metaspace After GC invocations=25 (full 6):
 Metaspace       used 9719K, committed 9920K, reserved 1114112K
  class space    used 1604K, committed 1664K, reserved 1048576K
}

Dll operation events (6 events):
Event: 0.018 Loaded shared library /Library/Java/JavaVirtualMachines/temurin-25.jdk/Contents/Home/lib/libjava.dylib
Event: 0.059 Loaded shared library /Library/Java/JavaVirtualMachines/temurin-25.jdk/Contents/Home/lib/libnio.dylib
Event: 0.065 Loaded shared library /Library/Java/JavaVirtualMachines/temurin-25.jdk/Contents/Home/lib/libzip.dylib
Event: 0.097 Loaded shared library /Users/anniewang/Desktop/MLLM-interpretability/MLLM-interpretability/.venv/lib/python3.12/site-packages/_jpype.cpython-312-darwin.so
Event: 0.116 Loaded shared library /Library/Java/JavaVirtualMachines/temurin-25.jdk/Contents/Home/lib/libjimage.dylib
Event: 0.479 Loaded shared library /Library/Java/JavaVirtualMachines/temurin-25.jdk/Contents/Home/lib/libverify.dylib

Deoptimization events (20 events):
Event: 1.013 Thread 0x00000001247c5000 DEOPT PACKING pc=0x000000031d3fc750 sp=0x000000016b529020
Event: 1.013 Thread 0x00000001247c5000 DEOPT UNPACKING pc=0x000000031cf29b5c sp=0x000000016b528fc0 mode 2
Event: 1.013 Thread 0x00000001247c5000 Uncommon trap: trap_request=0xffffffde fr.pc=0x000000031d3fc750 relative=0x00000000000000d0
Event: 1.013 Thread 0x00000001247c5000 Uncommon trap: reason=class_check action=maybe_recompile pc=0x000000031d3fc750 method=scala.collection.Iterator$$anon$10.next()Ljava/lang/Object; @ 8 c2
Event: 1.013 Thread 0x00000001247c5000 DEOPT PACKING pc=0x000000031d3fc750 sp=0x000000016b529020
Event: 1.013 Thread 0x00000001247c5000 DEOPT UNPACKING pc=0x000000031cf29b5c sp=0x000000016b528fc0 mode 2
Event: 1.014 Thread 0x00000001247c5000 DEOPT PACKING pc=0x0000000315b12c34 sp=0x000000016b526bb0
Event: 1.014 Thread 0x00000001247c5000 DEOPT UNPACKING pc=0x000000031ce510bc sp=0x000000016b526830 mode 0
Event: 1.016 Thread 0x00000001247c5000 Uncommon trap: trap_request=0xffffff45 fr.pc=0x000000031d3d8c58 relative=0x00000000000002d8
Event: 1.016 Thread 0x00000001247c5000 Uncommon trap: reason=unstable_if action=reinterpret pc=0x000000031d3d8c58 method=java.lang.String.startsWith(Ljava/lang/String;I)Z @ 1 c2
Event: 1.016 Thread 0x00000001247c5000 DEOPT PACKING pc=0x000000031d3d8c58 sp=0x000000016b527430
Event: 1.016 Thread 0x00000001247c5000 DEOPT UNPACKING pc=0x000000031cf29b5c sp=0x000000016b527390 mode 2
Event: 1.017 Thread 0x00000001247c5000 Uncommon trap: trap_request=0xffffffde fr.pc=0x000000031d3fc750 relative=0x00000000000000d0
Event: 1.017 Thread 0x00000001247c5000 Uncommon trap: reason=class_check action=maybe_recompile pc=0x000000031d3fc750 method=scala.collection.Iterator$$anon$10.next()Ljava/lang/Object; @ 8 c2
Event: 1.017 Thread 0x00000001247c5000 DEOPT PACKING pc=0x000000031d3fc750 sp=0x000000016b529020
Event: 1.017 Thread 0x00000001247c5000 DEOPT UNPACKING pc=0x000000031cf29b5c sp=0x000000016b528fc0 mode 2
Event: 1.030 Thread 0x00000001247c5000 Uncommon trap: trap_request=0xffffffde fr.pc=0x000000031d437b80 relative=0x0000000000000a80
Event: 1.030 Thread 0x00000001247c5000 Uncommon trap: reason=class_check action=maybe_recompile pc=0x000000031d437b80 method=java.util.HashMap.putVal(ILjava/lang/Object;Ljava/lang/Object;ZZ)Ljava/lang/Object; @ 91 c2
Event: 1.030 Thread 0x00000001247c5000 DEOPT PACKING pc=0x000000031d437b80 sp=0x000000016b529f40
Event: 1.030 Thread 0x00000001247c5000 DEOPT UNPACKING pc=0x000000031cf29b5c sp=0x000000016b529e90 mode 2

Classes loaded (20 events):
Event: 1.005 Loading class java/io/SequenceInputStream
Event: 1.005 Loading class java/io/SequenceInputStream done
Event: 1.005 Loading class java/util/zip/GZIPInputStream$1
Event: 1.005 Loading class java/util/zip/GZIPInputStream$1 done
Event: 1.005 Loading class java/io/EOFException
Event: 1.005 Loading class java/io/EOFException done
Event: 1.031 Loading class java/lang/SafeVarargs
Event: 1.031 Loading class java/lang/SafeVarargs done
Event: 1.032 Loading class java/util/AbstractList$Itr
Event: 1.033 Loading class java/util/AbstractList$Itr done
Event: 1.033 Loading class java/util/AbstractList$ListItr
Event: 1.033 Loading class java/util/AbstractList$ListItr done
Event: 1.033 Loading class java/util/AbstractList$RandomAccessSubList
Event: 1.033 Loading class java/util/AbstractList$SubList
Event: 1.033 Loading class java/util/AbstractList$SubList done
Event: 1.033 Loading class java/util/AbstractList$RandomAccessSubList done
Event: 1.033 Loading class java/util/ArrayList$ListItr
Event: 1.033 Loading class java/util/ArrayList$ListItr done
Event: 157.704 Loading class jdk/internal/misc/Signal$1
Event: 157.705 Loading class jdk/internal/misc/Signal$1 done

Classes unloaded (0 events):
No events

Classes redefined (0 events):
No events

Internal exceptions (20 events):
Event: 0.108 Thread 0x00000001247c5000 Exception <a 'java/lang/NoSuchMethodError'{0x00000007d1c89cd0}: 'int java.lang.invoke.Invokers$Holder.invokeExact_MT(java.lang.Object, java.lang.Object, java.lang.Object)'> (0x00000007d1c89cd0) 
thrown [src/hotspot/share/interpreter/linkResolver.cpp, line 804]
Event: 0.118 Thread 0x00000001247c5000 Exception <a 'java/lang/NoSuchMethodError'{0x00000007d1b3fb00}: 'java.lang.Object java.lang.invoke.DirectMethodHandle$Holder.invokeStaticInit(java.lang.Object)'> (0x00000007d1b3fb00) 
thrown [src/hotspot/share/interpreter/linkResolver.cpp, line 804]
Event: 0.127 Thread 0x00000001247c5000 Exception <a 'java/lang/IncompatibleClassChangeError'{0x00000007d1bcd6f8}: Found class java.lang.Object, but interface was expected> (0x00000007d1bcd6f8) 
thrown [src/hotspot/share/interpreter/linkResolver.cpp, line 871]
Event: 0.466 Thread 0x00000001247c5000 Exception <a 'java/lang/NoSuchMethodError'{0x00000007c11b40b0}: 'java.lang.Object java.lang.invoke.DirectMethodHandle$Holder.invokeStaticInit(java.lang.Object, java.lang.Object, java.lang.Object)'> (0x00000007c11b40b0) 
thrown [src/hotspot/share/interpreter/linkResolver.cpp, line 804]
Event: 0.501 Thread 0x00000001247c5000 Exception <a 'java/lang/NoSuchMethodError'{0x00000007c1969e08}: 'java.lang.Object java.lang.invoke.DirectMethodHandle$Holder.invokeStatic(java.lang.Object, java.lang.Object, int, java.lang.Object, java.lang.Object)'> (0x00000007c1969e08) 
thrown [src/hotspot/share/interpreter/linkResolver.cpp, line 804]
Event: 0.502 Thread 0x00000001247c5000 Exception <a 'java/lang/NoSuchMethodError'{0x00000007c1989150}: 'java.lang.Object java.lang.invoke.DirectMethodHandle$Holder.newInvokeSpecial(java.lang.Object, java.lang.Object, int, java.lang.Object)'> (0x00000007c1989150) 
thrown [src/hotspot/share/interpreter/linkResolver.cpp, line 804]
Event: 0.502 Thread 0x00000001247c5000 Exception <a 'java/lang/NoSuchMethodError'{0x00000007c1991ad8}: 'java.lang.Object java.lang.invoke.Invokers$Holder.linkToTargetMethod(java.lang.Object, int, java.lang.Object, java.lang.Object)'> (0x00000007c1991ad8) 
thrown [src/hotspot/share/interpreter/linkResolver.cpp, line 804]
Event: 0.510 Thread 0x00000001247c5000 Exception <a 'java/lang/NoSuchMethodError'{0x00000007c1833c48}: 'java.lang.Object java.lang.invoke.DirectMethodHandle$Holder.invokeStaticInit(java.lang.Object, java.lang.Object, java.lang.Object, java.lang.Object)'> (0x00000007c1833c48) 
thrown [src/hotspot/share/interpreter/linkResolver.cpp, line 804]
Event: 0.595 Thread 0x00000001247c5000 Exception <a 'java/lang/NoSuchMethodError'{0x00000007c1ac9c88}: 'java.lang.Object java.lang.invoke.DirectMethodHandle$Holder.invokeStatic(java.lang.Object, java.lang.Object, int, java.lang.Object)'> (0x00000007c1ac9c88) 
thrown [src/hotspot/share/interpreter/linkResolver.cpp, line 804]
Event: 0.596 Thread 0x00000001247c5000 Exception <a 'java/lang/NoSuchMethodError'{0x00000007c1adb9f0}: 'java.lang.Object java.lang.invoke.DirectMethodHandle$Holder.newInvokeSpecial(java.lang.Object, java.lang.Object, int)'> (0x00000007c1adb9f0) 
thrown [src/hotspot/share/interpreter/linkResolver.cpp, line 804]
Event: 0.598 Thread 0x00000001247c5000 Exception <a 'java/lang/NoSuchMethodError'{0x00000007c1911e20}: 'java.lang.Object java.lang.invoke.DirectMethodHandle$Holder.invokeStatic(java.lang.Object, int, java.lang.Object)'> (0x00000007c1911e20) 
thrown [src/hotspot/share/interpreter/linkResolver.cpp, line 804]
Event: 0.919 Thread 0x00000001247c5000 Exception <a 'java/lang/NoSuchMethodError'{0x00000007cd784e80}: 'java.lang.Object java.lang.invoke.DirectMethodHandle$Holder.newInvokeSpecial(java.lang.Object, java.lang.Object, java.lang.Object, java.lang.Object, java.lang.Object, int)'> (0x00000007cd784e80) 
thrown [src/hotspot/share/interpreter/linkResolver.cpp, line 804]
Event: 0.919 Thread 0x00000001247c5000 Exception <a 'java/lang/NoSuchMethodError'{0x00000007cd78da90}: 'java.lang.Object java.lang.invoke.DirectMethodHandle$Holder.invokeSpecial(java.lang.Object, java.lang.Object, java.lang.Object, java.lang.Object, java.lang.Object, java.lang.Object, int)'> (0x00000007cd78da90) 
thrown [src/hotspot/share/interpreter/linkResolver.cpp, line 804]
Event: 0.935 Thread 0x00000001247c5000 Exception <a 'java/lang/NoSuchMethodError'{0x00000007cd64f0b0}: 'java.lang.Object java.lang.invoke.DirectMethodHandle$Holder.newInvokeSpecial(java.lang.Object, java.lang.Object, java.lang.Object, java.lang.Object, int, java.lang.Object)'> (0x00000007cd64f0b0) 
thrown [src/hotspot/share/interpreter/linkResolver.cpp, line 804]
Event: 0.935 Thread 0x00000001247c5000 Exception <a 'java/lang/NoSuchMethodError'{0x00000007cd657ad8}: 'java.lang.Object java.lang.invoke.DirectMethodHandle$Holder.invokeSpecial(java.lang.Object, java.lang.Object, java.lang.Object, java.lang.Object, java.lang.Object, int, java.lang.Object)'> (0x00000007cd657ad8) 
thrown [src/hotspot/share/interpreter/linkResolver.cpp, line 804]
Event: 0.947 Thread 0x00000001247c5000 Exception <a 'java/lang/NoSuchMethodError'{0x00000007cd6e5068}: 'java.lang.Object java.lang.invoke.Invokers$Holder.invoke_MT(java.lang.Object, java.lang.Object, java.lang.Object, java.lang.Object, java.lang.Object, java.lang.Object)'> (0x00000007cd6e5068) 
thrown [src/hotspot/share/interpreter/linkResolver.cpp, line 804]
Event: 0.948 Thread 0x00000001247c5000 Exception <a 'java/lang/NoSuchMethodError'{0x00000007cd6f6610}: 'java.lang.Object java.lang.invoke.Invokers$Holder.invoker(java.lang.Object, java.lang.Object, java.lang.Object)'> (0x00000007cd6f6610) 
thrown [src/hotspot/share/interpreter/linkResolver.cpp, line 804]
Event: 0.949 Thread 0x00000001247c5000 Exception <a 'java/lang/NoSuchMethodError'{0x00000007cd5031d0}: 'java.lang.Object java.lang.invoke.DirectMethodHandle$Holder.invokeStatic(java.lang.Object, java.lang.Object, int)'> (0x00000007cd5031d0) 
thrown [src/hotspot/share/interpreter/linkResolver.cpp, line 804]
Event: 0.949 Thread 0x00000001247c5000 Exception <a 'java/lang/NoSuchMethodError'{0x00000007cd51b820}: 'void java.lang.invoke.DelegatingMethodHandle$Holder.delegate(java.lang.Object, java.lang.Object, int, java.lang.Object)'> (0x00000007cd51b820) 
thrown [src/hotspot/share/interpreter/linkResolver.cpp, line 804]
Event: 1.029 Thread 0x00000001247c5000 Exception <a 'java/lang/NoSuchMethodError'{0x00000007cb0c7fd8}: 'int java.lang.invoke.DirectMethodHandle$Holder.invokeVirtual(java.lang.Object, java.lang.Object)'> (0x00000007cb0c7fd8) 
thrown [src/hotspot/share/interpreter/linkResolver.cpp, line 804]

VM Operations (20 events):
Event: 0.817 Executing safepoint VM operation: G1CollectForAllocation (G1 Evacuation Pause)
Event: 0.821 Executing safepoint VM operation: G1CollectForAllocation (G1 Evacuation Pause) done
Event: 0.860 Executing safepoint VM operation: G1CollectForAllocation (G1 Evacuation Pause)
Event: 0.868 Executing safepoint VM operation: G1CollectForAllocation (G1 Evacuation Pause) done
Event: 0.923 Executing non-safepoint VM operation: HandshakeAllThreads (Deoptimize)
Event: 0.923 Executing non-safepoint VM operation: HandshakeAllThreads (Deoptimize) done
Event: 1.010 Executing non-safepoint VM operation: HandshakeAllThreads (Deoptimize)
Event: 1.010 Executing non-safepoint VM operation: HandshakeAllThreads (Deoptimize) done
Event: 1.033 Executing non-safepoint VM operation: HandshakeAllThreads (Deoptimize)
Event: 1.033 Executing non-safepoint VM operation: HandshakeAllThreads (Deoptimize) done
Event: 1.036 Executing safepoint VM operation: G1CollectFull (System.gc())
Event: 1.055 Executing safepoint VM operation: G1CollectFull (System.gc()) done
Event: 1.664 Executing safepoint VM operation: G1CollectFull (System.gc())
Event: 1.676 Executing safepoint VM operation: G1CollectFull (System.gc()) done
Event: 2.048 Executing safepoint VM operation: G1CollectFull (System.gc())
Event: 2.061 Executing safepoint VM operation: G1CollectFull (System.gc()) done
Event: 60.219 Executing non-safepoint VM operation: HandshakeAllThreads (HandshakeForDeflation)
Event: 60.219 Executing non-safepoint VM operation: HandshakeAllThreads (HandshakeForDeflation) done
Event: 60.219 Executing non-safepoint VM operation: RendezvousGCThreads
Event: 60.219 Executing non-safepoint VM operation: RendezvousGCThreads done

Memory protections (14 events):
Event: 0.016 Protecting memory [0x000000016a530000,0x000000016a53c000] with protection modes 0
Event: 0.035 Protecting memory [0x0000380000000000,0x0000380000004000] with protection modes 0
Event: 0.049 Protecting memory [0x0000000324cfc000,0x0000000324d08000] with protection modes 0
Event: 0.049 Protecting memory [0x000000032b06c000,0x000000032b078000] with protection modes 0
Event: 0.049 Protecting memory [0x000000032b278000,0x000000032b284000] with protection modes 0
Event: 0.049 Protecting memory [0x000000032b484000,0x000000032b490000] with protection modes 0
Event: 0.049 Protecting memory [0x000000032b690000,0x000000032b69c000] with protection modes 0
Event: 0.049 Protecting memory [0x000000032b89c000,0x000000032b8a8000] with protection modes 0
Event: 0.049 Protecting memory [0x000000032baa8000,0x000000032bab4000] with protection modes 0
Event: 0.052 Protecting memory [0x000000032bcb4000,0x000000032bcc0000] with protection modes 0
Event: 0.056 Protecting memory [0x000000032bec0000,0x000000032becc000] with protection modes 0
Event: 0.107 Protecting memory [0x00000001067a4000,0x00000001067a8000] with protection modes 1
Event: 0.112 Protecting memory [0x000000032c0cc000,0x000000032c0d8000] with protection modes 0
Event: 157.707 Protecting memory [0x0000000354204000,0x0000000354210000] with protection modes 0

Nmethod flushes (20 events):
Event: 1.670 Thread 0x000000015e0bee00 flushing  nmethod 0x00000003158f75c8
Event: 1.670 Thread 0x000000015e0bee00 flushing  nmethod 0x00000003158f98c8
Event: 1.670 Thread 0x000000015e0bee00 flushing  nmethod 0x00000003158f9cc8
Event: 1.670 Thread 0x000000015e0bee00 flushing  nmethod 0x00000003158fc208
Event: 1.670 Thread 0x000000015e0bee00 flushing  nmethod 0x0000000315952608
Event: 1.670 Thread 0x000000015e0bee00 flushing  nmethod 0x0000000315952a48
Event: 1.670 Thread 0x000000015e0bee00 flushing  nmethod 0x0000000315981988
Event: 1.670 Thread 0x000000015e0bee00 flushing  nmethod 0x00000003159a0108
Event: 1.670 Thread 0x000000015e0bee00 flushing  nmethod 0x0000000315a04848
Event: 1.670 Thread 0x000000015e0bee00 flushing  nmethod 0x0000000315aa3e48
Event: 1.670 Thread 0x000000015e0bee00 flushing  nmethod 0x0000000315b0f048
Event: 1.670 Thread 0x000000015e0bee00 flushing  nmethod 0x0000000315b0f488
Event: 1.670 Thread 0x000000015e0bee00 flushing  nmethod 0x0000000315b0fb48
Event: 1.670 Thread 0x000000015e0bee00 flushing  nmethod 0x0000000315b103c8
Event: 1.670 Thread 0x000000015e0bee00 flushing  nmethod 0x0000000315b33108
Event: 1.670 Thread 0x000000015e0bee00 flushing  nmethod 0x0000000315b5e608
Event: 1.670 Thread 0x000000015e0bee00 flushing  nmethod 0x0000000315b5f688
Event: 1.670 Thread 0x000000015e0bee00 flushing  nmethod 0x0000000315b64388
Event: 1.670 Thread 0x000000015e0bee00 flushing  nmethod 0x0000000315b64708
Event: 1.670 Thread 0x000000015e0bee00 flushing  nmethod 0x0000000315b85a08

Events (12 events):
Event: 0.038 Thread 0x00000001247c5000 Thread added: 0x00000001247c5000
Event: 0.049 Thread 0x00000001247c5000 Thread added: 0x0000000107357a00
Event: 0.049 Thread 0x00000001247c5000 Thread added: 0x000000015f036600
Event: 0.049 Thread 0x00000001247c5000 Thread added: 0x000000015f036e00
Event: 0.049 Thread 0x00000001247c5000 Thread added: 0x000000015f037600
Event: 0.049 Thread 0x00000001247c5000 Thread added: 0x000000015f037e00
Event: 0.049 Thread 0x00000001247c5000 Thread added: 0x000000015f038600
Event: 0.049 Thread 0x00000001247c5000 Thread added: 0x000000015f041000
Event: 0.052 Thread 0x00000001247c5000 Thread added: 0x000000015e122400
Event: 0.056 Thread 0x00000001247c5000 Thread added: 0x0000000124648000
Event: 0.112 Thread 0x00000001247c5000 Thread added: 0x000000010734b000
Event: 157.707 Thread 0x000000015f036e00 Thread added: 0x000000015e280a00


Dynamic libraries:
0x0000000105be0000 	/Library/Frameworks/Python.framework/Versions/3.12/Python
0x000000019fbce000 	/System/Library/Frameworks/CoreFoundation.framework/Versions/A/CoreFoundation
0x000000019f764000 	/usr/lib/libobjc.A.dylib
0x00000001a3962000 	/System/Library/PrivateFrameworks/CoreServicesInternal.framework/Versions/A/CoreServicesInternal
0x00000001a11bf000 	/System/Library/Frameworks/Foundation.framework/Versions/C/Foundation
0x00000001add88000 	/usr/lib/liboah.dylib
0x00000001addbd000 	/usr/lib/libfakelink.dylib
0x00000001a3398000 	/usr/lib/libicucore.A.dylib
0x00000001addbb000 	/usr/lib/libSystem.B.dylib
0x00000001addc0000 	/System/Library/PrivateFrameworks/SoftLinking.framework/Versions/A/SoftLinking
0x00000001b12fc000 	/usr/lib/swift/libswiftCore.dylib
0x000000019faff000 	/usr/lib/libc++abi.dylib
0x000000028729c000 	/usr/lib/libRosetta.dylib
0x000000019fa72000 	/usr/lib/libc++.1.dylib
0x00000001b9f63000 	/usr/lib/swift/libswiftObjectiveC.dylib
0x00000001a93ca000 	/System/Library/PrivateFrameworks/CoreAutoLayout.framework/Versions/A/CoreAutoLayout
0x00000001a0e22000 	/System/Library/Frameworks/SystemConfiguration.framework/Versions/A/SystemConfiguration
0x00000001add05000 	/usr/lib/libz.1.dylib
0x00000001adfe9000 	/usr/lib/libcompression.dylib
0x00000001a56ff000 	/System/Library/Frameworks/CFNetwork.framework/Versions/A/CFNetwork
0x00000001a888e000 	/System/Library/Frameworks/DiskArbitration.framework/Versions/A/DiskArbitration
0x00000001ade12000 	/usr/lib/libarchive.2.dylib
0x00000001a87a0000 	/usr/lib/libDiagnosticMessagesClient.dylib
0x00000001a9414000 	/usr/lib/libxml2.2.dylib
0x00000001b57e8000 	/System/Library/Frameworks/CoreServices.framework/Versions/A/CoreServices
0x00000001ac182000 	/usr/lib/liblangid.dylib
0x00000001a39e3000 	/System/Library/Frameworks/IOKit.framework/Versions/A/IOKit
0x00000001b36e3000 	/System/Library/Frameworks/Combine.framework/Versions/A/Combine
0x000000024dc76000 	/System/Library/PrivateFrameworks/CollectionsInternal.framework/Versions/A/CollectionsInternal
0x000000026db28000 	/System/Library/PrivateFrameworks/ReflectionInternal.framework/Versions/A/ReflectionInternal
0x000000026e7ff000 	/System/Library/PrivateFrameworks/RuntimeInternal.framework/Versions/A/RuntimeInternal
0x00000001c8ad3000 	/usr/lib/swift/libswiftCoreFoundation.dylib
0x00000001c5e3c000 	/usr/lib/swift/libswiftDarwin.dylib
0x00000001b72e1000 	/usr/lib/swift/libswiftDispatch.dylib
0x00000001c8b2e000 	/usr/lib/swift/libswiftIOKit.dylib
0x0000000288323000 	/usr/lib/swift/libswiftSystem.dylib
0x00000001c8ae5000 	/usr/lib/swift/libswiftXPC.dylib
0x0000000288392000 	/usr/lib/swift/libswift_Builtin_float.dylib
0x0000000288395000 	/usr/lib/swift/libswift_Concurrency.dylib
0x00000002884f4000 	/usr/lib/swift/libswift_StringProcessing.dylib
0x0000000288587000 	/usr/lib/swift/libswift_errno.dylib
0x0000000288589000 	/usr/lib/swift/libswift_math.dylib
0x000000028858c000 	/usr/lib/swift/libswift_signal.dylib
0x000000028858d000 	/usr/lib/swift/libswift_stdio.dylib
0x000000028858e000 	/usr/lib/swift/libswift_time.dylib
0x00000001b9f67000 	/usr/lib/swift/libswiftos.dylib
0x000000028858f000 	/usr/lib/swift/libswiftsys_time.dylib
0x0000000288590000 	/usr/lib/swift/libswiftunistd.dylib
0x00000001addb5000 	/usr/lib/system/libcache.dylib
0x00000001add70000 	/usr/lib/system/libcommonCrypto.dylib
0x00000001add9b000 	/usr/lib/system/libcompiler_rt.dylib
0x00000001add90000 	/usr/lib/system/libcopyfile.dylib
0x000000019f8bf000 	/usr/lib/system/libcorecrypto.dylib
0x000000019f9a6000 	/usr/lib/system/libdispatch.dylib
0x000000019fb66000 	/usr/lib/system/libdyld.dylib
0x00000001addab000 	/usr/lib/system/libkeymgr.dylib
0x00000001add53000 	/usr/lib/system/libmacho.dylib
0x00000001ad17f000 	/usr/lib/system/libquarantine.dylib
0x00000001adda8000 	/usr/lib/system/libremovefile.dylib
0x00000001a5b60000 	/usr/lib/system/libsystem_asl.dylib
0x000000019f854000 	/usr/lib/system/libsystem_blocks.dylib
0x000000019f9f0000 	/usr/lib/system/libsystem_c.dylib
0x00000001add9f000 	/usr/lib/system/libsystem_collections.dylib
0x00000001ac16f000 	/usr/lib/system/libsystem_configuration.dylib
0x00000001aaf0a000 	/usr/lib/system/libsystem_containermanager.dylib
0x00000001ad895000 	/usr/lib/system/libsystem_coreservices.dylib
0x00000001a3664000 	/usr/lib/system/libsystem_darwin.dylib
0x00000002886c7000 	/usr/lib/system/libsystem_darwindirectory.dylib
0x00000001addac000 	/usr/lib/system/libsystem_dnssd.dylib
0x00000002886cb000 	/usr/lib/system/libsystem_eligibility.dylib
0x000000019f9ed000 	/usr/lib/system/libsystem_featureflags.dylib
0x000000019fb9e000 	/usr/lib/system/libsystem_info.dylib
0x00000001add14000 	/usr/lib/system/libsystem_m.dylib
0x000000019f95e000 	/usr/lib/system/libsystem_malloc.dylib
0x00000001a5ac9000 	/usr/lib/system/libsystem_networkextension.dylib
0x00000001a3ac6000 	/usr/lib/system/libsystem_notify.dylib
0x00000001ac174000 	/usr/lib/system/libsystem_sandbox.dylib
0x00000002886d3000 	/usr/lib/system/libsystem_sanitizers.dylib
0x00000001adda4000 	/usr/lib/system/libsystem_secinit.dylib
0x000000019fb1d000 	/usr/lib/system/libsystem_kernel.dylib
0x000000019fb96000 	/usr/lib/system/libsystem_platform.dylib
0x000000019fb59000 	/usr/lib/system/libsystem_pthread.dylib
0x00000001a76bd000 	/usr/lib/system/libsystem_symptoms.dylib
0x000000019f8a3000 	/usr/lib/system/libsystem_trace.dylib
0x00000001add7e000 	/usr/lib/system/libunwind.dylib
0x000000019f858000 	/usr/lib/system/libxpc.dylib
0x00000001a2f8e000 	/System/Library/Frameworks/Security.framework/Versions/A/Security
0x00000001ad145000 	/System/Library/PrivateFrameworks/BackgroundTaskManagement.framework/Versions/A/BackgroundTaskManagement
0x00000002499fd000 	/System/Library/PrivateFrameworks/AppleKeyStore.framework/Versions/A/AppleKeyStore
0x00000002870f4000 	/usr/lib/libCoreEntitlements.dylib
0x0000000264ac8000 	/System/Library/PrivateFrameworks/MessageSecurity.framework/Versions/A/MessageSecurity
0x00000001a727e000 	/System/Library/PrivateFrameworks/ProtocolBuffer.framework/Versions/A/ProtocolBuffer
0x00000001a5ae6000 	/usr/lib/libMobileGestalt.dylib
0x00000001ad87c000 	/System/Library/PrivateFrameworks/AppleFSCompression.framework/Versions/A/AppleFSCompression
0x00000001ad1a6000 	/usr/lib/libbsm.0.dylib
0x00000001ad18e000 	/usr/lib/libcoretls.dylib
0x00000001af397000 	/usr/lib/libcoretls_cfhelpers.dylib
0x00000001adfe3000 	/usr/lib/libpam.2.dylib
0x00000001a7299000 	/usr/lib/libsqlite3.dylib
0x00000001af40b000 	/usr/lib/libxar.1.dylib
0x00000001af399000 	/System/Library/PrivateFrameworks/APFS.framework/Versions/A/APFS
0x0000000277d8b000 	/System/Library/PrivateFrameworks/SwiftASN1Internal.framework/Versions/A/SwiftASN1Internal
0x00000001af41a000 	/usr/lib/libutil.dylib
0x00000001a5ae4000 	/usr/lib/libenergytrace.dylib
0x00000001add57000 	/usr/lib/system/libkxld.dylib
0x00000001ac17d000 	/System/Library/PrivateFrameworks/AppleSystemInfo.framework/Versions/A/AppleSystemInfo
0x00000001ace7a000 	/System/Library/PrivateFrameworks/IOMobileFramebuffer.framework/Versions/A/IOMobileFramebuffer
0x00000001a76c6000 	/System/Library/Frameworks/Network.framework/Versions/A/Network
0x00000001a876f000 	/System/Library/PrivateFrameworks/CoreAnalytics.framework/Versions/A/CoreAnalytics
0x00000001c89be000 	/System/Library/PrivateFrameworks/LoggingSupport.framework/Versions/A/LoggingSupport
0x00000001b67a2000 	/System/Library/PrivateFrameworks/PowerLog.framework/Versions/A/PowerLog
0x00000001a75cf000 	/System/Library/PrivateFrameworks/RunningBoardServices.framework/Versions/A/RunningBoardServices
0x000000020653a000 	/System/Library/Frameworks/SwiftData.framework/Versions/A/SwiftData
0x00000001a5176000 	/System/Library/Frameworks/UniformTypeIdentifiers.framework/Versions/A/UniformTypeIdentifiers
0x00000001a959f000 	/System/Library/PrivateFrameworks/UserManagement.framework/Versions/A/UserManagement
0x00000001a562d000 	/usr/lib/libboringssl.dylib
0x00000001a76ac000 	/usr/lib/libdns_services.dylib
0x00000001c7b6d000 	/usr/lib/libquic.dylib
0x00000001b128b000 	/usr/lib/libusrtcp.dylib
0x00000001adfa0000 	/usr/lib/libapple_nghttp2.dylib
0x00000001ec4ae000 	/System/Library/PrivateFrameworks/InternalSwiftProtobuf.framework/Versions/A/InternalSwiftProtobuf
0x0000000288280000 	/usr/lib/swift/libswiftDistributed.dylib
0x00000002882ac000 	/usr/lib/swift/libswiftObservation.dylib
0x0000000288319000 	/usr/lib/swift/libswiftSynchronization.dylib
0x00000001a56fe000 	/usr/lib/libnetwork.dylib
0x00000001d966e000 	/System/Library/PrivateFrameworks/OSAnalytics.framework/Versions/A/OSAnalytics
0x00000001adf7b000 	/System/Library/PrivateFrameworks/AppleSauce.framework/Versions/A/AppleSauce
0x00000001b7a77000 	/System/Library/PrivateFrameworks/CoreSymbolication.framework/Versions/A/CoreSymbolication
0x00000001e8177000 	/System/Library/PrivateFrameworks/Symbolication.framework/Versions/A/Symbolication
0x00000001a938e000 	/System/Library/Frameworks/CoreServices.framework/Versions/A/Frameworks/FSEvents.framework/Versions/A/FSEvents
0x00000001a366f000 	/System/Library/Frameworks/CoreServices.framework/Versions/A/Frameworks/CarbonCore.framework/Versions/A/CarbonCore
0x00000001a8803000 	/System/Library/Frameworks/CoreServices.framework/Versions/A/Frameworks/Metadata.framework/Versions/A/Metadata
0x00000001ad89d000 	/System/Library/Frameworks/CoreServices.framework/Versions/A/Frameworks/OSServices.framework/Versions/A/OSServices
0x00000001adf0a000 	/System/Library/Frameworks/CoreServices.framework/Versions/A/Frameworks/SearchKit.framework/Versions/A/SearchKit
0x00000001a7638000 	/System/Library/Frameworks/CoreServices.framework/Versions/A/Frameworks/AE.framework/Versions/A/AE
0x00000001a010d000 	/System/Library/Frameworks/CoreServices.framework/Versions/A/Frameworks/LaunchServices.framework/Versions/A/LaunchServices
0x00000001af321000 	/System/Library/Frameworks/CoreServices.framework/Versions/A/Frameworks/DictionaryServices.framework/Versions/A/DictionaryServices
0x00000001a939c000 	/System/Library/Frameworks/CoreServices.framework/Versions/A/Frameworks/SharedFileList.framework/Versions/A/SharedFileList
0x00000001a60c2000 	/System/Library/Frameworks/CoreGraphics.framework/Versions/A/CoreGraphics
0x00000001b1fe0000 	/System/Library/Frameworks/GSS.framework/Versions/A/GSS
0x00000001af378000 	/usr/lib/liblzma.5.dylib
0x00000001a6e23000 	/System/Library/Frameworks/CoreData.framework/Versions/A/CoreData
0x00000001ad08a000 	/System/Library/PrivateFrameworks/MobileKeyBag.framework/Versions/A/MobileKeyBag
0x00000001ac17b000 	/System/Library/PrivateFrameworks/AggregateDictionary.framework/Versions/A/AggregateDictionary
0x0000000286fbf000 	/usr/lib/libAppleArchive.dylib
0x00000001ad888000 	/usr/lib/libbz2.1.0.dylib
0x00000001addf7000 	/usr/lib/libiconv.2.dylib
0x00000001add52000 	/usr/lib/libcharset.1.dylib
0x00000001a5b9b000 	/System/Library/PrivateFrameworks/SkyLight.framework/Versions/A/SkyLight
0x00000001ab355000 	/System/Library/PrivateFrameworks/FontServices.framework/libFontParser.dylib
0x00000001b5a94000 	/System/Library/Frameworks/Accelerate.framework/Versions/A/Accelerate
0x00000001aaf3b000 	/System/Library/Frameworks/IOSurface.framework/Versions/A/IOSurface
0x00000001a5b78000 	/System/Library/PrivateFrameworks/TCC.framework/Versions/A/TCC
0x00000001bcc8e000 	/System/Library/PrivateFrameworks/IOSurfaceAccelerator.framework/Versions/A/IOSurfaceAccelerator
0x00000001afe51000 	/System/Library/PrivateFrameworks/WatchdogClient.framework/Versions/A/WatchdogClient
0x00000001a2164000 	/System/Library/Frameworks/CoreDisplay.framework/Versions/A/CoreDisplay
0x00000001ab1f9000 	/System/Library/Frameworks/CoreMedia.framework/Versions/A/CoreMedia
0x00000001aaf54000 	/System/Library/PrivateFrameworks/IOAccelerator.framework/Versions/A/IOAccelerator
0x00000001aaf5e000 	/System/Library/Frameworks/Metal.framework/Versions/A/Metal
0x00000001a94fe000 	/System/Library/Frameworks/CoreVideo.framework/Versions/A/CoreVideo
0x00000001adfe1000 	/System/Library/Frameworks/MetalPerformanceShaders.framework/Versions/A/MetalPerformanceShaders
0x00000001afe53000 	/System/Library/PrivateFrameworks/MultitouchSupport.framework/Versions/A/MultitouchSupport
0x00000001a8ca7000 	/System/Library/Frameworks/QuartzCore.framework/Versions/A/QuartzCore
0x000000026ce66000 	/System/Library/PrivateFrameworks/ProDisplayLibrary.framework/Versions/A/ProDisplayLibrary
0x00000001afe99000 	/System/Library/Frameworks/VideoToolbox.framework/Versions/A/VideoToolbox
0x00000001d5698000 	/usr/lib/swift/libswiftMetal.dylib
0x00000001e4639000 	/usr/lib/swift/libswiftOSLog.dylib
0x00000001daa37000 	/usr/lib/swift/libswiftQuartzCore.dylib
0x00000001df092000 	/usr/lib/swift/libswiftUniformTypeIdentifiers.dylib
0x00000001cc387000 	/usr/lib/swift/libswiftsimd.dylib
0x00000001a74ea000 	/System/Library/PrivateFrameworks/BaseBoard.framework/Versions/A/BaseBoard
0x00000001ab985000 	/System/Library/Frameworks/ImageIO.framework/Versions/A/ImageIO
0x00000001afd1a000 	/System/Library/PrivateFrameworks/AppleJPEG.framework/Versions/A/AppleJPEG
0x00000001af7bb000 	/usr/lib/libexpat.1.dylib
0x00000001a67f3000 	/System/Library/Frameworks/ColorSync.framework/Versions/A/ColorSync
0x00000001b0346000 	/System/Library/Frameworks/ImageIO.framework/Versions/A/Resources/libPng.dylib
0x00000001b0371000 	/System/Library/Frameworks/ImageIO.framework/Versions/A/Resources/libTIFF.dylib
0x00000001b045b000 	/System/Library/Frameworks/ImageIO.framework/Versions/A/Resources/libGIF.dylib
0x00000001afd60000 	/System/Library/Frameworks/ImageIO.framework/Versions/A/Resources/libJP2.dylib
0x00000001af4cc000 	/usr/lib/libate.dylib
0x00000001b0402000 	/System/Library/Frameworks/ImageIO.framework/Versions/A/Resources/libJPEG.dylib
0x00000001b03f9000 	/System/Library/Frameworks/ImageIO.framework/Versions/A/Resources/libRadiance.dylib
0x00000001a8897000 	/System/Library/Frameworks/Accelerate.framework/Versions/A/Frameworks/vImage.framework/Versions/A/vImage
0x00000001b57c3000 	/System/Library/Frameworks/Accelerate.framework/Versions/A/Frameworks/vecLib.framework/Versions/A/vecLib
0x00000001af452000 	/System/Library/Frameworks/Accelerate.framework/Versions/A/Frameworks/vecLib.framework/Versions/A/libvMisc.dylib
0x00000001a0585000 	/System/Library/Frameworks/Accelerate.framework/Versions/A/Frameworks/vecLib.framework/Versions/A/libBLAS.dylib
0x00000001a263d000 	/System/Library/Frameworks/CoreText.framework/Versions/A/CoreText
0x0000000253ecd000 	/System/Library/PrivateFrameworks/FontServices.framework/Versions/A/FontServices
0x00000001af99f000 	/System/Library/PrivateFrameworks/OTSVG.framework/Versions/A/OTSVG
0x00000001a907b000 	/System/Library/Frameworks/ApplicationServices.framework/Versions/A/Frameworks/ATS.framework/Versions/A/Resources/libFontRegistry.dylib
0x0000000287681000 	/usr/lib/libhvf.dylib
0x0000000268d6c000 	/System/Library/PrivateFrameworks/ParsingInternal.framework/Versions/A/ParsingInternal
0x00000002882c9000 	/usr/lib/swift/libswiftRegexBuilder.dylib
0x0000000288451000 	/usr/lib/swift/libswift_RegexParser.dylib
0x0000000253ece000 	/System/Library/PrivateFrameworks/FontServices.framework/libXTFontStaticRegistryData.dylib
0x00000001abd04000 	/System/Library/Frameworks/CoreImage.framework/Versions/A/CoreImage
0x0000000253f98000 	/System/Library/PrivateFrameworks/FramePacing.framework/Versions/A/FramePacing
0x00000001bb0a6000 	/System/Library/PrivateFrameworks/ASEProcessing.framework/Versions/A/ASEProcessing
0x000000026bfd3000 	/System/Library/PrivateFrameworks/PhotosensitivityProcessing.framework/Versions/A/PhotosensitivityProcessing
0x0000000200036000 	/System/Library/Frameworks/OpenGL.framework/Versions/A/OpenGL
0x00000001af993000 	/System/Library/PrivateFrameworks/GraphVisualizer.framework/Versions/A/GraphVisualizer
0x0000000258b9c000 	/System/Library/PrivateFrameworks/GPUCompiler.framework/Versions/32023/Libraries/libllvm-flatbuffers.dylib
0x0000000200028000 	/System/Library/Frameworks/OpenGL.framework/Versions/A/Libraries/libCoreFSCache.dylib
0x0000000254b0d000 	/System/Library/PrivateFrameworks/GPUCompiler.framework/Versions/32023/Libraries/libGPUCompilerUtils.dylib
0x0000000200086000 	/System/Library/Frameworks/OpenGL.framework/Versions/A/Libraries/libGLU.dylib
0x000000020004a000 	/System/Library/Frameworks/OpenGL.framework/Versions/A/Libraries/libGFXShared.dylib
0x0000000200212000 	/System/Library/Frameworks/OpenGL.framework/Versions/A/Libraries/libGL.dylib
0x0000000200053000 	/System/Library/Frameworks/OpenGL.framework/Versions/A/Libraries/libGLImage.dylib
0x0000000200047000 	/System/Library/Frameworks/OpenGL.framework/Versions/A/Libraries/libCVMSPluginSupport.dylib
0x0000000200030000 	/System/Library/Frameworks/OpenGL.framework/Versions/A/Libraries/libCoreVMClient.dylib
0x00000001ac0bf000 	/System/Library/Frameworks/MetalPerformanceShaders.framework/Versions/A/Frameworks/MPSCore.framework/Versions/A/MPSCore
0x00000001ad7e7000 	/System/Library/Frameworks/MetalPerformanceShaders.framework/Versions/A/Frameworks/MPSImage.framework/Versions/A/MPSImage
0x00000001ad230000 	/System/Library/Frameworks/MetalPerformanceShaders.framework/Versions/A/Frameworks/MPSNeuralNetwork.framework/Versions/A/MPSNeuralNetwork
0x00000001ad667000 	/System/Library/Frameworks/MetalPerformanceShaders.framework/Versions/A/Frameworks/MPSMatrix.framework/Versions/A/MPSMatrix
0x00000001ad47c000 	/System/Library/Frameworks/MetalPerformanceShaders.framework/Versions/A/Frameworks/MPSRayIntersector.framework/Versions/A/MPSRayIntersector
0x00000001ad699000 	/System/Library/Frameworks/MetalPerformanceShaders.framework/Versions/A/Frameworks/MPSNDArray.framework/Versions/A/MPSNDArray
0x0000000203928000 	/System/Library/Frameworks/MetalPerformanceShaders.framework/Versions/A/Frameworks/MPSFunctions.framework/Versions/A/MPSFunctions
0x000000020390a000 	/System/Library/Frameworks/MetalPerformanceShaders.framework/Versions/A/Frameworks/MPSBenchmarkLoop.framework/Versions/A/MPSBenchmarkLoop
0x00000001a0400000 	/System/Library/PrivateFrameworks/MetalTools.framework/Versions/A/MetalTools
0x00000001cd730000 	/System/Library/PrivateFrameworks/IOAccelMemoryInfo.framework/Versions/A/IOAccelMemoryInfo
0x00000001dae2c000 	/System/Library/PrivateFrameworks/kperf.framework/Versions/A/kperf
0x00000001c8aae000 	/System/Library/PrivateFrameworks/GPURawCounter.framework/Versions/A/GPURawCounter
0x00000001c8a47000 	/System/Library/PrivateFrameworks/MallocStackLogging.framework/Versions/A/MallocStackLogging
0x00000001af566000 	/System/Library/PrivateFrameworks/CrashReporterSupport.framework/Versions/A/CrashReporterSupport
0x00000001b7a53000 	/System/Library/PrivateFrameworks/DebugSymbols.framework/Versions/A/DebugSymbols
0x00000001b1fcf000 	/System/Library/Frameworks/Kerberos.framework/Versions/A/Kerberos
0x00000001b1c35000 	/usr/lib/libresolv.9.dylib
0x00000001af9f1000 	/System/Library/PrivateFrameworks/Heimdal.framework/Versions/A/Heimdal
0x00000001b9eba000 	/System/Library/Frameworks/Kerberos.framework/Versions/A/Libraries/libHeimdalProxy.dylib
0x00000001af7d6000 	/usr/lib/libheimdal-asn1.dylib
0x00000001a9361000 	/System/Library/Frameworks/OpenDirectory.framework/Versions/A/OpenDirectory
0x00000001b2032000 	/System/Library/PrivateFrameworks/CommonAuth.framework/Versions/A/CommonAuth
0x00000001a936f000 	/System/Library/Frameworks/OpenDirectory.framework/Versions/A/Frameworks/CFOpenDirectory.framework/Versions/A/CFOpenDirectory
0x00000001ad0b6000 	/System/Library/Frameworks/SecurityFoundation.framework/Versions/A/SecurityFoundation
0x00000001b1967000 	/System/Library/Frameworks/AudioToolbox.framework/Versions/A/AudioToolbox
0x00000001a285c000 	/System/Library/Frameworks/CoreAudio.framework/Versions/A/CoreAudio
0x00000001b1b70000 	/usr/lib/libAudioStatistics.dylib
0x00000001ab1d1000 	/System/Library/PrivateFrameworks/caulk.framework/Versions/A/caulk
0x00000001a2285000 	/System/Library/PrivateFrameworks/AudioToolboxCore.framework/Versions/A/AudioToolboxCore
0x00000001bc1b0000 	/System/Library/Frameworks/CoreMIDI.framework/Versions/A/CoreMIDI
0x00000001b1b12000 	/System/Library/PrivateFrameworks/AudioSession.framework/Versions/A/AudioSession
0x00000001af8c0000 	/System/Library/PrivateFrameworks/MediaExperience.framework/Versions/A/MediaExperience
0x00000001f37e4000 	/System/Library/PrivateFrameworks/FeatureFlags.framework/Versions/A/FeatureFlags
0x00000001af9e0000 	/System/Library/PrivateFrameworks/AppServerSupport.framework/Versions/A/AppServerSupport
0x00000001b1fb3000 	/System/Library/PrivateFrameworks/perfdata.framework/Versions/A/perfdata
0x00000001c7c66000 	/System/Library/PrivateFrameworks/SystemPolicy.framework/Versions/A/SystemPolicy
0x00000001b1e54000 	/usr/lib/libSMC.dylib
0x00000001b0310000 	/usr/lib/libAudioToolboxUtility.dylib
0x00000001b1fc1000 	/usr/lib/libperfcheck.dylib
0x000000024a57b000 	/System/Library/PrivateFrameworks/AudioAnalytics.framework/Versions/A/AudioAnalytics
0x00000001ec275000 	/System/Library/Frameworks/OSLog.framework/Versions/A/OSLog
0x00000001c8a79000 	/usr/lib/libmis.dylib
0x00000001b1920000 	/System/Library/PrivateFrameworks/AudioSession.framework/libSessionUtility.dylib
0x00000001b0461000 	/System/Library/PrivateFrameworks/CMCaptureCore.framework/Versions/A/CMCaptureCore
0x00000001af9ea000 	/usr/lib/libspindump.dylib
0x0000000201c57000 	/System/Library/Frameworks/ExtensionFoundation.framework/Versions/A/ExtensionFoundation
0x00000001b7b84000 	/System/Library/PrivateFrameworks/CoreTime.framework/Versions/A/CoreTime
0x00000001b7646000 	/System/Library/PrivateFrameworks/BoardServices.framework/Versions/A/BoardServices
0x00000001af6ba000 	/System/Library/PrivateFrameworks/PlugInKit.framework/Versions/A/PlugInKit
0x00000001ad0a7000 	/System/Library/PrivateFrameworks/AssertionServices.framework/Versions/A/AssertionServices
0x00000001acd55000 	/System/Library/Frameworks/Accelerate.framework/Versions/A/Frameworks/vecLib.framework/Versions/A/libvDSP.dylib
0x00000001ae0bf000 	/System/Library/Frameworks/Accelerate.framework/Versions/A/Frameworks/vecLib.framework/Versions/A/libLAPACK.dylib
0x00000001ad21b000 	/System/Library/Frameworks/Accelerate.framework/Versions/A/Frameworks/vecLib.framework/Versions/A/libLinearAlgebra.dylib
0x00000001adfba000 	/System/Library/Frameworks/Accelerate.framework/Versions/A/Frameworks/vecLib.framework/Versions/A/libSparseBLAS.dylib
0x00000001ae0ba000 	/System/Library/Frameworks/Accelerate.framework/Versions/A/Frameworks/vecLib.framework/Versions/A/libQuadrature.dylib
0x00000001ac2a8000 	/System/Library/Frameworks/Accelerate.framework/Versions/A/Frameworks/vecLib.framework/Versions/A/libBNNS.dylib
0x00000001a0d26000 	/System/Library/Frameworks/Accelerate.framework/Versions/A/Frameworks/vecLib.framework/Versions/A/libSparse.dylib
0x0000000261eb7000 	/System/Library/PrivateFrameworks/MIL.framework/Versions/A/MIL
0x00000001b03f4000 	/System/Library/PrivateFrameworks/GPUWrangler.framework/Versions/A/GPUWrangler
0x00000001b03d4000 	/System/Library/PrivateFrameworks/IOPresentment.framework/Versions/A/IOPresentment
0x00000001b03fc000 	/System/Library/PrivateFrameworks/DSExternalDisplay.framework/Versions/A/DSExternalDisplay
0x00000001ec67c000 	/System/Library/PrivateFrameworks/HIDDisplay.framework/Versions/A/HIDDisplay
0x00000001c1674000 	/System/Library/PrivateFrameworks/HID.framework/Versions/A/HID
0x000000027e091000 	/System/Library/PrivateFrameworks/VideoToolboxParavirtualizationSupport.framework/Versions/A/VideoToolboxParavirtualizationSupport
0x00000001af772000 	/System/Library/PrivateFrameworks/AppleVA.framework/Versions/A/AppleVA
0x00000001b6893000 	/System/Library/PrivateFrameworks/MediaKit.framework/Versions/A/MediaKit
0x00000001b67de000 	/System/Library/Frameworks/DiscRecording.framework/Versions/A/DiscRecording
0x00000001a0c19000 	/System/Library/PrivateFrameworks/Lexicon.framework/Versions/A/Lexicon
0x00000001ad218000 	/usr/lib/libgermantok.dylib
0x00000001ac2a1000 	/System/Library/PrivateFrameworks/LinguisticData.framework/Versions/A/LinguisticData
0x00000001b1f94000 	/System/Library/PrivateFrameworks/NetAuth.framework/Versions/A/NetAuth
0x00000001a955f000 	/System/Library/PrivateFrameworks/login.framework/Versions/A/Frameworks/loginsupport.framework/Versions/A/loginsupport
0x000000024a18b000 	/System/Library/PrivateFrameworks/AppleMobileFileIntegrity.framework/Versions/A/AppleMobileFileIntegrity
0x00000002872ff000 	/usr/lib/libTLE.dylib
0x00000001fd084000 	/System/Library/PrivateFrameworks/ConfigProfileHelper.framework/Versions/A/ConfigProfileHelper
0x00000001ad1b8000 	/usr/lib/libmecab.dylib
0x00000001a0eb6000 	/usr/lib/libCRFSuite.dylib
0x00000001ac184000 	/System/Library/PrivateFrameworks/CoreNLP.framework/Versions/A/CoreNLP
0x00000001adf72000 	/usr/lib/libThaiTokenizer.dylib
0x00000001ad182000 	/usr/lib/libCheckFix.dylib
0x00000001a87a2000 	/System/Library/PrivateFrameworks/MetadataUtilities.framework/Versions/A/MetadataUtilities
0x000000025d6ec000 	/System/Library/PrivateFrameworks/InstalledContentLibrary.framework/Versions/A/InstalledContentLibrary
0x00000001a39a2000 	/System/Library/PrivateFrameworks/CoreServicesStore.framework/Versions/A/CoreServicesStore
0x00000001a93c6000 	/usr/lib/libapp_launch_measurement.dylib
0x00000001daf36000 	/System/Library/PrivateFrameworks/MobileSystemServices.framework/Versions/A/MobileSystemServices
0x00000001af41e000 	/usr/lib/libxslt.1.dylib
0x00000001b945c000 	/System/Library/PrivateFrameworks/DiskImages.framework/Versions/A/DiskImages
0x00000001c5965000 	/System/Library/Frameworks/NetFS.framework/Versions/A/NetFS
0x00000001b961a000 	/usr/lib/libcurl.4.dylib
0x0000000287533000 	/usr/lib/libcrypto.46.dylib
0x000000028805d000 	/usr/lib/libssl.48.dylib
0x00000001b92f2000 	/System/Library/Frameworks/LDAP.framework/Versions/A/LDAP
0x00000001b932e000 	/System/Library/PrivateFrameworks/TrustEvaluationAgent.framework/Versions/A/TrustEvaluationAgent
0x00000001b1c52000 	/usr/lib/libsasl2.2.dylib
0x0000000104cdc000 	/Library/Frameworks/Python.framework/Versions/3.12/lib/python3.12/lib-dynload/math.cpython-312-darwin.so
0x0000000104cfc000 	/Library/Frameworks/Python.framework/Versions/3.12/lib/python3.12/lib-dynload/_json.cpython-312-darwin.so
0x0000000104cc4000 	/Library/Frameworks/Python.framework/Versions/3.12/lib/python3.12/lib-dynload/fcntl.cpython-312-darwin.so
0x0000000104d14000 	/Library/Frameworks/Python.framework/Versions/3.12/lib/python3.12/lib-dynload/_posixsubprocess.cpython-312-darwin.so
0x0000000104c9c000 	/Library/Frameworks/Python.framework/Versions/3.12/lib/python3.12/lib-dynload/select.cpython-312-darwin.so
0x0000000104e98000 	/Users/anniewang/Desktop/MLLM-interpretability/MLLM-interpretability/.venv/lib/python3.12/site-packages/zmq/backend/cython/_zmq.abi3.so
0x0000000106360000 	/Users/anniewang/Desktop/MLLM-interpretability/MLLM-interpretability/.venv/lib/python3.12/site-packages/zmq/.dylibs/libzmq.5.dylib
0x0000000104e28000 	/Users/anniewang/Desktop/MLLM-interpretability/MLLM-interpretability/.venv/lib/python3.12/site-packages/zmq/.dylibs/libsodium.26.dylib
0x0000000104ef8000 	/Library/Frameworks/Python.framework/Versions/3.12/lib/python3.12/lib-dynload/_opcode.cpython-312-darwin.so
0x0000000104ed0000 	/Library/Frameworks/Python.framework/Versions/3.12/lib/python3.12/lib-dynload/_struct.cpython-312-darwin.so
0x0000000104f70000 	/Library/Frameworks/Python.framework/Versions/3.12/lib/python3.12/lib-dynload/_pickle.cpython-312-darwin.so
0x0000000104f34000 	/Library/Frameworks/Python.framework/Versions/3.12/lib/python3.12/lib-dynload/_bisect.cpython-312-darwin.so
0x0000000104f48000 	/Library/Frameworks/Python.framework/Versions/3.12/lib/python3.12/lib-dynload/_random.cpython-312-darwin.so
0x0000000104f0c000 	/Library/Frameworks/Python.framework/Versions/3.12/lib/python3.12/lib-dynload/_sha2.cpython-312-darwin.so
0x0000000104f5c000 	/Library/Frameworks/Python.framework/Versions/3.12/lib/python3.12/lib-dynload/_heapq.cpython-312-darwin.so
0x0000000105b00000 	/Library/Frameworks/Python.framework/Versions/3.12/lib/python3.12/lib-dynload/_socket.cpython-312-darwin.so
0x0000000104fe0000 	/Library/Frameworks/Python.framework/Versions/3.12/lib/python3.12/lib-dynload/array.cpython-312-darwin.so
0x0000000104fa0000 	/Library/Frameworks/Python.framework/Versions/3.12/lib/python3.12/lib-dynload/_ssl.cpython-312-darwin.so
0x0000000105b24000 	/Library/Frameworks/Python.framework/Versions/3.12/lib/libssl.3.dylib
0x0000000120f88000 	/Library/Frameworks/Python.framework/Versions/3.12/lib/libcrypto.3.dylib
0x0000000105bc0000 	/Library/Frameworks/Python.framework/Versions/3.12/lib/python3.12/lib-dynload/binascii.cpython-312-darwin.so
0x0000000106528000 	/Library/Frameworks/Python.framework/Versions/3.12/lib/python3.12/lib-dynload/_contextvars.cpython-312-darwin.so
0x0000000106500000 	/Library/Frameworks/Python.framework/Versions/3.12/lib/python3.12/lib-dynload/_asyncio.cpython-312-darwin.so
0x0000000106764000 	/Library/Frameworks/Python.framework/Versions/3.12/lib/python3.12/lib-dynload/_queue.cpython-312-darwin.so
0x000000010673c000 	/Library/Frameworks/Python.framework/Versions/3.12/lib/python3.12/lib-dynload/_hashlib.cpython-312-darwin.so
0x00000001067a8000 	/Library/Frameworks/Python.framework/Versions/3.12/lib/python3.12/lib-dynload/_blake2.cpython-312-darwin.so
0x0000000106778000 	/Library/Frameworks/Python.framework/Versions/3.12/lib/python3.12/lib-dynload/_datetime.cpython-312-darwin.so
0x0000000120900000 	/Library/Frameworks/Python.framework/Versions/3.12/lib/python3.12/lib-dynload/zlib.cpython-312-darwin.so
0x0000000104f24000 	/Users/anniewang/Desktop/MLLM-interpretability/MLLM-interpretability/.venv/lib/python3.12/site-packages/tornado/speedups.abi3.so
0x00000001067c0000 	/Library/Frameworks/Python.framework/Versions/3.12/lib/python3.12/lib-dynload/_curses.cpython-312-darwin.so
0x00000001cd6f3000 	/usr/lib/libncurses.5.4.dylib
0x0000000120ae8000 	/Library/Frameworks/Python.framework/Versions/3.12/lib/python3.12/lib-dynload/_decimal.cpython-312-darwin.so
0x0000000120a44000 	/Library/Frameworks/Python.framework/Versions/3.12/lib/python3.12/lib-dynload/termios.cpython-312-darwin.so
0x0000000120a58000 	/Library/Frameworks/Python.framework/Versions/3.12/lib/python3.12/lib-dynload/_bz2.cpython-312-darwin.so
0x0000000120a6c000 	/Library/Frameworks/Python.framework/Versions/3.12/lib/python3.12/lib-dynload/_lzma.cpython-312-darwin.so
0x0000000120ab4000 	/Library/Frameworks/Python.framework/Versions/3.12/lib/python3.12/lib-dynload/_uuid.cpython-312-darwin.so
0x0000000120a1c000 	/Library/Frameworks/Python.framework/Versions/3.12/lib/python3.12/lib-dynload/_csv.cpython-312-darwin.so
0x0000000120ac8000 	/Library/Frameworks/Python.framework/Versions/3.12/lib/python3.12/lib-dynload/resource.cpython-312-darwin.so
0x0000000121878000 	/Library/Frameworks/Python.framework/Versions/3.12/lib/python3.12/lib-dynload/_sqlite3.cpython-312-darwin.so
0x0000000121800000 	/Library/Frameworks/Python.framework/Versions/3.12/lib/python3.12/lib-dynload/pyexpat.cpython-312-darwin.so
0x0000000122048000 	/Library/Frameworks/Python.framework/Versions/3.12/lib/python3.12/lib-dynload/unicodedata.cpython-312-darwin.so
0x0000000120f74000 	/Library/Frameworks/Python.framework/Versions/3.12/lib/python3.12/lib-dynload/_scproxy.cpython-312-darwin.so
0x0000000121848000 	/Library/Frameworks/Python.framework/Versions/3.12/lib/python3.12/lib-dynload/_lsprof.cpython-312-darwin.so
0x000000012185c000 	/Users/anniewang/Desktop/MLLM-interpretability/MLLM-interpretability/.venv/lib/python3.12/site-packages/psutil/_psutil_osx.abi3.so
0x0000000120a34000 	/Users/anniewang/Desktop/MLLM-interpretability/MLLM-interpretability/.venv/lib/python3.12/site-packages/psutil/_psutil_posix.abi3.so
0x0000000121cb0000 	/Library/Frameworks/Python.framework/Versions/3.12/lib/python3.12/lib-dynload/_ctypes.cpython-312-darwin.so
0x00000001b22ff000 	/usr/lib/libffi.dylib
0x0000000122a34000 	/Users/anniewang/Desktop/MLLM-interpretability/MLLM-interpretability/.venv/lib/python3.12/site-packages/debugpy/_vendored/pydevd/_pydevd_bundle/pydevd_cython.cpython-312-darwin.so
0x000000012236c000 	/Users/anniewang/Desktop/MLLM-interpretability/MLLM-interpretability/.venv/lib/python3.12/site-packages/debugpy/_vendored/pydevd/_pydevd_sys_monitoring/_pydevd_sys_monitoring_cython.cpython-312-darwin.so
0x00000001067f0000 	/Users/anniewang/Desktop/MLLM-interpretability/MLLM-interpretability/.venv/lib/python3.12/site-packages/charset_normalizer/md.cpython-312-darwin.so
0x0000000122000000 	/Users/anniewang/Desktop/MLLM-interpretability/MLLM-interpretability/.venv/lib/python3.12/site-packages/charset_normalizer/md__mypyc.cpython-312-darwin.so
0x0000000120f4c000 	/Library/Frameworks/Python.framework/Versions/3.12/lib/python3.12/lib-dynload/_multibytecodec.cpython-312-darwin.so
0x0000000123260000 	/Users/anniewang/Desktop/MLLM-interpretability/MLLM-interpretability/.venv/lib/python3.12/site-packages/yaml/_yaml.cpython-312-darwin.so
0x00000001258c4000 	/Users/anniewang/Desktop/MLLM-interpretability/MLLM-interpretability/.venv/lib/python3.12/site-packages/regex/_regex.cpython-312-darwin.so
0x0000000125cd4000 	/Users/anniewang/Desktop/MLLM-interpretability/MLLM-interpretability/.venv/lib/python3.12/site-packages/numpy/_core/_multiarray_umath.cpython-312-darwin.so
0x0000000122dcc000 	/Users/anniewang/Desktop/MLLM-interpretability/MLLM-interpretability/.venv/lib/python3.12/site-packages/numpy/linalg/_umath_linalg.cpython-312-darwin.so
0x0000000104fd8000 	/Users/anniewang/Desktop/MLLM-interpretability/MLLM-interpretability/.venv/lib/python3.12/site-packages/torch/lib/libtorch_global_deps.dylib
0x00000001fd69e000 	/System/Library/PrivateFrameworks/ANECompiler.framework/Versions/A/ANECompiler
0x00000001bc027000 	/System/Library/PrivateFrameworks/AppleNeuralEngine.framework/Versions/A/AppleNeuralEngine
0x000000020393d000 	/System/Library/Frameworks/MetalPerformanceShadersGraph.framework/Versions/A/MetalPerformanceShadersGraph
0x00000001baefd000 	/System/Library/PrivateFrameworks/ANEServices.framework/Versions/A/ANEServices
0x00000001a3ad8000 	/usr/lib/libsandbox.1.dylib
0x00000001af6fc000 	/usr/lib/libMatch.1.dylib
0x0000000121cf0000 	/Users/anniewang/Desktop/MLLM-interpretability/MLLM-interpretability/.venv/lib/python3.12/site-packages/torch/_C.cpython-312-darwin.so
0x0000000130000000 	/Users/anniewang/Desktop/MLLM-interpretability/MLLM-interpretability/.venv/lib/python3.12/site-packages/torch/lib/libtorch_python.dylib
0x0000000105bd8000 	/Users/anniewang/Desktop/MLLM-interpretability/MLLM-interpretability/.venv/lib/python3.12/site-packages/torch/lib/libtorch.dylib
0x0000000122a00000 	/Users/anniewang/Desktop/MLLM-interpretability/MLLM-interpretability/.venv/lib/python3.12/site-packages/torch/lib/libshm.dylib
0x0000000172840000 	/Users/anniewang/Desktop/MLLM-interpretability/MLLM-interpretability/.venv/lib/python3.12/site-packages/torch/lib/libtorch_cpu.dylib
0x0000000126244000 	/Users/anniewang/Desktop/MLLM-interpretability/MLLM-interpretability/.venv/lib/python3.12/site-packages/torch/lib/libc10.dylib
0x0000000126138000 	/Users/anniewang/Desktop/MLLM-interpretability/MLLM-interpretability/.venv/lib/python3.12/site-packages/torch/lib/libomp.dylib
0x00000001223e4000 	/Library/Frameworks/Python.framework/Versions/3.12/lib/python3.12/lib-dynload/grp.cpython-312-darwin.so
0x0000000122a18000 	/Library/Frameworks/Python.framework/Versions/3.12/lib/python3.12/lib-dynload/mmap.cpython-312-darwin.so
0x0000000123230000 	/Library/Frameworks/Python.framework/Versions/3.12/lib/python3.12/lib-dynload/cmath.cpython-312-darwin.so
0x0000000123248000 	/Library/Frameworks/Python.framework/Versions/3.12/lib/python3.12/lib-dynload/_multiprocessing.cpython-312-darwin.so
0x00000001233c0000 	/Library/Frameworks/Python.framework/Versions/3.12/lib/python3.12/lib-dynload/_posixshmem.cpython-312-darwin.so
0x00000001368f4000 	/Users/anniewang/Desktop/MLLM-interpretability/MLLM-interpretability/.venv/lib/python3.12/site-packages/safetensors/_safetensors_rust.abi3.so
0x0000000123200000 	/Users/anniewang/Desktop/MLLM-interpretability/MLLM-interpretability/.venv/lib/python3.12/site-packages/markupsafe/_speedups.cpython-312-darwin.so
0x00000001233d4000 	/Library/Frameworks/Python.framework/Versions/3.12/lib/python3.12/lib-dynload/_elementtree.cpython-312-darwin.so
0x0000000126350000 	/Users/anniewang/Desktop/MLLM-interpretability/MLLM-interpretability/.venv/lib/python3.12/site-packages/PIL/_imaging.cpython-312-darwin.so
0x0000000136800000 	/Users/anniewang/Desktop/MLLM-interpretability/MLLM-interpretability/.venv/lib/python3.12/site-packages/PIL/.dylibs/libtiff.6.dylib
0x000000015df00000 	/Users/anniewang/Desktop/MLLM-interpretability/MLLM-interpretability/.venv/lib/python3.12/site-packages/PIL/.dylibs/libjpeg.62.4.0.dylib
0x000000015e800000 	/Users/anniewang/Desktop/MLLM-interpretability/MLLM-interpretability/.venv/lib/python3.12/site-packages/PIL/.dylibs/libopenjp2.2.5.4.dylib
0x000000012582c000 	/Users/anniewang/Desktop/MLLM-interpretability/MLLM-interpretability/.venv/lib/python3.12/site-packages/PIL/.dylibs/libz.1.3.1.zlib-ng.dylib
0x0000000125c88000 	/Users/anniewang/Desktop/MLLM-interpretability/MLLM-interpretability/.venv/lib/python3.12/site-packages/PIL/.dylibs/libxcb.1.1.0.dylib
0x000000015dfa0000 	/Users/anniewang/Desktop/MLLM-interpretability/MLLM-interpretability/.venv/lib/python3.12/site-packages/PIL/.dylibs/liblzma.5.dylib
0x0000000125800000 	/Users/anniewang/Desktop/MLLM-interpretability/MLLM-interpretability/.venv/lib/python3.12/site-packages/PIL/.dylibs/libXau.6.dylib
0x0000000161ce0000 	/Users/anniewang/Desktop/MLLM-interpretability/MLLM-interpretability/.venv/lib/python3.12/site-packages/sudachipy/sudachipy.cpython-312-darwin.so
0x0000000161834000 	/Users/anniewang/Desktop/MLLM-interpretability/MLLM-interpretability/.venv/lib/python3.12/site-packages/_jpype.cpython-312-darwin.so
0x0000000125880000 	/Library/Java/JavaVirtualMachines/temurin-25.jdk/Contents/Home/lib/libjli.dylib
0x00000001bc383000 	/System/Library/Frameworks/Cocoa.framework/Versions/A/Cocoa
0x00000001a3b33000 	/System/Library/Frameworks/AppKit.framework/Versions/C/AppKit
0x000000024dc52000 	/System/Library/PrivateFrameworks/CollectionViewCore.framework/Versions/A/CollectionViewCore
0x00000001ab944000 	/System/Library/PrivateFrameworks/XCTTargetBootstrap.framework/Versions/A/XCTTargetBootstrap
0x00000001b08de000 	/System/Library/PrivateFrameworks/UserActivity.framework/Versions/A/UserActivity
0x000000027c5dc000 	/System/Library/PrivateFrameworks/UIIntelligenceSupport.framework/Versions/A/UIIntelligenceSupport
0x0000000206675000 	/System/Library/Frameworks/SwiftUICore.framework/Versions/A/SwiftUICore
0x0000000281662000 	/System/Library/PrivateFrameworks/WritingTools.framework/Versions/A/WritingTools
0x00000002806a6000 	/System/Library/PrivateFrameworks/WindowManagement.framework/Versions/A/WindowManagement
0x00000001ab92f000 	/System/Library/PrivateFrameworks/DFRFoundation.framework/Versions/A/DFRFoundation
0x00000001ab628000 	/System/Library/Frameworks/Carbon.framework/Versions/A/Frameworks/HIToolbox.framework/Versions/A/HIToolbox
0x00000001b53f1000 	/System/Library/Frameworks/Carbon.framework/Versions/A/Frameworks/SpeechRecognition.framework/Versions/A/SpeechRecognition
0x00000001c09d4000 	/System/Library/PrivateFrameworks/RenderBox.framework/Versions/A/RenderBox
0x00000001a9357000 	/System/Library/PrivateFrameworks/PerformanceAnalysis.framework/Versions/A/PerformanceAnalysis
0x00000001b5769000 	/System/Library/Frameworks/Accessibility.framework/Versions/A/Accessibility
0x0000000201b07000 	/System/Library/Frameworks/DataDetection.framework/Versions/A/DataDetection
0x0000000201b0a000 	/System/Library/Frameworks/DeveloperToolsSupport.framework/Versions/A/DeveloperToolsSupport
0x0000000207238000 	/System/Library/Frameworks/Symbols.framework/Versions/A/Symbols
0x000000028827f000 	/usr/lib/swift/libswiftDataDetection.dylib
0x00000001c5e3b000 	/usr/lib/swift/libswiftCoreGraphics.dylib
0x00000001b6113000 	/usr/lib/swift/libswiftFoundation.dylib
0x00000001fcb0e000 	/usr/lib/swift/libswiftSwiftOnoneSupport.dylib
0x00000001e8928000 	/System/Library/PrivateFrameworks/CoreMaterial.framework/Versions/A/CoreMaterial
0x000000026e8f6000 	/System/Library/PrivateFrameworks/SFSymbols.framework/Versions/A/SFSymbols
0x00000001b53de000 	/System/Library/PrivateFrameworks/SpeechRecognitionCore.framework/Versions/A/SpeechRecognitionCore
0x00000001b0587000 	/System/Library/PrivateFrameworks/InternationalSupport.framework/Versions/A/InternationalSupport
0x00000001b99a9000 	/System/Library/Frameworks/ApplicationServices.framework/Versions/A/ApplicationServices
0x00000001b1bb7000 	/System/Library/Frameworks/ApplicationServices.framework/Versions/A/Frameworks/ATS.framework/Versions/A/ATS
0x00000001a69a9000 	/System/Library/Frameworks/ApplicationServices.framework/Versions/A/Frameworks/HIServices.framework/Versions/A/HIServices
0x00000001b0470000 	/System/Library/Frameworks/ApplicationServices.framework/Versions/A/Frameworks/PrintCore.framework/Versions/A/PrintCore
0x00000001b1faa000 	/System/Library/Frameworks/ApplicationServices.framework/Versions/A/Frameworks/QD.framework/Versions/A/QD
0x00000001b1fa1000 	/System/Library/Frameworks/ApplicationServices.framework/Versions/A/Frameworks/ColorSyncLegacy.framework/Versions/A/ColorSyncLegacy
0x00000001b1b89000 	/System/Library/Frameworks/ApplicationServices.framework/Versions/A/Frameworks/SpeechSynthesis.framework/Versions/A/SpeechSynthesis
0x00000001ace47000 	/System/Library/PrivateFrameworks/CoreEmoji.framework/Versions/A/CoreEmoji
0x00000001b042d000 	/System/Library/Frameworks/ApplicationServices.framework/Versions/A/Frameworks/ATSUI.framework/Versions/A/ATSUI
0x00000001b1f35000 	/usr/lib/libcups.2.dylib
0x00000002005ae000 	/System/Library/Frameworks/AVFAudio.framework/Versions/A/AVFAudio
0x00000001c239a000 	/System/Library/PrivateFrameworks/AXCoreUtilities.framework/Versions/A/AXCoreUtilities
0x0000000260740000 	/System/Library/PrivateFrameworks/IsolatedCoreAudioClient.framework/Versions/A/IsolatedCoreAudioClient
0x00000001b344b000 	/System/Library/Frameworks/IOBluetooth.framework/Versions/A/IOBluetooth
0x000000027a84f000 	/System/Library/PrivateFrameworks/Tightbeam.framework/Versions/A/Tightbeam
0x000000024e733000 	/System/Library/PrivateFrameworks/CoreAudioOrchestration.framework/Versions/A/CoreAudioOrchestration
0x00000001df764000 	/System/Library/PrivateFrameworks/AFKUser.framework/Versions/A/AFKUser
0x00000001c8ab2000 	/usr/lib/swift/libswiftCoreAudio.dylib
0x00000001b66ab000 	/System/Library/Frameworks/CoreBluetooth.framework/Versions/A/CoreBluetooth
0x00000001b9ebb000 	/System/Library/Frameworks/AudioUnit.framework/Versions/A/AudioUnit
0x00000001acf0b000 	/System/Library/PrivateFrameworks/CoreUtils.framework/Versions/A/CoreUtils
0x00000002516e6000 	/System/Library/PrivateFrameworks/CoreUtilsExtras.framework/Versions/A/CoreUtilsExtras
0x000000025ce08000 	/System/Library/PrivateFrameworks/IO80211.framework/Versions/A/IO80211
0x00000001b5ae4000 	/System/Library/Frameworks/MediaAccessibility.framework/Versions/A/MediaAccessibility
0x00000001d10d0000 	/System/Library/PrivateFrameworks/AttributeGraph.framework/Versions/A/AttributeGraph
0x0000000286f3d000 	/usr/lib/libAXSafeCategoryBundle.dylib
0x00000001c2456000 	/usr/lib/libAccessibility.dylib
0x00000001b21a5000 	/System/Library/PrivateFrameworks/CorePhoneNumbers.framework/Versions/A/CorePhoneNumbers
0x00000001b7579000 	/System/Library/PrivateFrameworks/FrontBoardServices.framework/Versions/A/FrontBoardServices
0x00000001b9296000 	/System/Library/PrivateFrameworks/BackBoardServices.framework/Versions/A/BackBoardServices
0x00000001b76f3000 	/System/Library/PrivateFrameworks/GraphicsServices.framework/Versions/A/GraphicsServices
0x0000000201582000 	/System/Library/Frameworks/CoreTransferable.framework/Versions/A/CoreTransferable
0x00000001af82d000 	/System/Library/PrivateFrameworks/IconServices.framework/Versions/A/IconServices
0x00000001c8b2d000 	/usr/lib/swift/libswiftCoreImage.dylib
0x00000001af7e0000 	/System/Library/PrivateFrameworks/IconFoundation.framework/Versions/A/IconFoundation
0x00000001a90cd000 	/System/Library/PrivateFrameworks/CoreUI.framework/Versions/A/CoreUI
0x00000001b04e7000 	/System/Library/PrivateFrameworks/TextureIO.framework/Versions/A/TextureIO
0x00000001ab94a000 	/System/Library/PrivateFrameworks/CoreSVG.framework/Versions/A/CoreSVG
0x00000001df0a1000 	/usr/lib/swift/libswiftAccelerate.dylib
0x00000001af55d000 	/usr/lib/libIOReport.dylib
0x00000001b088f000 	/System/Library/PrivateFrameworks/DataDetectorsCore.framework/Versions/A/DataDetectorsCore
0x00000001cc430000 	/System/Library/PrivateFrameworks/TextInput.framework/Versions/A/TextInput
0x00000001a4fc4000 	/System/Library/PrivateFrameworks/UIFoundation.framework/Versions/A/UIFoundation
0x00000001656d0000 	/Library/Java/JavaVirtualMachines/temurin-25.jdk/Contents/Home/lib/server/libjvm.dylib
0x0000000125814000 	/Library/Java/JavaVirtualMachines/temurin-25.jdk/Contents/Home/lib/libjimage.dylib
0x000000015efa4000 	/Library/Java/JavaVirtualMachines/temurin-25.jdk/Contents/Home/lib/libjava.dylib
0x00000001263dc000 	/Library/Java/JavaVirtualMachines/temurin-25.jdk/Contents/Home/lib/libnio.dylib
0x0000000126218000 	/Library/Java/JavaVirtualMachines/temurin-25.jdk/Contents/Home/lib/libnet.dylib
0x000000015efd4000 	/Library/Java/JavaVirtualMachines/temurin-25.jdk/Contents/Home/lib/libzip.dylib
0x00000001368c0000 	/Library/Java/JavaVirtualMachines/temurin-25.jdk/Contents/Home/lib/libverify.dylib
0x00000001258a8000 	/Library/Frameworks/Python.framework/Versions/3.12/lib/python3.12/lib-dynload/_zoneinfo.cpython-312-darwin.so

JVMTI agents: none


VM Arguments:
jvm_args: -Dfile.encoding=UTF8 -ea -Xmx1024m 
java_command: <unknown>
java_class_path (initial): /Users/anniewang/Desktop/MLLM-interpretability/MLLM-interpretability/.venv/lib/python3.12/site-packages/konlpy/java:/Users/anniewang/Desktop/MLLM-interpretability/MLLM-interpretability/.venv/lib/python3.12/site-packages/konlpy/java/bin:/Users/anniewang/Desktop/MLLM-interpretability/MLLM-interpretability/.venv/lib/python3.12/site-packages/konlpy/java/scala-library-2.12.3.jar:/Users/anniewang/Desktop/MLLM-interpretability/MLLM-interpretability/.venv/lib/python3.12/site-packages/konlpy/java/twitter-text-1.14.7.jar:/Users/anniewang/Desktop/MLLM-interpretability/MLLM-interpretability/.venv/lib/python3.12/site-packages/konlpy/java/komoran-3.0.jar:/Users/anniewang/Desktop/MLLM-interpretability/MLLM-interpretability/.venv/lib/python3.12/site-packages/konlpy/java/jhannanum-0.8.4.jar:/Users/anniewang/Desktop/MLLM-interpretability/MLLM-interpretability/.venv/lib/python3.12/site-packages/konlpy/java/open-korean-text-2.1.0.jar:/Users/anniewang/Desktop/MLLM-interpretability/MLLM-interpretability/.venv/lib/python3.12/site-packages/konlpy/java/aho-corasick.jar:/Users/anniewang/Desktop/MLLM-interpretability/MLLM-interpretability/.venv/lib/python3.12/site-packages/konlpy/java/kkma-2.0.jar:/Users/anniewang/Desktop/MLLM-interpretability/MLLM-interpretability/.venv/lib/python3.12/site-packages/konlpy/java/shineware-common-1.0.jar:/Users/anniewang/Desktop/MLLM-interpretability/MLLM-interpretability/.venv/lib/python3.12/site-packages/konlpy/java/snakeyaml-1.12.jar:/Users/anniewang/Desktop/MLLM-interpretability/MLLM-interpretability/.venv/lib/python3.12/site-packages/konlpy/java/shineware-ds-1.0.jar:/Users/anniewang/Desktop/MLLM-interpretability/MLLM-interpretability/.venv/lib/python3.12/site-packages/konlpy/java/jhannanum-0.8.4.jar:/Users/anniewang/Desktop/MLLM-interpretability/MLLM-interpretability/.venv/lib/python3.12/site-packages/konlpy/java/kkma-2.0.jar:/Users/anniewang/Desktop/MLLM-interpretability/MLLM-interpretability/.venv/lib/python3.12/site-packages/konlpy/java/aho-corasick.jar:/Users/anniewang/Desktop/MLLM-interpretability/MLLM-interpretability/.venv/lib/python3.12/site-packages/konlpy/java/shineware-common-1.0.jar:/Users/anniewang/Desktop/MLLM-interpretability/MLLM-interpretability/.venv/lib/python3.12/site-packages/konlpy/java/shineware-ds-1.0.jar:/Users/anniewang/Desktop/MLLM-interpretability/MLLM-interpretability/.venv/lib/python3.12/site-packages/konlpy/java/komoran-3.0.jar:/Users/anniewang/Desktop/MLLM-interpretability/MLLM-interpretability/.venv/lib/python3.12/site-packages/konlpy/java/snakeyaml-1.12.jar:/Users/anniewang/Desktop/MLLM-interpretability/MLLM-interpretability/.venv/lib/python3.12/site-packages/konlpy/java/scala-library-2.12.3.jar:/Users/anniewang/Desktop/MLLM-interpretability/MLLM-interpretability/.venv/lib/python3.12/site-packages/konlpy/java/open-korean-text-2.1.0.jar:/Users/anniewang/Desktop/MLLM-interpretability/MLLM-interpretability/.venv/lib/python3.12/site-packages/konlpy/java/twitter-text-1.14.7.jar:/Users/anniewang/Desktop/MLLM-interpretability/MLLM-interpretability/.venv/lib/python3.12/site-packages/konlpy/java/scala-library-2.12.3.jar:/Users/anniewang/Desktop/MLLM-interpretability/MLLM-interpretability/.venv/lib/python3.12/site-packages/konlpy/java/twitter-text-1.14.7.jar:/Users/anniewang/Desktop/MLLM-interpretability/MLLM-interpretability/.venv/lib/python3.12/site-packages/konlpy/java/komoran-3.0.jar:/Users/anniewang/Desktop/MLLM-interpretability/MLLM-interpretability/.venv/lib/python3.12/site-packages/konlpy/java/jhannanum-0.8.4.jar:/Users/anniewang/Desktop/MLLM-interpretability/MLLM-interpretability/.venv/lib/python3.12/site-packages/konlpy/java/open-korean-text-2.1.0.jar:/Users/anniewang/Desktop/MLLM-interpretability/MLLM-interpretability/.venv/lib/python3.12/site-packages/konlpy/java/aho-corasick.jar:/Users/anniewang/Desktop/MLLM-interpretability/MLLM-interpretability/.venv/lib/python3.12/site-packages/konlpy/java/kkma-2.0.jar:/Users/anniewang/Desktop/MLLM-interpretability/MLLM-interpretability/.venv/lib/python3.12/site-packages/konlpy/java/shineware-common-1.0.jar:/Users/anniewang/Desktop/MLLM-interpretability/MLLM-interpretability/.venv/lib/python3.12/site-packages/konlpy/java/snakeyaml-1.12.jar:/Users/anniewang/Desktop/MLLM-interpretability/MLLM-interpretability/.venv/lib/python3.12/site-packages/konlpy/java/shineware-ds-1.0.jar:/Users/anniewang/Desktop/MLLM-interpretability/MLLM-interpretability/.venv/lib/python3.12/site-packages/org.jpype.jar
Launcher Type: generic

[Global flags]
     intx CICompilerCount                          = 4                                         {product} {ergonomic}
     uint ConcGCThreads                            = 2                                         {product} {ergonomic}
     uint G1ConcRefinementThreads                  = 9                                         {product} {ergonomic}
   size_t G1HeapRegionSize                         = 1048576                                   {product} {ergonomic}
   size_t InitialHeapSize                          = 301989888                                 {product} {ergonomic}
   size_t MarkStackSize                            = 4194304                                   {product} {ergonomic}
   size_t MarkStackSizeMax                         = 536870912                                 {product} {ergonomic}
   size_t MaxHeapSize                              = 1073741824                                {product} {command line}
   size_t MaxNewSize                               = 643825664                                 {product} {ergonomic}
   size_t MinHeapDeltaBytes                        = 1048576                                   {product} {ergonomic}
   size_t MinHeapSize                              = 8388608                                   {product} {ergonomic}
    uintx NonNMethodCodeHeapSize                   = 5832704                                {pd product} {ergonomic}
    uintx NonProfiledCodeHeapSize                  = 122929152                              {pd product} {ergonomic}
    uintx ProfiledCodeHeapSize                     = 122896384                              {pd product} {ergonomic}
    uintx ReservedCodeCacheSize                    = 251658240                              {pd product} {ergonomic}
     bool SegmentedCodeCache                       = true                                      {product} {ergonomic}
   size_t SoftMaxHeapSize                          = 1073741824                             {manageable} {ergonomic}
     bool UseCompressedOops                        = true                           {product lp64_product} {ergonomic}
     bool UseG1GC                                  = true                                      {product} {ergonomic}
     bool UseNUMA                                  = false                                     {product} {ergonomic}
     bool UseNUMAInterleaving                      = false                                     {product} {ergonomic}

Logging:
Log output configuration:
 #0: stdout all=warning uptime,level,tags foldmultilines=false
 #1: stderr all=off uptime,level,tags foldmultilines=false

Release file:
IMPLEMENTOR="Eclipse Adoptium"
IMPLEMENTOR_VERSION="Temurin-25.0.2+10"
JAVA_RUNTIME_VERSION="25.0.2+10-LTS"
JAVA_VERSION="25.0.2"
JAVA_VERSION_DATE="2026-01-20"
LIBC="default"
MODULES="java.base java.compiler java.datatransfer java.xml java.prefs java.desktop java.instrument java.logging java.management java.security.sasl java.naming java.rmi java.management.rmi java.net.http java.scripting java.security.jgss java.transaction.xa java.sql java.sql.rowset java.xml.crypto java.se java.smartcardio jdk.accessibility jdk.internal.jvmstat jdk.attach jdk.charsets jdk.internal.opt jdk.zipfs jdk.compiler jdk.crypto.cryptoki jdk.crypto.ec jdk.dynalink jdk.internal.ed jdk.editpad jdk.internal.vm.ci jdk.graal.compiler jdk.graal.compiler.management jdk.hotspot.agent jdk.httpserver jdk.incubator.vector jdk.internal.le jdk.internal.md jdk.jartool jdk.javadoc jdk.jcmd jdk.management jdk.management.agent jdk.jconsole jdk.jdeps jdk.jdwp.agent jdk.jdi jdk.jfr jdk.jlink jdk.jpackage jdk.jshell jdk.jsobject jdk.jstatd jdk.localedata jdk.management.jfr jdk.naming.dns jdk.naming.rmi jdk.net jdk.nio.mapmode jdk.sctp jdk.security.auth jdk.security.jgss jdk.unsupported jdk.unsupported.desktop jdk.xml.dom"
OS_ARCH="aarch64"
OS_NAME="Darwin"
SOURCE=".:git:9e3c947043a4"
BUILD_SOURCE="git:458965074606f027bd5afce2cfd5c1055dea0438"
BUILD_SOURCE_REPO="https://github.com/adoptium/temurin-build.git"
SOURCE_REPO="https://github.com/adoptium/jdk25u.git"
FULL_VERSION="25.0.2+10-LTS"
SEMANTIC_VERSION="25.0.2+10"
BUILD_INFO="OS: macOS Version: 14.1 23B74"
JVM_VARIANT="Hotspot"
JVM_VERSION="25.0.2+10-LTS"
IMAGE_TYPE="JDK"

Environment Variables:
JAVA_HOME=/Library/Java/JavaVirtualMachines/temurin-25.jdk/Contents/Home
PATH=/Users/anniewang/Desktop/MLLM-interpretability/MLLM-interpretability/.venv/bin:/Library/Java/JavaVirtualMachines/temurin-25.jdk/Contents/Home/bin:/Users/anniewang/Desktop/MLLM-interpretability/MLLM-interpretability/.venv/bin:/Library/Frameworks/Python.framework/Versions/3.12/bin:/usr/local/bin:/System/Cryptexes/App/usr/bin:/usr/bin:/bin:/usr/sbin:/sbin:/var/run/com.apple.security.cryptexd/codex.system/bootstrap/usr/local/bin:/var/run/com.apple.security.cryptexd/codex.system/bootstrap/usr/bin:/var/run/com.apple.security.cryptexd/codex.system/bootstrap/usr/appleinternal/bin
SHELL=/bin/zsh
LC_CTYPE=C.UTF-8
TERM=xterm-color
TMPDIR=/var/folders/ks/t4xykdjd3qj06ylqcn6zkprm0000gn/T/

Active Locale:
LC_ALL=C/C.UTF-8/C/C/C/C
LC_COLLATE=C
LC_CTYPE=C.UTF-8
LC_MESSAGES=C
LC_MONETARY=C
LC_NUMERIC=C
LC_TIME=C

Signal Handlers:
   SIGSEGV: crash_handler in libjvm.dylib, mask=11100110000111110111111111111111, flags=SA_ONSTACK|SA_RESTART|SA_SIGINFO, unblocked
    SIGBUS: crash_handler in libjvm.dylib, mask=11100110000111110111111111111111, flags=SA_RESTART|SA_SIGINFO, unblocked
    SIGFPE: crash_handler in libjvm.dylib, mask=11100110000111110111111111111111, flags=SA_RESTART|SA_SIGINFO, unblocked
   SIGPIPE: javaSignalHandler in libjvm.dylib, mask=11100110000111110111111111111111, flags=SA_RESTART|SA_SIGINFO, blocked
   SIGXFSZ: javaSignalHandler in libjvm.dylib, mask=11100110000111110111111111111111, flags=SA_RESTART|SA_SIGINFO, blocked
    SIGILL: crash_handler in libjvm.dylib, mask=11100110000111110111111111111111, flags=SA_RESTART|SA_SIGINFO, unblocked
   SIGUSR2: SR_handler in libjvm.dylib, mask=00000000000000000000000000000000, flags=SA_RESTART|SA_SIGINFO, blocked
    SIGHUP: UserHandler in libjvm.dylib, mask=11100110000111110111111111111111, flags=SA_RESTART|SA_SIGINFO, blocked
    SIGINT: SIG_IGN, mask=00000000000000000000000000000000, flags=SA_ONSTACK, blocked
   SIGTERM: UserHandler in libjvm.dylib, mask=11100110000111110111111111111111, flags=SA_RESTART|SA_SIGINFO, blocked
   SIGQUIT: UserHandler in libjvm.dylib, mask=11100110000111110111111111111111, flags=SA_RESTART|SA_SIGINFO, blocked
   SIGTRAP: crash_handler in libjvm.dylib, mask=11100110000111110111111111111111, flags=SA_RESTART|SA_SIGINFO, unblocked


Compilation memory statistics disabled.

Periodic native trim disabled

---------------  S Y S T E M  ---------------

OS:
uname: Darwin 24.6.0 Darwin Kernel Version 24.6.0: Mon Jul 14 11:28:30 PDT 2025; root:xnu-11417.140.69~1/RELEASE_ARM64_T6030 arm64
OS uptime: 4 days 21:04 hours
rlimit (soft/hard): STACK 8176k/65520k , CORE 0k/infinity , NPROC 2666/4000 , NOFILE 1048576/infinity , AS infinity/infinity , CPU infinity/infinity , DATA infinity/infinity , FSIZE infinity/infinity , MEMLOCK infinity/infinity , RSS infinity/infinity
load average: 2.28 2.16 2.10

CPU: total 11 (initial active 11) 0x61:0x0:0x5f4dea93:0, fp, asimd, aes, pmull, sha1, sha256, crc32, lse, sha3, sha512
machdep.cpu.brand_string:Apple M3 Pro
hw.cachelinesize:128
hw.l1icachesize:131072
hw.l1dcachesize:65536
hw.l2cachesize:4194304

Memory: 16k page, physical 18874368k(66128k free), swap 5242880k(363072k free)

vm_info: OpenJDK 64-Bit Server VM (25.0.2+10-LTS) for bsd-aarch64 JRE (25.0.2+10-LTS), built on 2026-01-20T00:00:00Z with clang Apple LLVM 15.0.0 (clang-1500.1.0.2.5)

END.
