#
# A fatal error has been detected by the Java Runtime Environment:
#
#  SIGSEGV (0xb) at pc=0x00000001061b6ed0, pid=9261, tid=36127
#
# JRE version: OpenJDK Runtime Environment Temurin-25.0.2+10 (25.0.2+10) (build 25.0.2+10-LTS)
# Java VM: OpenJDK 64-Bit Server VM Temurin-25.0.2+10 (25.0.2+10-LTS, mixed mode, sharing, tiered, compressed oops, compressed class ptrs, g1 gc, bsd-aarch64)
# Problematic frame:
# C  [Python+0xf6ed0]  PyObject_RichCompare+0x40
#
# No core dump will be written. Core dumps have been disabled. To enable core dumping, try "ulimit -c unlimited" before starting Java again
#
# If you would like to submit a bug report, please visit:
#   https://github.com/adoptium/adoptium-support/issues
# The crash happened outside the Java Virtual Machine in native code.
# See problematic frame for where to report the bug.
#

---------------  S U M M A R Y ------------

Command Line: -Dfile.encoding=UTF8 -ea -Xmx1024m 

Host: "Mac15,6" arm64, 11 cores, 18G, Darwin 24.6.0, macOS 15.6.1 (24G90)
Time: Thu Mar 12 23:06:53 2026 PDT elapsed time: 14326.469057 seconds (0d 3h 58m 46s)

---------------  T H R E A D  ---------------

Current thread (0x000000012e70fc00):  JavaThread "SIGTERM handler" daemon [_thread_in_native, id=36127, stack(0x000000036b204000,0x000000036b407000) (2060K)]

Stack: [0x000000036b204000,0x000000036b407000],  sp=0x000000036b406620,  free space=2057k
Native frames: (J=compiled Java code, j=interpreted, Vv=VM code, C=native code)
C  [Python+0xf6ed0]  PyObject_RichCompare+0x40
C  [Python+0x287a58]  PyErr_SetInterruptEx+0x8c
j  org.jpype.JPypeSignal.interruptPy(I)V+0
j  org.jpype.JPypeSignal.lambda$getSignalHandler$0(ILjava/lang/Object;Ljava/lang/reflect/Method;[Ljava/lang/Object;)Ljava/lang/Object;+7
j  org.jpype.JPypeSignal$$Lambda+0x0000780001047d40.invoke(Ljava/lang/Object;Ljava/lang/reflect/Method;[Ljava/lang/Object;)Ljava/lang/Object;+7
j  jdk.proxy2.$Proxy2.handle(Lsun/misc/Signal;)V+16 jdk.proxy2
j  sun.misc.Signal$InternalMiscHandler.handle(Ljdk/internal/misc/Signal;)V+8 jdk.unsupported@25.0.2
j  jdk.internal.misc.Signal$1.run()V+8 java.base@25.0.2
j  java.lang.Thread.runWith(Ljava/lang/Object;Ljava/lang/Runnable;)V+5 java.base@25.0.2
j  java.lang.Thread.run()V+19 java.base@25.0.2
v  ~StubRoutines::call_stub 0x0000000307534154
V  [libjvm.dylib+0x4e6d70]  JavaCalls::call_helper(JavaValue*, methodHandle const&, JavaCallArguments*, JavaThread*)+0x3dc
V  [libjvm.dylib+0x4e5c94]  JavaCalls::call_virtual(JavaValue*, Klass*, Symbol*, Symbol*, JavaCallArguments*, JavaThread*)+0x164
V  [libjvm.dylib+0x4e5d60]  JavaCalls::call_virtual(JavaValue*, Handle, Klass*, Symbol*, Symbol*, JavaThread*)+0x64
V  [libjvm.dylib+0x5c5618]  thread_entry(JavaThread*, JavaThread*)+0x9c
V  [libjvm.dylib+0x4fb600]  JavaThread::thread_main_inner()+0x9c
V  [libjvm.dylib+0xaf722c]  Thread::call_run()+0xc8
V  [libjvm.dylib+0x896108]  thread_native_entry(Thread*)+0x118
C  [libsystem_pthread.dylib+0x6c0c]  _pthread_start+0x88
Java frames: (J=compiled Java code, j=interpreted, Vv=VM code)
j  org.jpype.JPypeSignal.interruptPy(I)V+0
j  org.jpype.JPypeSignal.lambda$getSignalHandler$0(ILjava/lang/Object;Ljava/lang/reflect/Method;[Ljava/lang/Object;)Ljava/lang/Object;+7
j  org.jpype.JPypeSignal$$Lambda+0x0000780001047d40.invoke(Ljava/lang/Object;Ljava/lang/reflect/Method;[Ljava/lang/Object;)Ljava/lang/Object;+7
j  jdk.proxy2.$Proxy2.handle(Lsun/misc/Signal;)V+16 jdk.proxy2
j  sun.misc.Signal$InternalMiscHandler.handle(Ljdk/internal/misc/Signal;)V+8 jdk.unsupported@25.0.2
j  jdk.internal.misc.Signal$1.run()V+8 java.base@25.0.2
j  java.lang.Thread.runWith(Ljava/lang/Object;Ljava/lang/Runnable;)V+5 java.base@25.0.2
j  java.lang.Thread.run()V+19 java.base@25.0.2
v  ~StubRoutines::call_stub 0x0000000307534154

siginfo: si_signo: 11 (SIGSEGV), si_code: 2 (SEGV_ACCERR), si_addr: 0x0000000000000024

Registers:
 x0=0x00000003449d2a78  x1=0x000000010660a3f8  x2=0x0000000000000002  x3=0x0000000000000000
 x4=0x0000000000000001  x5=0x0000000000000000  x6=0x00000000000000d6  x7=0x000000012e70fc00
 x8=0x000000019fb690f8  x9=0x000000010b74e000 x10=0x000000010b705a3c x11=0x0000000000000004
x12=0x000000030f41f820 x13=0x0000000000000000 x14=0x000000011de00000 x15=0x000000003f7d9799
x16=0x0000000000000102 x17=0x0000000000000000 x18=0x0000000000000000 x19=0x0000000000000000
x20=0x000000010660a3f8 x21=0x000000010660a3d8 x22=0x0000000000000002 x23=0x0000000106609958
x24=0x0000000106531bd0 x25=0x000000036b406e10 x26=0x000000030f41fba0 x27=0x0000000000000000
x28=0x000000012e70fc00  fp=0x000000036b406670  lr=0x00000001061b6ec4  sp=0x000000036b406620
pc=0x00000001061b6ed0 cpsr=0x0000000020001000

Register to memory mapping:

x0 =0x00000003449d2a78 points into unknown readable memory: 0x0000000000000000 | 00 00 00 00 00 00 00 00
x1 =0x000000010660a3f8: _PyRuntime+0xaa0 in /Library/Frameworks/Python.framework/Versions/3.12/Python at 0x00000001060c0000
x2 =0x0000000000000002 is an unknown value
x3 =0x0 is null
x4 =0x0000000000000001 is an unknown value
x5 =0x0 is null
x6 =0x00000000000000d6 is an unknown value
x7 =0x000000012e70fc00 is a thread
x8 =0x000000019fb690f8: _tlv_get_addr+0 in /usr/lib/system/libdyld.dylib at 0x000000019fb66000
x9 =0x000000010b74e000: _ZL12proxyMethods+0x10 in /Users/anniewang/Desktop/MLLM-interpretability/MLLM-interpretability/.venv/lib/python3.12/site-packages/_jpype.cpython-312-darwin.so at 0x000000010b6f4000
x10=0x000000010b705a3c: Java_org_jpype_JPypeSignal_interruptPy+0 in /Users/anniewang/Desktop/MLLM-interpretability/MLLM-interpretability/.venv/lib/python3.12/site-packages/_jpype.cpython-312-darwin.so at 0x000000010b6f4000
x11=0x0000000000000004 is an unknown value
x12={method} {0x000000030f41f820} 'interruptPy' '(I)V' in 'org/jpype/JPypeSignal'
x13=0x0 is null
x14=0x000000011de00000 points into unknown readable memory: 0x0000000000000000 | 00 00 00 00 00 00 00 00
x15=0x000000003f7d9799 is an unknown value
x16=0x0000000000000102 is an unknown value
x17=0x0 is null
x18=0x0 is null
x19=0x0 is null
x20=0x000000010660a3f8: _PyRuntime+0xaa0 in /Library/Frameworks/Python.framework/Versions/3.12/Python at 0x00000001060c0000
x21=0x000000010660a3d8: _PyRuntime+0xa80 in /Library/Frameworks/Python.framework/Versions/3.12/Python at 0x00000001060c0000
x22=0x0000000000000002 is an unknown value
x23=0x0000000106609958: _PyRuntime+0 in /Library/Frameworks/Python.framework/Versions/3.12/Python at 0x00000001060c0000
x24=0x0000000106531bd0: PyLong_Type+0 in /Library/Frameworks/Python.framework/Versions/3.12/Python at 0x00000001060c0000
x25=0x000000036b406e10 is pointing into the stack for thread: 0x000000012e70fc00
x26=0x000000030f41fba0 is pointing into metadata
x27=0x0 is null
x28=0x000000012e70fc00 is a thread
 fp=0x000000036b406670 is pointing into the stack for thread: 0x000000012e70fc00
 lr=0x00000001061b6ec4: PyObject_RichCompare+0x34 in /Library/Frameworks/Python.framework/Versions/3.12/Python at 0x00000001060c0000
 sp=0x000000036b406620 is pointing into the stack for thread: 0x000000012e70fc00

Top of Stack: (sp=0x000000036b406620)
0x000000036b406620:   000000012e70fc00 0000000000000000   ..p.............
0x000000036b406630:   000000030f41fba0 000000036b406e10   ..A......n@k....
0x000000036b406640:   0000000106531bd0 0000000106609958   ..S.....X.`.....
0x000000036b406650:   0000000106520ef8 0000000106520d98   ..R.......R.....
0x000000036b406660:   000000010660a3d8 000000000000000f   ..`.............
0x000000036b406670:   000000036b4066c0 0000000106347a58   .f@k....Xz4.....
0x000000036b406680:   000000030f41f820 000000012e70fc00    .A.......p.....
0x000000036b406690:   000000036b406758 000000000000000a   Xg@k............
0x000000036b4066a0:   0000000000000000 000000011ca060a8   .........`......
0x000000036b4066b0:   000000036b4066d8 000000030753a4f0   .f@k......S.....
0x000000036b4066c0:   000000036b406730 000000030753c778   0g@k....x.S.....
0x000000036b4066d0:   0000000000000001 000000012e70fc00   ..........p.....
0x000000036b4066e0:   fffffffffffffff6 0000000000000000   ................
0x000000036b4066f0:   0000000000000005 000000030f41fba0   ..........A.....
0x000000036b406700:   00000007c0044fd8 fffffffffffffff4   .O..............
0x000000036b406710:   0000000000000000 000000030f41f820   ........ .A.....
0x000000036b406720:   0000000000000000 000000036b406740   ........@g@k....
0x000000036b406730:   000000036b4067b0 0000000307538ad4   .g@k......S.....
0x000000036b406740:   00000007c0044fd8 000000030753a4f0   .O........S.....
0x000000036b406750:   0000000000000000 000000000000000f   ................
0x000000036b406760:   fffffffffffffff6 000000030f41f967   ........g.A.....
0x000000036b406770:   0000000000000005 000000030f41fba0   ..........A.....
0x000000036b406780:   00000007c0044fd8 fffffffffffffff2   .O..............
0x000000036b406790:   0000000000000000 000000030f41f970   ........p.A.....
0x000000036b4067a0:   fffffffffffffff5 000000036b4067a0   .........g@k....
0x000000036b4067b0:   000000036b406830 0000000307538850   0h@k....P.S.....
0x000000036b4067c0:   00000007cfa80c38 00000007c01008c8   8...............
0x000000036b4067d0:   00000007c0101b38 000000000000000f   8...............
0x000000036b4067e0:   fffffffffffffff6 000000030f41fee7   ..........A.....
0x000000036b4067f0:   0000000000000005 000000030f41ffb8   ..........A.....
0x000000036b406800:   00000007c0045ed0 ffffffffffffffee   .^..............
0x000000036b406810:   0000000000000000 000000030f41fef0   ..........A.....

Instructions: (pc=0x00000001061b6ed0)
  0x00000001061b6dd0:   ee ff ff 17 e1 03 00 aa 5f 0c 00 71 a1 fb ff 54
  0x00000001061b6de0:   00 00 80 52 e9 ff ff 17 00 00 80 12 e7 ff ff 17
  0x00000001061b6df0:   4a 1b 00 d0 4a 61 36 91 e8 07 00 f9 1f 01 0a eb
  0x00000001061b6e00:   40 04 00 54 00 00 80 52 4a 1b 00 d0 4a e1 36 91
  0x00000001061b6e10:   e8 07 40 f9 1f 01 0a eb 40 02 00 54 0a 1c 00 90
  0x00000001061b6e20:   4a 81 06 91 e8 07 40 f9 1f 01 0a eb a0 fa ff 54
  0x00000001061b6e30:   28 31 40 f9 68 00 00 b4 08 25 40 f9 68 01 00 b5
  0x00000001061b6e40:   28 39 40 f9 a8 01 00 b4 08 01 40 f9 68 01 00 b4
  0x00000001061b6e50:   e0 07 40 f9 00 01 3f d6 1f 00 00 f1 00 d4 9f 1a
  0x00000001061b6e60:   e8 07 40 f9 c7 ff ff 17 e0 07 40 f9 00 01 3f d6
  0x00000001061b6e70:   00 7c 40 93 f9 ff ff 17 28 35 40 f9 68 00 00 b4
  0x00000001061b6e80:   08 01 40 f9 68 fe ff b5 20 00 80 52 f5 ff ff 17
  0x00000001061b6e90:   ff 83 01 d1 f8 5f 02 a9 f6 57 03 a9 f4 4f 04 a9
  0x00000001061b6ea0:   fd 7b 05 a9 fd 43 01 91 f6 03 02 aa f4 03 01 aa
  0x00000001061b6eb0:   f5 03 00 aa 80 22 00 f0 00 00 25 91 08 00 40 f9
  0x00000001061b6ec0:   00 01 3f d6 13 00 40 f9 d5 12 00 b4 b4 12 00 b4
=>0x00000001061b6ed0:   68 26 40 b9 09 05 00 51 69 26 00 b9 1f 01 00 71
  0x00000001061b6ee0:   4d 13 00 54 88 06 40 f9 a9 06 40 f9 17 1c 00 90
  0x00000001061b6ef0:   f7 22 1e 91 3f 01 08 eb 61 08 00 54 38 00 80 52
  0x00000001061b6f00:   a8 06 40 f9 08 65 40 f9 68 02 00 b4 e0 03 15 aa
  0x00000001061b6f10:   e1 03 14 aa e2 03 16 aa 00 01 3f d6 1f 00 17 eb
  0x00000001061b6f20:   40 01 00 54 68 26 40 b9 08 05 00 11 68 26 00 b9
  0x00000001061b6f30:   fd 7b 45 a9 f4 4f 44 a9 f6 57 43 a9 f8 5f 42 a9
  0x00000001061b6f40:   ff 83 01 91 c0 03 5f d6 08 1c 00 90 09 c5 43 f9
  0x00000001061b6f50:   a9 03 f8 36 f8 01 00 34 88 06 40 f9 08 65 40 f9
  0x00000001061b6f60:   88 01 00 b4 09 1c 00 90 29 c1 06 91 22 d9 76 b8
  0x00000001061b6f70:   e0 03 14 aa e1 03 15 aa 00 01 3f d6 1f 00 17 eb
  0x00000001061b6f80:   21 fd ff 54 08 1c 00 90 09 c5 43 f9 c9 02 f8 36
  0x00000001061b6f90:   df 0a 00 71 41 05 00 54 48 1b 00 d0 08 e1 36 91
  0x00000001061b6fa0:   49 1b 00 d0 29 61 36 91 bf 02 14 eb 20 01 88 9a
  0x00000001061b6fb0:   08 00 40 b9 08 05 00 31 62 fb ff 54 08 00 00 b9
  0x00000001061b6fc0:   d9 ff ff 17 29 05 00 f1 09 c5 03 f9 41 fc ff 54


Stack slot to memory mapping:

stack at sp + 0 slots: 0x000000012e70fc00 is a thread
stack at sp + 1 slots: 0x0 is null
stack at sp + 2 slots: 0x000000030f41fba0 is pointing into metadata
stack at sp + 3 slots: 0x000000036b406e10 is pointing into the stack for thread: 0x000000012e70fc00
stack at sp + 4 slots: 0x0000000106531bd0: PyLong_Type+0 in /Library/Frameworks/Python.framework/Versions/3.12/Python at 0x00000001060c0000
stack at sp + 5 slots: 0x0000000106609958: _PyRuntime+0 in /Library/Frameworks/Python.framework/Versions/3.12/Python at 0x00000001060c0000
stack at sp + 6 slots: 0x0000000106520ef8: PyBool_Type+0 in /Library/Frameworks/Python.framework/Versions/3.12/Python at 0x00000001060c0000
stack at sp + 7 slots: 0x0000000106520d98: _Py_TrueStruct+0 in /Library/Frameworks/Python.framework/Versions/3.12/Python at 0x00000001060c0000

Lock stack of current Java thread (top to bottom):


---------------  P R O C E S S  ---------------

Threads class SMR info:
_java_thread_list=0x0000000108f16af0, length=14, elements={
0x000000010ea42800, 0x000000012f941200, 0x000000012e013400, 0x000000012e011600,
0x000000012e00de00, 0x000000012e00e600, 0x000000012f93f600, 0x000000012f94ac00,
0x000000010e167600, 0x000000010f1bdc00, 0x000000010ea53600, 0x00000003438e5200,
0x000000032f585400, 0x000000012e70fc00
}

Java Threads: ( => current thread )
  0x000000010ea42800 JavaThread "main"                              [_thread_in_native, id=259, stack(0x000000016a08c000,0x000000016b08c000) (16384K)]
  0x000000012f941200 JavaThread "Reference Handler"          daemon [_thread_blocked, id=25347, stack(0x0000000315278000,0x000000031547b000) (2060K)]
  0x000000012e013400 JavaThread "Finalizer"                  daemon [_thread_blocked, id=28675, stack(0x0000000315484000,0x0000000315687000) (2060K)]
  0x000000012e011600 JavaThread "Signal Dispatcher"          daemon [_thread_blocked, id=28419, stack(0x0000000315690000,0x0000000315893000) (2060K)]
  0x000000012e00de00 JavaThread "Service Thread"             daemon [_thread_blocked, id=27907, stack(0x000000031589c000,0x0000000315a9f000) (2060K)]
  0x000000012e00e600 JavaThread "Monitor Deflation Thread"   daemon [_thread_blocked, id=26371, stack(0x0000000315aa8000,0x0000000315cab000) (2060K)]
  0x000000012f93f600 JavaThread "C2 CompilerThread0"         daemon [_thread_blocked, id=26883, stack(0x0000000315cb4000,0x0000000315eb7000) (2060K)]
  0x000000012f94ac00 JavaThread "C1 CompilerThread0"         daemon [_thread_blocked, id=27395, stack(0x0000000315ec0000,0x00000003160c3000) (2060K)]
  0x000000010e167600 JavaThread "Notification Thread"        daemon [_thread_blocked, id=32771, stack(0x00000003160cc000,0x00000003162cf000) (2060K)]
  0x000000010f1bdc00 JavaThread "Common-Cleaner"             daemon [_thread_blocked, id=43267, stack(0x00000003162d8000,0x00000003164db000) (2060K)]
  0x000000010ea53600 JavaThread "Python Reference Queue"     daemon [_thread_blocked, id=42755, stack(0x00000003164e4000,0x00000003166e7000) (2060K)]
  0x00000003438e5200 JavaThread "Thread-1"                   daemon [_thread_in_native, id=29195, stack(0x0000000345d04000,0x0000000346d07000) (16396K)]
  0x000000032f585400 JavaThread "Thread-2"                   daemon [_thread_in_native, id=36099, stack(0x00000003eed64000,0x00000003efd67000) (16396K)]
=>0x000000012e70fc00 JavaThread "SIGTERM handler"            daemon [_thread_in_native, id=36127, stack(0x000000036b204000,0x000000036b407000) (2060K)]
Total: 14

Other Threads:
  0x000000010f088200 VMThread "VM Thread"                           [id=32515, stack(0x0000000313004000,0x0000000313207000) (2060K)]
  0x0000000108cdc010 WatcherThread "VM Periodic Task Thread"        [id=17159, stack(0x000000017fd00000,0x000000017ff03000) (2060K)]
  0x000000010f153000 WorkerThread "GC Thread#0"                     [id=16387, stack(0x000000017f2c4000,0x000000017f4c7000) (2060K)]
  0x000000010f32fe00 WorkerThread "GC Thread#1"                     [id=42243, stack(0x00000003166f0000,0x00000003168f3000) (2060K)]
  0x000000010f330400 WorkerThread "GC Thread#2"                     [id=33539, stack(0x00000003168fc000,0x0000000316aff000) (2060K)]
  0x000000010f330a00 WorkerThread "GC Thread#3"                     [id=41987, stack(0x0000000316b08000,0x0000000316d0b000) (2060K)]
  0x000000010f331000 WorkerThread "GC Thread#4"                     [id=41475, stack(0x0000000316d14000,0x0000000316f17000) (2060K)]
  0x000000010f331600 WorkerThread "GC Thread#5"                     [id=40963, stack(0x0000000316f20000,0x0000000317123000) (2060K)]
  0x00000003422a0e00 WorkerThread "GC Thread#6"                     [id=38159, stack(0x00000003698b0000,0x0000000369ab3000) (2060K)]
  0x000000010f15f600 ConcurrentGCThread "G1 Main Marker"            [id=21251, stack(0x000000017f4d0000,0x000000017f6d3000) (2060K)]
  0x000000010f15fc00 WorkerThread "G1 Conc#0"                       [id=20227, stack(0x000000017f6dc000,0x000000017f8df000) (2060K)]
  0x000000010f502600 WorkerThread "G1 Conc#1"                       [id=40707, stack(0x000000031712c000,0x000000031732f000) (2060K)]
  0x000000010f196200 ConcurrentGCThread "G1 Refine#0"               [id=19971, stack(0x000000017f8e8000,0x000000017faeb000) (2060K)]
  0x000000010f196800 ConcurrentGCThread "G1 Service"                [id=19459, stack(0x000000017faf4000,0x000000017fcf7000) (2060K)]
Total: 14

Threads with active compile tasks:
Total: 0

VM state: not at safepoint (normal execution)

VM Mutex/Monitor currently owned by a thread: None

Heap address: 0x00000007c0000000, size: 1024 MB, Compressed Oops mode: Zero based, Oop shift amount: 3

CDS archive(s) mapped at: [0x0000780000000000-0x0000780000d94000-0x0000780000d94000), size 14237696, SharedBaseAddress: 0x0000780000000000, ArchiveRelocationMode: 1.
Compressed class space mapped at: 0x0000780001000000-0x0000780041000000, reserved size: 1073741824
UseCompressedClassPointers 1, UseCompactObjectHeaders 0
Narrow klass pointer bits 32, Max shift 3
Narrow klass base: 0x0000780000000000, Narrow klass shift: 0
Encoding Range: [0x0000780000000000 - 0x0000780100000000), (4294967296 bytes)
Klass Range:    [0x0000780000004000 - 0x0000780041000000), (1090502656 bytes)
Klass ID Range:  [16384 - 1090519033) (1090502649)
Protection zone: [0x0000780000000000 - 0x0000780000004000), (16384 bytes)

GC Precious Log:
 CardTable entry size: 512
 Card Set container configuration: InlinePtr #cards 5 size 8 Array Of Cards #cards 10 size 36 Howl #buckets 4 coarsen threshold 1843 Howl Bitmap #cards 512 size 80 coarsen threshold 460 Card regions per heap region 1 cards per card region 2048
 CPUs: 11 total, 11 available
 Memory: 18432M
 Large Page Support: Disabled
 NUMA Support: Disabled
 Compressed Oops: Enabled (Zero based)
 Heap Region Size: 1M
 Heap Min Capacity: 8M
 Heap Initial Capacity: 288M
 Heap Max Capacity: 1G
 Pre-touch: Disabled
 Parallel Workers: 9
 Concurrent Workers: 2
 Concurrent Refinement Workers: 9
 Periodic GC: Disabled

Heap:
 garbage-first heap   total reserved 1048576K, committed 258048K, used 79023K [0x00000007c0000000, 0x0000000800000000)
  region size 1024K, 1 young (1024K), 0 survivors (0K)

Heap Regions: E=young(eden), S=young(survivor), O=old, HS=humongous(starts), HC=humongous(continues), CS=collection set, F=free, TAMS=top-at-mark-start, PB=parsable bottom
|   0|0x00000007c0000000, 0x00000007c00ffff8, 0x00000007c0100000| 99%| O|  |TAMS 0x00000007c0000000| PB 0x00000007c0000000| Untracked |  0
|   1|0x00000007c0100000, 0x00000007c01fffe8, 0x00000007c0200000| 99%| O|  |TAMS 0x00000007c0100000| PB 0x00000007c0100000| Untracked |  0
|   2|0x00000007c0200000, 0x00000007c0300000, 0x00000007c0300000|100%| O|  |TAMS 0x00000007c0200000| PB 0x00000007c0200000| Untracked |  0
|   3|0x00000007c0300000, 0x00000007c03fffa0, 0x00000007c0400000| 99%| O|  |TAMS 0x00000007c0300000| PB 0x00000007c0300000| Untracked |  0
|   4|0x00000007c0400000, 0x00000007c04ffff0, 0x00000007c0500000| 99%| O|  |TAMS 0x00000007c0400000| PB 0x00000007c0400000| Untracked |  0
|   5|0x00000007c0500000, 0x00000007c05ffff8, 0x00000007c0600000| 99%| O|  |TAMS 0x00000007c0500000| PB 0x00000007c0500000| Untracked |  0
|   6|0x00000007c0600000, 0x00000007c06ffff0, 0x00000007c0700000| 99%| O|  |TAMS 0x00000007c0600000| PB 0x00000007c0600000| Untracked |  0
|   7|0x00000007c0700000, 0x00000007c07fffc8, 0x00000007c0800000| 99%| O|  |TAMS 0x00000007c0700000| PB 0x00000007c0700000| Untracked |  0
|   8|0x00000007c0800000, 0x00000007c08ffff8, 0x00000007c0900000| 99%| O|  |TAMS 0x00000007c0800000| PB 0x00000007c0800000| Untracked |  0
|   9|0x00000007c0900000, 0x00000007c09ffff8, 0x00000007c0a00000| 99%| O|  |TAMS 0x00000007c0900000| PB 0x00000007c0900000| Untracked |  0
|  10|0x00000007c0a00000, 0x00000007c0b00000, 0x00000007c0b00000|100%| O|  |TAMS 0x00000007c0a00000| PB 0x00000007c0a00000| Untracked |  0
|  11|0x00000007c0b00000, 0x00000007c0c00000, 0x00000007c0c00000|100%| O|  |TAMS 0x00000007c0b00000| PB 0x00000007c0b00000| Untracked |  0
|  12|0x00000007c0c00000, 0x00000007c0d00000, 0x00000007c0d00000|100%|HS|  |TAMS 0x00000007c0c00000| PB 0x00000007c0c00000| Untracked |  0
|  13|0x00000007c0d00000, 0x00000007c0e00000, 0x00000007c0e00000|100%|HC|  |TAMS 0x00000007c0d00000| PB 0x00000007c0d00000| Untracked |  0
|  14|0x00000007c0e00000, 0x00000007c0f00000, 0x00000007c0f00000|100%|HS|  |TAMS 0x00000007c0e00000| PB 0x00000007c0e00000| Untracked |  0
|  15|0x00000007c0f00000, 0x00000007c1000000, 0x00000007c1000000|100%|HC|  |TAMS 0x00000007c0f00000| PB 0x00000007c0f00000| Untracked |  0
|  16|0x00000007c1000000, 0x00000007c1100000, 0x00000007c1100000|100%| O|  |TAMS 0x00000007c1000000| PB 0x00000007c1000000| Untracked |  0
|  17|0x00000007c1100000, 0x00000007c11ffff0, 0x00000007c1200000| 99%| O|  |TAMS 0x00000007c1100000| PB 0x00000007c1100000| Untracked |  0
|  18|0x00000007c1200000, 0x00000007c1300000, 0x00000007c1300000|100%| O|  |TAMS 0x00000007c1200000| PB 0x00000007c1200000| Untracked |  0
|  19|0x00000007c1300000, 0x00000007c13ffff8, 0x00000007c1400000| 99%| O|  |TAMS 0x00000007c1300000| PB 0x00000007c1300000| Untracked |  0
|  20|0x00000007c1400000, 0x00000007c14ffff0, 0x00000007c1500000| 99%| O|  |TAMS 0x00000007c1400000| PB 0x00000007c1400000| Untracked |  0
|  21|0x00000007c1500000, 0x00000007c1600000, 0x00000007c1600000|100%| O|  |TAMS 0x00000007c1500000| PB 0x00000007c1500000| Untracked |  0
|  22|0x00000007c1600000, 0x00000007c1700000, 0x00000007c1700000|100%|HS|  |TAMS 0x00000007c1600000| PB 0x00000007c1600000| Untracked |  0
|  23|0x00000007c1700000, 0x00000007c1800000, 0x00000007c1800000|100%|HC|  |TAMS 0x00000007c1700000| PB 0x00000007c1700000| Untracked |  0
|  24|0x00000007c1800000, 0x00000007c1900000, 0x00000007c1900000|100%|HS|  |TAMS 0x00000007c1800000| PB 0x00000007c1800000| Untracked |  0
|  25|0x00000007c1900000, 0x00000007c1a00000, 0x00000007c1a00000|100%|HS|  |TAMS 0x00000007c1900000| PB 0x00000007c1900000| Untracked |  0
|  26|0x00000007c1a00000, 0x00000007c1b00000, 0x00000007c1b00000|100%|HS|  |TAMS 0x00000007c1a00000| PB 0x00000007c1a00000| Untracked |  0
|  27|0x00000007c1b00000, 0x00000007c1c00000, 0x00000007c1c00000|100%|HC|  |TAMS 0x00000007c1b00000| PB 0x00000007c1b00000| Untracked |  0
|  28|0x00000007c1c00000, 0x00000007c1d00000, 0x00000007c1d00000|100%| O|  |TAMS 0x00000007c1c00000| PB 0x00000007c1c00000| Untracked |  0
|  29|0x00000007c1d00000, 0x00000007c1e00000, 0x00000007c1e00000|100%|HS|  |TAMS 0x00000007c1d00000| PB 0x00000007c1d00000| Untracked |  0
|  30|0x00000007c1e00000, 0x00000007c1f00000, 0x00000007c1f00000|100%| O|  |TAMS 0x00000007c1e00000| PB 0x00000007c1e00000| Untracked |  0
|  31|0x00000007c1f00000, 0x00000007c2000000, 0x00000007c2000000|100%| O|  |TAMS 0x00000007c1f00000| PB 0x00000007c1f00000| Untracked |  0
|  32|0x00000007c2000000, 0x00000007c2100000, 0x00000007c2100000|100%| O|  |TAMS 0x00000007c2000000| PB 0x00000007c2000000| Untracked |  0
|  33|0x00000007c2100000, 0x00000007c21ffff8, 0x00000007c2200000| 99%| O|  |TAMS 0x00000007c2100000| PB 0x00000007c2100000| Untracked |  0
|  34|0x00000007c2200000, 0x00000007c2300000, 0x00000007c2300000|100%|HS|  |TAMS 0x00000007c2200000| PB 0x00000007c2200000| Untracked |  0
|  35|0x00000007c2300000, 0x00000007c2400000, 0x00000007c2400000|100%|HC|  |TAMS 0x00000007c2300000| PB 0x00000007c2300000| Untracked |  0
|  36|0x00000007c2400000, 0x00000007c2500000, 0x00000007c2500000|100%|HS|  |TAMS 0x00000007c2400000| PB 0x00000007c2400000| Untracked |  0
|  37|0x00000007c2500000, 0x00000007c2600000, 0x00000007c2600000|100%|HC|  |TAMS 0x00000007c2500000| PB 0x00000007c2500000| Untracked |  0
|  38|0x00000007c2600000, 0x00000007c26ffff0, 0x00000007c2700000| 99%| O|  |TAMS 0x00000007c2600000| PB 0x00000007c2600000| Untracked |  0
|  39|0x00000007c2700000, 0x00000007c27fc9a8, 0x00000007c2800000| 98%| O|  |TAMS 0x00000007c2700000| PB 0x00000007c2700000| Untracked |  0
|  40|0x00000007c2800000, 0x00000007c2900000, 0x00000007c2900000|100%| O|  |TAMS 0x00000007c2800000| PB 0x00000007c2800000| Untracked |  0
|  41|0x00000007c2900000, 0x00000007c29ffff8, 0x00000007c2a00000| 99%| O|  |TAMS 0x00000007c2900000| PB 0x00000007c2900000| Untracked |  0
|  42|0x00000007c2a00000, 0x00000007c2affff0, 0x00000007c2b00000| 99%| O|  |TAMS 0x00000007c2a00000| PB 0x00000007c2a00000| Untracked |  0
|  43|0x00000007c2b00000, 0x00000007c2bffff8, 0x00000007c2c00000| 99%| O|  |TAMS 0x00000007c2b00000| PB 0x00000007c2b00000| Untracked |  0
|  44|0x00000007c2c00000, 0x00000007c2d00000, 0x00000007c2d00000|100%| O|  |TAMS 0x00000007c2c00000| PB 0x00000007c2c00000| Untracked |  0
|  45|0x00000007c2d00000, 0x00000007c2e00000, 0x00000007c2e00000|100%| O|  |TAMS 0x00000007c2d00000| PB 0x00000007c2d00000| Untracked |  0
|  46|0x00000007c2e00000, 0x00000007c2effff8, 0x00000007c2f00000| 99%| O|  |TAMS 0x00000007c2e00000| PB 0x00000007c2e00000| Untracked |  0
|  47|0x00000007c2f00000, 0x00000007c3000000, 0x00000007c3000000|100%| O|  |TAMS 0x00000007c2f00000| PB 0x00000007c2f00000| Untracked |  0
|  48|0x00000007c3000000, 0x00000007c30ffff0, 0x00000007c3100000| 99%| O|  |TAMS 0x00000007c3000000| PB 0x00000007c3000000| Untracked |  0
|  49|0x00000007c3100000, 0x00000007c31ffff0, 0x00000007c3200000| 99%| O|  |TAMS 0x00000007c3100000| PB 0x00000007c3100000| Untracked |  0
|  50|0x00000007c3200000, 0x00000007c32ffff8, 0x00000007c3300000| 99%| O|  |TAMS 0x00000007c3200000| PB 0x00000007c3200000| Untracked |  0
|  51|0x00000007c3300000, 0x00000007c33fffe8, 0x00000007c3400000| 99%| O|  |TAMS 0x00000007c3300000| PB 0x00000007c3300000| Untracked |  0
|  52|0x00000007c3400000, 0x00000007c3500000, 0x00000007c3500000|100%| O|  |TAMS 0x00000007c3400000| PB 0x00000007c3400000| Untracked |  0
|  53|0x00000007c3500000, 0x00000007c35ffff0, 0x00000007c3600000| 99%| O|  |TAMS 0x00000007c3500000| PB 0x00000007c3500000| Untracked |  0
|  54|0x00000007c3600000, 0x00000007c36ffff8, 0x00000007c3700000| 99%| O|  |TAMS 0x00000007c3600000| PB 0x00000007c3600000| Untracked |  0
|  55|0x00000007c3700000, 0x00000007c37ffff8, 0x00000007c3800000| 99%| O|  |TAMS 0x00000007c3700000| PB 0x00000007c3700000| Untracked |  0
|  56|0x00000007c3800000, 0x00000007c3900000, 0x00000007c3900000|100%| O|  |TAMS 0x00000007c3800000| PB 0x00000007c3800000| Untracked |  0
|  57|0x00000007c3900000, 0x00000007c3a00000, 0x00000007c3a00000|100%| O|  |TAMS 0x00000007c3900000| PB 0x00000007c3900000| Untracked |  0
|  58|0x00000007c3a00000, 0x00000007c3b00000, 0x00000007c3b00000|100%| O|  |TAMS 0x00000007c3a00000| PB 0x00000007c3a00000| Untracked |  0
|  59|0x00000007c3b00000, 0x00000007c3c00000, 0x00000007c3c00000|100%| O|  |TAMS 0x00000007c3b00000| PB 0x00000007c3b00000| Untracked |  0
|  60|0x00000007c3c00000, 0x00000007c3cffff0, 0x00000007c3d00000| 99%| O|  |TAMS 0x00000007c3c00000| PB 0x00000007c3c00000| Untracked |  0
|  61|0x00000007c3d00000, 0x00000007c3e00000, 0x00000007c3e00000|100%| O|  |TAMS 0x00000007c3d00000| PB 0x00000007c3d00000| Untracked |  0
|  62|0x00000007c3e00000, 0x00000007c3f00000, 0x00000007c3f00000|100%| O|  |TAMS 0x00000007c3e00000| PB 0x00000007c3e00000| Untracked |  0
|  63|0x00000007c3f00000, 0x00000007c3fffff8, 0x00000007c4000000| 99%| O|  |TAMS 0x00000007c3f00000| PB 0x00000007c3f00000| Untracked |  0
|  64|0x00000007c4000000, 0x00000007c4100000, 0x00000007c4100000|100%| O|  |TAMS 0x00000007c4000000| PB 0x00000007c4000000| Untracked |  0
|  65|0x00000007c4100000, 0x00000007c41ffff8, 0x00000007c4200000| 99%| O|  |TAMS 0x00000007c4100000| PB 0x00000007c4100000| Untracked |  0
|  66|0x00000007c4200000, 0x00000007c4300000, 0x00000007c4300000|100%| O|  |TAMS 0x00000007c4200000| PB 0x00000007c4200000| Untracked |  0
|  67|0x00000007c4300000, 0x00000007c43bc898, 0x00000007c4400000| 73%| O|  |TAMS 0x00000007c4300000| PB 0x00000007c4300000| Untracked |  0
|  68|0x00000007c4400000, 0x00000007c4500000, 0x00000007c4500000|100%| O|  |TAMS 0x00000007c4400000| PB 0x00000007c4400000| Untracked |  0
|  69|0x00000007c4500000, 0x00000007c45ffff8, 0x00000007c4600000| 99%| O|  |TAMS 0x00000007c4500000| PB 0x00000007c4500000| Untracked |  0
|  70|0x00000007c4600000, 0x00000007c46ffff8, 0x00000007c4700000| 99%| O|  |TAMS 0x00000007c4600000| PB 0x00000007c4600000| Untracked |  0
|  71|0x00000007c4700000, 0x00000007c47ffff0, 0x00000007c4800000| 99%| O|  |TAMS 0x00000007c4700000| PB 0x00000007c4700000| Untracked |  0
|  72|0x00000007c4800000, 0x00000007c48ffff8, 0x00000007c4900000| 99%| O|  |TAMS 0x00000007c4800000| PB 0x00000007c4800000| Untracked |  0
|  73|0x00000007c4900000, 0x00000007c4902330, 0x00000007c4a00000|  0%| O|  |TAMS 0x00000007c4900000| PB 0x00000007c4900000| Untracked |  0
|  74|0x00000007c4a00000, 0x00000007c4a00278, 0x00000007c4b00000|  0%| O|  |TAMS 0x00000007c4a00000| PB 0x00000007c4a00000| Untracked |  0
|  75|0x00000007c4b00000, 0x00000007c4b45ca8, 0x00000007c4c00000| 27%| O|  |TAMS 0x00000007c4b00000| PB 0x00000007c4b00000| Untracked |  0
|  76|0x00000007c4c00000, 0x00000007c4c000d0, 0x00000007c4d00000|  0%| O|  |TAMS 0x00000007c4c00000| PB 0x00000007c4c00000| Untracked |  0
|  77|0x00000007c4d00000, 0x00000007c4d2aa10, 0x00000007c4e00000| 16%| O|  |TAMS 0x00000007c4d00000| PB 0x00000007c4d00000| Untracked |  0
|  78|0x00000007c4e00000, 0x00000007c4e00000, 0x00000007c4f00000|  0%| F|  |TAMS 0x00000007c4e00000| PB 0x00000007c4e00000| Untracked |  0
|  79|0x00000007c4f00000, 0x00000007c4f00000, 0x00000007c5000000|  0%| F|  |TAMS 0x00000007c4f00000| PB 0x00000007c4f00000| Untracked |  0
|  80|0x00000007c5000000, 0x00000007c5000000, 0x00000007c5100000|  0%| F|  |TAMS 0x00000007c5000000| PB 0x00000007c5000000| Untracked |  0
|  81|0x00000007c5100000, 0x00000007c5100000, 0x00000007c5200000|  0%| F|  |TAMS 0x00000007c5100000| PB 0x00000007c5100000| Untracked |  0
|  82|0x00000007c5200000, 0x00000007c5200000, 0x00000007c5300000|  0%| F|  |TAMS 0x00000007c5200000| PB 0x00000007c5200000| Untracked |  0
|  83|0x00000007c5300000, 0x00000007c5300000, 0x00000007c5400000|  0%| F|  |TAMS 0x00000007c5300000| PB 0x00000007c5300000| Untracked |  0
|  84|0x00000007c5400000, 0x00000007c5400000, 0x00000007c5500000|  0%| F|  |TAMS 0x00000007c5400000| PB 0x00000007c5400000| Untracked |  0
|  85|0x00000007c5500000, 0x00000007c5500000, 0x00000007c5600000|  0%| F|  |TAMS 0x00000007c5500000| PB 0x00000007c5500000| Untracked |  0
|  86|0x00000007c5600000, 0x00000007c5600000, 0x00000007c5700000|  0%| F|  |TAMS 0x00000007c5600000| PB 0x00000007c5600000| Untracked |  0
|  87|0x00000007c5700000, 0x00000007c5700000, 0x00000007c5800000|  0%| F|  |TAMS 0x00000007c5700000| PB 0x00000007c5700000| Untracked |  0
|  88|0x00000007c5800000, 0x00000007c5800000, 0x00000007c5900000|  0%| F|  |TAMS 0x00000007c5800000| PB 0x00000007c5800000| Untracked |  0
|  89|0x00000007c5900000, 0x00000007c5900000, 0x00000007c5a00000|  0%| F|  |TAMS 0x00000007c5900000| PB 0x00000007c5900000| Untracked |  0
|  90|0x00000007c5a00000, 0x00000007c5a00000, 0x00000007c5b00000|  0%| F|  |TAMS 0x00000007c5a00000| PB 0x00000007c5a00000| Untracked |  0
|  91|0x00000007c5b00000, 0x00000007c5b00000, 0x00000007c5c00000|  0%| F|  |TAMS 0x00000007c5b00000| PB 0x00000007c5b00000| Untracked |  0
|  92|0x00000007c5c00000, 0x00000007c5c00000, 0x00000007c5d00000|  0%| F|  |TAMS 0x00000007c5c00000| PB 0x00000007c5c00000| Untracked |  0
|  93|0x00000007c5d00000, 0x00000007c5d00000, 0x00000007c5e00000|  0%| F|  |TAMS 0x00000007c5d00000| PB 0x00000007c5d00000| Untracked |  0
|  94|0x00000007c5e00000, 0x00000007c5e00000, 0x00000007c5f00000|  0%| F|  |TAMS 0x00000007c5e00000| PB 0x00000007c5e00000| Untracked |  0
|  95|0x00000007c5f00000, 0x00000007c5f00000, 0x00000007c6000000|  0%| F|  |TAMS 0x00000007c5f00000| PB 0x00000007c5f00000| Untracked |  0
|  96|0x00000007c6000000, 0x00000007c6100000, 0x00000007c6100000|100%| O|  |TAMS 0x00000007c6000000| PB 0x00000007c6000000| Untracked |  0
|  97|0x00000007c6100000, 0x00000007c6100000, 0x00000007c6200000|  0%| F|  |TAMS 0x00000007c6100000| PB 0x00000007c6100000| Untracked |  0
|  98|0x00000007c6200000, 0x00000007c6300000, 0x00000007c6300000|100%| O|  |TAMS 0x00000007c6200000| PB 0x00000007c6200000| Untracked |  0
|  99|0x00000007c6300000, 0x00000007c6300000, 0x00000007c6400000|  0%| F|  |TAMS 0x00000007c6300000| PB 0x00000007c6300000| Untracked |  0
| 100|0x00000007c6400000, 0x00000007c6400000, 0x00000007c6500000|  0%| F|  |TAMS 0x00000007c6400000| PB 0x00000007c6400000| Untracked |  0
| 101|0x00000007c6500000, 0x00000007c6600000, 0x00000007c6600000|100%| O|  |TAMS 0x00000007c6500000| PB 0x00000007c6500000| Untracked |  0
| 102|0x00000007c6600000, 0x00000007c6600000, 0x00000007c6700000|  0%| F|  |TAMS 0x00000007c6600000| PB 0x00000007c6600000| Untracked |  0
| 103|0x00000007c6700000, 0x00000007c6700000, 0x00000007c6800000|  0%| F|  |TAMS 0x00000007c6700000| PB 0x00000007c6700000| Untracked |  0
| 104|0x00000007c6800000, 0x00000007c6800000, 0x00000007c6900000|  0%| F|  |TAMS 0x00000007c6800000| PB 0x00000007c6800000| Untracked |  0
| 105|0x00000007c6900000, 0x00000007c6900000, 0x00000007c6a00000|  0%| F|  |TAMS 0x00000007c6900000| PB 0x00000007c6900000| Untracked |  0
| 106|0x00000007c6a00000, 0x00000007c6a00000, 0x00000007c6b00000|  0%| F|  |TAMS 0x00000007c6a00000| PB 0x00000007c6a00000| Untracked |  0
| 107|0x00000007c6b00000, 0x00000007c6b00000, 0x00000007c6c00000|  0%| F|  |TAMS 0x00000007c6b00000| PB 0x00000007c6b00000| Untracked |  0
| 108|0x00000007c6c00000, 0x00000007c6c00000, 0x00000007c6d00000|  0%| F|  |TAMS 0x00000007c6c00000| PB 0x00000007c6c00000| Untracked |  0
| 109|0x00000007c6d00000, 0x00000007c6d00000, 0x00000007c6e00000|  0%| F|  |TAMS 0x00000007c6d00000| PB 0x00000007c6d00000| Untracked |  0
| 110|0x00000007c6e00000, 0x00000007c6e00000, 0x00000007c6f00000|  0%| F|  |TAMS 0x00000007c6e00000| PB 0x00000007c6e00000| Untracked |  0
| 111|0x00000007c6f00000, 0x00000007c6f00000, 0x00000007c7000000|  0%| F|  |TAMS 0x00000007c6f00000| PB 0x00000007c6f00000| Untracked |  0
| 112|0x00000007c7000000, 0x00000007c7000000, 0x00000007c7100000|  0%| F|  |TAMS 0x00000007c7000000| PB 0x00000007c7000000| Untracked |  0
| 113|0x00000007c7100000, 0x00000007c7100000, 0x00000007c7200000|  0%| F|  |TAMS 0x00000007c7100000| PB 0x00000007c7100000| Untracked |  0
| 114|0x00000007c7200000, 0x00000007c7200000, 0x00000007c7300000|  0%| F|  |TAMS 0x00000007c7200000| PB 0x00000007c7200000| Untracked |  0
| 115|0x00000007c7300000, 0x00000007c7300000, 0x00000007c7400000|  0%| F|  |TAMS 0x00000007c7300000| PB 0x00000007c7300000| Untracked |  0
| 116|0x00000007c7400000, 0x00000007c7400000, 0x00000007c7500000|  0%| F|  |TAMS 0x00000007c7400000| PB 0x00000007c7400000| Untracked |  0
| 117|0x00000007c7500000, 0x00000007c7500000, 0x00000007c7600000|  0%| F|  |TAMS 0x00000007c7500000| PB 0x00000007c7500000| Untracked |  0
| 118|0x00000007c7600000, 0x00000007c7600000, 0x00000007c7700000|  0%| F|  |TAMS 0x00000007c7600000| PB 0x00000007c7600000| Untracked |  0
| 119|0x00000007c7700000, 0x00000007c7700000, 0x00000007c7800000|  0%| F|  |TAMS 0x00000007c7700000| PB 0x00000007c7700000| Untracked |  0
| 120|0x00000007c7800000, 0x00000007c7800000, 0x00000007c7900000|  0%| F|  |TAMS 0x00000007c7800000| PB 0x00000007c7800000| Untracked |  0
| 121|0x00000007c7900000, 0x00000007c7900000, 0x00000007c7a00000|  0%| F|  |TAMS 0x00000007c7900000| PB 0x00000007c7900000| Untracked |  0
| 122|0x00000007c7a00000, 0x00000007c7a00000, 0x00000007c7b00000|  0%| F|  |TAMS 0x00000007c7a00000| PB 0x00000007c7a00000| Untracked |  0
| 123|0x00000007c7b00000, 0x00000007c7b00000, 0x00000007c7c00000|  0%| F|  |TAMS 0x00000007c7b00000| PB 0x00000007c7b00000| Untracked |  0
| 124|0x00000007c7c00000, 0x00000007c7c00000, 0x00000007c7d00000|  0%| F|  |TAMS 0x00000007c7c00000| PB 0x00000007c7c00000| Untracked |  0
| 125|0x00000007c7d00000, 0x00000007c7d00000, 0x00000007c7e00000|  0%| F|  |TAMS 0x00000007c7d00000| PB 0x00000007c7d00000| Untracked |  0
| 126|0x00000007c7e00000, 0x00000007c7e00000, 0x00000007c7f00000|  0%| F|  |TAMS 0x00000007c7e00000| PB 0x00000007c7e00000| Untracked |  0
| 127|0x00000007c7f00000, 0x00000007c7f00000, 0x00000007c8000000|  0%| F|  |TAMS 0x00000007c7f00000| PB 0x00000007c7f00000| Untracked |  0
| 128|0x00000007c8000000, 0x00000007c8000000, 0x00000007c8100000|  0%| F|  |TAMS 0x00000007c8000000| PB 0x00000007c8000000| Untracked |  0
| 129|0x00000007c8100000, 0x00000007c8100000, 0x00000007c8200000|  0%| F|  |TAMS 0x00000007c8100000| PB 0x00000007c8100000| Untracked |  0
| 130|0x00000007c8200000, 0x00000007c8200000, 0x00000007c8300000|  0%| F|  |TAMS 0x00000007c8200000| PB 0x00000007c8200000| Untracked |  0
| 131|0x00000007c8300000, 0x00000007c8300000, 0x00000007c8400000|  0%| F|  |TAMS 0x00000007c8300000| PB 0x00000007c8300000| Untracked |  0
| 132|0x00000007c8400000, 0x00000007c8400000, 0x00000007c8500000|  0%| F|  |TAMS 0x00000007c8400000| PB 0x00000007c8400000| Untracked |  0
| 133|0x00000007c8500000, 0x00000007c8500000, 0x00000007c8600000|  0%| F|  |TAMS 0x00000007c8500000| PB 0x00000007c8500000| Untracked |  0
| 134|0x00000007c8600000, 0x00000007c8600000, 0x00000007c8700000|  0%| F|  |TAMS 0x00000007c8600000| PB 0x00000007c8600000| Untracked |  0
| 135|0x00000007c8700000, 0x00000007c8700000, 0x00000007c8800000|  0%| F|  |TAMS 0x00000007c8700000| PB 0x00000007c8700000| Untracked |  0
| 136|0x00000007c8800000, 0x00000007c8800000, 0x00000007c8900000|  0%| F|  |TAMS 0x00000007c8800000| PB 0x00000007c8800000| Untracked |  0
| 137|0x00000007c8900000, 0x00000007c8900000, 0x00000007c8a00000|  0%| F|  |TAMS 0x00000007c8900000| PB 0x00000007c8900000| Untracked |  0
| 138|0x00000007c8a00000, 0x00000007c8a00000, 0x00000007c8b00000|  0%| F|  |TAMS 0x00000007c8a00000| PB 0x00000007c8a00000| Untracked |  0
| 139|0x00000007c8b00000, 0x00000007c8b00000, 0x00000007c8c00000|  0%| F|  |TAMS 0x00000007c8b00000| PB 0x00000007c8b00000| Untracked |  0
| 140|0x00000007c8c00000, 0x00000007c8c00000, 0x00000007c8d00000|  0%| F|  |TAMS 0x00000007c8c00000| PB 0x00000007c8c00000| Untracked |  0
| 141|0x00000007c8d00000, 0x00000007c8d00000, 0x00000007c8e00000|  0%| F|  |TAMS 0x00000007c8d00000| PB 0x00000007c8d00000| Untracked |  0
| 142|0x00000007c8e00000, 0x00000007c8e00000, 0x00000007c8f00000|  0%| F|  |TAMS 0x00000007c8e00000| PB 0x00000007c8e00000| Untracked |  0
| 143|0x00000007c8f00000, 0x00000007c8f00000, 0x00000007c9000000|  0%| F|  |TAMS 0x00000007c8f00000| PB 0x00000007c8f00000| Untracked |  0
| 144|0x00000007c9000000, 0x00000007c9000000, 0x00000007c9100000|  0%| F|  |TAMS 0x00000007c9000000| PB 0x00000007c9000000| Untracked |  0
| 145|0x00000007c9100000, 0x00000007c9100000, 0x00000007c9200000|  0%| F|  |TAMS 0x00000007c9100000| PB 0x00000007c9100000| Untracked |  0
| 146|0x00000007c9200000, 0x00000007c9200000, 0x00000007c9300000|  0%| F|  |TAMS 0x00000007c9200000| PB 0x00000007c9200000| Untracked |  0
| 147|0x00000007c9300000, 0x00000007c9300000, 0x00000007c9400000|  0%| F|  |TAMS 0x00000007c9300000| PB 0x00000007c9300000| Untracked |  0
| 148|0x00000007c9400000, 0x00000007c9400000, 0x00000007c9500000|  0%| F|  |TAMS 0x00000007c9400000| PB 0x00000007c9400000| Untracked |  0
| 149|0x00000007c9500000, 0x00000007c9500000, 0x00000007c9600000|  0%| F|  |TAMS 0x00000007c9500000| PB 0x00000007c9500000| Untracked |  0
| 150|0x00000007c9600000, 0x00000007c9600000, 0x00000007c9700000|  0%| F|  |TAMS 0x00000007c9600000| PB 0x00000007c9600000| Untracked |  0
| 151|0x00000007c9700000, 0x00000007c9700000, 0x00000007c9800000|  0%| F|  |TAMS 0x00000007c9700000| PB 0x00000007c9700000| Untracked |  0
| 152|0x00000007c9800000, 0x00000007c9800000, 0x00000007c9900000|  0%| F|  |TAMS 0x00000007c9800000| PB 0x00000007c9800000| Untracked |  0
| 153|0x00000007c9900000, 0x00000007c9900000, 0x00000007c9a00000|  0%| F|  |TAMS 0x00000007c9900000| PB 0x00000007c9900000| Untracked |  0
| 154|0x00000007c9a00000, 0x00000007c9a00000, 0x00000007c9b00000|  0%| F|  |TAMS 0x00000007c9a00000| PB 0x00000007c9a00000| Untracked |  0
| 155|0x00000007c9b00000, 0x00000007c9b00000, 0x00000007c9c00000|  0%| F|  |TAMS 0x00000007c9b00000| PB 0x00000007c9b00000| Untracked |  0
| 156|0x00000007c9c00000, 0x00000007c9c00000, 0x00000007c9d00000|  0%| F|  |TAMS 0x00000007c9c00000| PB 0x00000007c9c00000| Untracked |  0
| 157|0x00000007c9d00000, 0x00000007c9d00000, 0x00000007c9e00000|  0%| F|  |TAMS 0x00000007c9d00000| PB 0x00000007c9d00000| Untracked |  0
| 158|0x00000007c9e00000, 0x00000007c9e00000, 0x00000007c9f00000|  0%| F|  |TAMS 0x00000007c9e00000| PB 0x00000007c9e00000| Untracked |  0
| 159|0x00000007c9f00000, 0x00000007c9f00000, 0x00000007ca000000|  0%| F|  |TAMS 0x00000007c9f00000| PB 0x00000007c9f00000| Untracked |  0
| 160|0x00000007ca000000, 0x00000007ca000000, 0x00000007ca100000|  0%| F|  |TAMS 0x00000007ca000000| PB 0x00000007ca000000| Untracked |  0
| 161|0x00000007ca100000, 0x00000007ca100000, 0x00000007ca200000|  0%| F|  |TAMS 0x00000007ca100000| PB 0x00000007ca100000| Untracked |  0
| 162|0x00000007ca200000, 0x00000007ca200000, 0x00000007ca300000|  0%| F|  |TAMS 0x00000007ca200000| PB 0x00000007ca200000| Untracked |  0
| 163|0x00000007ca300000, 0x00000007ca300000, 0x00000007ca400000|  0%| F|  |TAMS 0x00000007ca300000| PB 0x00000007ca300000| Untracked |  0
| 164|0x00000007ca400000, 0x00000007ca400000, 0x00000007ca500000|  0%| F|  |TAMS 0x00000007ca400000| PB 0x00000007ca400000| Untracked |  0
| 165|0x00000007ca500000, 0x00000007ca500000, 0x00000007ca600000|  0%| F|  |TAMS 0x00000007ca500000| PB 0x00000007ca500000| Untracked |  0
| 166|0x00000007ca600000, 0x00000007ca600000, 0x00000007ca700000|  0%| F|  |TAMS 0x00000007ca600000| PB 0x00000007ca600000| Untracked |  0
| 167|0x00000007ca700000, 0x00000007ca700000, 0x00000007ca800000|  0%| F|  |TAMS 0x00000007ca700000| PB 0x00000007ca700000| Untracked |  0
| 168|0x00000007ca800000, 0x00000007ca800000, 0x00000007ca900000|  0%| F|  |TAMS 0x00000007ca800000| PB 0x00000007ca800000| Untracked |  0
| 169|0x00000007ca900000, 0x00000007ca900000, 0x00000007caa00000|  0%| F|  |TAMS 0x00000007ca900000| PB 0x00000007ca900000| Untracked |  0
| 170|0x00000007caa00000, 0x00000007caa00000, 0x00000007cab00000|  0%| F|  |TAMS 0x00000007caa00000| PB 0x00000007caa00000| Untracked |  0
| 171|0x00000007cab00000, 0x00000007cab00000, 0x00000007cac00000|  0%| F|  |TAMS 0x00000007cab00000| PB 0x00000007cab00000| Untracked |  0
| 172|0x00000007cac00000, 0x00000007cac00000, 0x00000007cad00000|  0%| F|  |TAMS 0x00000007cac00000| PB 0x00000007cac00000| Untracked |  0
| 173|0x00000007cad00000, 0x00000007cad00000, 0x00000007cae00000|  0%| F|  |TAMS 0x00000007cad00000| PB 0x00000007cad00000| Untracked |  0
| 174|0x00000007cae00000, 0x00000007cae00000, 0x00000007caf00000|  0%| F|  |TAMS 0x00000007cae00000| PB 0x00000007cae00000| Untracked |  0
| 175|0x00000007caf00000, 0x00000007caf00000, 0x00000007cb000000|  0%| F|  |TAMS 0x00000007caf00000| PB 0x00000007caf00000| Untracked |  0
| 176|0x00000007cb000000, 0x00000007cb000000, 0x00000007cb100000|  0%| F|  |TAMS 0x00000007cb000000| PB 0x00000007cb000000| Untracked |  0
| 177|0x00000007cb100000, 0x00000007cb100000, 0x00000007cb200000|  0%| F|  |TAMS 0x00000007cb100000| PB 0x00000007cb100000| Untracked |  0
| 178|0x00000007cb200000, 0x00000007cb200000, 0x00000007cb300000|  0%| F|  |TAMS 0x00000007cb200000| PB 0x00000007cb200000| Untracked |  0
| 179|0x00000007cb300000, 0x00000007cb300000, 0x00000007cb400000|  0%| F|  |TAMS 0x00000007cb300000| PB 0x00000007cb300000| Untracked |  0
| 180|0x00000007cb400000, 0x00000007cb400000, 0x00000007cb500000|  0%| F|  |TAMS 0x00000007cb400000| PB 0x00000007cb400000| Untracked |  0
| 181|0x00000007cb500000, 0x00000007cb500000, 0x00000007cb600000|  0%| F|  |TAMS 0x00000007cb500000| PB 0x00000007cb500000| Untracked |  0
| 182|0x00000007cb600000, 0x00000007cb600000, 0x00000007cb700000|  0%| F|  |TAMS 0x00000007cb600000| PB 0x00000007cb600000| Untracked |  0
| 183|0x00000007cb700000, 0x00000007cb700000, 0x00000007cb800000|  0%| F|  |TAMS 0x00000007cb700000| PB 0x00000007cb700000| Untracked |  0
| 184|0x00000007cb800000, 0x00000007cb800000, 0x00000007cb900000|  0%| F|  |TAMS 0x00000007cb800000| PB 0x00000007cb800000| Untracked |  0
| 185|0x00000007cb900000, 0x00000007cb900000, 0x00000007cba00000|  0%| F|  |TAMS 0x00000007cb900000| PB 0x00000007cb900000| Untracked |  0
| 186|0x00000007cba00000, 0x00000007cba00000, 0x00000007cbb00000|  0%| F|  |TAMS 0x00000007cba00000| PB 0x00000007cba00000| Untracked |  0
| 187|0x00000007cbb00000, 0x00000007cbb00000, 0x00000007cbc00000|  0%| F|  |TAMS 0x00000007cbb00000| PB 0x00000007cbb00000| Untracked |  0
| 188|0x00000007cbc00000, 0x00000007cbc00000, 0x00000007cbd00000|  0%| F|  |TAMS 0x00000007cbc00000| PB 0x00000007cbc00000| Untracked |  0
| 189|0x00000007cbd00000, 0x00000007cbd00000, 0x00000007cbe00000|  0%| F|  |TAMS 0x00000007cbd00000| PB 0x00000007cbd00000| Untracked |  0
| 190|0x00000007cbe00000, 0x00000007cbe00000, 0x00000007cbf00000|  0%| F|  |TAMS 0x00000007cbe00000| PB 0x00000007cbe00000| Untracked |  0
| 191|0x00000007cbf00000, 0x00000007cbf00000, 0x00000007cc000000|  0%| F|  |TAMS 0x00000007cbf00000| PB 0x00000007cbf00000| Untracked |  0
| 192|0x00000007cc000000, 0x00000007cc000000, 0x00000007cc100000|  0%| F|  |TAMS 0x00000007cc000000| PB 0x00000007cc000000| Untracked |  0
| 193|0x00000007cc100000, 0x00000007cc100000, 0x00000007cc200000|  0%| F|  |TAMS 0x00000007cc100000| PB 0x00000007cc100000| Untracked |  0
| 194|0x00000007cc200000, 0x00000007cc200000, 0x00000007cc300000|  0%| F|  |TAMS 0x00000007cc200000| PB 0x00000007cc200000| Untracked |  0
| 195|0x00000007cc300000, 0x00000007cc300000, 0x00000007cc400000|  0%| F|  |TAMS 0x00000007cc300000| PB 0x00000007cc300000| Untracked |  0
| 196|0x00000007cc400000, 0x00000007cc400000, 0x00000007cc500000|  0%| F|  |TAMS 0x00000007cc400000| PB 0x00000007cc400000| Untracked |  0
| 197|0x00000007cc500000, 0x00000007cc500000, 0x00000007cc600000|  0%| F|  |TAMS 0x00000007cc500000| PB 0x00000007cc500000| Untracked |  0
| 198|0x00000007cc600000, 0x00000007cc600000, 0x00000007cc700000|  0%| F|  |TAMS 0x00000007cc600000| PB 0x00000007cc600000| Untracked |  0
| 199|0x00000007cc700000, 0x00000007cc700000, 0x00000007cc800000|  0%| F|  |TAMS 0x00000007cc700000| PB 0x00000007cc700000| Untracked |  0
| 200|0x00000007cc800000, 0x00000007cc800000, 0x00000007cc900000|  0%| F|  |TAMS 0x00000007cc800000| PB 0x00000007cc800000| Untracked |  0
| 201|0x00000007cc900000, 0x00000007cc900000, 0x00000007cca00000|  0%| F|  |TAMS 0x00000007cc900000| PB 0x00000007cc900000| Untracked |  0
| 202|0x00000007cca00000, 0x00000007cca00000, 0x00000007ccb00000|  0%| F|  |TAMS 0x00000007cca00000| PB 0x00000007cca00000| Untracked |  0
| 203|0x00000007ccb00000, 0x00000007ccb00000, 0x00000007ccc00000|  0%| F|  |TAMS 0x00000007ccb00000| PB 0x00000007ccb00000| Untracked |  0
| 204|0x00000007ccc00000, 0x00000007ccc00000, 0x00000007ccd00000|  0%| F|  |TAMS 0x00000007ccc00000| PB 0x00000007ccc00000| Untracked |  0
| 205|0x00000007ccd00000, 0x00000007ccd00000, 0x00000007cce00000|  0%| F|  |TAMS 0x00000007ccd00000| PB 0x00000007ccd00000| Untracked |  0
| 206|0x00000007cce00000, 0x00000007cce00000, 0x00000007ccf00000|  0%| F|  |TAMS 0x00000007cce00000| PB 0x00000007cce00000| Untracked |  0
| 207|0x00000007ccf00000, 0x00000007ccf00000, 0x00000007cd000000|  0%| F|  |TAMS 0x00000007ccf00000| PB 0x00000007ccf00000| Untracked |  0
| 208|0x00000007cd000000, 0x00000007cd000000, 0x00000007cd100000|  0%| F|  |TAMS 0x00000007cd000000| PB 0x00000007cd000000| Untracked |  0
| 209|0x00000007cd100000, 0x00000007cd100000, 0x00000007cd200000|  0%| F|  |TAMS 0x00000007cd100000| PB 0x00000007cd100000| Untracked |  0
| 210|0x00000007cd200000, 0x00000007cd200000, 0x00000007cd300000|  0%| F|  |TAMS 0x00000007cd200000| PB 0x00000007cd200000| Untracked |  0
| 211|0x00000007cd300000, 0x00000007cd300000, 0x00000007cd400000|  0%| F|  |TAMS 0x00000007cd300000| PB 0x00000007cd300000| Untracked |  0
| 212|0x00000007cd400000, 0x00000007cd400000, 0x00000007cd500000|  0%| F|  |TAMS 0x00000007cd400000| PB 0x00000007cd400000| Untracked |  0
| 213|0x00000007cd500000, 0x00000007cd500000, 0x00000007cd600000|  0%| F|  |TAMS 0x00000007cd500000| PB 0x00000007cd500000| Untracked |  0
| 214|0x00000007cd600000, 0x00000007cd600000, 0x00000007cd700000|  0%| F|  |TAMS 0x00000007cd600000| PB 0x00000007cd600000| Untracked |  0
| 215|0x00000007cd700000, 0x00000007cd700000, 0x00000007cd800000|  0%| F|  |TAMS 0x00000007cd700000| PB 0x00000007cd700000| Untracked |  0
| 216|0x00000007cd800000, 0x00000007cd800000, 0x00000007cd900000|  0%| F|  |TAMS 0x00000007cd800000| PB 0x00000007cd800000| Untracked |  0
| 217|0x00000007cd900000, 0x00000007cd900000, 0x00000007cda00000|  0%| F|  |TAMS 0x00000007cd900000| PB 0x00000007cd900000| Untracked |  0
| 218|0x00000007cda00000, 0x00000007cda00000, 0x00000007cdb00000|  0%| F|  |TAMS 0x00000007cda00000| PB 0x00000007cda00000| Untracked |  0
| 219|0x00000007cdb00000, 0x00000007cdb00000, 0x00000007cdc00000|  0%| F|  |TAMS 0x00000007cdb00000| PB 0x00000007cdb00000| Untracked |  0
| 220|0x00000007cdc00000, 0x00000007cdc00000, 0x00000007cdd00000|  0%| F|  |TAMS 0x00000007cdc00000| PB 0x00000007cdc00000| Untracked |  0
| 221|0x00000007cdd00000, 0x00000007cdd00000, 0x00000007cde00000|  0%| F|  |TAMS 0x00000007cdd00000| PB 0x00000007cdd00000| Untracked |  0
| 222|0x00000007cde00000, 0x00000007cde00000, 0x00000007cdf00000|  0%| F|  |TAMS 0x00000007cde00000| PB 0x00000007cde00000| Untracked |  0
| 223|0x00000007cdf00000, 0x00000007cdf00000, 0x00000007ce000000|  0%| F|  |TAMS 0x00000007cdf00000| PB 0x00000007cdf00000| Untracked |  0
| 224|0x00000007ce000000, 0x00000007ce000000, 0x00000007ce100000|  0%| F|  |TAMS 0x00000007ce000000| PB 0x00000007ce000000| Untracked |  0
| 225|0x00000007ce100000, 0x00000007ce100000, 0x00000007ce200000|  0%| F|  |TAMS 0x00000007ce100000| PB 0x00000007ce100000| Untracked |  0
| 226|0x00000007ce200000, 0x00000007ce200000, 0x00000007ce300000|  0%| F|  |TAMS 0x00000007ce200000| PB 0x00000007ce200000| Untracked |  0
| 227|0x00000007ce300000, 0x00000007ce300000, 0x00000007ce400000|  0%| F|  |TAMS 0x00000007ce300000| PB 0x00000007ce300000| Untracked |  0
| 228|0x00000007ce400000, 0x00000007ce400000, 0x00000007ce500000|  0%| F|  |TAMS 0x00000007ce400000| PB 0x00000007ce400000| Untracked |  0
| 229|0x00000007ce500000, 0x00000007ce500000, 0x00000007ce600000|  0%| F|  |TAMS 0x00000007ce500000| PB 0x00000007ce500000| Untracked |  0
| 230|0x00000007ce600000, 0x00000007ce600000, 0x00000007ce700000|  0%| F|  |TAMS 0x00000007ce600000| PB 0x00000007ce600000| Untracked |  0
| 231|0x00000007ce700000, 0x00000007ce700000, 0x00000007ce800000|  0%| F|  |TAMS 0x00000007ce700000| PB 0x00000007ce700000| Untracked |  0
| 232|0x00000007ce800000, 0x00000007ce800000, 0x00000007ce900000|  0%| F|  |TAMS 0x00000007ce800000| PB 0x00000007ce800000| Untracked |  0
| 233|0x00000007ce900000, 0x00000007ce900000, 0x00000007cea00000|  0%| F|  |TAMS 0x00000007ce900000| PB 0x00000007ce900000| Untracked |  0
| 234|0x00000007cea00000, 0x00000007cea00000, 0x00000007ceb00000|  0%| F|  |TAMS 0x00000007cea00000| PB 0x00000007cea00000| Untracked |  0
| 235|0x00000007ceb00000, 0x00000007ceb00000, 0x00000007cec00000|  0%| F|  |TAMS 0x00000007ceb00000| PB 0x00000007ceb00000| Untracked |  0
| 236|0x00000007cec00000, 0x00000007cec00000, 0x00000007ced00000|  0%| F|  |TAMS 0x00000007cec00000| PB 0x00000007cec00000| Untracked |  0
| 237|0x00000007ced00000, 0x00000007ced00000, 0x00000007cee00000|  0%| F|  |TAMS 0x00000007ced00000| PB 0x00000007ced00000| Untracked |  0
| 238|0x00000007cee00000, 0x00000007cee00000, 0x00000007cef00000|  0%| F|  |TAMS 0x00000007cee00000| PB 0x00000007cee00000| Untracked |  0
| 239|0x00000007cef00000, 0x00000007cef00000, 0x00000007cf000000|  0%| F|  |TAMS 0x00000007cef00000| PB 0x00000007cef00000| Untracked |  0
| 240|0x00000007cf000000, 0x00000007cf000000, 0x00000007cf100000|  0%| F|  |TAMS 0x00000007cf000000| PB 0x00000007cf000000| Untracked |  0
| 241|0x00000007cf100000, 0x00000007cf100000, 0x00000007cf200000|  0%| F|  |TAMS 0x00000007cf100000| PB 0x00000007cf100000| Untracked |  0
| 242|0x00000007cf200000, 0x00000007cf200000, 0x00000007cf300000|  0%| F|  |TAMS 0x00000007cf200000| PB 0x00000007cf200000| Untracked |  0
| 243|0x00000007cf300000, 0x00000007cf300000, 0x00000007cf400000|  0%| F|  |TAMS 0x00000007cf300000| PB 0x00000007cf300000| Untracked |  0
| 244|0x00000007cf400000, 0x00000007cf400000, 0x00000007cf500000|  0%| F|  |TAMS 0x00000007cf400000| PB 0x00000007cf400000| Untracked |  0
| 245|0x00000007cf500000, 0x00000007cf500000, 0x00000007cf600000|  0%| F|  |TAMS 0x00000007cf500000| PB 0x00000007cf500000| Untracked |  0
| 246|0x00000007cf600000, 0x00000007cf600000, 0x00000007cf700000|  0%| F|  |TAMS 0x00000007cf600000| PB 0x00000007cf600000| Untracked |  0
| 247|0x00000007cf700000, 0x00000007cf700000, 0x00000007cf800000|  0%| F|  |TAMS 0x00000007cf700000| PB 0x00000007cf700000| Untracked |  0
| 248|0x00000007cf800000, 0x00000007cf800000, 0x00000007cf900000|  0%| F|  |TAMS 0x00000007cf800000| PB 0x00000007cf800000| Untracked |  0
| 249|0x00000007cf900000, 0x00000007cf900000, 0x00000007cfa00000|  0%| F|  |TAMS 0x00000007cf900000| PB 0x00000007cf900000| Untracked |  0
| 250|0x00000007cfa00000, 0x00000007cfb00000, 0x00000007cfb00000|100%| E|  |TAMS 0x00000007cfa00000| PB 0x00000007cfa00000| Complete |  0
|1022|0x00000007ffe00000, 0x00000007fff00000, 0x00000007fff00000|100%| O|  |TAMS 0x00000007ffe00000| PB 0x00000007ffe00000| Untracked |  0

Card table byte_map: [0x000000010dbfc000,0x000000010ddfc000] _byte_map_base: 0x0000000109dfc000

Marking Bits: (CMBitMap*) 0x000000010ea41010
 Bits: [0x000000011a950000, 0x000000011b950000)

Polling page: 0x0000000105494000

Metaspace:
Metaspace        used 10248K, committed 10432K, reserved 1114112K
 class space     used 1657K, committed 1728K, reserved 1048576K

Usage:
  Non-class:      8.39 MB used.
      Class:      1.62 MB used.
       Both:     10.01 MB used.

Virtual space:
  Non-class space:       64.00 MB reserved,       8.50 MB ( 13%) committed,  1 nodes.
      Class space:        1.00 GB reserved,       1.69 MB ( <1%) committed,  1 nodes.
             Both:        1.06 GB reserved,      10.19 MB ( <1%) committed. 

Chunk freelists:
   Non-Class:  6.35 MB
       Class:  14.34 MB
        Both:  20.69 MB

MaxMetaspaceSize: unlimited
CompressedClassSpaceSize: 1.00 GB
Initial GC threshold: 21.00 MB
Current GC threshold: 21.00 MB
CDS: on
 - commit_granule_bytes: 65536.
 - commit_granule_words: 8192.
 - virtual_space_node_default_size: 8388608.
 - enlarge_chunks_in_place: 1.
UseCompressedClassPointers 1, UseCompactObjectHeaders 0
Narrow klass pointer bits 32, Max shift 3
Narrow klass base: 0x0000780000000000, Narrow klass shift: 0
Encoding Range: [0x0000780000000000 - 0x0000780100000000), (4294967296 bytes)
Klass Range:    [0x0000780000004000 - 0x0000780041000000), (1090502656 bytes)
Klass ID Range:  [16384 - 1090519033) (1090502649)
Protection zone: [0x0000780000000000 - 0x0000780000004000), (16384 bytes)


Internal statistics:

num_allocs_failed_limit: 0.
num_arena_births: 112.
num_arena_deaths: 14.
num_vsnodes_births: 2.
num_vsnodes_deaths: 0.
num_space_committed: 163.
num_space_uncommitted: 0.
num_chunks_returned_to_freelist: 17.
num_chunks_taken_from_freelist: 395.
num_chunk_merges: 6.
num_chunk_splits: 300.
num_chunks_enlarged: 246.
num_inconsistent_stats: 0.

CodeHeap 'non-profiled nmethods': size=120048Kb used=519Kb max_used=993Kb free=119528Kb
 bounds [0x0000000307ac4000, 0x0000000307d34000, 0x000000030f000000]
CodeHeap 'profiled nmethods': size=120016Kb used=364Kb max_used=3371Kb free=119651Kb
 bounds [0x0000000300000000, 0x0000000300370000, 0x0000000307534000]
CodeHeap 'non-nmethods': size=5696Kb used=1247Kb max_used=1482Kb free=4448Kb
 bounds [0x0000000307534000, 0x00000003077a4000, 0x0000000307ac4000]
CodeCache: size=245760Kb, used=2130Kb, max_used=5846Kb, free=243627Kb
 total_blobs=987, nmethods=547, adapters=348, full_count=0
Compilation: enabled, stopped_count=0, restarted_count=0

Compilation events (20 events):
Event: 2680.926 Thread 0x000000012f94ac00 5196       3       scala.collection.IterableLike::zipWithIndex (38 bytes)
Event: 2680.926 Thread 0x000000012f94ac00 nmethod 5196 0x0000000300000008 code [0x0000000300000100, 0x0000000300000c48]
Event: 2680.926 Thread 0x000000012f94ac00 5197       3       scala.collection.TraversableOnce::mkString (14 bytes)
Event: 2680.926 Thread 0x000000012f94ac00 nmethod 5197 0x0000000300166a08 code [0x0000000300166b00, 0x0000000300166d08]
Event: 2680.926 Thread 0x000000012f94ac00 5198       3       scala.collection.mutable.StringBuilder::<init> (46 bytes)
Event: 2680.926 Thread 0x000000012f94ac00 nmethod 5198 0x0000000300175cc8 code [0x0000000300175dc0, 0x0000000300176898]
Event: 2680.997 Thread 0x000000012f93f600 nmethod 5189 0x0000000307b42888 code [0x0000000307b42980, 0x0000000307b47aa8]
Event: 2680.997 Thread 0x000000012f93f600 5195       4       java.util.HashMap::resize (356 bytes)
Event: 2680.997 Thread 0x000000012e71be00 5192       4       scala.collection.mutable.ListBuffer::sizeHint (6 bytes)
Event: 2680.997 Thread 0x000000012e71be00 nmethod 5192 0x0000000307ad0588 code [0x0000000307ad0680, 0x0000000307ad0708]
Event: 2680.997 Thread 0x000000012e71be00 5193       4       java.lang.CharacterData00::getType (11 bytes)
Event: 2680.998 Thread 0x000000012e71be00 nmethod 5193 0x0000000307ae75c8 code [0x0000000307ae76c0, 0x0000000307ae77e8]
Event: 2680.998 Thread 0x000000012e71be00 5190       4       org.openkoreantext.processor.tokenizer.KoreanChunker$$$Lambda/0x0000780001120800::apply (16 bytes)
Event: 2681.000 Thread 0x000000012f93f600 nmethod 5195 0x0000000307b8e508 code [0x0000000307b8e640, 0x0000000307b8f348]
Event: 2681.001 Thread 0x000000012e71be00 nmethod 5190 0x0000000307af9548 code [0x0000000307af9640, 0x0000000307afa6a0]
Event: 12270.734 Thread 0x000000012f94ac00 5199  s    3       jdk.internal.ref.CleanerImpl$CleanableList::isEmpty (16 bytes)
Event: 12270.746 Thread 0x000000012f94ac00 nmethod 5199 0x0000000300189248 code [0x0000000300189340, 0x00000003001895f8]
Event: 12270.746 Thread 0x000000012f94ac00 5200       3       jdk.internal.misc.InnocuousThread::eraseThreadLocals (23 bytes)
Event: 12270.749 Thread 0x000000012f94ac00 nmethod 5200 0x000000030000ae08 code [0x000000030000af00, 0x000000030000b0d0]
Event: 14326.449 Thread 0x000000012f93f600 5201       4       java.lang.StringBuilder::<init> (7 bytes)

GC Heap Usage History (20 events):
Event: 2069.107 {heap Before GC invocations=46 (full 19):
 garbage-first heap   total reserved 1048576K, committed 258048K, used 79019K [0x00000007c0000000, 0x0000000800000000)
  region size 1024K, 1 young (1024K), 0 survivors (0K)
}
Event: 2069.131 {heap After GC invocations=47 (full 20):
 garbage-first heap   total reserved 1048576K, committed 258048K, used 79019K [0x00000007c0000000, 0x0000000800000000)
  region size 1024K, 0 young (0K), 0 survivors (0K)
}
Event: 2069.458 {heap Before GC invocations=47 (full 20):
 garbage-first heap   total reserved 1048576K, committed 258048K, used 79019K [0x00000007c0000000, 0x0000000800000000)
  region size 1024K, 1 young (1024K), 0 survivors (0K)
}
Event: 2069.473 {heap After GC invocations=48 (full 21):
 garbage-first heap   total reserved 1048576K, committed 258048K, used 79019K [0x00000007c0000000, 0x0000000800000000)
  region size 1024K, 0 young (0K), 0 survivors (0K)
}
Event: 2070.370 {heap Before GC invocations=48 (full 21):
 garbage-first heap   total reserved 1048576K, committed 258048K, used 79019K [0x00000007c0000000, 0x0000000800000000)
  region size 1024K, 1 young (1024K), 0 survivors (0K)
}
Event: 2070.384 {heap After GC invocations=49 (full 22):
 garbage-first heap   total reserved 1048576K, committed 258048K, used 79019K [0x00000007c0000000, 0x0000000800000000)
  region size 1024K, 0 young (0K), 0 survivors (0K)
}
Event: 2071.069 {heap Before GC invocations=49 (full 22):
 garbage-first heap   total reserved 1048576K, committed 258048K, used 79019K [0x00000007c0000000, 0x0000000800000000)
  region size 1024K, 1 young (1024K), 0 survivors (0K)
}
Event: 2071.085 {heap After GC invocations=50 (full 23):
 garbage-first heap   total reserved 1048576K, committed 258048K, used 79019K [0x00000007c0000000, 0x0000000800000000)
  region size 1024K, 0 young (0K), 0 survivors (0K)
}
Event: 2071.967 {heap Before GC invocations=50 (full 23):
 garbage-first heap   total reserved 1048576K, committed 258048K, used 79019K [0x00000007c0000000, 0x0000000800000000)
  region size 1024K, 1 young (1024K), 0 survivors (0K)
}
Event: 2071.982 {heap After GC invocations=51 (full 24):
 garbage-first heap   total reserved 1048576K, committed 258048K, used 79019K [0x00000007c0000000, 0x0000000800000000)
  region size 1024K, 0 young (0K), 0 survivors (0K)
}
Event: 2680.090 {heap Before GC invocations=51 (full 24):
 garbage-first heap   total reserved 1048576K, committed 258048K, used 218283K [0x00000007c0000000, 0x0000000800000000)
  region size 1024K, 136 young (139264K), 0 survivors (0K)
}
Event: 2680.091 {heap After GC invocations=52 (full 24):
 garbage-first heap   total reserved 1048576K, committed 258048K, used 79760K [0x00000007c0000000, 0x0000000800000000)
  region size 1024K, 1 young (1024K), 1 survivors (1024K)
}
Event: 2680.529 {heap Before GC invocations=52 (full 24):
 garbage-first heap   total reserved 1048576K, committed 258048K, used 105360K [0x00000007c0000000, 0x0000000800000000)
  region size 1024K, 27 young (27648K), 1 survivors (1024K)
}
Event: 2680.547 {heap After GC invocations=53 (full 25):
 garbage-first heap   total reserved 1048576K, committed 258048K, used 79023K [0x00000007c0000000, 0x0000000800000000)
  region size 1024K, 0 young (0K), 0 survivors (0K)
}
Event: 2680.722 {heap Before GC invocations=53 (full 25):
 garbage-first heap   total reserved 1048576K, committed 258048K, used 80047K [0x00000007c0000000, 0x0000000800000000)
  region size 1024K, 2 young (2048K), 0 survivors (0K)
}
Event: 2680.739 {heap After GC invocations=54 (full 26):
 garbage-first heap   total reserved 1048576K, committed 258048K, used 79022K [0x00000007c0000000, 0x0000000800000000)
  region size 1024K, 0 young (0K), 0 survivors (0K)
}
Event: 2808.105 {heap Before GC invocations=54 (full 26):
 garbage-first heap   total reserved 1048576K, committed 258048K, used 104622K [0x00000007c0000000, 0x0000000800000000)
  region size 1024K, 26 young (26624K), 0 survivors (0K)
}
Event: 2808.145 {heap After GC invocations=55 (full 27):
 garbage-first heap   total reserved 1048576K, committed 258048K, used 79023K [0x00000007c0000000, 0x0000000800000000)
  region size 1024K, 0 young (0K), 0 survivors (0K)
}
Event: 2808.479 {heap Before GC invocations=55 (full 27):
 garbage-first heap   total reserved 1048576K, committed 258048K, used 79023K [0x00000007c0000000, 0x0000000800000000)
  region size 1024K, 1 young (1024K), 0 survivors (0K)
}
Event: 2808.494 {heap After GC invocations=56 (full 28):
 garbage-first heap   total reserved 1048576K, committed 258048K, used 79023K [0x00000007c0000000, 0x0000000800000000)
  region size 1024K, 0 young (0K), 0 survivors (0K)
}

Metaspace Usage History (20 events):
Event: 2069.107 {metaspace Before GC invocations=46 (full 19):
 Metaspace       used 10232K, committed 10432K, reserved 1114112K
  class space    used 1657K, committed 1728K, reserved 1048576K
}
Event: 2069.131 {metaspace After GC invocations=47 (full 20):
 Metaspace       used 10232K, committed 10432K, reserved 1114112K
  class space    used 1657K, committed 1728K, reserved 1048576K
}
Event: 2069.458 {metaspace Before GC invocations=47 (full 20):
 Metaspace       used 10232K, committed 10432K, reserved 1114112K
  class space    used 1657K, committed 1728K, reserved 1048576K
}
Event: 2069.473 {metaspace After GC invocations=48 (full 21):
 Metaspace       used 10232K, committed 10432K, reserved 1114112K
  class space    used 1657K, committed 1728K, reserved 1048576K
}
Event: 2070.370 {metaspace Before GC invocations=48 (full 21):
 Metaspace       used 10232K, committed 10432K, reserved 1114112K
  class space    used 1657K, committed 1728K, reserved 1048576K
}
Event: 2070.385 {metaspace After GC invocations=49 (full 22):
 Metaspace       used 10232K, committed 10432K, reserved 1114112K
  class space    used 1657K, committed 1728K, reserved 1048576K
}
Event: 2071.069 {metaspace Before GC invocations=49 (full 22):
 Metaspace       used 10232K, committed 10432K, reserved 1114112K
  class space    used 1657K, committed 1728K, reserved 1048576K
}
Event: 2071.085 {metaspace After GC invocations=50 (full 23):
 Metaspace       used 10232K, committed 10432K, reserved 1114112K
  class space    used 1657K, committed 1728K, reserved 1048576K
}
Event: 2071.967 {metaspace Before GC invocations=50 (full 23):
 Metaspace       used 10232K, committed 10432K, reserved 1114112K
  class space    used 1657K, committed 1728K, reserved 1048576K
}
Event: 2071.982 {metaspace After GC invocations=51 (full 24):
 Metaspace       used 10232K, committed 10432K, reserved 1114112K
  class space    used 1657K, committed 1728K, reserved 1048576K
}
Event: 2680.090 {metaspace Before GC invocations=51 (full 24):
 Metaspace       used 10243K, committed 10432K, reserved 1114112K
  class space    used 1657K, committed 1728K, reserved 1048576K
}
Event: 2680.091 {metaspace After GC invocations=52 (full 24):
 Metaspace       used 10243K, committed 10432K, reserved 1114112K
  class space    used 1657K, committed 1728K, reserved 1048576K
}
Event: 2680.529 {metaspace Before GC invocations=52 (full 24):
 Metaspace       used 10244K, committed 10432K, reserved 1114112K
  class space    used 1657K, committed 1728K, reserved 1048576K
}
Event: 2680.547 {metaspace After GC invocations=53 (full 25):
 Metaspace       used 10244K, committed 10432K, reserved 1114112K
  class space    used 1657K, committed 1728K, reserved 1048576K
}
Event: 2680.722 {metaspace Before GC invocations=53 (full 25):
 Metaspace       used 10244K, committed 10432K, reserved 1114112K
  class space    used 1657K, committed 1728K, reserved 1048576K
}
Event: 2680.739 {metaspace After GC invocations=54 (full 26):
 Metaspace       used 10244K, committed 10432K, reserved 1114112K
  class space    used 1657K, committed 1728K, reserved 1048576K
}
Event: 2808.105 {metaspace Before GC invocations=54 (full 26):
 Metaspace       used 10245K, committed 10432K, reserved 1114112K
  class space    used 1657K, committed 1728K, reserved 1048576K
}
Event: 2808.145 {metaspace After GC invocations=55 (full 27):
 Metaspace       used 10245K, committed 10432K, reserved 1114112K
  class space    used 1657K, committed 1728K, reserved 1048576K
}
Event: 2808.479 {metaspace Before GC invocations=55 (full 27):
 Metaspace       used 10245K, committed 10432K, reserved 1114112K
  class space    used 1657K, committed 1728K, reserved 1048576K
}
Event: 2808.494 {metaspace After GC invocations=56 (full 28):
 Metaspace       used 10245K, committed 10432K, reserved 1114112K
  class space    used 1657K, committed 1728K, reserved 1048576K
}

Dll operation events (6 events):
Event: 0.015 Loaded shared library /Library/Java/JavaVirtualMachines/temurin-25.jdk/Contents/Home/lib/libjava.dylib
Event: 0.065 Loaded shared library /Library/Java/JavaVirtualMachines/temurin-25.jdk/Contents/Home/lib/libnio.dylib
Event: 0.073 Loaded shared library /Library/Java/JavaVirtualMachines/temurin-25.jdk/Contents/Home/lib/libzip.dylib
Event: 0.102 Loaded shared library /Users/anniewang/Desktop/MLLM-interpretability/MLLM-interpretability/.venv/lib/python3.12/site-packages/_jpype.cpython-312-darwin.so
Event: 0.120 Loaded shared library /Library/Java/JavaVirtualMachines/temurin-25.jdk/Contents/Home/lib/libjimage.dylib
Event: 0.386 Loaded shared library /Library/Java/JavaVirtualMachines/temurin-25.jdk/Contents/Home/lib/libverify.dylib

Deoptimization events (20 events):
Event: 390.374 Thread 0x000000010ea42800 DEOPT PACKING pc=0x0000000307b958f8 sp=0x000000016b088800
Event: 390.374 Thread 0x000000010ea42800 DEOPT UNPACKING pc=0x0000000307649b5c sp=0x000000016b088740 mode 2
Event: 390.386 Thread 0x000000010ea42800 Uncommon trap: trap_request=0xffffff66 fr.pc=0x0000000307b972ac relative=0x00000000000008ec
Event: 390.386 Thread 0x000000010ea42800 Uncommon trap: reason=loop_limit_check action=maybe_recompile pc=0x0000000307b972ac method=java.util.regex.Pattern$Start.match(Ljava/util/regex/Matcher;ILjava/lang/CharSequence;)Z @ 34 c2
Event: 390.386 Thread 0x000000010ea42800 DEOPT PACKING pc=0x0000000307b972ac sp=0x000000016b088800
Event: 390.386 Thread 0x000000010ea42800 DEOPT UNPACKING pc=0x0000000307649b5c sp=0x000000016b088740 mode 2
Event: 2679.930 Thread 0x000000010ea42800 Uncommon trap: trap_request=0xffffff45 fr.pc=0x0000000307ba84f4 relative=0x00000000000003f4
Event: 2679.931 Thread 0x000000010ea42800 Uncommon trap: reason=unstable_if action=reinterpret pc=0x0000000307ba84f4 method=scala.collection.immutable.Set$Set2.contains(Ljava/lang/Object;)Z @ 8 c2
Event: 2679.931 Thread 0x000000010ea42800 DEOPT PACKING pc=0x0000000307ba84f4 sp=0x000000016b088d50
Event: 2679.931 Thread 0x000000010ea42800 DEOPT UNPACKING pc=0x0000000307649b5c sp=0x000000016b088cf0 mode 2
Event: 2680.034 Thread 0x000000010ea42800 DEOPT PACKING pc=0x0000000300278028 sp=0x000000016b088550
Event: 2680.034 Thread 0x000000010ea42800 DEOPT UNPACKING pc=0x00000003075710bc sp=0x000000016b0881c0 mode 0
Event: 2680.495 Thread 0x000000010ea42800 Uncommon trap: trap_request=0xffffff6e fr.pc=0x0000000307b196f4 relative=0x00000000000002b4
Event: 2680.495 Thread 0x000000010ea42800 Uncommon trap: reason=predicate action=maybe_recompile pc=0x0000000307b196f4 method=java.util.regex.Pattern$SliceI.match(Ljava/util/regex/Matcher;ILjava/lang/CharSequence;)Z @ 18 c2
Event: 2680.495 Thread 0x000000010ea42800 DEOPT PACKING pc=0x0000000307b196f4 sp=0x000000016b088850
Event: 2680.495 Thread 0x000000010ea42800 DEOPT UNPACKING pc=0x0000000307649b5c sp=0x000000016b0887c0 mode 2
Event: 2680.520 Thread 0x000000010ea42800 Uncommon trap: trap_request=0xffffff45 fr.pc=0x0000000307b9c260 relative=0x0000000000001ce0
Event: 2680.520 Thread 0x000000010ea42800 Uncommon trap: reason=unstable_if action=reinterpret pc=0x0000000307b9c260 method=scala.collection.SeqLike.sorted(Lscala/math/Ordering;)Ljava/lang/Object; @ 32 c2
Event: 2680.520 Thread 0x000000010ea42800 DEOPT PACKING pc=0x0000000307b9c260 sp=0x000000016b088af0
Event: 2680.520 Thread 0x000000010ea42800 DEOPT UNPACKING pc=0x0000000307649b5c sp=0x000000016b088ac0 mode 2

Classes loaded (20 events):
Event: 0.850 Loading class java/io/SequenceInputStream
Event: 0.850 Loading class java/io/SequenceInputStream done
Event: 0.850 Loading class java/util/zip/GZIPInputStream$1
Event: 0.850 Loading class java/util/zip/GZIPInputStream$1 done
Event: 0.850 Loading class java/io/EOFException
Event: 0.850 Loading class java/io/EOFException done
Event: 0.873 Loading class java/lang/SafeVarargs
Event: 0.873 Loading class java/lang/SafeVarargs done
Event: 0.874 Loading class java/util/AbstractList$Itr
Event: 0.875 Loading class java/util/AbstractList$Itr done
Event: 0.875 Loading class java/util/AbstractList$ListItr
Event: 0.875 Loading class java/util/AbstractList$ListItr done
Event: 0.875 Loading class java/util/AbstractList$RandomAccessSubList
Event: 0.875 Loading class java/util/AbstractList$SubList
Event: 0.875 Loading class java/util/AbstractList$SubList done
Event: 0.875 Loading class java/util/AbstractList$RandomAccessSubList done
Event: 0.875 Loading class java/util/ArrayList$ListItr
Event: 0.875 Loading class java/util/ArrayList$ListItr done
Event: 14326.440 Loading class jdk/internal/misc/Signal$1
Event: 14326.447 Loading class jdk/internal/misc/Signal$1 done

Classes unloaded (7 events):
Event: 1489.118 Thread 0x000000010f088200 Unloading class 0x0000780001180800 'java/lang/invoke/LambdaForm$MH+0x0000780001180800'
Event: 1489.118 Thread 0x000000010f088200 Unloading class 0x0000780001180400 'java/lang/invoke/LambdaForm$DMH+0x0000780001180400'
Event: 1489.118 Thread 0x000000010f088200 Unloading class 0x0000780001180000 'java/lang/invoke/LambdaForm$MH+0x0000780001180000'
Event: 1489.118 Thread 0x000000010f088200 Unloading class 0x0000780001048800 'java/lang/invoke/LambdaForm$MH+0x0000780001048800'
Event: 1489.118 Thread 0x000000010f088200 Unloading class 0x0000780001048400 'java/lang/invoke/LambdaForm$MH+0x0000780001048400'
Event: 1489.118 Thread 0x000000010f088200 Unloading class 0x0000780001048000 'java/lang/invoke/LambdaForm$MH+0x0000780001048000'
Event: 1489.118 Thread 0x000000010f088200 Unloading class 0x0000780001040800 'java/lang/invoke/LambdaForm$MH+0x0000780001040800'

Classes redefined (0 events):
No events

Internal exceptions (20 events):
Event: 0.113 Thread 0x000000010ea42800 Exception <a 'java/lang/NoSuchMethodError'{0x00000007d1c89cd0}: 'int java.lang.invoke.Invokers$Holder.invokeExact_MT(java.lang.Object, java.lang.Object, java.lang.Object)'> (0x00000007d1c89cd0) 
thrown [src/hotspot/share/interpreter/linkResolver.cpp, line 804]
Event: 0.123 Thread 0x000000010ea42800 Exception <a 'java/lang/NoSuchMethodError'{0x00000007d1b3fb00}: 'java.lang.Object java.lang.invoke.DirectMethodHandle$Holder.invokeStaticInit(java.lang.Object)'> (0x00000007d1b3fb00) 
thrown [src/hotspot/share/interpreter/linkResolver.cpp, line 804]
Event: 0.132 Thread 0x000000010ea42800 Exception <a 'java/lang/IncompatibleClassChangeError'{0x00000007d1bcd6f8}: Found class java.lang.Object, but interface was expected> (0x00000007d1bcd6f8) 
thrown [src/hotspot/share/interpreter/linkResolver.cpp, line 871]
Event: 0.371 Thread 0x000000010ea42800 Exception <a 'java/lang/NoSuchMethodError'{0x00000007c0eae258}: 'java.lang.Object java.lang.invoke.DirectMethodHandle$Holder.invokeStaticInit(java.lang.Object, java.lang.Object, java.lang.Object)'> (0x00000007c0eae258) 
thrown [src/hotspot/share/interpreter/linkResolver.cpp, line 804]
Event: 0.406 Thread 0x000000010ea42800 Exception <a 'java/lang/NoSuchMethodError'{0x00000007c156c460}: 'java.lang.Object java.lang.invoke.DirectMethodHandle$Holder.invokeStatic(java.lang.Object, java.lang.Object, int, java.lang.Object, java.lang.Object)'> (0x00000007c156c460) 
thrown [src/hotspot/share/interpreter/linkResolver.cpp, line 804]
Event: 0.407 Thread 0x000000010ea42800 Exception <a 'java/lang/NoSuchMethodError'{0x00000007c1585b60}: 'java.lang.Object java.lang.invoke.DirectMethodHandle$Holder.newInvokeSpecial(java.lang.Object, java.lang.Object, int, java.lang.Object)'> (0x00000007c1585b60) 
thrown [src/hotspot/share/interpreter/linkResolver.cpp, line 804]
Event: 0.407 Thread 0x000000010ea42800 Exception <a 'java/lang/NoSuchMethodError'{0x00000007c158e4e8}: 'java.lang.Object java.lang.invoke.Invokers$Holder.linkToTargetMethod(java.lang.Object, int, java.lang.Object, java.lang.Object)'> (0x00000007c158e4e8) 
thrown [src/hotspot/share/interpreter/linkResolver.cpp, line 804]
Event: 0.414 Thread 0x000000010ea42800 Exception <a 'java/lang/NoSuchMethodError'{0x00000007c1440498}: 'java.lang.Object java.lang.invoke.DirectMethodHandle$Holder.invokeStaticInit(java.lang.Object, java.lang.Object, java.lang.Object, java.lang.Object)'> (0x00000007c1440498) 
thrown [src/hotspot/share/interpreter/linkResolver.cpp, line 804]
Event: 0.490 Thread 0x000000010ea42800 Exception <a 'java/lang/NoSuchMethodError'{0x00000007c18c4b78}: 'java.lang.Object java.lang.invoke.DirectMethodHandle$Holder.invokeStatic(java.lang.Object, java.lang.Object, int, java.lang.Object)'> (0x00000007c18c4b78) 
thrown [src/hotspot/share/interpreter/linkResolver.cpp, line 804]
Event: 0.491 Thread 0x000000010ea42800 Exception <a 'java/lang/NoSuchMethodError'{0x00000007c18d6e58}: 'java.lang.Object java.lang.invoke.DirectMethodHandle$Holder.newInvokeSpecial(java.lang.Object, java.lang.Object, int)'> (0x00000007c18d6e58) 
thrown [src/hotspot/share/interpreter/linkResolver.cpp, line 804]
Event: 0.493 Thread 0x000000010ea42800 Exception <a 'java/lang/NoSuchMethodError'{0x00000007c170d1f0}: 'java.lang.Object java.lang.invoke.DirectMethodHandle$Holder.invokeStatic(java.lang.Object, int, java.lang.Object)'> (0x00000007c170d1f0) 
thrown [src/hotspot/share/interpreter/linkResolver.cpp, line 804]
Event: 0.792 Thread 0x000000010ea42800 Exception <a 'java/lang/NoSuchMethodError'{0x00000007ca7c7678}: 'java.lang.Object java.lang.invoke.DirectMethodHandle$Holder.newInvokeSpecial(java.lang.Object, java.lang.Object, java.lang.Object, java.lang.Object, java.lang.Object, int)'> (0x00000007ca7c7678) 
thrown [src/hotspot/share/interpreter/linkResolver.cpp, line 804]
Event: 0.792 Thread 0x000000010ea42800 Exception <a 'java/lang/NoSuchMethodError'{0x00000007ca7d0288}: 'java.lang.Object java.lang.invoke.DirectMethodHandle$Holder.invokeSpecial(java.lang.Object, java.lang.Object, java.lang.Object, java.lang.Object, java.lang.Object, java.lang.Object, int)'> (0x00000007ca7d0288) 
thrown [src/hotspot/share/interpreter/linkResolver.cpp, line 804]
Event: 0.802 Thread 0x000000010ea42800 Exception <a 'java/lang/NoSuchMethodError'{0x00000007ca693858}: 'java.lang.Object java.lang.invoke.DirectMethodHandle$Holder.newInvokeSpecial(java.lang.Object, java.lang.Object, java.lang.Object, java.lang.Object, int, java.lang.Object)'> (0x00000007ca693858) 
thrown [src/hotspot/share/interpreter/linkResolver.cpp, line 804]
Event: 0.802 Thread 0x000000010ea42800 Exception <a 'java/lang/NoSuchMethodError'{0x00000007ca69c280}: 'java.lang.Object java.lang.invoke.DirectMethodHandle$Holder.invokeSpecial(java.lang.Object, java.lang.Object, java.lang.Object, java.lang.Object, java.lang.Object, int, java.lang.Object)'> (0x00000007ca69c280) 
thrown [src/hotspot/share/interpreter/linkResolver.cpp, line 804]
Event: 0.809 Thread 0x000000010ea42800 Exception <a 'java/lang/NoSuchMethodError'{0x00000007ca528ac8}: 'java.lang.Object java.lang.invoke.Invokers$Holder.invoke_MT(java.lang.Object, java.lang.Object, java.lang.Object, java.lang.Object, java.lang.Object, java.lang.Object)'> (0x00000007ca528ac8) 
thrown [src/hotspot/share/interpreter/linkResolver.cpp, line 804]
Event: 0.810 Thread 0x000000010ea42800 Exception <a 'java/lang/NoSuchMethodError'{0x00000007ca53a070}: 'java.lang.Object java.lang.invoke.Invokers$Holder.invoker(java.lang.Object, java.lang.Object, java.lang.Object)'> (0x00000007ca53a070) 
thrown [src/hotspot/share/interpreter/linkResolver.cpp, line 804]
Event: 0.810 Thread 0x000000010ea42800 Exception <a 'java/lang/NoSuchMethodError'{0x00000007ca546830}: 'java.lang.Object java.lang.invoke.DirectMethodHandle$Holder.invokeStatic(java.lang.Object, java.lang.Object, int)'> (0x00000007ca546830) 
thrown [src/hotspot/share/interpreter/linkResolver.cpp, line 804]
Event: 0.811 Thread 0x000000010ea42800 Exception <a 'java/lang/NoSuchMethodError'{0x00000007ca55ee80}: 'void java.lang.invoke.DelegatingMethodHandle$Holder.delegate(java.lang.Object, java.lang.Object, int, java.lang.Object)'> (0x00000007ca55ee80) 
thrown [src/hotspot/share/interpreter/linkResolver.cpp, line 804]
Event: 0.871 Thread 0x000000010ea42800 Exception <a 'java/lang/NoSuchMethodError'{0x00000007c3f100a0}: 'int java.lang.invoke.DirectMethodHandle$Holder.invokeVirtual(java.lang.Object, java.lang.Object)'> (0x00000007c3f100a0) 
thrown [src/hotspot/share/interpreter/linkResolver.cpp, line 804]

VM Operations (20 events):
Event: 2069.107 Executing safepoint VM operation: G1CollectFull (System.gc())
Event: 2069.131 Executing safepoint VM operation: G1CollectFull (System.gc()) done
Event: 2069.458 Executing safepoint VM operation: G1CollectFull (System.gc())
Event: 2069.473 Executing safepoint VM operation: G1CollectFull (System.gc()) done
Event: 2070.370 Executing safepoint VM operation: G1CollectFull (System.gc())
Event: 2070.385 Executing safepoint VM operation: G1CollectFull (System.gc()) done
Event: 2071.069 Executing safepoint VM operation: G1CollectFull (System.gc())
Event: 2071.085 Executing safepoint VM operation: G1CollectFull (System.gc()) done
Event: 2071.967 Executing safepoint VM operation: G1CollectFull (System.gc())
Event: 2071.982 Executing safepoint VM operation: G1CollectFull (System.gc()) done
Event: 2680.090 Executing safepoint VM operation: G1CollectForAllocation (G1 Evacuation Pause)
Event: 2680.091 Executing safepoint VM operation: G1CollectForAllocation (G1 Evacuation Pause) done
Event: 2680.529 Executing safepoint VM operation: G1CollectFull (System.gc())
Event: 2680.547 Executing safepoint VM operation: G1CollectFull (System.gc()) done
Event: 2680.722 Executing safepoint VM operation: G1CollectFull (System.gc())
Event: 2680.739 Executing safepoint VM operation: G1CollectFull (System.gc()) done
Event: 2808.105 Executing safepoint VM operation: G1CollectFull (System.gc())
Event: 2808.145 Executing safepoint VM operation: G1CollectFull (System.gc()) done
Event: 2808.479 Executing safepoint VM operation: G1CollectFull (System.gc())
Event: 2808.494 Executing safepoint VM operation: G1CollectFull (System.gc()) done

Memory protections (18 events):
Event: 0.011 Protecting memory [0x000000016a08c000,0x000000016a098000] with protection modes 0
Event: 0.032 Protecting memory [0x0000780000000000,0x0000780000004000] with protection modes 0
Event: 0.052 Protecting memory [0x0000000315278000,0x0000000315284000] with protection modes 0
Event: 0.052 Protecting memory [0x0000000315484000,0x0000000315490000] with protection modes 0
Event: 0.052 Protecting memory [0x0000000315690000,0x000000031569c000] with protection modes 0
Event: 0.052 Protecting memory [0x000000031589c000,0x00000003158a8000] with protection modes 0
Event: 0.052 Protecting memory [0x0000000315aa8000,0x0000000315ab4000] with protection modes 0
Event: 0.052 Protecting memory [0x0000000315cb4000,0x0000000315cc0000] with protection modes 0
Event: 0.052 Protecting memory [0x0000000315ec0000,0x0000000315ecc000] with protection modes 0
Event: 0.055 Protecting memory [0x00000003160cc000,0x00000003160d8000] with protection modes 0
Event: 0.058 Protecting memory [0x00000003162d8000,0x00000003162e4000] with protection modes 0
Event: 0.112 Protecting memory [0x00000001057f8000,0x00000001057fc000] with protection modes 1
Event: 0.116 Protecting memory [0x00000003164e4000,0x00000003164f0000] with protection modes 0
Event: 131.917 Protecting memory [0x0000000345d04000,0x0000000345d10000] with protection modes 0
Event: 1505.458 Protecting memory [0x00000003eed64000,0x00000003eed70000] with protection modes 0
Event: 2680.997 Protecting memory [0x0000000382394000,0x00000003823a0000] with protection modes 0
Event: 2686.007 Protecting memory [0x0000000382394000,0x00000003823a0000] with protection modes 3
Event: 14326.452 Protecting memory [0x000000036b204000,0x000000036b210000] with protection modes 0

Nmethod flushes (20 events):
Event: 2808.488 Thread 0x000000010f088200 flushing  nmethod 0x0000000307b35548
Event: 2808.488 Thread 0x000000010f088200 flushing  nmethod 0x0000000307b36508
Event: 2808.488 Thread 0x000000010f088200 flushing  nmethod 0x0000000307b366c8
Event: 2808.488 Thread 0x000000010f088200 flushing  nmethod 0x0000000307b36948
Event: 2808.488 Thread 0x000000010f088200 flushing  nmethod 0x0000000307b927c8
Event: 2808.488 Thread 0x000000010f088200 flushing  nmethod 0x0000000307b95008
Event: 2808.488 Thread 0x000000010f088200 flushing  nmethod 0x0000000307b95488
Event: 2808.488 Thread 0x000000010f088200 flushing  nmethod 0x0000000307b96a48
Event: 2808.488 Thread 0x000000010f088200 flushing  nmethod 0x0000000307b98448
Event: 2808.488 Thread 0x000000010f088200 flushing  nmethod 0x0000000307baae88
Event: 2808.488 Thread 0x000000010f088200 flushing  nmethod 0x0000000307bb5b88
Event: 2808.488 Thread 0x000000010f088200 flushing  nmethod 0x0000000307bb5e48
Event: 2808.488 Thread 0x000000010f088200 flushing  nmethod 0x0000000307bb6188
Event: 2808.488 Thread 0x000000010f088200 flushing  nmethod 0x0000000307bb6708
Event: 2808.488 Thread 0x000000010f088200 flushing  nmethod 0x000000030024bbc8
Event: 2808.488 Thread 0x000000010f088200 flushing  nmethod 0x0000000300287248
Event: 2808.488 Thread 0x000000010f088200 flushing  nmethod 0x0000000300288b08
Event: 2808.488 Thread 0x000000010f088200 flushing  nmethod 0x0000000300288f48
Event: 2808.488 Thread 0x000000010f088200 flushing  nmethod 0x000000030028aa48
Event: 2808.488 Thread 0x000000010f088200 flushing  nmethod 0x000000030029a588

Events (16 events):
Event: 0.036 Thread 0x000000010ea42800 Thread added: 0x000000010ea42800
Event: 0.052 Thread 0x000000010ea42800 Thread added: 0x000000012f941200
Event: 0.052 Thread 0x000000010ea42800 Thread added: 0x000000012e013400
Event: 0.052 Thread 0x000000010ea42800 Thread added: 0x000000012e011600
Event: 0.052 Thread 0x000000010ea42800 Thread added: 0x000000012e00de00
Event: 0.052 Thread 0x000000010ea42800 Thread added: 0x000000012e00e600
Event: 0.052 Thread 0x000000010ea42800 Thread added: 0x000000012f93f600
Event: 0.052 Thread 0x000000010ea42800 Thread added: 0x000000012f94ac00
Event: 0.055 Thread 0x000000010ea42800 Thread added: 0x000000010e167600
Event: 0.058 Thread 0x000000010ea42800 Thread added: 0x000000010f1bdc00
Event: 0.116 Thread 0x000000010ea42800 Thread added: 0x000000010ea53600
Event: 131.917 Thread 0x00000003438e5200 Thread added: 0x00000003438e5200
Event: 1505.458 Thread 0x000000032f585400 Thread added: 0x000000032f585400
Event: 2680.997 Thread 0x000000012f93f600 Thread added: 0x000000012e71be00
Event: 2686.007 Thread 0x000000012e71be00 Thread exited: 0x000000012e71be00
Event: 14326.451 Thread 0x000000012e011600 Thread added: 0x000000012e70fc00


Dynamic libraries:
0x00000001060c0000 	/Library/Frameworks/Python.framework/Versions/3.12/Python
0x000000019fbce000 	/System/Library/Frameworks/CoreFoundation.framework/Versions/A/CoreFoundation
0x000000019f764000 	/usr/lib/libobjc.A.dylib
0x00000001a3962000 	/System/Library/PrivateFrameworks/CoreServicesInternal.framework/Versions/A/CoreServicesInternal
0x00000001a11bf000 	/System/Library/Frameworks/Foundation.framework/Versions/C/Foundation
0x00000001add88000 	/usr/lib/liboah.dylib
0x00000001addbd000 	/usr/lib/libfakelink.dylib
0x00000001a3398000 	/usr/lib/libicucore.A.dylib
0x00000001addbb000 	/usr/lib/libSystem.B.dylib
0x00000001addc0000 	/System/Library/PrivateFrameworks/SoftLinking.framework/Versions/A/SoftLinking
0x00000001b12fc000 	/usr/lib/swift/libswiftCore.dylib
0x000000019faff000 	/usr/lib/libc++abi.dylib
0x000000028729c000 	/usr/lib/libRosetta.dylib
0x000000019fa72000 	/usr/lib/libc++.1.dylib
0x00000001b9f63000 	/usr/lib/swift/libswiftObjectiveC.dylib
0x00000001a93ca000 	/System/Library/PrivateFrameworks/CoreAutoLayout.framework/Versions/A/CoreAutoLayout
0x00000001a0e22000 	/System/Library/Frameworks/SystemConfiguration.framework/Versions/A/SystemConfiguration
0x00000001add05000 	/usr/lib/libz.1.dylib
0x00000001adfe9000 	/usr/lib/libcompression.dylib
0x00000001a56ff000 	/System/Library/Frameworks/CFNetwork.framework/Versions/A/CFNetwork
0x00000001a888e000 	/System/Library/Frameworks/DiskArbitration.framework/Versions/A/DiskArbitration
0x00000001ade12000 	/usr/lib/libarchive.2.dylib
0x00000001a87a0000 	/usr/lib/libDiagnosticMessagesClient.dylib
0x00000001a9414000 	/usr/lib/libxml2.2.dylib
0x00000001b57e8000 	/System/Library/Frameworks/CoreServices.framework/Versions/A/CoreServices
0x00000001ac182000 	/usr/lib/liblangid.dylib
0x00000001a39e3000 	/System/Library/Frameworks/IOKit.framework/Versions/A/IOKit
0x00000001b36e3000 	/System/Library/Frameworks/Combine.framework/Versions/A/Combine
0x000000024dc76000 	/System/Library/PrivateFrameworks/CollectionsInternal.framework/Versions/A/CollectionsInternal
0x000000026db28000 	/System/Library/PrivateFrameworks/ReflectionInternal.framework/Versions/A/ReflectionInternal
0x000000026e7ff000 	/System/Library/PrivateFrameworks/RuntimeInternal.framework/Versions/A/RuntimeInternal
0x00000001c8ad3000 	/usr/lib/swift/libswiftCoreFoundation.dylib
0x00000001c5e3c000 	/usr/lib/swift/libswiftDarwin.dylib
0x00000001b72e1000 	/usr/lib/swift/libswiftDispatch.dylib
0x00000001c8b2e000 	/usr/lib/swift/libswiftIOKit.dylib
0x0000000288323000 	/usr/lib/swift/libswiftSystem.dylib
0x00000001c8ae5000 	/usr/lib/swift/libswiftXPC.dylib
0x0000000288392000 	/usr/lib/swift/libswift_Builtin_float.dylib
0x0000000288395000 	/usr/lib/swift/libswift_Concurrency.dylib
0x00000002884f4000 	/usr/lib/swift/libswift_StringProcessing.dylib
0x0000000288587000 	/usr/lib/swift/libswift_errno.dylib
0x0000000288589000 	/usr/lib/swift/libswift_math.dylib
0x000000028858c000 	/usr/lib/swift/libswift_signal.dylib
0x000000028858d000 	/usr/lib/swift/libswift_stdio.dylib
0x000000028858e000 	/usr/lib/swift/libswift_time.dylib
0x00000001b9f67000 	/usr/lib/swift/libswiftos.dylib
0x000000028858f000 	/usr/lib/swift/libswiftsys_time.dylib
0x0000000288590000 	/usr/lib/swift/libswiftunistd.dylib
0x00000001addb5000 	/usr/lib/system/libcache.dylib
0x00000001add70000 	/usr/lib/system/libcommonCrypto.dylib
0x00000001add9b000 	/usr/lib/system/libcompiler_rt.dylib
0x00000001add90000 	/usr/lib/system/libcopyfile.dylib
0x000000019f8bf000 	/usr/lib/system/libcorecrypto.dylib
0x000000019f9a6000 	/usr/lib/system/libdispatch.dylib
0x000000019fb66000 	/usr/lib/system/libdyld.dylib
0x00000001addab000 	/usr/lib/system/libkeymgr.dylib
0x00000001add53000 	/usr/lib/system/libmacho.dylib
0x00000001ad17f000 	/usr/lib/system/libquarantine.dylib
0x00000001adda8000 	/usr/lib/system/libremovefile.dylib
0x00000001a5b60000 	/usr/lib/system/libsystem_asl.dylib
0x000000019f854000 	/usr/lib/system/libsystem_blocks.dylib
0x000000019f9f0000 	/usr/lib/system/libsystem_c.dylib
0x00000001add9f000 	/usr/lib/system/libsystem_collections.dylib
0x00000001ac16f000 	/usr/lib/system/libsystem_configuration.dylib
0x00000001aaf0a000 	/usr/lib/system/libsystem_containermanager.dylib
0x00000001ad895000 	/usr/lib/system/libsystem_coreservices.dylib
0x00000001a3664000 	/usr/lib/system/libsystem_darwin.dylib
0x00000002886c7000 	/usr/lib/system/libsystem_darwindirectory.dylib
0x00000001addac000 	/usr/lib/system/libsystem_dnssd.dylib
0x00000002886cb000 	/usr/lib/system/libsystem_eligibility.dylib
0x000000019f9ed000 	/usr/lib/system/libsystem_featureflags.dylib
0x000000019fb9e000 	/usr/lib/system/libsystem_info.dylib
0x00000001add14000 	/usr/lib/system/libsystem_m.dylib
0x000000019f95e000 	/usr/lib/system/libsystem_malloc.dylib
0x00000001a5ac9000 	/usr/lib/system/libsystem_networkextension.dylib
0x00000001a3ac6000 	/usr/lib/system/libsystem_notify.dylib
0x00000001ac174000 	/usr/lib/system/libsystem_sandbox.dylib
0x00000002886d3000 	/usr/lib/system/libsystem_sanitizers.dylib
0x00000001adda4000 	/usr/lib/system/libsystem_secinit.dylib
0x000000019fb1d000 	/usr/lib/system/libsystem_kernel.dylib
0x000000019fb96000 	/usr/lib/system/libsystem_platform.dylib
0x000000019fb59000 	/usr/lib/system/libsystem_pthread.dylib
0x00000001a76bd000 	/usr/lib/system/libsystem_symptoms.dylib
0x000000019f8a3000 	/usr/lib/system/libsystem_trace.dylib
0x00000001add7e000 	/usr/lib/system/libunwind.dylib
0x000000019f858000 	/usr/lib/system/libxpc.dylib
0x00000001a2f8e000 	/System/Library/Frameworks/Security.framework/Versions/A/Security
0x00000001ad145000 	/System/Library/PrivateFrameworks/BackgroundTaskManagement.framework/Versions/A/BackgroundTaskManagement
0x00000002499fd000 	/System/Library/PrivateFrameworks/AppleKeyStore.framework/Versions/A/AppleKeyStore
0x00000002870f4000 	/usr/lib/libCoreEntitlements.dylib
0x0000000264ac8000 	/System/Library/PrivateFrameworks/MessageSecurity.framework/Versions/A/MessageSecurity
0x00000001a727e000 	/System/Library/PrivateFrameworks/ProtocolBuffer.framework/Versions/A/ProtocolBuffer
0x00000001a5ae6000 	/usr/lib/libMobileGestalt.dylib
0x00000001ad87c000 	/System/Library/PrivateFrameworks/AppleFSCompression.framework/Versions/A/AppleFSCompression
0x00000001ad1a6000 	/usr/lib/libbsm.0.dylib
0x00000001ad18e000 	/usr/lib/libcoretls.dylib
0x00000001af397000 	/usr/lib/libcoretls_cfhelpers.dylib
0x00000001adfe3000 	/usr/lib/libpam.2.dylib
0x00000001a7299000 	/usr/lib/libsqlite3.dylib
0x00000001af40b000 	/usr/lib/libxar.1.dylib
0x00000001af399000 	/System/Library/PrivateFrameworks/APFS.framework/Versions/A/APFS
0x0000000277d8b000 	/System/Library/PrivateFrameworks/SwiftASN1Internal.framework/Versions/A/SwiftASN1Internal
0x00000001af41a000 	/usr/lib/libutil.dylib
0x00000001a5ae4000 	/usr/lib/libenergytrace.dylib
0x00000001add57000 	/usr/lib/system/libkxld.dylib
0x00000001ac17d000 	/System/Library/PrivateFrameworks/AppleSystemInfo.framework/Versions/A/AppleSystemInfo
0x00000001ace7a000 	/System/Library/PrivateFrameworks/IOMobileFramebuffer.framework/Versions/A/IOMobileFramebuffer
0x00000001a76c6000 	/System/Library/Frameworks/Network.framework/Versions/A/Network
0x00000001a876f000 	/System/Library/PrivateFrameworks/CoreAnalytics.framework/Versions/A/CoreAnalytics
0x00000001c89be000 	/System/Library/PrivateFrameworks/LoggingSupport.framework/Versions/A/LoggingSupport
0x00000001b67a2000 	/System/Library/PrivateFrameworks/PowerLog.framework/Versions/A/PowerLog
0x00000001a75cf000 	/System/Library/PrivateFrameworks/RunningBoardServices.framework/Versions/A/RunningBoardServices
0x000000020653a000 	/System/Library/Frameworks/SwiftData.framework/Versions/A/SwiftData
0x00000001a5176000 	/System/Library/Frameworks/UniformTypeIdentifiers.framework/Versions/A/UniformTypeIdentifiers
0x00000001a959f000 	/System/Library/PrivateFrameworks/UserManagement.framework/Versions/A/UserManagement
0x00000001a562d000 	/usr/lib/libboringssl.dylib
0x00000001a76ac000 	/usr/lib/libdns_services.dylib
0x00000001c7b6d000 	/usr/lib/libquic.dylib
0x00000001b128b000 	/usr/lib/libusrtcp.dylib
0x00000001adfa0000 	/usr/lib/libapple_nghttp2.dylib
0x00000001ec4ae000 	/System/Library/PrivateFrameworks/InternalSwiftProtobuf.framework/Versions/A/InternalSwiftProtobuf
0x0000000288280000 	/usr/lib/swift/libswiftDistributed.dylib
0x00000002882ac000 	/usr/lib/swift/libswiftObservation.dylib
0x0000000288319000 	/usr/lib/swift/libswiftSynchronization.dylib
0x00000001a56fe000 	/usr/lib/libnetwork.dylib
0x00000001d966e000 	/System/Library/PrivateFrameworks/OSAnalytics.framework/Versions/A/OSAnalytics
0x00000001adf7b000 	/System/Library/PrivateFrameworks/AppleSauce.framework/Versions/A/AppleSauce
0x00000001b7a77000 	/System/Library/PrivateFrameworks/CoreSymbolication.framework/Versions/A/CoreSymbolication
0x00000001e8177000 	/System/Library/PrivateFrameworks/Symbolication.framework/Versions/A/Symbolication
0x00000001a938e000 	/System/Library/Frameworks/CoreServices.framework/Versions/A/Frameworks/FSEvents.framework/Versions/A/FSEvents
0x00000001a366f000 	/System/Library/Frameworks/CoreServices.framework/Versions/A/Frameworks/CarbonCore.framework/Versions/A/CarbonCore
0x00000001a8803000 	/System/Library/Frameworks/CoreServices.framework/Versions/A/Frameworks/Metadata.framework/Versions/A/Metadata
0x00000001ad89d000 	/System/Library/Frameworks/CoreServices.framework/Versions/A/Frameworks/OSServices.framework/Versions/A/OSServices
0x00000001adf0a000 	/System/Library/Frameworks/CoreServices.framework/Versions/A/Frameworks/SearchKit.framework/Versions/A/SearchKit
0x00000001a7638000 	/System/Library/Frameworks/CoreServices.framework/Versions/A/Frameworks/AE.framework/Versions/A/AE
0x00000001a010d000 	/System/Library/Frameworks/CoreServices.framework/Versions/A/Frameworks/LaunchServices.framework/Versions/A/LaunchServices
0x00000001af321000 	/System/Library/Frameworks/CoreServices.framework/Versions/A/Frameworks/DictionaryServices.framework/Versions/A/DictionaryServices
0x00000001a939c000 	/System/Library/Frameworks/CoreServices.framework/Versions/A/Frameworks/SharedFileList.framework/Versions/A/SharedFileList
0x00000001a60c2000 	/System/Library/Frameworks/CoreGraphics.framework/Versions/A/CoreGraphics
0x00000001b1fe0000 	/System/Library/Frameworks/GSS.framework/Versions/A/GSS
0x00000001af378000 	/usr/lib/liblzma.5.dylib
0x00000001a6e23000 	/System/Library/Frameworks/CoreData.framework/Versions/A/CoreData
0x00000001ad08a000 	/System/Library/PrivateFrameworks/MobileKeyBag.framework/Versions/A/MobileKeyBag
0x00000001ac17b000 	/System/Library/PrivateFrameworks/AggregateDictionary.framework/Versions/A/AggregateDictionary
0x0000000286fbf000 	/usr/lib/libAppleArchive.dylib
0x00000001ad888000 	/usr/lib/libbz2.1.0.dylib
0x00000001addf7000 	/usr/lib/libiconv.2.dylib
0x00000001add52000 	/usr/lib/libcharset.1.dylib
0x00000001a5b9b000 	/System/Library/PrivateFrameworks/SkyLight.framework/Versions/A/SkyLight
0x00000001ab355000 	/System/Library/PrivateFrameworks/FontServices.framework/libFontParser.dylib
0x00000001b5a94000 	/System/Library/Frameworks/Accelerate.framework/Versions/A/Accelerate
0x00000001aaf3b000 	/System/Library/Frameworks/IOSurface.framework/Versions/A/IOSurface
0x00000001a5b78000 	/System/Library/PrivateFrameworks/TCC.framework/Versions/A/TCC
0x00000001bcc8e000 	/System/Library/PrivateFrameworks/IOSurfaceAccelerator.framework/Versions/A/IOSurfaceAccelerator
0x00000001afe51000 	/System/Library/PrivateFrameworks/WatchdogClient.framework/Versions/A/WatchdogClient
0x00000001a2164000 	/System/Library/Frameworks/CoreDisplay.framework/Versions/A/CoreDisplay
0x00000001ab1f9000 	/System/Library/Frameworks/CoreMedia.framework/Versions/A/CoreMedia
0x00000001aaf54000 	/System/Library/PrivateFrameworks/IOAccelerator.framework/Versions/A/IOAccelerator
0x00000001aaf5e000 	/System/Library/Frameworks/Metal.framework/Versions/A/Metal
0x00000001a94fe000 	/System/Library/Frameworks/CoreVideo.framework/Versions/A/CoreVideo
0x00000001adfe1000 	/System/Library/Frameworks/MetalPerformanceShaders.framework/Versions/A/MetalPerformanceShaders
0x00000001afe53000 	/System/Library/PrivateFrameworks/MultitouchSupport.framework/Versions/A/MultitouchSupport
0x00000001a8ca7000 	/System/Library/Frameworks/QuartzCore.framework/Versions/A/QuartzCore
0x000000026ce66000 	/System/Library/PrivateFrameworks/ProDisplayLibrary.framework/Versions/A/ProDisplayLibrary
0x00000001afe99000 	/System/Library/Frameworks/VideoToolbox.framework/Versions/A/VideoToolbox
0x00000001d5698000 	/usr/lib/swift/libswiftMetal.dylib
0x00000001e4639000 	/usr/lib/swift/libswiftOSLog.dylib
0x00000001daa37000 	/usr/lib/swift/libswiftQuartzCore.dylib
0x00000001df092000 	/usr/lib/swift/libswiftUniformTypeIdentifiers.dylib
0x00000001cc387000 	/usr/lib/swift/libswiftsimd.dylib
0x00000001a74ea000 	/System/Library/PrivateFrameworks/BaseBoard.framework/Versions/A/BaseBoard
0x00000001ab985000 	/System/Library/Frameworks/ImageIO.framework/Versions/A/ImageIO
0x00000001afd1a000 	/System/Library/PrivateFrameworks/AppleJPEG.framework/Versions/A/AppleJPEG
0x00000001af7bb000 	/usr/lib/libexpat.1.dylib
0x00000001a67f3000 	/System/Library/Frameworks/ColorSync.framework/Versions/A/ColorSync
0x00000001b0346000 	/System/Library/Frameworks/ImageIO.framework/Versions/A/Resources/libPng.dylib
0x00000001b0371000 	/System/Library/Frameworks/ImageIO.framework/Versions/A/Resources/libTIFF.dylib
0x00000001b045b000 	/System/Library/Frameworks/ImageIO.framework/Versions/A/Resources/libGIF.dylib
0x00000001afd60000 	/System/Library/Frameworks/ImageIO.framework/Versions/A/Resources/libJP2.dylib
0x00000001af4cc000 	/usr/lib/libate.dylib
0x00000001b0402000 	/System/Library/Frameworks/ImageIO.framework/Versions/A/Resources/libJPEG.dylib
0x00000001b03f9000 	/System/Library/Frameworks/ImageIO.framework/Versions/A/Resources/libRadiance.dylib
0x00000001a8897000 	/System/Library/Frameworks/Accelerate.framework/Versions/A/Frameworks/vImage.framework/Versions/A/vImage
0x00000001b57c3000 	/System/Library/Frameworks/Accelerate.framework/Versions/A/Frameworks/vecLib.framework/Versions/A/vecLib
0x00000001af452000 	/System/Library/Frameworks/Accelerate.framework/Versions/A/Frameworks/vecLib.framework/Versions/A/libvMisc.dylib
0x00000001a0585000 	/System/Library/Frameworks/Accelerate.framework/Versions/A/Frameworks/vecLib.framework/Versions/A/libBLAS.dylib
0x00000001a263d000 	/System/Library/Frameworks/CoreText.framework/Versions/A/CoreText
0x0000000253ecd000 	/System/Library/PrivateFrameworks/FontServices.framework/Versions/A/FontServices
0x00000001af99f000 	/System/Library/PrivateFrameworks/OTSVG.framework/Versions/A/OTSVG
0x00000001a907b000 	/System/Library/Frameworks/ApplicationServices.framework/Versions/A/Frameworks/ATS.framework/Versions/A/Resources/libFontRegistry.dylib
0x0000000287681000 	/usr/lib/libhvf.dylib
0x0000000268d6c000 	/System/Library/PrivateFrameworks/ParsingInternal.framework/Versions/A/ParsingInternal
0x00000002882c9000 	/usr/lib/swift/libswiftRegexBuilder.dylib
0x0000000288451000 	/usr/lib/swift/libswift_RegexParser.dylib
0x0000000253ece000 	/System/Library/PrivateFrameworks/FontServices.framework/libXTFontStaticRegistryData.dylib
0x00000001abd04000 	/System/Library/Frameworks/CoreImage.framework/Versions/A/CoreImage
0x0000000253f98000 	/System/Library/PrivateFrameworks/FramePacing.framework/Versions/A/FramePacing
0x00000001bb0a6000 	/System/Library/PrivateFrameworks/ASEProcessing.framework/Versions/A/ASEProcessing
0x000000026bfd3000 	/System/Library/PrivateFrameworks/PhotosensitivityProcessing.framework/Versions/A/PhotosensitivityProcessing
0x0000000200036000 	/System/Library/Frameworks/OpenGL.framework/Versions/A/OpenGL
0x00000001af993000 	/System/Library/PrivateFrameworks/GraphVisualizer.framework/Versions/A/GraphVisualizer
0x0000000258b9c000 	/System/Library/PrivateFrameworks/GPUCompiler.framework/Versions/32023/Libraries/libllvm-flatbuffers.dylib
0x0000000200028000 	/System/Library/Frameworks/OpenGL.framework/Versions/A/Libraries/libCoreFSCache.dylib
0x0000000254b0d000 	/System/Library/PrivateFrameworks/GPUCompiler.framework/Versions/32023/Libraries/libGPUCompilerUtils.dylib
0x0000000200086000 	/System/Library/Frameworks/OpenGL.framework/Versions/A/Libraries/libGLU.dylib
0x000000020004a000 	/System/Library/Frameworks/OpenGL.framework/Versions/A/Libraries/libGFXShared.dylib
0x0000000200212000 	/System/Library/Frameworks/OpenGL.framework/Versions/A/Libraries/libGL.dylib
0x0000000200053000 	/System/Library/Frameworks/OpenGL.framework/Versions/A/Libraries/libGLImage.dylib
0x0000000200047000 	/System/Library/Frameworks/OpenGL.framework/Versions/A/Libraries/libCVMSPluginSupport.dylib
0x0000000200030000 	/System/Library/Frameworks/OpenGL.framework/Versions/A/Libraries/libCoreVMClient.dylib
0x00000001ac0bf000 	/System/Library/Frameworks/MetalPerformanceShaders.framework/Versions/A/Frameworks/MPSCore.framework/Versions/A/MPSCore
0x00000001ad7e7000 	/System/Library/Frameworks/MetalPerformanceShaders.framework/Versions/A/Frameworks/MPSImage.framework/Versions/A/MPSImage
0x00000001ad230000 	/System/Library/Frameworks/MetalPerformanceShaders.framework/Versions/A/Frameworks/MPSNeuralNetwork.framework/Versions/A/MPSNeuralNetwork
0x00000001ad667000 	/System/Library/Frameworks/MetalPerformanceShaders.framework/Versions/A/Frameworks/MPSMatrix.framework/Versions/A/MPSMatrix
0x00000001ad47c000 	/System/Library/Frameworks/MetalPerformanceShaders.framework/Versions/A/Frameworks/MPSRayIntersector.framework/Versions/A/MPSRayIntersector
0x00000001ad699000 	/System/Library/Frameworks/MetalPerformanceShaders.framework/Versions/A/Frameworks/MPSNDArray.framework/Versions/A/MPSNDArray
0x0000000203928000 	/System/Library/Frameworks/MetalPerformanceShaders.framework/Versions/A/Frameworks/MPSFunctions.framework/Versions/A/MPSFunctions
0x000000020390a000 	/System/Library/Frameworks/MetalPerformanceShaders.framework/Versions/A/Frameworks/MPSBenchmarkLoop.framework/Versions/A/MPSBenchmarkLoop
0x00000001a0400000 	/System/Library/PrivateFrameworks/MetalTools.framework/Versions/A/MetalTools
0x00000001cd730000 	/System/Library/PrivateFrameworks/IOAccelMemoryInfo.framework/Versions/A/IOAccelMemoryInfo
0x00000001dae2c000 	/System/Library/PrivateFrameworks/kperf.framework/Versions/A/kperf
0x00000001c8aae000 	/System/Library/PrivateFrameworks/GPURawCounter.framework/Versions/A/GPURawCounter
0x00000001c8a47000 	/System/Library/PrivateFrameworks/MallocStackLogging.framework/Versions/A/MallocStackLogging
0x00000001af566000 	/System/Library/PrivateFrameworks/CrashReporterSupport.framework/Versions/A/CrashReporterSupport
0x00000001b7a53000 	/System/Library/PrivateFrameworks/DebugSymbols.framework/Versions/A/DebugSymbols
0x00000001b1fcf000 	/System/Library/Frameworks/Kerberos.framework/Versions/A/Kerberos
0x00000001b1c35000 	/usr/lib/libresolv.9.dylib
0x00000001af9f1000 	/System/Library/PrivateFrameworks/Heimdal.framework/Versions/A/Heimdal
0x00000001b9eba000 	/System/Library/Frameworks/Kerberos.framework/Versions/A/Libraries/libHeimdalProxy.dylib
0x00000001af7d6000 	/usr/lib/libheimdal-asn1.dylib
0x00000001a9361000 	/System/Library/Frameworks/OpenDirectory.framework/Versions/A/OpenDirectory
0x00000001b2032000 	/System/Library/PrivateFrameworks/CommonAuth.framework/Versions/A/CommonAuth
0x00000001a936f000 	/System/Library/Frameworks/OpenDirectory.framework/Versions/A/Frameworks/CFOpenDirectory.framework/Versions/A/CFOpenDirectory
0x00000001ad0b6000 	/System/Library/Frameworks/SecurityFoundation.framework/Versions/A/SecurityFoundation
0x00000001b1967000 	/System/Library/Frameworks/AudioToolbox.framework/Versions/A/AudioToolbox
0x00000001a285c000 	/System/Library/Frameworks/CoreAudio.framework/Versions/A/CoreAudio
0x00000001b1b70000 	/usr/lib/libAudioStatistics.dylib
0x00000001ab1d1000 	/System/Library/PrivateFrameworks/caulk.framework/Versions/A/caulk
0x00000001a2285000 	/System/Library/PrivateFrameworks/AudioToolboxCore.framework/Versions/A/AudioToolboxCore
0x00000001bc1b0000 	/System/Library/Frameworks/CoreMIDI.framework/Versions/A/CoreMIDI
0x00000001b1b12000 	/System/Library/PrivateFrameworks/AudioSession.framework/Versions/A/AudioSession
0x00000001af8c0000 	/System/Library/PrivateFrameworks/MediaExperience.framework/Versions/A/MediaExperience
0x00000001f37e4000 	/System/Library/PrivateFrameworks/FeatureFlags.framework/Versions/A/FeatureFlags
0x00000001af9e0000 	/System/Library/PrivateFrameworks/AppServerSupport.framework/Versions/A/AppServerSupport
0x00000001b1fb3000 	/System/Library/PrivateFrameworks/perfdata.framework/Versions/A/perfdata
0x00000001c7c66000 	/System/Library/PrivateFrameworks/SystemPolicy.framework/Versions/A/SystemPolicy
0x00000001b1e54000 	/usr/lib/libSMC.dylib
0x00000001b0310000 	/usr/lib/libAudioToolboxUtility.dylib
0x00000001b1fc1000 	/usr/lib/libperfcheck.dylib
0x000000024a57b000 	/System/Library/PrivateFrameworks/AudioAnalytics.framework/Versions/A/AudioAnalytics
0x00000001ec275000 	/System/Library/Frameworks/OSLog.framework/Versions/A/OSLog
0x00000001c8a79000 	/usr/lib/libmis.dylib
0x00000001b1920000 	/System/Library/PrivateFrameworks/AudioSession.framework/libSessionUtility.dylib
0x00000001b0461000 	/System/Library/PrivateFrameworks/CMCaptureCore.framework/Versions/A/CMCaptureCore
0x00000001af9ea000 	/usr/lib/libspindump.dylib
0x0000000201c57000 	/System/Library/Frameworks/ExtensionFoundation.framework/Versions/A/ExtensionFoundation
0x00000001b7b84000 	/System/Library/PrivateFrameworks/CoreTime.framework/Versions/A/CoreTime
0x00000001b7646000 	/System/Library/PrivateFrameworks/BoardServices.framework/Versions/A/BoardServices
0x00000001af6ba000 	/System/Library/PrivateFrameworks/PlugInKit.framework/Versions/A/PlugInKit
0x00000001ad0a7000 	/System/Library/PrivateFrameworks/AssertionServices.framework/Versions/A/AssertionServices
0x00000001acd55000 	/System/Library/Frameworks/Accelerate.framework/Versions/A/Frameworks/vecLib.framework/Versions/A/libvDSP.dylib
0x00000001ae0bf000 	/System/Library/Frameworks/Accelerate.framework/Versions/A/Frameworks/vecLib.framework/Versions/A/libLAPACK.dylib
0x00000001ad21b000 	/System/Library/Frameworks/Accelerate.framework/Versions/A/Frameworks/vecLib.framework/Versions/A/libLinearAlgebra.dylib
0x00000001adfba000 	/System/Library/Frameworks/Accelerate.framework/Versions/A/Frameworks/vecLib.framework/Versions/A/libSparseBLAS.dylib
0x00000001ae0ba000 	/System/Library/Frameworks/Accelerate.framework/Versions/A/Frameworks/vecLib.framework/Versions/A/libQuadrature.dylib
0x00000001ac2a8000 	/System/Library/Frameworks/Accelerate.framework/Versions/A/Frameworks/vecLib.framework/Versions/A/libBNNS.dylib
0x00000001a0d26000 	/System/Library/Frameworks/Accelerate.framework/Versions/A/Frameworks/vecLib.framework/Versions/A/libSparse.dylib
0x0000000261eb7000 	/System/Library/PrivateFrameworks/MIL.framework/Versions/A/MIL
0x00000001b03f4000 	/System/Library/PrivateFrameworks/GPUWrangler.framework/Versions/A/GPUWrangler
0x00000001b03d4000 	/System/Library/PrivateFrameworks/IOPresentment.framework/Versions/A/IOPresentment
0x00000001b03fc000 	/System/Library/PrivateFrameworks/DSExternalDisplay.framework/Versions/A/DSExternalDisplay
0x00000001ec67c000 	/System/Library/PrivateFrameworks/HIDDisplay.framework/Versions/A/HIDDisplay
0x00000001c1674000 	/System/Library/PrivateFrameworks/HID.framework/Versions/A/HID
0x000000027e091000 	/System/Library/PrivateFrameworks/VideoToolboxParavirtualizationSupport.framework/Versions/A/VideoToolboxParavirtualizationSupport
0x00000001af772000 	/System/Library/PrivateFrameworks/AppleVA.framework/Versions/A/AppleVA
0x00000001b6893000 	/System/Library/PrivateFrameworks/MediaKit.framework/Versions/A/MediaKit
0x00000001b67de000 	/System/Library/Frameworks/DiscRecording.framework/Versions/A/DiscRecording
0x00000001a0c19000 	/System/Library/PrivateFrameworks/Lexicon.framework/Versions/A/Lexicon
0x00000001ad218000 	/usr/lib/libgermantok.dylib
0x00000001ac2a1000 	/System/Library/PrivateFrameworks/LinguisticData.framework/Versions/A/LinguisticData
0x00000001b1f94000 	/System/Library/PrivateFrameworks/NetAuth.framework/Versions/A/NetAuth
0x00000001a955f000 	/System/Library/PrivateFrameworks/login.framework/Versions/A/Frameworks/loginsupport.framework/Versions/A/loginsupport
0x000000024a18b000 	/System/Library/PrivateFrameworks/AppleMobileFileIntegrity.framework/Versions/A/AppleMobileFileIntegrity
0x00000002872ff000 	/usr/lib/libTLE.dylib
0x00000001fd084000 	/System/Library/PrivateFrameworks/ConfigProfileHelper.framework/Versions/A/ConfigProfileHelper
0x00000001ad1b8000 	/usr/lib/libmecab.dylib
0x00000001a0eb6000 	/usr/lib/libCRFSuite.dylib
0x00000001ac184000 	/System/Library/PrivateFrameworks/CoreNLP.framework/Versions/A/CoreNLP
0x00000001adf72000 	/usr/lib/libThaiTokenizer.dylib
0x00000001ad182000 	/usr/lib/libCheckFix.dylib
0x00000001a87a2000 	/System/Library/PrivateFrameworks/MetadataUtilities.framework/Versions/A/MetadataUtilities
0x000000025d6ec000 	/System/Library/PrivateFrameworks/InstalledContentLibrary.framework/Versions/A/InstalledContentLibrary
0x00000001a39a2000 	/System/Library/PrivateFrameworks/CoreServicesStore.framework/Versions/A/CoreServicesStore
0x00000001a93c6000 	/usr/lib/libapp_launch_measurement.dylib
0x00000001daf36000 	/System/Library/PrivateFrameworks/MobileSystemServices.framework/Versions/A/MobileSystemServices
0x00000001af41e000 	/usr/lib/libxslt.1.dylib
0x00000001b945c000 	/System/Library/PrivateFrameworks/DiskImages.framework/Versions/A/DiskImages
0x00000001c5965000 	/System/Library/Frameworks/NetFS.framework/Versions/A/NetFS
0x00000001b961a000 	/usr/lib/libcurl.4.dylib
0x0000000287533000 	/usr/lib/libcrypto.46.dylib
0x000000028805d000 	/usr/lib/libssl.48.dylib
0x00000001b92f2000 	/System/Library/Frameworks/LDAP.framework/Versions/A/LDAP
0x00000001b932e000 	/System/Library/PrivateFrameworks/TrustEvaluationAgent.framework/Versions/A/TrustEvaluationAgent
0x00000001b1c52000 	/usr/lib/libsasl2.2.dylib
0x0000000104fdc000 	/Library/Frameworks/Python.framework/Versions/3.12/lib/python3.12/lib-dynload/math.cpython-312-darwin.so
0x0000000105100000 	/Library/Frameworks/Python.framework/Versions/3.12/lib/python3.12/lib-dynload/_json.cpython-312-darwin.so
0x00000001052a4000 	/Library/Frameworks/Python.framework/Versions/3.12/lib/python3.12/lib-dynload/fcntl.cpython-312-darwin.so
0x00000001052b8000 	/Library/Frameworks/Python.framework/Versions/3.12/lib/python3.12/lib-dynload/_posixsubprocess.cpython-312-darwin.so
0x000000010527c000 	/Library/Frameworks/Python.framework/Versions/3.12/lib/python3.12/lib-dynload/select.cpython-312-darwin.so
0x000000010543c000 	/Users/anniewang/Desktop/MLLM-interpretability/MLLM-interpretability/.venv/lib/python3.12/site-packages/zmq/backend/cython/_zmq.abi3.so
0x0000000106840000 	/Users/anniewang/Desktop/MLLM-interpretability/MLLM-interpretability/.venv/lib/python3.12/site-packages/zmq/.dylibs/libzmq.5.dylib
0x00000001053cc000 	/Users/anniewang/Desktop/MLLM-interpretability/MLLM-interpretability/.venv/lib/python3.12/site-packages/zmq/.dylibs/libsodium.26.dylib
0x000000010549c000 	/Library/Frameworks/Python.framework/Versions/3.12/lib/python3.12/lib-dynload/_opcode.cpython-312-darwin.so
0x0000000105474000 	/Library/Frameworks/Python.framework/Versions/3.12/lib/python3.12/lib-dynload/_struct.cpython-312-darwin.so
0x0000000105614000 	/Library/Frameworks/Python.framework/Versions/3.12/lib/python3.12/lib-dynload/_pickle.cpython-312-darwin.so
0x00000001055d8000 	/Library/Frameworks/Python.framework/Versions/3.12/lib/python3.12/lib-dynload/_bisect.cpython-312-darwin.so
0x00000001055ec000 	/Library/Frameworks/Python.framework/Versions/3.12/lib/python3.12/lib-dynload/_random.cpython-312-darwin.so
0x00000001055b0000 	/Library/Frameworks/Python.framework/Versions/3.12/lib/python3.12/lib-dynload/_sha2.cpython-312-darwin.so
0x0000000105600000 	/Library/Frameworks/Python.framework/Versions/3.12/lib/python3.12/lib-dynload/_heapq.cpython-312-darwin.so
0x000000010578c000 	/Library/Frameworks/Python.framework/Versions/3.12/lib/python3.12/lib-dynload/_socket.cpython-312-darwin.so
0x00000001057b0000 	/Library/Frameworks/Python.framework/Versions/3.12/lib/python3.12/lib-dynload/array.cpython-312-darwin.so
0x0000000105744000 	/Library/Frameworks/Python.framework/Versions/3.12/lib/python3.12/lib-dynload/_ssl.cpython-312-darwin.so
0x0000000106000000 	/Library/Frameworks/Python.framework/Versions/3.12/lib/libssl.3.dylib
0x0000000107168000 	/Library/Frameworks/Python.framework/Versions/3.12/lib/libcrypto.3.dylib
0x000000010609c000 	/Library/Frameworks/Python.framework/Versions/3.12/lib/python3.12/lib-dynload/binascii.cpython-312-darwin.so
0x00000001069e0000 	/Library/Frameworks/Python.framework/Versions/3.12/lib/python3.12/lib-dynload/_contextvars.cpython-312-darwin.so
0x00000001057d0000 	/Library/Frameworks/Python.framework/Versions/3.12/lib/python3.12/lib-dynload/_asyncio.cpython-312-darwin.so
0x0000000106c1c000 	/Library/Frameworks/Python.framework/Versions/3.12/lib/python3.12/lib-dynload/_queue.cpython-312-darwin.so
0x0000000106bf4000 	/Library/Frameworks/Python.framework/Versions/3.12/lib/python3.12/lib-dynload/_hashlib.cpython-312-darwin.so
0x0000000106c60000 	/Library/Frameworks/Python.framework/Versions/3.12/lib/python3.12/lib-dynload/_blake2.cpython-312-darwin.so
0x0000000106c30000 	/Library/Frameworks/Python.framework/Versions/3.12/lib/python3.12/lib-dynload/_datetime.cpython-312-darwin.so
0x0000000106db0000 	/Library/Frameworks/Python.framework/Versions/3.12/lib/python3.12/lib-dynload/zlib.cpython-312-darwin.so
0x00000001055c8000 	/Users/anniewang/Desktop/MLLM-interpretability/MLLM-interpretability/.venv/lib/python3.12/site-packages/tornado/speedups.abi3.so
0x0000000106d78000 	/Library/Frameworks/Python.framework/Versions/3.12/lib/python3.12/lib-dynload/_curses.cpython-312-darwin.so
0x00000001cd6f3000 	/usr/lib/libncurses.5.4.dylib
0x0000000106f98000 	/Library/Frameworks/Python.framework/Versions/3.12/lib/python3.12/lib-dynload/_decimal.cpython-312-darwin.so
0x0000000106ef4000 	/Library/Frameworks/Python.framework/Versions/3.12/lib/python3.12/lib-dynload/termios.cpython-312-darwin.so
0x0000000106f08000 	/Library/Frameworks/Python.framework/Versions/3.12/lib/python3.12/lib-dynload/_bz2.cpython-312-darwin.so
0x0000000106f1c000 	/Library/Frameworks/Python.framework/Versions/3.12/lib/python3.12/lib-dynload/_lzma.cpython-312-darwin.so
0x0000000106f64000 	/Library/Frameworks/Python.framework/Versions/3.12/lib/python3.12/lib-dynload/_uuid.cpython-312-darwin.so
0x0000000106ecc000 	/Library/Frameworks/Python.framework/Versions/3.12/lib/python3.12/lib-dynload/_csv.cpython-312-darwin.so
0x0000000106f78000 	/Library/Frameworks/Python.framework/Versions/3.12/lib/python3.12/lib-dynload/resource.cpython-312-darwin.so
0x0000000107d78000 	/Library/Frameworks/Python.framework/Versions/3.12/lib/python3.12/lib-dynload/_sqlite3.cpython-312-darwin.so
0x00000001070fc000 	/Library/Frameworks/Python.framework/Versions/3.12/lib/python3.12/lib-dynload/pyexpat.cpython-312-darwin.so
0x0000000108448000 	/Library/Frameworks/Python.framework/Versions/3.12/lib/python3.12/lib-dynload/unicodedata.cpython-312-darwin.so
0x0000000107144000 	/Library/Frameworks/Python.framework/Versions/3.12/lib/python3.12/lib-dynload/_scproxy.cpython-312-darwin.so
0x00000001079dc000 	/Library/Frameworks/Python.framework/Versions/3.12/lib/python3.12/lib-dynload/_lsprof.cpython-312-darwin.so
0x0000000107d18000 	/Users/anniewang/Desktop/MLLM-interpretability/MLLM-interpretability/.venv/lib/python3.12/site-packages/psutil/_psutil_osx.abi3.so
0x0000000106ee4000 	/Users/anniewang/Desktop/MLLM-interpretability/MLLM-interpretability/.venv/lib/python3.12/site-packages/psutil/_psutil_posix.abi3.so
0x0000000107d30000 	/Library/Frameworks/Python.framework/Versions/3.12/lib/python3.12/lib-dynload/_ctypes.cpython-312-darwin.so
0x00000001b22ff000 	/usr/lib/libffi.dylib
0x0000000108e34000 	/Users/anniewang/Desktop/MLLM-interpretability/MLLM-interpretability/.venv/lib/python3.12/site-packages/debugpy/_vendored/pydevd/_pydevd_bundle/pydevd_cython.cpython-312-darwin.so
0x000000010856c000 	/Users/anniewang/Desktop/MLLM-interpretability/MLLM-interpretability/.venv/lib/python3.12/site-packages/debugpy/_vendored/pydevd/_pydevd_sys_monitoring/_pydevd_sys_monitoring_cython.cpython-312-darwin.so
0x000000010bbe0000 	/Users/anniewang/Desktop/MLLM-interpretability/MLLM-interpretability/.venv/lib/python3.12/site-packages/sudachipy/sudachipy.cpython-312-darwin.so
0x000000010b460000 	/Users/anniewang/Desktop/MLLM-interpretability/MLLM-interpretability/.venv/lib/python3.12/site-packages/yaml/_yaml.cpython-312-darwin.so
0x0000000107d00000 	/Library/Frameworks/Python.framework/Versions/3.12/lib/python3.12/lib-dynload/grp.cpython-312-darwin.so
0x000000010b6f4000 	/Users/anniewang/Desktop/MLLM-interpretability/MLLM-interpretability/.venv/lib/python3.12/site-packages/_jpype.cpython-312-darwin.so
0x0000000107ed8000 	/Library/Java/JavaVirtualMachines/temurin-25.jdk/Contents/Home/lib/libjli.dylib
0x00000001bc383000 	/System/Library/Frameworks/Cocoa.framework/Versions/A/Cocoa
0x00000001a3b33000 	/System/Library/Frameworks/AppKit.framework/Versions/C/AppKit
0x000000024dc52000 	/System/Library/PrivateFrameworks/CollectionViewCore.framework/Versions/A/CollectionViewCore
0x00000001ab944000 	/System/Library/PrivateFrameworks/XCTTargetBootstrap.framework/Versions/A/XCTTargetBootstrap
0x00000001b08de000 	/System/Library/PrivateFrameworks/UserActivity.framework/Versions/A/UserActivity
0x000000027c5dc000 	/System/Library/PrivateFrameworks/UIIntelligenceSupport.framework/Versions/A/UIIntelligenceSupport
0x0000000206675000 	/System/Library/Frameworks/SwiftUICore.framework/Versions/A/SwiftUICore
0x0000000281662000 	/System/Library/PrivateFrameworks/WritingTools.framework/Versions/A/WritingTools
0x00000002806a6000 	/System/Library/PrivateFrameworks/WindowManagement.framework/Versions/A/WindowManagement
0x00000001ab92f000 	/System/Library/PrivateFrameworks/DFRFoundation.framework/Versions/A/DFRFoundation
0x00000001ab628000 	/System/Library/Frameworks/Carbon.framework/Versions/A/Frameworks/HIToolbox.framework/Versions/A/HIToolbox
0x00000001b53f1000 	/System/Library/Frameworks/Carbon.framework/Versions/A/Frameworks/SpeechRecognition.framework/Versions/A/SpeechRecognition
0x00000001c09d4000 	/System/Library/PrivateFrameworks/RenderBox.framework/Versions/A/RenderBox
0x00000001a9357000 	/System/Library/PrivateFrameworks/PerformanceAnalysis.framework/Versions/A/PerformanceAnalysis
0x00000001b5769000 	/System/Library/Frameworks/Accessibility.framework/Versions/A/Accessibility
0x0000000201b07000 	/System/Library/Frameworks/DataDetection.framework/Versions/A/DataDetection
0x0000000201b0a000 	/System/Library/Frameworks/DeveloperToolsSupport.framework/Versions/A/DeveloperToolsSupport
0x0000000207238000 	/System/Library/Frameworks/Symbols.framework/Versions/A/Symbols
0x000000028827f000 	/usr/lib/swift/libswiftDataDetection.dylib
0x00000001c5e3b000 	/usr/lib/swift/libswiftCoreGraphics.dylib
0x00000001b6113000 	/usr/lib/swift/libswiftFoundation.dylib
0x00000001fcb0e000 	/usr/lib/swift/libswiftSwiftOnoneSupport.dylib
0x00000001e8928000 	/System/Library/PrivateFrameworks/CoreMaterial.framework/Versions/A/CoreMaterial
0x000000026e8f6000 	/System/Library/PrivateFrameworks/SFSymbols.framework/Versions/A/SFSymbols
0x00000001b53de000 	/System/Library/PrivateFrameworks/SpeechRecognitionCore.framework/Versions/A/SpeechRecognitionCore
0x00000001b0587000 	/System/Library/PrivateFrameworks/InternationalSupport.framework/Versions/A/InternationalSupport
0x00000001b99a9000 	/System/Library/Frameworks/ApplicationServices.framework/Versions/A/ApplicationServices
0x00000001b1bb7000 	/System/Library/Frameworks/ApplicationServices.framework/Versions/A/Frameworks/ATS.framework/Versions/A/ATS
0x00000001a69a9000 	/System/Library/Frameworks/ApplicationServices.framework/Versions/A/Frameworks/HIServices.framework/Versions/A/HIServices
0x00000001b0470000 	/System/Library/Frameworks/ApplicationServices.framework/Versions/A/Frameworks/PrintCore.framework/Versions/A/PrintCore
0x00000001b1faa000 	/System/Library/Frameworks/ApplicationServices.framework/Versions/A/Frameworks/QD.framework/Versions/A/QD
0x00000001b1fa1000 	/System/Library/Frameworks/ApplicationServices.framework/Versions/A/Frameworks/ColorSyncLegacy.framework/Versions/A/ColorSyncLegacy
0x00000001b1b89000 	/System/Library/Frameworks/ApplicationServices.framework/Versions/A/Frameworks/SpeechSynthesis.framework/Versions/A/SpeechSynthesis
0x00000001ace47000 	/System/Library/PrivateFrameworks/CoreEmoji.framework/Versions/A/CoreEmoji
0x00000001b042d000 	/System/Library/Frameworks/ApplicationServices.framework/Versions/A/Frameworks/ATSUI.framework/Versions/A/ATSUI
0x00000001b1f35000 	/usr/lib/libcups.2.dylib
0x00000002005ae000 	/System/Library/Frameworks/AVFAudio.framework/Versions/A/AVFAudio
0x00000001c239a000 	/System/Library/PrivateFrameworks/AXCoreUtilities.framework/Versions/A/AXCoreUtilities
0x0000000260740000 	/System/Library/PrivateFrameworks/IsolatedCoreAudioClient.framework/Versions/A/IsolatedCoreAudioClient
0x00000001b344b000 	/System/Library/Frameworks/IOBluetooth.framework/Versions/A/IOBluetooth
0x000000027a84f000 	/System/Library/PrivateFrameworks/Tightbeam.framework/Versions/A/Tightbeam
0x000000024e733000 	/System/Library/PrivateFrameworks/CoreAudioOrchestration.framework/Versions/A/CoreAudioOrchestration
0x00000001df764000 	/System/Library/PrivateFrameworks/AFKUser.framework/Versions/A/AFKUser
0x00000001c8ab2000 	/usr/lib/swift/libswiftCoreAudio.dylib
0x00000001b66ab000 	/System/Library/Frameworks/CoreBluetooth.framework/Versions/A/CoreBluetooth
0x00000001b9ebb000 	/System/Library/Frameworks/AudioUnit.framework/Versions/A/AudioUnit
0x00000001acf0b000 	/System/Library/PrivateFrameworks/CoreUtils.framework/Versions/A/CoreUtils
0x00000002516e6000 	/System/Library/PrivateFrameworks/CoreUtilsExtras.framework/Versions/A/CoreUtilsExtras
0x000000025ce08000 	/System/Library/PrivateFrameworks/IO80211.framework/Versions/A/IO80211
0x00000001b5ae4000 	/System/Library/Frameworks/MediaAccessibility.framework/Versions/A/MediaAccessibility
0x00000001d10d0000 	/System/Library/PrivateFrameworks/AttributeGraph.framework/Versions/A/AttributeGraph
0x0000000286f3d000 	/usr/lib/libAXSafeCategoryBundle.dylib
0x00000001c2456000 	/usr/lib/libAccessibility.dylib
0x00000001b21a5000 	/System/Library/PrivateFrameworks/CorePhoneNumbers.framework/Versions/A/CorePhoneNumbers
0x00000001b7579000 	/System/Library/PrivateFrameworks/FrontBoardServices.framework/Versions/A/FrontBoardServices
0x00000001b9296000 	/System/Library/PrivateFrameworks/BackBoardServices.framework/Versions/A/BackBoardServices
0x00000001b76f3000 	/System/Library/PrivateFrameworks/GraphicsServices.framework/Versions/A/GraphicsServices
0x0000000201582000 	/System/Library/Frameworks/CoreTransferable.framework/Versions/A/CoreTransferable
0x00000001af82d000 	/System/Library/PrivateFrameworks/IconServices.framework/Versions/A/IconServices
0x00000001c8b2d000 	/usr/lib/swift/libswiftCoreImage.dylib
0x00000001af7e0000 	/System/Library/PrivateFrameworks/IconFoundation.framework/Versions/A/IconFoundation
0x00000001a90cd000 	/System/Library/PrivateFrameworks/CoreUI.framework/Versions/A/CoreUI
0x00000001b04e7000 	/System/Library/PrivateFrameworks/TextureIO.framework/Versions/A/TextureIO
0x00000001ab94a000 	/System/Library/PrivateFrameworks/CoreSVG.framework/Versions/A/CoreSVG
0x00000001df0a1000 	/usr/lib/swift/libswiftAccelerate.dylib
0x00000001af55d000 	/usr/lib/libIOReport.dylib
0x00000001b088f000 	/System/Library/PrivateFrameworks/DataDetectorsCore.framework/Versions/A/DataDetectorsCore
0x00000001cc430000 	/System/Library/PrivateFrameworks/TextInput.framework/Versions/A/TextInput
0x00000001a4fc4000 	/System/Library/PrivateFrameworks/UIFoundation.framework/Versions/A/UIFoundation
0x000000011bbd4000 	/Library/Java/JavaVirtualMachines/temurin-25.jdk/Contents/Home/lib/server/libjvm.dylib
0x0000000107eb0000 	/Library/Java/JavaVirtualMachines/temurin-25.jdk/Contents/Home/lib/libjimage.dylib
0x0000000108ecc000 	/Library/Java/JavaVirtualMachines/temurin-25.jdk/Contents/Home/lib/libjava.dylib
0x000000010b6c0000 	/Library/Java/JavaVirtualMachines/temurin-25.jdk/Contents/Home/lib/libnio.dylib
0x0000000108e00000 	/Library/Java/JavaVirtualMachines/temurin-25.jdk/Contents/Home/lib/libnet.dylib
0x000000010bb64000 	/Library/Java/JavaVirtualMachines/temurin-25.jdk/Contents/Home/lib/libzip.dylib
0x000000010b444000 	/Library/Java/JavaVirtualMachines/temurin-25.jdk/Contents/Home/lib/libverify.dylib
0x00000001085e4000 	/Library/Frameworks/Python.framework/Versions/3.12/lib/python3.12/lib-dynload/_zoneinfo.cpython-312-darwin.so
0x000000031903c000 	/Users/anniewang/Desktop/MLLM-interpretability/MLLM-interpretability/.venv/lib/python3.12/site-packages/pydantic_core/_pydantic_core.cpython-312-darwin.so
0x000000010bb3c000 	/Library/Frameworks/Python.framework/Versions/3.12/lib/python3.12/lib-dynload/_elementtree.cpython-312-darwin.so
0x000000017ff08000 	/Users/anniewang/Desktop/MLLM-interpretability/MLLM-interpretability/.venv/lib/python3.12/site-packages/PIL/_imaging.cpython-312-darwin.so
0x0000000317734000 	/Users/anniewang/Desktop/MLLM-interpretability/MLLM-interpretability/.venv/lib/python3.12/site-packages/PIL/.dylibs/libtiff.6.dylib
0x0000000318d34000 	/Users/anniewang/Desktop/MLLM-interpretability/MLLM-interpretability/.venv/lib/python3.12/site-packages/PIL/.dylibs/libjpeg.62.4.0.dylib
0x0000000318dd4000 	/Users/anniewang/Desktop/MLLM-interpretability/MLLM-interpretability/.venv/lib/python3.12/site-packages/PIL/.dylibs/libopenjp2.2.5.4.dylib
0x000000011bb50000 	/Users/anniewang/Desktop/MLLM-interpretability/MLLM-interpretability/.venv/lib/python3.12/site-packages/PIL/.dylibs/libz.1.3.1.zlib-ng.dylib
0x000000011bb7c000 	/Users/anniewang/Desktop/MLLM-interpretability/MLLM-interpretability/.venv/lib/python3.12/site-packages/PIL/.dylibs/libxcb.1.1.0.dylib
0x0000000169fbc000 	/Users/anniewang/Desktop/MLLM-interpretability/MLLM-interpretability/.venv/lib/python3.12/site-packages/PIL/.dylibs/liblzma.5.dylib
0x000000010b6e0000 	/Users/anniewang/Desktop/MLLM-interpretability/MLLM-interpretability/.venv/lib/python3.12/site-packages/PIL/.dylibs/libXau.6.dylib
0x000000010bbac000 	/Users/anniewang/Desktop/MLLM-interpretability/MLLM-interpretability/.venv/lib/python3.12/site-packages/multidict/_multidict.cpython-312-darwin.so
0x000000016a038000 	/Users/anniewang/Desktop/MLLM-interpretability/MLLM-interpretability/.venv/lib/python3.12/site-packages/yarl/_quoting_c.cpython-312-darwin.so
0x000000016a064000 	/Users/anniewang/Desktop/MLLM-interpretability/MLLM-interpretability/.venv/lib/python3.12/site-packages/propcache/_helpers_c.cpython-312-darwin.so
0x000000016a00c000 	/Users/anniewang/Desktop/MLLM-interpretability/MLLM-interpretability/.venv/lib/python3.12/site-packages/aiohttp/_http_writer.cpython-312-darwin.so
0x0000000318fb8000 	/Users/anniewang/Desktop/MLLM-interpretability/MLLM-interpretability/.venv/lib/python3.12/site-packages/aiohttp/_http_parser.cpython-312-darwin.so
0x000000010bb8c000 	/Users/anniewang/Desktop/MLLM-interpretability/MLLM-interpretability/.venv/lib/python3.12/site-packages/aiohttp/_websocket/mask.cpython-312-darwin.so
0x0000000319444000 	/Users/anniewang/Desktop/MLLM-interpretability/MLLM-interpretability/.venv/lib/python3.12/site-packages/aiohttp/_websocket/reader_c.cpython-312-darwin.so
0x000000017ffb8000 	/Users/anniewang/Desktop/MLLM-interpretability/MLLM-interpretability/.venv/lib/python3.12/site-packages/frozenlist/_frozenlist.cpython-312-darwin.so
0x00000001079f0000 	/Users/anniewang/Desktop/MLLM-interpretability/MLLM-interpretability/.venv/lib/python3.12/site-packages/websockets/speedups.cpython-312-darwin.so
0x0000000107158000 	/Users/anniewang/Desktop/MLLM-interpretability/MLLM-interpretability/.venv/lib/python3.12/site-packages/charset_normalizer/md.cpython-312-darwin.so
0x000000031a600000 	/Users/anniewang/Desktop/MLLM-interpretability/MLLM-interpretability/.venv/lib/python3.12/site-packages/charset_normalizer/md__mypyc.cpython-312-darwin.so
0x000000017ff94000 	/Library/Frameworks/Python.framework/Versions/3.12/lib/python3.12/lib-dynload/_multibytecodec.cpython-312-darwin.so
0x000000031bb4c000 	/Users/anniewang/Desktop/MLLM-interpretability/MLLM-interpretability/.venv/lib/python3.12/site-packages/cryptography/hazmat/bindings/_rust.abi3.so
0x00000003195bc000 	/Users/anniewang/Desktop/MLLM-interpretability/MLLM-interpretability/.venv/lib/python3.12/site-packages/_cffi_backend.cpython-312-darwin.so
0x000000031b44c000 	/Users/anniewang/Desktop/MLLM-interpretability/MLLM-interpretability/.venv/lib/python3.12/site-packages/numpy/_core/_multiarray_umath.cpython-312-darwin.so
0x0000000319584000 	/Users/anniewang/Desktop/MLLM-interpretability/MLLM-interpretability/.venv/lib/python3.12/site-packages/numpy/linalg/_umath_linalg.cpython-312-darwin.so
0x000000031c89c000 	/Users/anniewang/Desktop/MLLM-interpretability/MLLM-interpretability/.venv/lib/python3.12/site-packages/pyarrow/lib.cpython-312-darwin.so
0x000000031c4d8000 	/Users/anniewang/Desktop/MLLM-interpretability/MLLM-interpretability/.venv/lib/python3.12/site-packages/pyarrow/libarrow_python.2200.dylib
0x000000031d0fc000 	/Users/anniewang/Desktop/MLLM-interpretability/MLLM-interpretability/.venv/lib/python3.12/site-packages/pyarrow/libarrow_substrait.2200.dylib
0x000000031d590000 	/Users/anniewang/Desktop/MLLM-interpretability/MLLM-interpretability/.venv/lib/python3.12/site-packages/pyarrow/libarrow_dataset.2200.dylib
0x000000031d81c000 	/Users/anniewang/Desktop/MLLM-interpretability/MLLM-interpretability/.venv/lib/python3.12/site-packages/pyarrow/libparquet.2200.dylib
0x000000031cc6c000 	/Users/anniewang/Desktop/MLLM-interpretability/MLLM-interpretability/.venv/lib/python3.12/site-packages/pyarrow/libarrow_acero.2200.dylib
0x000000031eb50000 	/Users/anniewang/Desktop/MLLM-interpretability/MLLM-interpretability/.venv/lib/python3.12/site-packages/pyarrow/libarrow_compute.2200.dylib
0x0000000322398000 	/Users/anniewang/Desktop/MLLM-interpretability/MLLM-interpretability/.venv/lib/python3.12/site-packages/pyarrow/libarrow.2200.dylib
0x000000031a78c000 	/Users/anniewang/Desktop/MLLM-interpretability/MLLM-interpretability/.venv/lib/python3.12/site-packages/numpy/random/_bounded_integers.cpython-312-darwin.so
0x000000031a740000 	/Users/anniewang/Desktop/MLLM-interpretability/MLLM-interpretability/.venv/lib/python3.12/site-packages/numpy/random/bit_generator.cpython-312-darwin.so
0x000000031b7b0000 	/Users/anniewang/Desktop/MLLM-interpretability/MLLM-interpretability/.venv/lib/python3.12/site-packages/numpy/random/_common.cpython-312-darwin.so
0x000000031c6b4000 	/Users/anniewang/Desktop/MLLM-interpretability/MLLM-interpretability/.venv/lib/python3.12/site-packages/numpy/random/_generator.cpython-312-darwin.so
0x0000000317a00000 	/Users/anniewang/Desktop/MLLM-interpretability/MLLM-interpretability/.venv/lib/python3.12/site-packages/numpy/random/_pcg64.cpython-312-darwin.so
0x000000031a7d8000 	/Users/anniewang/Desktop/MLLM-interpretability/MLLM-interpretability/.venv/lib/python3.12/site-packages/numpy/random/_mt19937.cpython-312-darwin.so
0x0000000318e78000 	/Users/anniewang/Desktop/MLLM-interpretability/MLLM-interpretability/.venv/lib/python3.12/site-packages/numpy/random/_philox.cpython-312-darwin.so
0x000000017ffdc000 	/Users/anniewang/Desktop/MLLM-interpretability/MLLM-interpretability/.venv/lib/python3.12/site-packages/numpy/random/_sfc64.cpython-312-darwin.so
0x000000031baa4000 	/Users/anniewang/Desktop/MLLM-interpretability/MLLM-interpretability/.venv/lib/python3.12/site-packages/numpy/random/mtrand.cpython-312-darwin.so
0x000000010bbcc000 	/Users/anniewang/Desktop/MLLM-interpretability/MLLM-interpretability/.venv/lib/python3.12/site-packages/pandas/_libs/pandas_parser.cpython-312-darwin.so
0x000000011bbc0000 	/Users/anniewang/Desktop/MLLM-interpretability/MLLM-interpretability/.venv/lib/python3.12/site-packages/pandas/_libs/pandas_datetime.cpython-312-darwin.so
0x000000031ce7c000 	/Users/anniewang/Desktop/MLLM-interpretability/MLLM-interpretability/.venv/lib/python3.12/site-packages/pandas/_libs/interval.cpython-312-darwin.so
0x000000031e24c000 	/Users/anniewang/Desktop/MLLM-interpretability/MLLM-interpretability/.venv/lib/python3.12/site-packages/pandas/_libs/hashtable.cpython-312-darwin.so
0x000000031ba00000 	/Users/anniewang/Desktop/MLLM-interpretability/MLLM-interpretability/.venv/lib/python3.12/site-packages/pandas/_libs/missing.cpython-312-darwin.so
0x000000031ba30000 	/Users/anniewang/Desktop/MLLM-interpretability/MLLM-interpretability/.venv/lib/python3.12/site-packages/pandas/_libs/tslibs/dtypes.cpython-312-darwin.so
0x000000031b41c000 	/Users/anniewang/Desktop/MLLM-interpretability/MLLM-interpretability/.venv/lib/python3.12/site-packages/pandas/_libs/tslibs/ccalendar.cpython-312-darwin.so
0x000000031cf80000 	/Users/anniewang/Desktop/MLLM-interpretability/MLLM-interpretability/.venv/lib/python3.12/site-packages/pandas/_libs/tslibs/np_datetime.cpython-312-darwin.so
0x000000031cfec000 	/Users/anniewang/Desktop/MLLM-interpretability/MLLM-interpretability/.venv/lib/python3.12/site-packages/pandas/_libs/tslibs/conversion.cpython-312-darwin.so
0x0000000319024000 	/Users/anniewang/Desktop/MLLM-interpretability/MLLM-interpretability/.venv/lib/python3.12/site-packages/pandas/_libs/tslibs/base.cpython-312-darwin.so
0x000000031e3fc000 	/Users/anniewang/Desktop/MLLM-interpretability/MLLM-interpretability/.venv/lib/python3.12/site-packages/pandas/_libs/tslibs/offsets.cpython-312-darwin.so
0x000000031e0a0000 	/Users/anniewang/Desktop/MLLM-interpretability/MLLM-interpretability/.venv/lib/python3.12/site-packages/pandas/_libs/tslibs/timestamps.cpython-312-darwin.so
0x000000031cfa8000 	/Users/anniewang/Desktop/MLLM-interpretability/MLLM-interpretability/.venv/lib/python3.12/site-packages/pandas/_libs/tslibs/nattype.cpython-312-darwin.so
0x000000031e12c000 	/Users/anniewang/Desktop/MLLM-interpretability/MLLM-interpretability/.venv/lib/python3.12/site-packages/pandas/_libs/tslibs/timedeltas.cpython-312-darwin.so
0x000000031d030000 	/Users/anniewang/Desktop/MLLM-interpretability/MLLM-interpretability/.venv/lib/python3.12/site-packages/pandas/_libs/tslibs/timezones.cpython-312-darwin.so
0x000000031e1a8000 	/Users/anniewang/Desktop/MLLM-interpretability/MLLM-interpretability/.venv/lib/python3.12/site-packages/pandas/_libs/tslibs/fields.cpython-312-darwin.so
0x000000031d0b4000 	/Users/anniewang/Desktop/MLLM-interpretability/MLLM-interpretability/.venv/lib/python3.12/site-packages/pandas/_libs/tslibs/tzconversion.cpython-312-darwin.so
0x000000031ba64000 	/Users/anniewang/Desktop/MLLM-interpretability/MLLM-interpretability/.venv/lib/python3.12/site-packages/pandas/_libs/properties.cpython-312-darwin.so
0x000000031e4e0000 	/Users/anniewang/Desktop/MLLM-interpretability/MLLM-interpretability/.venv/lib/python3.12/site-packages/pandas/_libs/tslibs/parsing.cpython-312-darwin.so
0x000000031e538000 	/Users/anniewang/Desktop/MLLM-interpretability/MLLM-interpretability/.venv/lib/python3.12/site-packages/pandas/_libs/tslibs/strptime.cpython-312-darwin.so
0x000000031e66c000 	/Users/anniewang/Desktop/MLLM-interpretability/MLLM-interpretability/.venv/lib/python3.12/site-packages/pandas/_libs/tslibs/period.cpython-312-darwin.so
0x000000031e1f0000 	/Users/anniewang/Desktop/MLLM-interpretability/MLLM-interpretability/.venv/lib/python3.12/site-packages/pandas/_libs/tslibs/vectorized.cpython-312-darwin.so
0x000000011ddec000 	/Users/anniewang/Desktop/MLLM-interpretability/MLLM-interpretability/.venv/lib/python3.12/site-packages/pandas/_libs/ops_dispatch.cpython-312-darwin.so
0x000000031e864000 	/Users/anniewang/Desktop/MLLM-interpretability/MLLM-interpretability/.venv/lib/python3.12/site-packages/pandas/_libs/algos.cpython-312-darwin.so
0x000000031eaa0000 	/Users/anniewang/Desktop/MLLM-interpretability/MLLM-interpretability/.venv/lib/python3.12/site-packages/pandas/_libs/lib.cpython-312-darwin.so
0x000000031fe28000 	/Users/anniewang/Desktop/MLLM-interpretability/MLLM-interpretability/.venv/lib/python3.12/site-packages/pyarrow/_compute.cpython-312-darwin.so
0x000000031e588000 	/Users/anniewang/Desktop/MLLM-interpretability/MLLM-interpretability/.venv/lib/python3.12/site-packages/pandas/_libs/ops.cpython-312-darwin.so
0x000000031e600000 	/Users/anniewang/Desktop/MLLM-interpretability/MLLM-interpretability/.venv/lib/python3.12/site-packages/pandas/_libs/hashing.cpython-312-darwin.so
0x000000031d070000 	/Users/anniewang/Desktop/MLLM-interpretability/MLLM-interpretability/.venv/lib/python3.12/site-packages/pandas/_libs/arrays.cpython-312-darwin.so
0x000000031e9f4000 	/Users/anniewang/Desktop/MLLM-interpretability/MLLM-interpretability/.venv/lib/python3.12/site-packages/pandas/_libs/tslib.cpython-312-darwin.so
0x0000000320254000 	/Users/anniewang/Desktop/MLLM-interpretability/MLLM-interpretability/.venv/lib/python3.12/site-packages/pandas/_libs/sparse.cpython-312-darwin.so
0x000000031ea3c000 	/Users/anniewang/Desktop/MLLM-interpretability/MLLM-interpretability/.venv/lib/python3.12/site-packages/pandas/_libs/internals.cpython-312-darwin.so
0x000000031a774000 	/Users/anniewang/Desktop/MLLM-interpretability/MLLM-interpretability/.venv/lib/python3.12/site-packages/pandas/_libs/indexing.cpython-312-darwin.so
0x00000003206c0000 	/Users/anniewang/Desktop/MLLM-interpretability/MLLM-interpretability/.venv/lib/python3.12/site-packages/pandas/_libs/index.cpython-312-darwin.so
0x000000031e7d8000 	/Users/anniewang/Desktop/MLLM-interpretability/MLLM-interpretability/.venv/lib/python3.12/site-packages/pandas/_libs/writers.cpython-312-darwin.so
0x0000000320880000 	/Users/anniewang/Desktop/MLLM-interpretability/MLLM-interpretability/.venv/lib/python3.12/site-packages/pandas/_libs/join.cpython-312-darwin.so
0x0000000108e1c000 	/Library/Frameworks/Python.framework/Versions/3.12/lib/python3.12/lib-dynload/mmap.cpython-312-darwin.so
0x000000031fb48000 	/Users/anniewang/Desktop/MLLM-interpretability/MLLM-interpretability/.venv/lib/python3.12/site-packages/pandas/_libs/window/aggregations.cpython-312-darwin.so
0x000000031e810000 	/Users/anniewang/Desktop/MLLM-interpretability/MLLM-interpretability/.venv/lib/python3.12/site-packages/pandas/_libs/window/indexers.cpython-312-darwin.so
0x0000000320600000 	/Users/anniewang/Desktop/MLLM-interpretability/MLLM-interpretability/.venv/lib/python3.12/site-packages/pandas/_libs/reshape.cpython-312-darwin.so
0x0000000320e70000 	/Users/anniewang/Desktop/MLLM-interpretability/MLLM-interpretability/.venv/lib/python3.12/site-packages/pandas/_libs/groupby.cpython-312-darwin.so
0x000000031ba80000 	/Users/anniewang/Desktop/MLLM-interpretability/MLLM-interpretability/.venv/lib/python3.12/site-packages/pandas/_libs/json.cpython-312-darwin.so
0x0000000320d7c000 	/Users/anniewang/Desktop/MLLM-interpretability/MLLM-interpretability/.venv/lib/python3.12/site-packages/pandas/_libs/parsers.cpython-312-darwin.so
0x000000031e630000 	/Users/anniewang/Desktop/MLLM-interpretability/MLLM-interpretability/.venv/lib/python3.12/site-packages/pandas/_libs/testing.cpython-312-darwin.so
0x000000031b400000 	/Library/Frameworks/Python.framework/Versions/3.12/lib/python3.12/lib-dynload/cmath.cpython-312-darwin.so
0x00000003221c4000 	/Users/anniewang/Desktop/MLLM-interpretability/MLLM-interpretability/.venv/lib/python3.12/site-packages/regex/_regex.cpython-312-darwin.so
0x0000000106c10000 	/Users/anniewang/Desktop/MLLM-interpretability/MLLM-interpretability/.venv/lib/python3.12/site-packages/torch/lib/libtorch_global_deps.dylib
0x00000001fd69e000 	/System/Library/PrivateFrameworks/ANECompiler.framework/Versions/A/ANECompiler
0x00000001bc027000 	/System/Library/PrivateFrameworks/AppleNeuralEngine.framework/Versions/A/AppleNeuralEngine
0x000000020393d000 	/System/Library/Frameworks/MetalPerformanceShadersGraph.framework/Versions/A/MetalPerformanceShadersGraph
0x00000001baefd000 	/System/Library/PrivateFrameworks/ANEServices.framework/Versions/A/ANEServices
0x00000001a3ad8000 	/usr/lib/libsandbox.1.dylib
0x00000001af6fc000 	/usr/lib/libMatch.1.dylib
0x0000000317a24000 	/Users/anniewang/Desktop/MLLM-interpretability/MLLM-interpretability/.venv/lib/python3.12/site-packages/torch/_C.cpython-312-darwin.so
0x0000000326950000 	/Users/anniewang/Desktop/MLLM-interpretability/MLLM-interpretability/.venv/lib/python3.12/site-packages/torch/lib/libtorch_python.dylib
0x0000000106da8000 	/Users/anniewang/Desktop/MLLM-interpretability/MLLM-interpretability/.venv/lib/python3.12/site-packages/torch/lib/libtorch.dylib
0x000000031d094000 	/Users/anniewang/Desktop/MLLM-interpretability/MLLM-interpretability/.venv/lib/python3.12/site-packages/torch/lib/libshm.dylib
0x000000033523c000 	/Users/anniewang/Desktop/MLLM-interpretability/MLLM-interpretability/.venv/lib/python3.12/site-packages/torch/lib/libtorch_cpu.dylib
0x0000000324e08000 	/Users/anniewang/Desktop/MLLM-interpretability/MLLM-interpretability/.venv/lib/python3.12/site-packages/torch/lib/libc10.dylib
0x0000000324cfc000 	/Users/anniewang/Desktop/MLLM-interpretability/MLLM-interpretability/.venv/lib/python3.12/site-packages/torch/lib/libomp.dylib
0x000000031b438000 	/Library/Frameworks/Python.framework/Versions/3.12/lib/python3.12/lib-dynload/_multiprocessing.cpython-312-darwin.so
0x000000031b7ec000 	/Library/Frameworks/Python.framework/Versions/3.12/lib/python3.12/lib-dynload/_posixshmem.cpython-312-darwin.so
0x000000032cef4000 	/Users/anniewang/Desktop/MLLM-interpretability/MLLM-interpretability/.venv/lib/python3.12/site-packages/safetensors/_safetensors_rust.abi3.so
0x00000003195ac000 	/Users/anniewang/Desktop/MLLM-interpretability/MLLM-interpretability/.venv/lib/python3.12/site-packages/markupsafe/_speedups.cpython-312-darwin.so
0x000000033081c000 	/Users/anniewang/Desktop/MLLM-interpretability/MLLM-interpretability/.venv/lib/python3.12/site-packages/tokenizers/tokenizers.abi3.so
0x0000000320644000 	/Users/anniewang/Desktop/MLLM-interpretability/MLLM-interpretability/.venv/lib/python3.12/site-packages/numpy/fft/_pocketfft_umath.cpython-312-darwin.so
0x000000031c87c000 	/Library/Frameworks/Python.framework/Versions/3.12/lib/python3.12/lib-dynload/_statistics.cpython-312-darwin.so
0x000000031e238000 	/Users/anniewang/Desktop/MLLM-interpretability/MLLM-interpretability/.venv/lib/python3.12/site-packages/sklearn/__check_build/_check_build.cpython-312-darwin.so
0x000000031e840000 	/Users/anniewang/Desktop/MLLM-interpretability/MLLM-interpretability/.venv/lib/python3.12/site-packages/scipy/_lib/_ccallback_c.cpython-312-darwin.so
0x000000033216c000 	/Users/anniewang/Desktop/MLLM-interpretability/MLLM-interpretability/.venv/lib/python3.12/site-packages/scipy/sparse/_sparsetools.cpython-312-darwin.so
0x000000032867c000 	/Users/anniewang/Desktop/MLLM-interpretability/MLLM-interpretability/.venv/lib/python3.12/site-packages/scipy/sparse/_csparsetools.cpython-312-darwin.so
0x000000031fbc8000 	/Users/anniewang/Desktop/MLLM-interpretability/MLLM-interpretability/.venv/lib/python3.12/site-packages/scipy/_cyutility.cpython-312-darwin.so
0x0000000331438000 	/Users/anniewang/Desktop/MLLM-interpretability/MLLM-interpretability/.venv/lib/python3.12/site-packages/scipy/special/_ufuncs.cpython-312-darwin.so
0x00000003324d8000 	/Users/anniewang/Desktop/MLLM-interpretability/MLLM-interpretability/.venv/lib/python3.12/site-packages/scipy/special/_ufuncs_cxx.cpython-312-darwin.so
0x000000031fb9c000 	/Users/anniewang/Desktop/MLLM-interpretability/MLLM-interpretability/.venv/lib/python3.12/site-packages/scipy/special/_ellip_harm_2.cpython-312-darwin.so
0x0000000332614000 	/Users/anniewang/Desktop/MLLM-interpretability/MLLM-interpretability/.venv/lib/python3.12/site-packages/scipy/special/_special_ufuncs.cpython-312-darwin.so
0x000000033209c000 	/Users/anniewang/Desktop/MLLM-interpretability/MLLM-interpretability/.venv/lib/python3.12/site-packages/scipy/special/_gufuncs.cpython-312-darwin.so
0x0000000320850000 	/Users/anniewang/Desktop/MLLM-interpretability/MLLM-interpretability/.venv/lib/python3.12/site-packages/scipy/special/_specfun.cpython-312-darwin.so
0x000000031e5c0000 	/Users/anniewang/Desktop/MLLM-interpretability/MLLM-interpretability/.venv/lib/python3.12/site-packages/scipy/special/_comb.cpython-312-darwin.so
0x0000000332a00000 	/Users/anniewang/Desktop/MLLM-interpretability/MLLM-interpretability/.venv/lib/python3.12/site-packages/scipy/linalg/_fblas.cpython-312-darwin.so
0x0000000332c54000 	/Users/anniewang/Desktop/MLLM-interpretability/MLLM-interpretability/.venv/lib/python3.12/site-packages/scipy/linalg/_flapack.cpython-312-darwin.so
0x0000000332a88000 	/Users/anniewang/Desktop/MLLM-interpretability/MLLM-interpretability/.venv/lib/python3.12/site-packages/scipy/linalg/_cythonized_array_utils.cpython-312-darwin.so
0x0000000332b94000 	/Users/anniewang/Desktop/MLLM-interpretability/MLLM-interpretability/.venv/lib/python3.12/site-packages/scipy/linalg/cython_lapack.cpython-312-darwin.so
0x0000000320698000 	/Users/anniewang/Desktop/MLLM-interpretability/MLLM-interpretability/.venv/lib/python3.12/site-packages/scipy/linalg/_solve_toeplitz.cpython-312-darwin.so
0x0000000320784000 	/Users/anniewang/Desktop/MLLM-interpretability/MLLM-interpretability/.venv/lib/python3.12/site-packages/scipy/linalg/_decomp_lu_cython.cpython-312-darwin.so
0x000000031e658000 	/Users/anniewang/Desktop/MLLM-interpretability/MLLM-interpretability/.venv/lib/python3.12/site-packages/scipy/linalg/_matfuncs_schur_sqrtm.cpython-312-darwin.so
0x00000003207a4000 	/Users/anniewang/Desktop/MLLM-interpretability/MLLM-interpretability/.venv/lib/python3.12/site-packages/scipy/linalg/_matfuncs_expm.cpython-312-darwin.so
0x00000003207ec000 	/Users/anniewang/Desktop/MLLM-interpretability/MLLM-interpretability/.venv/lib/python3.12/site-packages/scipy/linalg/_linalg_pythran.cpython-312-darwin.so
0x0000000326900000 	/Users/anniewang/Desktop/MLLM-interpretability/MLLM-interpretability/.venv/lib/python3.12/site-packages/scipy/linalg/_decomp_update.cpython-312-darwin.so
0x000000032ce20000 	/Users/anniewang/Desktop/MLLM-interpretability/MLLM-interpretability/.venv/lib/python3.12/site-packages/scipy/linalg/cython_blas.cpython-312-darwin.so
0x0000000332e64000 	/Users/anniewang/Desktop/MLLM-interpretability/MLLM-interpretability/.venv/lib/python3.12/site-packages/scipy/sparse/linalg/_dsolve/_superlu.cpython-312-darwin.so
0x00000003330ac000 	/Users/anniewang/Desktop/MLLM-interpretability/MLLM-interpretability/.venv/lib/python3.12/site-packages/scipy/sparse/linalg/_eigen/arpack/_arpack.cpython-312-darwin.so
0x00000003332f8000 	/Users/anniewang/Desktop/MLLM-interpretability/MLLM-interpretability/.venv/lib/python3.12/site-packages/scipy/.dylibs/libgfortran.5.dylib
0x0000000333124000 	/Users/anniewang/Desktop/MLLM-interpretability/MLLM-interpretability/.venv/lib/python3.12/site-packages/scipy/.dylibs/libquadmath.0.dylib
0x0000000332fcc000 	/Users/anniewang/Desktop/MLLM-interpretability/MLLM-interpretability/.venv/lib/python3.12/site-packages/scipy/.dylibs/libgcc_s.1.1.dylib
0x0000000324dbc000 	/Users/anniewang/Desktop/MLLM-interpretability/MLLM-interpretability/.venv/lib/python3.12/site-packages/scipy/sparse/linalg/_propack/_spropack.cpython-312-darwin.so
0x0000000333034000 	/Users/anniewang/Desktop/MLLM-interpretability/MLLM-interpretability/.venv/lib/python3.12/site-packages/scipy/sparse/linalg/_propack/_dpropack.cpython-312-darwin.so
0x00000003331c4000 	/Users/anniewang/Desktop/MLLM-interpretability/MLLM-interpretability/.venv/lib/python3.12/site-packages/scipy/sparse/linalg/_propack/_cpropack.cpython-312-darwin.so
0x000000033322c000 	/Users/anniewang/Desktop/MLLM-interpretability/MLLM-interpretability/.venv/lib/python3.12/site-packages/scipy/sparse/linalg/_propack/_zpropack.cpython-312-darwin.so
0x00000003336e0000 	/Users/anniewang/Desktop/MLLM-interpretability/MLLM-interpretability/.venv/lib/python3.12/site-packages/scipy/spatial/_ckdtree.cpython-312-darwin.so
0x0000000333828000 	/Users/anniewang/Desktop/MLLM-interpretability/MLLM-interpretability/.venv/lib/python3.12/site-packages/scipy/spatial/_qhull.cpython-312-darwin.so
0x0000000320e0c000 	/Users/anniewang/Desktop/MLLM-interpretability/MLLM-interpretability/.venv/lib/python3.12/site-packages/scipy/_lib/messagestream.cpython-312-darwin.so
0x0000000321188000 	/Users/anniewang/Desktop/MLLM-interpretability/MLLM-interpretability/.venv/lib/python3.12/site-packages/scipy/spatial/_voronoi.cpython-312-darwin.so
0x0000000322180000 	/Users/anniewang/Desktop/MLLM-interpretability/MLLM-interpretability/.venv/lib/python3.12/site-packages/scipy/spatial/_hausdorff.cpython-312-darwin.so
0x0000000333980000 	/Users/anniewang/Desktop/MLLM-interpretability/MLLM-interpretability/.venv/lib/python3.12/site-packages/scipy/spatial/_distance_pybind.cpython-312-darwin.so
0x0000000324de4000 	/Users/anniewang/Desktop/MLLM-interpretability/MLLM-interpretability/.venv/lib/python3.12/site-packages/scipy/spatial/_distance_wrap.cpython-312-darwin.so
0x0000000333a1c000 	/Users/anniewang/Desktop/MLLM-interpretability/MLLM-interpretability/.venv/lib/python3.12/site-packages/scipy/spatial/transform/_rigid_transform.cpython-312-darwin.so
0x0000000333b0c000 	/Users/anniewang/Desktop/MLLM-interpretability/MLLM-interpretability/.venv/lib/python3.12/site-packages/scipy/spatial/transform/_rotation.cpython-312-darwin.so
0x0000000324f34000 	/Users/anniewang/Desktop/MLLM-interpretability/MLLM-interpretability/.venv/lib/python3.12/site-packages/scipy/optimize/_group_columns.cpython-312-darwin.so
0x000000033328c000 	/Users/anniewang/Desktop/MLLM-interpretability/MLLM-interpretability/.venv/lib/python3.12/site-packages/scipy/optimize/_trlib/_trlib.cpython-312-darwin.so
0x000000031fe00000 	/Users/anniewang/Desktop/MLLM-interpretability/MLLM-interpretability/.venv/lib/python3.12/site-packages/scipy/optimize/_lbfgsb.cpython-312-darwin.so
0x0000000333084000 	/Users/anniewang/Desktop/MLLM-interpretability/MLLM-interpretability/.venv/lib/python3.12/site-packages/scipy/optimize/_moduleTNC.cpython-312-darwin.so
0x000000031fe14000 	/Users/anniewang/Desktop/MLLM-interpretability/MLLM-interpretability/.venv/lib/python3.12/site-packages/scipy/optimize/_slsqplib.cpython-312-darwin.so
0x0000000328630000 	/Users/anniewang/Desktop/MLLM-interpretability/MLLM-interpretability/.venv/lib/python3.12/site-packages/scipy/optimize/_minpack.cpython-312-darwin.so
0x00000003286e8000 	/Users/anniewang/Desktop/MLLM-interpretability/MLLM-interpretability/.venv/lib/python3.12/site-packages/scipy/optimize/_lsq/givens_elimination.cpython-312-darwin.so
0x000000031e224000 	/Users/anniewang/Desktop/MLLM-interpretability/MLLM-interpretability/.venv/lib/python3.12/site-packages/scipy/optimize/_zeros.cpython-312-darwin.so
0x00000003344e4000 	/Users/anniewang/Desktop/MLLM-interpretability/MLLM-interpretability/.venv/lib/python3.12/site-packages/scipy/optimize/_highspy/_core.cpython-312-darwin.so
0x00000003340ac000 	/Users/anniewang/Desktop/MLLM-interpretability/MLLM-interpretability/.venv/lib/python3.12/site-packages/scipy/optimize/_highspy/_highs_options.cpython-312-darwin.so
0x0000000334198000 	/Users/anniewang/Desktop/MLLM-interpretability/MLLM-interpretability/.venv/lib/python3.12/site-packages/scipy/linalg/_decomp_interpolative.cpython-312-darwin.so
0x000000032ce88000 	/Users/anniewang/Desktop/MLLM-interpretability/MLLM-interpretability/.venv/lib/python3.12/site-packages/scipy/_lib/_uarray/_uarray.cpython-312-darwin.so
0x000000033430c000 	/Users/anniewang/Desktop/MLLM-interpretability/MLLM-interpretability/.venv/lib/python3.12/site-packages/scipy/fft/_pocketfft/pypocketfft.cpython-312-darwin.so
0x00000003334ec000 	/Users/anniewang/Desktop/MLLM-interpretability/MLLM-interpretability/.venv/lib/python3.12/site-packages/scipy/optimize/_bglu_dense.cpython-312-darwin.so
0x000000032ce4c000 	/Users/anniewang/Desktop/MLLM-interpretability/MLLM-interpretability/.venv/lib/python3.12/site-packages/scipy/optimize/_lsap.cpython-312-darwin.so
0x000000033376c000 	/Users/anniewang/Desktop/MLLM-interpretability/MLLM-interpretability/.venv/lib/python3.12/site-packages/scipy/optimize/_pava_pybind.cpython-312-darwin.so
0x000000032cfe8000 	/Users/anniewang/Desktop/MLLM-interpretability/MLLM-interpretability/.venv/lib/python3.12/site-packages/scipy/optimize/_direct.cpython-312-darwin.so
0x0000000332000000 	/Users/anniewang/Desktop/MLLM-interpretability/MLLM-interpretability/.venv/lib/python3.12/site-packages/scipy/integrate/_odepack.cpython-312-darwin.so
0x0000000330800000 	/Users/anniewang/Desktop/MLLM-interpretability/MLLM-interpretability/.venv/lib/python3.12/site-packages/scipy/integrate/_quadpack.cpython-312-darwin.so
0x0000000333ab8000 	/Users/anniewang/Desktop/MLLM-interpretability/MLLM-interpretability/.venv/lib/python3.12/site-packages/scipy/integrate/_vode.cpython-312-darwin.so
0x0000000332044000 	/Users/anniewang/Desktop/MLLM-interpretability/MLLM-interpretability/.venv/lib/python3.12/site-packages/scipy/integrate/_dop.cpython-312-darwin.so
0x000000033288c000 	/Users/anniewang/Desktop/MLLM-interpretability/MLLM-interpretability/.venv/lib/python3.12/site-packages/scipy/integrate/_lsoda.cpython-312-darwin.so
0x0000000332b08000 	/Users/anniewang/Desktop/MLLM-interpretability/MLLM-interpretability/.venv/lib/python3.12/site-packages/scipy/interpolate/_fitpack.cpython-312-darwin.so
0x0000000334d9c000 	/Users/anniewang/Desktop/MLLM-interpretability/MLLM-interpretability/.venv/lib/python3.12/site-packages/scipy/interpolate/_dfitpack.cpython-312-darwin.so
0x0000000332b4c000 	/Users/anniewang/Desktop/MLLM-interpretability/MLLM-interpretability/.venv/lib/python3.12/site-packages/scipy/interpolate/_dierckx.cpython-312-darwin.so
0x0000000334228000 	/Users/anniewang/Desktop/MLLM-interpretability/MLLM-interpretability/.venv/lib/python3.12/site-packages/scipy/interpolate/_ppoly.cpython-312-darwin.so
0x0000000333e00000 	/Users/anniewang/Desktop/MLLM-interpretability/MLLM-interpretability/.venv/lib/python3.12/site-packages/scipy/interpolate/_interpnd.cpython-312-darwin.so
0x0000000334f00000 	/Users/anniewang/Desktop/MLLM-interpretability/MLLM-interpretability/.venv/lib/python3.12/site-packages/scipy/interpolate/_rbfinterp_pythran.cpython-312-darwin.so
0x00000003332bc000 	/Users/anniewang/Desktop/MLLM-interpretability/MLLM-interpretability/.venv/lib/python3.12/site-packages/scipy/interpolate/_rgi_cython.cpython-312-darwin.so
0x0000000335100000 	/Users/anniewang/Desktop/MLLM-interpretability/MLLM-interpretability/.venv/lib/python3.12/site-packages/scipy/stats/_stats.cpython-312-darwin.so
0x0000000342a20000 	/Users/anniewang/Desktop/MLLM-interpretability/MLLM-interpretability/.venv/lib/python3.12/site-packages/scipy/special/cython_special.cpython-312-darwin.so
0x0000000334d6c000 	/Users/anniewang/Desktop/MLLM-interpretability/MLLM-interpretability/.venv/lib/python3.12/site-packages/scipy/stats/_biasedurn.cpython-312-darwin.so
0x0000000334e0c000 	/Users/anniewang/Desktop/MLLM-interpretability/MLLM-interpretability/.venv/lib/python3.12/site-packages/scipy/stats/_stats_pythran.cpython-312-darwin.so
0x0000000332088000 	/Users/anniewang/Desktop/MLLM-interpretability/MLLM-interpretability/.venv/lib/python3.12/site-packages/scipy/stats/_levy_stable/levyst.cpython-312-darwin.so
0x0000000332e20000 	/Users/anniewang/Desktop/MLLM-interpretability/MLLM-interpretability/.venv/lib/python3.12/site-packages/scipy/stats/_ansari_swilk_statistics.cpython-312-darwin.so
0x0000000342d40000 	/Users/anniewang/Desktop/MLLM-interpretability/MLLM-interpretability/.venv/lib/python3.12/site-packages/scipy/sparse/csgraph/_shortest_path.cpython-312-darwin.so
0x0000000334e3c000 	/Users/anniewang/Desktop/MLLM-interpretability/MLLM-interpretability/.venv/lib/python3.12/site-packages/scipy/sparse/csgraph/_tools.cpython-312-darwin.so
0x0000000342dfc000 	/Users/anniewang/Desktop/MLLM-interpretability/MLLM-interpretability/.venv/lib/python3.12/site-packages/scipy/sparse/csgraph/_traversal.cpython-312-darwin.so
0x000000033305c000 	/Users/anniewang/Desktop/MLLM-interpretability/MLLM-interpretability/.venv/lib/python3.12/site-packages/scipy/sparse/csgraph/_min_spanning_tree.cpython-312-darwin.so
0x0000000334e98000 	/Users/anniewang/Desktop/MLLM-interpretability/MLLM-interpretability/.venv/lib/python3.12/site-packages/scipy/sparse/csgraph/_flow.cpython-312-darwin.so
0x000000033516c000 	/Users/anniewang/Desktop/MLLM-interpretability/MLLM-interpretability/.venv/lib/python3.12/site-packages/scipy/sparse/csgraph/_matching.cpython-312-darwin.so
0x00000003344b8000 	/Users/anniewang/Desktop/MLLM-interpretability/MLLM-interpretability/.venv/lib/python3.12/site-packages/scipy/sparse/csgraph/_reordering.cpython-312-darwin.so
0x0000000342da0000 	/Users/anniewang/Desktop/MLLM-interpretability/MLLM-interpretability/.venv/lib/python3.12/site-packages/scipy/stats/_sobol.cpython-312-darwin.so
0x0000000333694000 	/Users/anniewang/Desktop/MLLM-interpretability/MLLM-interpretability/.venv/lib/python3.12/site-packages/scipy/stats/_qmc_cy.cpython-312-darwin.so
0x0000000332ff8000 	/Users/anniewang/Desktop/MLLM-interpretability/MLLM-interpretability/.venv/lib/python3.12/site-packages/scipy/stats/_rcont/rcont.cpython-312-darwin.so
0x00000003337d4000 	/Users/anniewang/Desktop/MLLM-interpretability/MLLM-interpretability/.venv/lib/python3.12/site-packages/scipy/stats/_qmvnt_cy.cpython-312-darwin.so
0x0000000342e78000 	/Users/anniewang/Desktop/MLLM-interpretability/MLLM-interpretability/.venv/lib/python3.12/site-packages/scipy/ndimage/_nd_image.cpython-312-darwin.so
0x00000003211f0000 	/Users/anniewang/Desktop/MLLM-interpretability/MLLM-interpretability/.venv/lib/python3.12/site-packages/scipy/ndimage/_rank_filter_1d.cpython-312-darwin.so
0x0000000342ea0000 	/Users/anniewang/Desktop/MLLM-interpretability/MLLM-interpretability/.venv/lib/python3.12/site-packages/scipy/ndimage/_ni_label.cpython-312-darwin.so
0x0000000333ae8000 	/Users/anniewang/Desktop/MLLM-interpretability/MLLM-interpretability/.venv/lib/python3.12/site-packages/sklearn/utils/_isfinite.cpython-312-darwin.so
0x0000000343034000 	/Users/anniewang/Desktop/MLLM-interpretability/MLLM-interpretability/.venv/lib/python3.12/site-packages/sklearn/_cyutility.cpython-312-darwin.so
0x0000000343630000 	/Users/anniewang/Desktop/MLLM-interpretability/MLLM-interpretability/.venv/lib/python3.12/site-packages/sklearn/utils/sparsefuncs_fast.cpython-312-darwin.so
0x0000000333e88000 	/Users/anniewang/Desktop/MLLM-interpretability/MLLM-interpretability/.venv/lib/python3.12/site-packages/sklearn/utils/murmurhash.cpython-312-darwin.so
0x0000000333ce4000 	/Users/anniewang/Desktop/MLLM-interpretability/MLLM-interpretability/.venv/lib/python3.12/site-packages/sklearn/utils/_openmp_helpers.cpython-312-darwin.so
0x00000003440a8000 	/Users/anniewang/Desktop/MLLM-interpretability/MLLM-interpretability/.venv/lib/python3.12/site-packages/sklearn/.dylibs/libomp.dylib
0x0000000333ecc000 	/Users/anniewang/Desktop/MLLM-interpretability/MLLM-interpretability/.venv/lib/python3.12/site-packages/sklearn/metrics/cluster/_expected_mutual_info_fast.cpython-312-darwin.so
0x0000000343300000 	/Users/anniewang/Desktop/MLLM-interpretability/MLLM-interpretability/.venv/lib/python3.12/site-packages/sklearn/preprocessing/_csr_polynomial_expansion.cpython-312-darwin.so
0x00000003435a0000 	/Users/anniewang/Desktop/MLLM-interpretability/MLLM-interpretability/.venv/lib/python3.12/site-packages/sklearn/preprocessing/_target_encoder_fast.cpython-312-darwin.so
0x0000000344178000 	/Users/anniewang/Desktop/MLLM-interpretability/MLLM-interpretability/.venv/lib/python3.12/site-packages/sklearn/metrics/_dist_metrics.cpython-312-darwin.so
0x0000000343060000 	/Users/anniewang/Desktop/MLLM-interpretability/MLLM-interpretability/.venv/lib/python3.12/site-packages/sklearn/metrics/_pairwise_distances_reduction/_argkmin.cpython-312-darwin.so
0x0000000343098000 	/Users/anniewang/Desktop/MLLM-interpretability/MLLM-interpretability/.venv/lib/python3.12/site-packages/sklearn/metrics/_pairwise_distances_reduction/_base.cpython-312-darwin.so
0x000000034439c000 	/Users/anniewang/Desktop/MLLM-interpretability/MLLM-interpretability/.venv/lib/python3.12/site-packages/sklearn/metrics/_pairwise_distances_reduction/_datasets_pair.cpython-312-darwin.so
0x0000000344448000 	/Users/anniewang/Desktop/MLLM-interpretability/MLLM-interpretability/.venv/lib/python3.12/site-packages/sklearn/utils/_cython_blas.cpython-312-darwin.so
0x0000000344494000 	/Users/anniewang/Desktop/MLLM-interpretability/MLLM-interpretability/.venv/lib/python3.12/site-packages/sklearn/metrics/_pairwise_distances_reduction/_middle_term_computer.cpython-312-darwin.so
0x0000000322388000 	/Users/anniewang/Desktop/MLLM-interpretability/MLLM-interpretability/.venv/lib/python3.12/site-packages/sklearn/utils/_heap.cpython-312-darwin.so
0x0000000324f78000 	/Users/anniewang/Desktop/MLLM-interpretability/MLLM-interpretability/.venv/lib/python3.12/site-packages/sklearn/utils/_sorting.cpython-312-darwin.so
0x00000003434d0000 	/Users/anniewang/Desktop/MLLM-interpretability/MLLM-interpretability/.venv/lib/python3.12/site-packages/sklearn/metrics/_pairwise_distances_reduction/_argkmin_classmode.cpython-312-darwin.so
0x00000003441f0000 	/Users/anniewang/Desktop/MLLM-interpretability/MLLM-interpretability/.venv/lib/python3.12/site-packages/sklearn/metrics/_pairwise_distances_reduction/_radius_neighbors.cpython-312-darwin.so
0x0000000334128000 	/Users/anniewang/Desktop/MLLM-interpretability/MLLM-interpretability/.venv/lib/python3.12/site-packages/sklearn/utils/_vector_sentinel.cpython-312-darwin.so
0x0000000343538000 	/Users/anniewang/Desktop/MLLM-interpretability/MLLM-interpretability/.venv/lib/python3.12/site-packages/sklearn/metrics/_pairwise_distances_reduction/_radius_neighbors_classmode.cpython-312-darwin.so
0x0000000344540000 	/Users/anniewang/Desktop/MLLM-interpretability/MLLM-interpretability/.venv/lib/python3.12/site-packages/sklearn/metrics/_pairwise_fast.cpython-312-darwin.so
0x0000000344570000 	/Users/anniewang/Desktop/MLLM-interpretability/MLLM-interpretability/.venv/lib/python3.12/site-packages/google/_upb/_message.abi3.so

JVMTI agents: none


VM Arguments:
jvm_args: -Dfile.encoding=UTF8 -ea -Xmx1024m 
java_command: <unknown>
java_class_path (initial): /Users/anniewang/Desktop/MLLM-interpretability/MLLM-interpretability/.venv/lib/python3.12/site-packages/konlpy/java:/Users/anniewang/Desktop/MLLM-interpretability/MLLM-interpretability/.venv/lib/python3.12/site-packages/konlpy/java/bin:/Users/anniewang/Desktop/MLLM-interpretability/MLLM-interpretability/.venv/lib/python3.12/site-packages/konlpy/java/scala-library-2.12.3.jar:/Users/anniewang/Desktop/MLLM-interpretability/MLLM-interpretability/.venv/lib/python3.12/site-packages/konlpy/java/twitter-text-1.14.7.jar:/Users/anniewang/Desktop/MLLM-interpretability/MLLM-interpretability/.venv/lib/python3.12/site-packages/konlpy/java/komoran-3.0.jar:/Users/anniewang/Desktop/MLLM-interpretability/MLLM-interpretability/.venv/lib/python3.12/site-packages/konlpy/java/jhannanum-0.8.4.jar:/Users/anniewang/Desktop/MLLM-interpretability/MLLM-interpretability/.venv/lib/python3.12/site-packages/konlpy/java/open-korean-text-2.1.0.jar:/Users/anniewang/Desktop/MLLM-interpretability/MLLM-interpretability/.venv/lib/python3.12/site-packages/konlpy/java/aho-corasick.jar:/Users/anniewang/Desktop/MLLM-interpretability/MLLM-interpretability/.venv/lib/python3.12/site-packages/konlpy/java/kkma-2.0.jar:/Users/anniewang/Desktop/MLLM-interpretability/MLLM-interpretability/.venv/lib/python3.12/site-packages/konlpy/java/shineware-common-1.0.jar:/Users/anniewang/Desktop/MLLM-interpretability/MLLM-interpretability/.venv/lib/python3.12/site-packages/konlpy/java/snakeyaml-1.12.jar:/Users/anniewang/Desktop/MLLM-interpretability/MLLM-interpretability/.venv/lib/python3.12/site-packages/konlpy/java/shineware-ds-1.0.jar:/Users/anniewang/Desktop/MLLM-interpretability/MLLM-interpretability/.venv/lib/python3.12/site-packages/konlpy/java/jhannanum-0.8.4.jar:/Users/anniewang/Desktop/MLLM-interpretability/MLLM-interpretability/.venv/lib/python3.12/site-packages/konlpy/java/kkma-2.0.jar:/Users/anniewang/Desktop/MLLM-interpretability/MLLM-interpretability/.venv/lib/python3.12/site-packages/konlpy/java/aho-corasick.jar:/Users/anniewang/Desktop/MLLM-interpretability/MLLM-interpretability/.venv/lib/python3.12/site-packages/konlpy/java/shineware-common-1.0.jar:/Users/anniewang/Desktop/MLLM-interpretability/MLLM-interpretability/.venv/lib/python3.12/site-packages/konlpy/java/shineware-ds-1.0.jar:/Users/anniewang/Desktop/MLLM-interpretability/MLLM-interpretability/.venv/lib/python3.12/site-packages/konlpy/java/komoran-3.0.jar:/Users/anniewang/Desktop/MLLM-interpretability/MLLM-interpretability/.venv/lib/python3.12/site-packages/konlpy/java/snakeyaml-1.12.jar:/Users/anniewang/Desktop/MLLM-interpretability/MLLM-interpretability/.venv/lib/python3.12/site-packages/konlpy/java/scala-library-2.12.3.jar:/Users/anniewang/Desktop/MLLM-interpretability/MLLM-interpretability/.venv/lib/python3.12/site-packages/konlpy/java/open-korean-text-2.1.0.jar:/Users/anniewang/Desktop/MLLM-interpretability/MLLM-interpretability/.venv/lib/python3.12/site-packages/konlpy/java/twitter-text-1.14.7.jar:/Users/anniewang/Desktop/MLLM-interpretability/MLLM-interpretability/.venv/lib/python3.12/site-packages/konlpy/java/scala-library-2.12.3.jar:/Users/anniewang/Desktop/MLLM-interpretability/MLLM-interpretability/.venv/lib/python3.12/site-packages/konlpy/java/twitter-text-1.14.7.jar:/Users/anniewang/Desktop/MLLM-interpretability/MLLM-interpretability/.venv/lib/python3.12/site-packages/konlpy/java/komoran-3.0.jar:/Users/anniewang/Desktop/MLLM-interpretability/MLLM-interpretability/.venv/lib/python3.12/site-packages/konlpy/java/jhannanum-0.8.4.jar:/Users/anniewang/Desktop/MLLM-interpretability/MLLM-interpretability/.venv/lib/python3.12/site-packages/konlpy/java/open-korean-text-2.1.0.jar:/Users/anniewang/Desktop/MLLM-interpretability/MLLM-interpretability/.venv/lib/python3.12/site-packages/konlpy/java/aho-corasick.jar:/Users/anniewang/Desktop/MLLM-interpretability/MLLM-interpretability/.venv/lib/python3.12/site-packages/konlpy/java/kkma-2.0.jar:/Users/anniewang/Desktop/MLLM-interpretability/MLLM-interpretability/.venv/lib/python3.12/site-packages/konlpy/java/shineware-common-1.0.jar:/Users/anniewang/Desktop/MLLM-interpretability/MLLM-interpretability/.venv/lib/python3.12/site-packages/konlpy/java/snakeyaml-1.12.jar:/Users/anniewang/Desktop/MLLM-interpretability/MLLM-interpretability/.venv/lib/python3.12/site-packages/konlpy/java/shineware-ds-1.0.jar:/Users/anniewang/Desktop/MLLM-interpretability/MLLM-interpretability/.venv/lib/python3.12/site-packages/org.jpype.jar
Launcher Type: generic

[Global flags]
     intx CICompilerCount                          = 4                                         {product} {ergonomic}
     uint ConcGCThreads                            = 2                                         {product} {ergonomic}
     uint G1ConcRefinementThreads                  = 9                                         {product} {ergonomic}
   size_t G1HeapRegionSize                         = 1048576                                   {product} {ergonomic}
   size_t InitialHeapSize                          = 301989888                                 {product} {ergonomic}
   size_t MarkStackSize                            = 4194304                                   {product} {ergonomic}
   size_t MarkStackSizeMax                         = 536870912                                 {product} {ergonomic}
   size_t MaxHeapSize                              = 1073741824                                {product} {command line}
   size_t MaxNewSize                               = 643825664                                 {product} {ergonomic}
   size_t MinHeapDeltaBytes                        = 1048576                                   {product} {ergonomic}
   size_t MinHeapSize                              = 8388608                                   {product} {ergonomic}
    uintx NonNMethodCodeHeapSize                   = 5832704                                {pd product} {ergonomic}
    uintx NonProfiledCodeHeapSize                  = 122929152                              {pd product} {ergonomic}
    uintx ProfiledCodeHeapSize                     = 122896384                              {pd product} {ergonomic}
    uintx ReservedCodeCacheSize                    = 251658240                              {pd product} {ergonomic}
     bool SegmentedCodeCache                       = true                                      {product} {ergonomic}
   size_t SoftMaxHeapSize                          = 1073741824                             {manageable} {ergonomic}
     bool UseCompressedOops                        = true                           {product lp64_product} {ergonomic}
     bool UseG1GC                                  = true                                      {product} {ergonomic}
     bool UseNUMA                                  = false                                     {product} {ergonomic}
     bool UseNUMAInterleaving                      = false                                     {product} {ergonomic}

Logging:
Log output configuration:
 #0: stdout all=warning uptime,level,tags foldmultilines=false
 #1: stderr all=off uptime,level,tags foldmultilines=false

Release file:
IMPLEMENTOR="Eclipse Adoptium"
IMPLEMENTOR_VERSION="Temurin-25.0.2+10"
JAVA_RUNTIME_VERSION="25.0.2+10-LTS"
JAVA_VERSION="25.0.2"
JAVA_VERSION_DATE="2026-01-20"
LIBC="default"
MODULES="java.base java.compiler java.datatransfer java.xml java.prefs java.desktop java.instrument java.logging java.management java.security.sasl java.naming java.rmi java.management.rmi java.net.http java.scripting java.security.jgss java.transaction.xa java.sql java.sql.rowset java.xml.crypto java.se java.smartcardio jdk.accessibility jdk.internal.jvmstat jdk.attach jdk.charsets jdk.internal.opt jdk.zipfs jdk.compiler jdk.crypto.cryptoki jdk.crypto.ec jdk.dynalink jdk.internal.ed jdk.editpad jdk.internal.vm.ci jdk.graal.compiler jdk.graal.compiler.management jdk.hotspot.agent jdk.httpserver jdk.incubator.vector jdk.internal.le jdk.internal.md jdk.jartool jdk.javadoc jdk.jcmd jdk.management jdk.management.agent jdk.jconsole jdk.jdeps jdk.jdwp.agent jdk.jdi jdk.jfr jdk.jlink jdk.jpackage jdk.jshell jdk.jsobject jdk.jstatd jdk.localedata jdk.management.jfr jdk.naming.dns jdk.naming.rmi jdk.net jdk.nio.mapmode jdk.sctp jdk.security.auth jdk.security.jgss jdk.unsupported jdk.unsupported.desktop jdk.xml.dom"
OS_ARCH="aarch64"
OS_NAME="Darwin"
SOURCE=".:git:9e3c947043a4"
BUILD_SOURCE="git:458965074606f027bd5afce2cfd5c1055dea0438"
BUILD_SOURCE_REPO="https://github.com/adoptium/temurin-build.git"
SOURCE_REPO="https://github.com/adoptium/jdk25u.git"
FULL_VERSION="25.0.2+10-LTS"
SEMANTIC_VERSION="25.0.2+10"
BUILD_INFO="OS: macOS Version: 14.1 23B74"
JVM_VARIANT="Hotspot"
JVM_VERSION="25.0.2+10-LTS"
IMAGE_TYPE="JDK"

Environment Variables:
JAVA_HOME=/Library/Java/JavaVirtualMachines/temurin-25.jdk/Contents/Home
PATH=/Users/anniewang/Desktop/MLLM-interpretability/MLLM-interpretability/.venv/bin:/Library/Java/JavaVirtualMachines/temurin-25.jdk/Contents/Home/bin:/Users/anniewang/Desktop/MLLM-interpretability/MLLM-interpretability/.venv/bin:/Library/Frameworks/Python.framework/Versions/3.12/bin:/usr/local/bin:/System/Cryptexes/App/usr/bin:/usr/bin:/bin:/usr/sbin:/sbin:/var/run/com.apple.security.cryptexd/codex.system/bootstrap/usr/local/bin:/var/run/com.apple.security.cryptexd/codex.system/bootstrap/usr/bin:/var/run/com.apple.security.cryptexd/codex.system/bootstrap/usr/appleinternal/bin
SHELL=/bin/zsh
LC_CTYPE=C.UTF-8
TERM=xterm-color
TMPDIR=/var/folders/ks/t4xykdjd3qj06ylqcn6zkprm0000gn/T/

Active Locale:
LC_ALL=C/C.UTF-8/C/C/C/C
LC_COLLATE=C
LC_CTYPE=C.UTF-8
LC_MESSAGES=C
LC_MONETARY=C
LC_NUMERIC=C
LC_TIME=C

Signal Handlers:
   SIGSEGV: crash_handler in libjvm.dylib, mask=11100110000111110111111111111111, flags=SA_ONSTACK|SA_RESTART|SA_SIGINFO, unblocked
    SIGBUS: crash_handler in libjvm.dylib, mask=11100110000111110111111111111111, flags=SA_RESTART|SA_SIGINFO, unblocked
    SIGFPE: crash_handler in libjvm.dylib, mask=11100110000111110111111111111111, flags=SA_RESTART|SA_SIGINFO, unblocked
   SIGPIPE: javaSignalHandler in libjvm.dylib, mask=11100110000111110111111111111111, flags=SA_RESTART|SA_SIGINFO, blocked
   SIGXFSZ: javaSignalHandler in libjvm.dylib, mask=11100110000111110111111111111111, flags=SA_RESTART|SA_SIGINFO, blocked
    SIGILL: crash_handler in libjvm.dylib, mask=11100110000111110111111111111111, flags=SA_RESTART|SA_SIGINFO, unblocked
   SIGUSR2: SR_handler in libjvm.dylib, mask=00000000000000000000000000000000, flags=SA_RESTART|SA_SIGINFO, blocked
    SIGHUP: UserHandler in libjvm.dylib, mask=11100110000111110111111111111111, flags=SA_RESTART|SA_SIGINFO, blocked
    SIGINT: SIG_IGN, mask=00000000000000000000000000000000, flags=SA_ONSTACK, blocked
   SIGTERM: UserHandler in libjvm.dylib, mask=11100110000111110111111111111111, flags=SA_RESTART|SA_SIGINFO, blocked
   SIGQUIT: UserHandler in libjvm.dylib, mask=11100110000111110111111111111111, flags=SA_RESTART|SA_SIGINFO, blocked
   SIGTRAP: crash_handler in libjvm.dylib, mask=11100110000111110111111111111111, flags=SA_RESTART|SA_SIGINFO, unblocked


Compilation memory statistics disabled.

Periodic native trim disabled

---------------  S Y S T E M  ---------------

OS:
uname: Darwin 24.6.0 Darwin Kernel Version 24.6.0: Mon Jul 14 11:28:30 PDT 2025; root:xnu-11417.140.69~1/RELEASE_ARM64_T6030 arm64
OS uptime: 14 days 2:12 hours
rlimit (soft/hard): STACK 8176k/65520k , CORE 0k/infinity , NPROC 2666/4000 , NOFILE 1048576/infinity , AS infinity/infinity , CPU infinity/infinity , DATA infinity/infinity , FSIZE infinity/infinity , MEMLOCK infinity/infinity , RSS infinity/infinity
load average: 2.63 2.69 3.39

CPU: total 11 (initial active 11) 0x61:0x0:0x5f4dea93:0, fp, asimd, aes, pmull, sha1, sha256, crc32, lse, sha3, sha512
machdep.cpu.brand_string:Apple M3 Pro
hw.cachelinesize:128
hw.l1icachesize:131072
hw.l1dcachesize:65536
hw.l2cachesize:4194304

Memory: 16k page, physical 18874368k(164656k free), swap 5242880k(1296000k free)

vm_info: OpenJDK 64-Bit Server VM (25.0.2+10-LTS) for bsd-aarch64 JRE (25.0.2+10-LTS), built on 2026-01-20T00:00:00Z with clang Apple LLVM 15.0.0 (clang-1500.1.0.2.5)

END.
